run_name,task,train_seed,eval_seed,checkpoint_path,candidates,margin,mode,episode_reward,episode_cost,episode_length,violation_rate,success,return_drop_vs_raw,execution_fallback_rate,safe_candidate_fraction,found_but_not_executed_rate,FNE,latency_ms
starv2_core_100k_SafetyCarButton1_v0_selected_star_v2_star_v2_s10,SafetyCarButton1-v0,10,800000,results/star_v2_final/resume_300k/SafetyCarButton1-v0/star_v2/starv2_core_100k_SafetyCarButton1_v0_selected_star_v2_star_v2_s10/checkpoint/final.torch,32,0.05,raw,26.9374597207886,121.0,1000,0.121,0.0,nan,0.0,0.0,0.825,0.825,5.169263485819101
starv2_core_100k_SafetyCarButton1_v0_selected_star_v2_star_v2_s10,SafetyCarButton1-v0,10,800000,results/star_v2_final/resume_300k/SafetyCarButton1-v0/star_v2/starv2_core_100k_SafetyCarButton1_v0_selected_star_v2_star_v2_s10/checkpoint/final.torch,32,0.05,star_exec,24.176454417220477,98.0,1000,0.098,0.0,0.1024968698677016,0.966,0.01940625,0.869,0.869,8.503965739160776
starv2_core_100k_SafetyCarButton1_v0_selected_star_v2_star_v2_s10,SafetyCarButton1-v0,10,800001,results/star_v2_final/resume_300k/SafetyCarButton1-v0/star_v2/starv2_core_100k_SafetyCarButton1_v0_selected_star_v2_star_v2_s10/checkpoint/final.torch,32,0.05,raw,34.881490556758315,173.0,1000,0.173,0.0,nan,0.0,0.0,0.77,0.77,5.0509503073990345
starv2_core_100k_SafetyCarButton1_v0_selected_star_v2_star_v2_s10,SafetyCarButton1-v0,10,800001,results/star_v2_final/resume_300k/SafetyCarButton1-v0/star_v2/starv2_core_100k_SafetyCarButton1_v0_selected_star_v2_star_v2_s10/checkpoint/final.torch,32,0.05,star_exec,15.927100124376077,208.0,1000,0.208,0.0,0.5433939355756634,0.951,0.03509375,0.755,0.755,8.488891404122114
starv2_core_100k_SafetyCarButton1_v0_selected_star_v2_star_v2_s10,SafetyCarButton1-v0,10,800002,results/star_v2_final/resume_300k/SafetyCarButton1-v0/star_v2/starv2_core_100k_SafetyCarButton1_v0_selected_star_v2_star_v2_s10/checkpoint/final.torch,32,0.05,raw,4.8016753471863245,460.0,1000,0.46,0.0,nan,0.0,0.0,0.535,0.535,5.078450866043568
starv2_core_100k_SafetyCarButton1_v0_selected_star_v2_star_v2_s10,SafetyCarButton1-v0,10,800002,results/star_v2_final/resume_300k/SafetyCarButton1-v0/star_v2/starv2_core_100k_SafetyCarButton1_v0_selected_star_v2_star_v2_s10/checkpoint/final.torch,32,0.05,star_exec,8.510054022843436,121.0,1000,0.121,0.0,-0.7723093311233836,0.936,0.034625,0.838,0.838,8.46293269842863
starv2_core_100k_SafetyCarButton1_v0_selected_star_v2_star_v2_s10,SafetyCarButton1-v0,10,800003,results/star_v2_final/resume_300k/SafetyCarButton1-v0/star_v2/starv2_core_100k_SafetyCarButton1_v0_selected_star_v2_star_v2_s10/checkpoint/final.torch,32,0.05,raw,4.434755265453427,369.0,1000,0.369,0.0,nan,0.0,0.0,0.61,0.61,5.158371899276972
starv2_core_100k_SafetyCarButton1_v0_selected_star_v2_star_v2_s10,SafetyCarButton1-v0,10,800003,results/star_v2_final/resume_300k/SafetyCarButton1-v0/star_v2/starv2_core_100k_SafetyCarButton1_v0_selected_star_v2_star_v2_s10/checkpoint/final.torch,32,0.05,star_exec,1.8984878470520679,347.0,1000,0.347,0.0,0.5719069636511365,1.0,0.0,0.653,0.653,8.358608711510897
starv2_core_100k_SafetyCarButton1_v0_selected_star_v2_star_v2_s10,SafetyCarButton1-v0,10,800004,results/star_v2_final/resume_300k/SafetyCarButton1-v0/star_v2/starv2_core_100k_SafetyCarButton1_v0_selected_star_v2_star_v2_s10/checkpoint/final.torch,32,0.05,raw,8.889476984365071,387.0,1000,0.387,0.0,nan,0.0,0.0,0.592,0.592,5.115493528544903
starv2_core_100k_SafetyCarButton1_v0_selected_star_v2_star_v2_s10,SafetyCarButton1-v0,10,800004,results/star_v2_final/resume_300k/SafetyCarButton1-v0/star_v2/starv2_core_100k_SafetyCarButton1_v0_selected_star_v2_star_v2_s10/checkpoint/final.torch,32,0.05,star_exec,10.144685879199923,167.0,1000,0.167,0.0,-0.14120165866254325,0.986,0.00809375,0.815,0.815,8.507952630519867
starv2_core_100k_SafetyCarButton1_v0_selected_star_v2_star_v2_s10,SafetyCarButton1-v0,10,800005,results/star_v2_final/resume_300k/SafetyCarButton1-v0/star_v2/starv2_core_100k_SafetyCarButton1_v0_selected_star_v2_star_v2_s10/checkpoint/final.torch,32,0.05,raw,14.97416639184848,149.0,1000,0.149,0.0,nan,0.0,0.0,0.826,0.826,5.103452507406473
starv2_core_100k_SafetyCarButton1_v0_selected_star_v2_star_v2_s10,SafetyCarButton1-v0,10,800005,results/star_v2_final/resume_300k/SafetyCarButton1-v0/star_v2/starv2_core_100k_SafetyCarButton1_v0_selected_star_v2_star_v2_s10/checkpoint/final.torch,32,0.05,star_exec,14.98924580014286,148.0,1000,0.148,0.0,-0.0010070282311401516,0.977,0.0135,0.839,0.839,8.43249424919486
starv2_core_100k_SafetyCarButton1_v0_selected_star_v2_star_v2_s10,SafetyCarButton1-v0,10,800006,results/star_v2_final/resume_300k/SafetyCarButton1-v0/star_v2/starv2_core_100k_SafetyCarButton1_v0_selected_star_v2_star_v2_s10/checkpoint/final.torch,32,0.05,raw,12.309859137573667,271.0,1000,0.271,0.0,nan,0.0,0.0,0.707,0.707,5.230341669172049
starv2_core_100k_SafetyCarButton1_v0_selected_star_v2_star_v2_s10,SafetyCarButton1-v0,10,800006,results/star_v2_final/resume_300k/SafetyCarButton1-v0/star_v2/starv2_core_100k_SafetyCarButton1_v0_selected_star_v2_star_v2_s10/checkpoint/final.torch,32,0.05,star_exec,7.721263236334406,75.0,1000,0.075,0.0,0.37275779112966323,0.961,0.031625,0.884,0.884,8.52804059907794
starv2_core_100k_SafetyCarButton1_v0_selected_star_v2_star_v2_s10,SafetyCarButton1-v0,10,800007,results/star_v2_final/resume_300k/SafetyCarButton1-v0/star_v2/starv2_core_100k_SafetyCarButton1_v0_selected_star_v2_star_v2_s10/checkpoint/final.torch,32,0.05,raw,22.83175024070108,139.0,1000,0.139,0.0,nan,0.0,0.0,0.748,0.748,5.287148103117943
starv2_core_100k_SafetyCarButton1_v0_selected_star_v2_star_v2_s10,SafetyCarButton1-v0,10,800007,results/star_v2_final/resume_300k/SafetyCarButton1-v0/star_v2/starv2_core_100k_SafetyCarButton1_v0_selected_star_v2_star_v2_s10/checkpoint/final.torch,32,0.05,star_exec,2.3576083217839425,310.0,1000,0.31,0.0,0.8967399215159096,0.998,0.00171875,0.688,0.688,8.566466942429543
starv2_core_100k_SafetyCarButton1_v0_selected_star_v2_star_v2_s10,SafetyCarButton1-v0,10,800008,results/star_v2_final/resume_300k/SafetyCarButton1-v0/star_v2/starv2_core_100k_SafetyCarButton1_v0_selected_star_v2_star_v2_s10/checkpoint/final.torch,32,0.05,raw,31.548880161597175,172.0,1000,0.172,0.0,nan,0.0,0.0,0.633,0.633,5.218405682593584
starv2_core_100k_SafetyCarButton1_v0_selected_star_v2_star_v2_s10,SafetyCarButton1-v0,10,800008,results/star_v2_final/resume_300k/SafetyCarButton1-v0/star_v2/starv2_core_100k_SafetyCarButton1_v0_selected_star_v2_star_v2_s10/checkpoint/final.torch,32,0.05,star_exec,15.452499545822077,335.0,1000,0.335,0.0,0.5102044995995892,0.963,0.02984375,0.625,0.625,8.490501441061497
starv2_core_100k_SafetyCarButton1_v0_selected_star_v2_star_v2_s10,SafetyCarButton1-v0,10,800009,results/star_v2_final/resume_300k/SafetyCarButton1-v0/star_v2/starv2_core_100k_SafetyCarButton1_v0_selected_star_v2_star_v2_s10/checkpoint/final.torch,32,0.05,raw,21.04285143448742,274.0,1000,0.274,0.0,nan,0.0,0.0,0.704,0.704,5.2264743857085705
starv2_core_100k_SafetyCarButton1_v0_selected_star_v2_star_v2_s10,SafetyCarButton1-v0,10,800009,results/star_v2_final/resume_300k/SafetyCarButton1-v0/star_v2/starv2_core_100k_SafetyCarButton1_v0_selected_star_v2_star_v2_s10/checkpoint/final.torch,32,0.05,star_exec,5.847338207709999,321.0,1000,0.321,0.0,0.7221223451624662,0.983,0.00678125,0.671,0.671,8.554258584976196
starv2_core_100k_SafetyCarButton1_v0_selected_star_v2_star_v2_s10,SafetyCarButton1-v0,10,800010,results/star_v2_final/resume_300k/SafetyCarButton1-v0/star_v2/starv2_core_100k_SafetyCarButton1_v0_selected_star_v2_star_v2_s10/checkpoint/final.torch,32,0.05,raw,19.51512658503242,354.0,1000,0.354,0.0,nan,0.0,0.0,0.599,0.599,5.14411173760891
starv2_core_100k_SafetyCarButton1_v0_selected_star_v2_star_v2_s10,SafetyCarButton1-v0,10,800010,results/star_v2_final/resume_300k/SafetyCarButton1-v0/star_v2/starv2_core_100k_SafetyCarButton1_v0_selected_star_v2_star_v2_s10/checkpoint/final.torch,32,0.05,star_exec,17.514959801764938,247.0,1000,0.247,0.0,0.10249314932968745,0.964,0.02375,0.722,0.722,8.476623870432377
starv2_core_100k_SafetyCarButton1_v0_selected_star_v2_star_v2_s10,SafetyCarButton1-v0,10,800011,results/star_v2_final/resume_300k/SafetyCarButton1-v0/star_v2/starv2_core_100k_SafetyCarButton1_v0_selected_star_v2_star_v2_s10/checkpoint/final.torch,32,0.05,raw,14.878930565746568,275.0,1000,0.275,0.0,nan,0.0,0.0,0.617,0.617,5.093638364225626
starv2_core_100k_SafetyCarButton1_v0_selected_star_v2_star_v2_s10,SafetyCarButton1-v0,10,800011,results/star_v2_final/resume_300k/SafetyCarButton1-v0/star_v2/starv2_core_100k_SafetyCarButton1_v0_selected_star_v2_star_v2_s10/checkpoint/final.torch,32,0.05,star_exec,8.188346553080317,341.0,1000,0.341,0.0,0.44966834028172264,0.938,0.04640625,0.603,0.603,8.486873611807823
starv2_core_100k_SafetyCarButton1_v0_selected_star_v2_star_v2_s10,SafetyCarButton1-v0,10,800012,results/star_v2_final/resume_300k/SafetyCarButton1-v0/star_v2/starv2_core_100k_SafetyCarButton1_v0_selected_star_v2_star_v2_s10/checkpoint/final.torch,32,0.05,raw,30.020838097809005,238.0,1000,0.238,0.0,nan,0.0,0.0,0.719,0.719,5.083767171949148
starv2_core_100k_SafetyCarButton1_v0_selected_star_v2_star_v2_s10,SafetyCarButton1-v0,10,800012,results/star_v2_final/resume_300k/SafetyCarButton1-v0/star_v2/starv2_core_100k_SafetyCarButton1_v0_selected_star_v2_star_v2_s10/checkpoint/final.torch,32,0.05,star_exec,20.069978493902433,318.0,1000,0.318,0.0,0.33146508340261194,0.989,0.00640625,0.666,0.666,8.532395593822002
starv2_core_100k_SafetyCarButton1_v0_selected_star_v2_star_v2_s10,SafetyCarButton1-v0,10,800013,results/star_v2_final/resume_300k/SafetyCarButton1-v0/star_v2/starv2_core_100k_SafetyCarButton1_v0_selected_star_v2_star_v2_s10/checkpoint/final.torch,32,0.05,raw,23.491785781231016,396.0,1000,0.396,0.0,nan,0.0,0.0,0.577,0.577,5.0848534144461155
starv2_core_100k_SafetyCarButton1_v0_selected_star_v2_star_v2_s10,SafetyCarButton1-v0,10,800013,results/star_v2_final/resume_300k/SafetyCarButton1-v0/star_v2/starv2_core_100k_SafetyCarButton1_v0_selected_star_v2_star_v2_s10/checkpoint/final.torch,32,0.05,star_exec,13.36723585135452,274.0,1000,0.274,0.0,0.43098255808060365,0.978,0.0184375,0.699,0.699,8.542418844997883
starv2_core_100k_SafetyCarButton1_v0_selected_star_v2_star_v2_s10,SafetyCarButton1-v0,10,800014,results/star_v2_final/resume_300k/SafetyCarButton1-v0/star_v2/starv2_core_100k_SafetyCarButton1_v0_selected_star_v2_star_v2_s10/checkpoint/final.torch,32,0.05,raw,23.55879428925,54.0,1000,0.054,0.0,nan,0.0,0.0,0.891,0.891,5.0287457928061485
starv2_core_100k_SafetyCarButton1_v0_selected_star_v2_star_v2_s10,SafetyCarButton1-v0,10,800014,results/star_v2_final/resume_300k/SafetyCarButton1-v0/star_v2/starv2_core_100k_SafetyCarButton1_v0_selected_star_v2_star_v2_s10/checkpoint/final.torch,32,0.05,star_exec,4.072219501751675,235.0,1000,0.235,0.0,0.8271465232153307,0.998,0.0015,0.764,0.764,7.832437444478273
starv2_core_100k_SafetyCarButton1_v0_selected_star_v2_star_v2_s10,SafetyCarButton1-v0,10,800015,results/star_v2_final/resume_300k/SafetyCarButton1-v0/star_v2/starv2_core_100k_SafetyCarButton1_v0_selected_star_v2_star_v2_s10/checkpoint/final.torch,32,0.05,raw,13.070190897883672,321.0,1000,0.321,0.0,nan,0.0,0.0,0.64,0.64,4.948626793920994
starv2_core_100k_SafetyCarButton1_v0_selected_star_v2_star_v2_s10,SafetyCarButton1-v0,10,800015,results/star_v2_final/resume_300k/SafetyCarButton1-v0/star_v2/starv2_core_100k_SafetyCarButton1_v0_selected_star_v2_star_v2_s10/checkpoint/final.torch,32,0.05,star_exec,9.927590689470394,152.0,1000,0.152,0.0,0.240440268467856,0.902,0.0565,0.783,0.783,5.7243686728179455
starv2_core_100k_SafetyCarButton1_v0_selected_star_v2_star_v2_s10,SafetyCarButton1-v0,10,800016,results/star_v2_final/resume_300k/SafetyCarButton1-v0/star_v2/starv2_core_100k_SafetyCarButton1_v0_selected_star_v2_star_v2_s10/checkpoint/final.torch,32,0.05,raw,27.16148279199941,84.0,1000,0.084,0.0,nan,0.0,0.0,0.889,0.889,4.738292120397091
starv2_core_100k_SafetyCarButton1_v0_selected_star_v2_star_v2_s10,SafetyCarButton1-v0,10,800016,results/star_v2_final/resume_300k/SafetyCarButton1-v0/star_v2/starv2_core_100k_SafetyCarButton1_v0_selected_star_v2_star_v2_s10/checkpoint/final.torch,32,0.05,star_exec,17.535658179700235,201.0,1000,0.201,0.0,0.3543924566273872,0.988,0.00646875,0.789,0.789,5.110402211546898
starv2_core_100k_SafetyCarButton1_v0_selected_star_v2_star_v2_s10,SafetyCarButton1-v0,10,800017,results/star_v2_final/resume_300k/SafetyCarButton1-v0/star_v2/starv2_core_100k_SafetyCarButton1_v0_selected_star_v2_star_v2_s10/checkpoint/final.torch,32,0.05,raw,19.210298231162863,254.0,1000,0.254,0.0,nan,0.0,0.0,0.585,0.585,4.283449813723564
starv2_core_100k_SafetyCarButton1_v0_selected_star_v2_star_v2_s10,SafetyCarButton1-v0,10,800017,results/star_v2_final/resume_300k/SafetyCarButton1-v0/star_v2/starv2_core_100k_SafetyCarButton1_v0_selected_star_v2_star_v2_s10/checkpoint/final.torch,32,0.05,star_exec,14.259593098498799,91.0,1000,0.091,0.0,0.2577109981891406,0.912,0.0631875,0.834,0.834,5.241826955229044
starv2_core_100k_SafetyCarButton1_v0_selected_star_v2_star_v2_s10,SafetyCarButton1-v0,10,800018,results/star_v2_final/resume_300k/SafetyCarButton1-v0/star_v2/starv2_core_100k_SafetyCarButton1_v0_selected_star_v2_star_v2_s10/checkpoint/final.torch,32,0.05,raw,29.160653625452905,217.0,1000,0.217,0.0,nan,0.0,0.0,0.714,0.714,5.623692370951176
starv2_core_100k_SafetyCarButton1_v0_selected_star_v2_star_v2_s10,SafetyCarButton1-v0,10,800018,results/star_v2_final/resume_300k/SafetyCarButton1-v0/star_v2/starv2_core_100k_SafetyCarButton1_v0_selected_star_v2_star_v2_s10/checkpoint/final.torch,32,0.05,star_exec,32.59545497271421,241.0,1000,0.241,0.0,-0.11778890114668873,0.979,0.01603125,0.738,0.738,4.871586553752422
starv2_core_100k_SafetyCarButton1_v0_selected_star_v2_star_v2_s10,SafetyCarButton1-v0,10,800019,results/star_v2_final/resume_300k/SafetyCarButton1-v0/star_v2/starv2_core_100k_SafetyCarButton1_v0_selected_star_v2_star_v2_s10/checkpoint/final.torch,32,0.05,raw,22.45101082569793,287.0,1000,0.287,0.0,nan,0.0,0.0,0.656,0.656,4.443298794329166
starv2_core_100k_SafetyCarButton1_v0_selected_star_v2_star_v2_s10,SafetyCarButton1-v0,10,800019,results/star_v2_final/resume_300k/SafetyCarButton1-v0/star_v2/starv2_core_100k_SafetyCarButton1_v0_selected_star_v2_star_v2_s10/checkpoint/final.torch,32,0.05,star_exec,25.997891163410795,274.0,1000,0.274,0.0,-0.15798310219747544,0.968,0.0243125,0.695,0.695,3.1525815837085247
starv2_core_100k_SafetyCarButton1_v0_selected_star_v2_star_v2_s11,SafetyCarButton1-v0,11,800000,results/star_v2_final/resume_300k/SafetyCarButton1-v0/star_v2/starv2_core_100k_SafetyCarButton1_v0_selected_star_v2_star_v2_s11/checkpoint/final.torch,32,0.05,raw,32.29186668269076,191.0,1000,0.191,0.0,nan,0.0,0.0,0.719,0.719,5.251325111836195
starv2_core_100k_SafetyCarButton1_v0_selected_star_v2_star_v2_s11,SafetyCarButton1-v0,11,800000,results/star_v2_final/resume_300k/SafetyCarButton1-v0/star_v2/starv2_core_100k_SafetyCarButton1_v0_selected_star_v2_star_v2_s11/checkpoint/final.torch,32,0.05,star_exec,19.780836350543694,215.0,1000,0.215,0.0,0.38743595887732585,0.964,0.02528125,0.75,0.75,8.76228853315115
starv2_core_100k_SafetyCarButton1_v0_selected_star_v2_star_v2_s11,SafetyCarButton1-v0,11,800001,results/star_v2_final/resume_300k/SafetyCarButton1-v0/star_v2/starv2_core_100k_SafetyCarButton1_v0_selected_star_v2_star_v2_s11/checkpoint/final.torch,32,0.05,raw,10.689094340686594,393.0,1000,0.393,0.0,nan,0.0,0.0,0.498,0.498,5.136445056647062
starv2_core_100k_SafetyCarButton1_v0_selected_star_v2_star_v2_s11,SafetyCarButton1-v0,11,800001,results/star_v2_final/resume_300k/SafetyCarButton1-v0/star_v2/starv2_core_100k_SafetyCarButton1_v0_selected_star_v2_star_v2_s11/checkpoint/final.torch,32,0.05,star_exec,11.615873308471555,188.0,1000,0.188,0.0,-0.08670322650790921,0.944,0.0289375,0.782,0.782,8.60664839670062
starv2_core_100k_SafetyCarButton1_v0_selected_star_v2_star_v2_s11,SafetyCarButton1-v0,11,800002,results/star_v2_final/resume_300k/SafetyCarButton1-v0/star_v2/starv2_core_100k_SafetyCarButton1_v0_selected_star_v2_star_v2_s11/checkpoint/final.torch,32,0.05,raw,0.3143258682483121,0.0,1000,0.0,0.0,nan,0.0,0.0,1.0,1.0,5.108163591474295
starv2_core_100k_SafetyCarButton1_v0_selected_star_v2_star_v2_s11,SafetyCarButton1-v0,11,800002,results/star_v2_final/resume_300k/SafetyCarButton1-v0/star_v2/starv2_core_100k_SafetyCarButton1_v0_selected_star_v2_star_v2_s11/checkpoint/final.torch,32,0.05,star_exec,3.423284121689608,33.0,1000,0.033,0.0,-9.890876213170186,0.993,0.00259375,0.963,0.963,8.672375708818436
starv2_core_100k_SafetyCarButton1_v0_selected_star_v2_star_v2_s11,SafetyCarButton1-v0,11,800003,results/star_v2_final/resume_300k/SafetyCarButton1-v0/star_v2/starv2_core_100k_SafetyCarButton1_v0_selected_star_v2_star_v2_s11/checkpoint/final.torch,32,0.05,raw,3.319498713791792,511.0,1000,0.511,0.0,nan,0.0,0.0,0.451,0.451,5.143047593533993
starv2_core_100k_SafetyCarButton1_v0_selected_star_v2_star_v2_s11,SafetyCarButton1-v0,11,800003,results/star_v2_final/resume_300k/SafetyCarButton1-v0/star_v2/starv2_core_100k_SafetyCarButton1_v0_selected_star_v2_star_v2_s11/checkpoint/final.torch,32,0.05,star_exec,7.420489182917189,105.0,1000,0.105,0.0,-1.2354246296546756,0.951,0.02703125,0.866,0.866,8.491206750273705
starv2_core_100k_SafetyCarButton1_v0_selected_star_v2_star_v2_s11,SafetyCarButton1-v0,11,800004,results/star_v2_final/resume_300k/SafetyCarButton1-v0/star_v2/starv2_core_100k_SafetyCarButton1_v0_selected_star_v2_star_v2_s11/checkpoint/final.torch,32,0.05,raw,14.95504807751868,382.0,1000,0.382,0.0,nan,0.0,0.0,0.604,0.604,5.040828436613083
starv2_core_100k_SafetyCarButton1_v0_selected_star_v2_star_v2_s11,SafetyCarButton1-v0,11,800004,results/star_v2_final/resume_300k/SafetyCarButton1-v0/star_v2/starv2_core_100k_SafetyCarButton1_v0_selected_star_v2_star_v2_s11/checkpoint/final.torch,32,0.05,star_exec,9.3979586319212,214.0,1000,0.214,0.0,0.3715861973022492,0.972,0.01825,0.764,0.764,8.519124306738377
starv2_core_100k_SafetyCarButton1_v0_selected_star_v2_star_v2_s11,SafetyCarButton1-v0,11,800005,results/star_v2_final/resume_300k/SafetyCarButton1-v0/star_v2/starv2_core_100k_SafetyCarButton1_v0_selected_star_v2_star_v2_s11/checkpoint/final.torch,32,0.05,raw,26.048785976227872,138.0,1000,0.138,0.0,nan,0.0,0.0,0.777,0.777,5.103959869593382
starv2_core_100k_SafetyCarButton1_v0_selected_star_v2_star_v2_s11,SafetyCarButton1-v0,11,800005,results/star_v2_final/resume_300k/SafetyCarButton1-v0/star_v2/starv2_core_100k_SafetyCarButton1_v0_selected_star_v2_star_v2_s11/checkpoint/final.torch,32,0.05,star_exec,19.619699730896812,63.0,1000,0.063,0.0,0.2468094386893211,0.915,0.05159375,0.869,0.869,8.486708778887987
starv2_core_100k_SafetyCarButton1_v0_selected_star_v2_star_v2_s11,SafetyCarButton1-v0,11,800006,results/star_v2_final/resume_300k/SafetyCarButton1-v0/star_v2/starv2_core_100k_SafetyCarButton1_v0_selected_star_v2_star_v2_s11/checkpoint/final.torch,32,0.05,raw,14.29667611636882,249.0,1000,0.249,0.0,nan,0.0,0.0,0.748,0.748,5.14253581315279
starv2_core_100k_SafetyCarButton1_v0_selected_star_v2_star_v2_s11,SafetyCarButton1-v0,11,800006,results/star_v2_final/resume_300k/SafetyCarButton1-v0/star_v2/starv2_core_100k_SafetyCarButton1_v0_selected_star_v2_star_v2_s11/checkpoint/final.torch,32,0.05,star_exec,17.423024774745087,58.0,1000,0.058,0.0,-0.21867660936913785,0.902,0.064,0.853,0.853,8.665991172194481
starv2_core_100k_SafetyCarButton1_v0_selected_star_v2_star_v2_s11,SafetyCarButton1-v0,11,800007,results/star_v2_final/resume_300k/SafetyCarButton1-v0/star_v2/starv2_core_100k_SafetyCarButton1_v0_selected_star_v2_star_v2_s11/checkpoint/final.torch,32,0.05,raw,25.644964384541325,202.0,1000,0.202,0.0,nan,0.0,0.0,0.658,0.658,5.085809405893087
starv2_core_100k_SafetyCarButton1_v0_selected_star_v2_star_v2_s11,SafetyCarButton1-v0,11,800007,results/star_v2_final/resume_300k/SafetyCarButton1-v0/star_v2/starv2_core_100k_SafetyCarButton1_v0_selected_star_v2_star_v2_s11/checkpoint/final.torch,32,0.05,star_exec,18.269615213749326,80.0,1000,0.08,0.0,0.28759443999219697,0.924,0.0574375,0.848,0.848,8.365229520946741
starv2_core_100k_SafetyCarButton1_v0_selected_star_v2_star_v2_s11,SafetyCarButton1-v0,11,800008,results/star_v2_final/resume_300k/SafetyCarButton1-v0/star_v2/starv2_core_100k_SafetyCarButton1_v0_selected_star_v2_star_v2_s11/checkpoint/final.torch,32,0.05,raw,34.62023238222191,197.0,1000,0.197,0.0,nan,0.0,0.0,0.581,0.581,5.0959107503294945
starv2_core_100k_SafetyCarButton1_v0_selected_star_v2_star_v2_s11,SafetyCarButton1-v0,11,800008,results/star_v2_final/resume_300k/SafetyCarButton1-v0/star_v2/starv2_core_100k_SafetyCarButton1_v0_selected_star_v2_star_v2_s11/checkpoint/final.torch,32,0.05,star_exec,28.419595637055203,204.0,1000,0.204,0.0,0.17910442300643942,0.889,0.06715625,0.714,0.714,8.527903612703085
starv2_core_100k_SafetyCarButton1_v0_selected_star_v2_star_v2_s11,SafetyCarButton1-v0,11,800009,results/star_v2_final/resume_300k/SafetyCarButton1-v0/star_v2/starv2_core_100k_SafetyCarButton1_v0_selected_star_v2_star_v2_s11/checkpoint/final.torch,32,0.05,raw,22.234207085211285,316.0,1000,0.316,0.0,nan,0.0,0.0,0.626,0.626,5.018838666379452
starv2_core_100k_SafetyCarButton1_v0_selected_star_v2_star_v2_s11,SafetyCarButton1-v0,11,800009,results/star_v2_final/resume_300k/SafetyCarButton1-v0/star_v2/starv2_core_100k_SafetyCarButton1_v0_selected_star_v2_star_v2_s11/checkpoint/final.torch,32,0.05,star_exec,22.754768335604457,128.0,1000,0.128,0.0,-0.023412629395694284,0.97,0.02125,0.84,0.84,8.494703583419323
starv2_core_100k_SafetyCarButton1_v0_selected_star_v2_star_v2_s11,SafetyCarButton1-v0,11,800010,results/star_v2_final/resume_300k/SafetyCarButton1-v0/star_v2/starv2_core_100k_SafetyCarButton1_v0_selected_star_v2_star_v2_s11/checkpoint/final.torch,32,0.05,raw,14.073835404774544,319.0,1000,0.319,0.0,nan,0.0,0.0,0.633,0.633,5.068711385130882
starv2_core_100k_SafetyCarButton1_v0_selected_star_v2_star_v2_s11,SafetyCarButton1-v0,11,800010,results/star_v2_final/resume_300k/SafetyCarButton1-v0/star_v2/starv2_core_100k_SafetyCarButton1_v0_selected_star_v2_star_v2_s11/checkpoint/final.torch,32,0.05,star_exec,18.66810336220246,199.0,1000,0.199,0.0,-0.32644036435649315,0.952,0.03603125,0.754,0.754,8.515032537281513
starv2_core_100k_SafetyCarButton1_v0_selected_star_v2_star_v2_s11,SafetyCarButton1-v0,11,800011,results/star_v2_final/resume_300k/SafetyCarButton1-v0/star_v2/starv2_core_100k_SafetyCarButton1_v0_selected_star_v2_star_v2_s11/checkpoint/final.torch,32,0.05,raw,23.63448907473316,161.0,1000,0.161,0.0,nan,0.0,0.0,0.772,0.772,5.09370069950819
starv2_core_100k_SafetyCarButton1_v0_selected_star_v2_star_v2_s11,SafetyCarButton1-v0,11,800011,results/star_v2_final/resume_300k/SafetyCarButton1-v0/star_v2/starv2_core_100k_SafetyCarButton1_v0_selected_star_v2_star_v2_s11/checkpoint/final.torch,32,0.05,star_exec,12.227903537097948,326.0,1000,0.326,0.0,0.4826245873802117,0.959,0.03134375,0.632,0.632,8.550001572817564
starv2_core_100k_SafetyCarButton1_v0_selected_star_v2_star_v2_s11,SafetyCarButton1-v0,11,800012,results/star_v2_final/resume_300k/SafetyCarButton1-v0/star_v2/starv2_core_100k_SafetyCarButton1_v0_selected_star_v2_star_v2_s11/checkpoint/final.torch,32,0.05,raw,31.876183761088996,151.0,1000,0.151,0.0,nan,0.0,0.0,0.723,0.723,5.1521350517869
starv2_core_100k_SafetyCarButton1_v0_selected_star_v2_star_v2_s11,SafetyCarButton1-v0,11,800012,results/star_v2_final/resume_300k/SafetyCarButton1-v0/star_v2/starv2_core_100k_SafetyCarButton1_v0_selected_star_v2_star_v2_s11/checkpoint/final.torch,32,0.05,star_exec,26.529354586130715,190.0,1000,0.19,0.0,0.16773743102476127,0.929,0.0494375,0.743,0.743,8.610519208014011
starv2_core_100k_SafetyCarButton1_v0_selected_star_v2_star_v2_s11,SafetyCarButton1-v0,11,800013,results/star_v2_final/resume_300k/SafetyCarButton1-v0/star_v2/starv2_core_100k_SafetyCarButton1_v0_selected_star_v2_star_v2_s11/checkpoint/final.torch,32,0.05,raw,10.12890521491642,577.0,1000,0.577,0.0,nan,0.0,0.0,0.374,0.374,5.1094753704965115
starv2_core_100k_SafetyCarButton1_v0_selected_star_v2_star_v2_s11,SafetyCarButton1-v0,11,800013,results/star_v2_final/resume_300k/SafetyCarButton1-v0/star_v2/starv2_core_100k_SafetyCarButton1_v0_selected_star_v2_star_v2_s11/checkpoint/final.torch,32,0.05,star_exec,12.429836071764864,232.0,1000,0.232,0.0,-0.22716481278351366,0.972,0.022125,0.742,0.742,8.420136842876673
starv2_core_100k_SafetyCarButton1_v0_selected_star_v2_star_v2_s11,SafetyCarButton1-v0,11,800014,results/star_v2_final/resume_300k/SafetyCarButton1-v0/star_v2/starv2_core_100k_SafetyCarButton1_v0_selected_star_v2_star_v2_s11/checkpoint/final.torch,32,0.05,raw,11.356514895112639,252.0,1000,0.252,0.0,nan,0.0,0.0,0.726,0.726,5.120594423264265
starv2_core_100k_SafetyCarButton1_v0_selected_star_v2_star_v2_s11,SafetyCarButton1-v0,11,800014,results/star_v2_final/resume_300k/SafetyCarButton1-v0/star_v2/starv2_core_100k_SafetyCarButton1_v0_selected_star_v2_star_v2_s11/checkpoint/final.torch,32,0.05,star_exec,5.9411770436067854,350.0,1000,0.35,0.0,0.4768485667937075,0.985,0.00615625,0.64,0.64,7.081634778529406
starv2_core_100k_SafetyCarButton1_v0_selected_star_v2_star_v2_s11,SafetyCarButton1-v0,11,800015,results/star_v2_final/resume_300k/SafetyCarButton1-v0/star_v2/starv2_core_100k_SafetyCarButton1_v0_selected_star_v2_star_v2_s11/checkpoint/final.torch,32,0.05,raw,30.153521958225383,204.0,1000,0.204,0.0,nan,0.0,0.0,0.723,0.723,5.119932968169451
starv2_core_100k_SafetyCarButton1_v0_selected_star_v2_star_v2_s11,SafetyCarButton1-v0,11,800015,results/star_v2_final/resume_300k/SafetyCarButton1-v0/star_v2/starv2_core_100k_SafetyCarButton1_v0_selected_star_v2_star_v2_s11/checkpoint/final.torch,32,0.05,star_exec,6.257967578249785,312.0,1000,0.312,0.0,0.7924631296165152,0.991,0.00428125,0.679,0.679,3.929969023913145
starv2_core_100k_SafetyCarButton1_v0_selected_star_v2_star_v2_s11,SafetyCarButton1-v0,11,800016,results/star_v2_final/resume_300k/SafetyCarButton1-v0/star_v2/starv2_core_100k_SafetyCarButton1_v0_selected_star_v2_star_v2_s11/checkpoint/final.torch,32,0.05,raw,11.518617280239653,197.0,1000,0.197,0.0,nan,0.0,0.0,0.755,0.755,4.760044772177935
starv2_core_100k_SafetyCarButton1_v0_selected_star_v2_star_v2_s11,SafetyCarButton1-v0,11,800016,results/star_v2_final/resume_300k/SafetyCarButton1-v0/star_v2/starv2_core_100k_SafetyCarButton1_v0_selected_star_v2_star_v2_s11/checkpoint/final.torch,32,0.05,star_exec,23.26747419640829,159.0,1000,0.159,0.0,-1.0199884786799858,0.958,0.03134375,0.795,0.795,4.064080312848091
starv2_core_100k_SafetyCarButton1_v0_selected_star_v2_star_v2_s11,SafetyCarButton1-v0,11,800017,results/star_v2_final/resume_300k/SafetyCarButton1-v0/star_v2/starv2_core_100k_SafetyCarButton1_v0_selected_star_v2_star_v2_s11/checkpoint/final.torch,32,0.05,raw,23.48775606784223,202.0,1000,0.202,0.0,nan,0.0,0.0,0.628,0.628,3.7441054843366146
starv2_core_100k_SafetyCarButton1_v0_selected_star_v2_star_v2_s11,SafetyCarButton1-v0,11,800017,results/star_v2_final/resume_300k/SafetyCarButton1-v0/star_v2/starv2_core_100k_SafetyCarButton1_v0_selected_star_v2_star_v2_s11/checkpoint/final.torch,32,0.05,star_exec,20.660778979260673,206.0,1000,0.206,0.0,0.12035960695504898,0.866,0.085,0.693,0.693,3.732173964381218
starv2_core_100k_SafetyCarButton1_v0_selected_star_v2_star_v2_s11,SafetyCarButton1-v0,11,800018,results/star_v2_final/resume_300k/SafetyCarButton1-v0/star_v2/starv2_core_100k_SafetyCarButton1_v0_selected_star_v2_star_v2_s11/checkpoint/final.torch,32,0.05,raw,5.212089863967116,411.0,1000,0.411,0.0,nan,0.0,0.0,0.549,0.549,5.746069394052029
starv2_core_100k_SafetyCarButton1_v0_selected_star_v2_star_v2_s11,SafetyCarButton1-v0,11,800018,results/star_v2_final/resume_300k/SafetyCarButton1-v0/star_v2/starv2_core_100k_SafetyCarButton1_v0_selected_star_v2_star_v2_s11/checkpoint/final.torch,32,0.05,star_exec,19.19888567291321,237.0,1000,0.237,0.0,-2.6835292894010507,0.966,0.01715625,0.739,0.739,2.9818102940917015
starv2_core_100k_SafetyCarButton1_v0_selected_star_v2_star_v2_s11,SafetyCarButton1-v0,11,800019,results/star_v2_final/resume_300k/SafetyCarButton1-v0/star_v2/starv2_core_100k_SafetyCarButton1_v0_selected_star_v2_star_v2_s11/checkpoint/final.torch,32,0.05,raw,9.529555617181126,575.0,1000,0.575,0.0,nan,0.0,0.0,0.399,0.399,5.76999843865633
starv2_core_100k_SafetyCarButton1_v0_selected_star_v2_star_v2_s11,SafetyCarButton1-v0,11,800019,results/star_v2_final/resume_300k/SafetyCarButton1-v0/star_v2/starv2_core_100k_SafetyCarButton1_v0_selected_star_v2_star_v2_s11/checkpoint/final.torch,32,0.05,star_exec,16.765115822585944,408.0,1000,0.408,0.0,-0.7592757203032223,0.984,0.0070625,0.575,0.575,2.4980539195239544
starv2_core_100k_SafetyCarButton1_v0_selected_star_v2_star_v2_s12,SafetyCarButton1-v0,12,800000,results/star_v2_final/resume_300k/SafetyCarButton1-v0/star_v2/starv2_core_100k_SafetyCarButton1_v0_selected_star_v2_star_v2_s12/checkpoint/final.torch,32,0.05,raw,13.771496759865336,410.0,1000,0.41,0.0,nan,0.0,0.0,0.544,0.544,5.057314407080412
starv2_core_100k_SafetyCarButton1_v0_selected_star_v2_star_v2_s12,SafetyCarButton1-v0,12,800000,results/star_v2_final/resume_300k/SafetyCarButton1-v0/star_v2/starv2_core_100k_SafetyCarButton1_v0_selected_star_v2_star_v2_s12/checkpoint/final.torch,32,0.05,star_exec,11.865000557441878,445.0,1000,0.445,0.0,0.13843783545588262,0.987,0.00640625,0.541,0.541,8.65794213488698
starv2_core_100k_SafetyCarButton1_v0_selected_star_v2_star_v2_s12,SafetyCarButton1-v0,12,800001,results/star_v2_final/resume_300k/SafetyCarButton1-v0/star_v2/starv2_core_100k_SafetyCarButton1_v0_selected_star_v2_star_v2_s12/checkpoint/final.torch,32,0.05,raw,20.010565346811116,218.0,1000,0.218,0.0,nan,0.0,0.0,0.764,0.764,5.07266316562891
starv2_core_100k_SafetyCarButton1_v0_selected_star_v2_star_v2_s12,SafetyCarButton1-v0,12,800001,results/star_v2_final/resume_300k/SafetyCarButton1-v0/star_v2/starv2_core_100k_SafetyCarButton1_v0_selected_star_v2_star_v2_s12/checkpoint/final.torch,32,0.05,star_exec,26.787388291241655,181.0,1000,0.181,0.0,-0.33866224301906056,0.922,0.06053125,0.754,0.754,8.572635345160961
starv2_core_100k_SafetyCarButton1_v0_selected_star_v2_star_v2_s12,SafetyCarButton1-v0,12,800002,results/star_v2_final/resume_300k/SafetyCarButton1-v0/star_v2/starv2_core_100k_SafetyCarButton1_v0_selected_star_v2_star_v2_s12/checkpoint/final.torch,32,0.05,raw,13.884811794620699,465.0,1000,0.465,0.0,nan,0.0,0.0,0.512,0.512,5.079855710268021
starv2_core_100k_SafetyCarButton1_v0_selected_star_v2_star_v2_s12,SafetyCarButton1-v0,12,800002,results/star_v2_final/resume_300k/SafetyCarButton1-v0/star_v2/starv2_core_100k_SafetyCarButton1_v0_selected_star_v2_star_v2_s12/checkpoint/final.torch,32,0.05,star_exec,7.1928151658455315,316.0,1000,0.316,0.0,0.48196523854704343,0.982,0.0103125,0.667,0.667,8.721832364797592
starv2_core_100k_SafetyCarButton1_v0_selected_star_v2_star_v2_s12,SafetyCarButton1-v0,12,800003,results/star_v2_final/resume_300k/SafetyCarButton1-v0/star_v2/starv2_core_100k_SafetyCarButton1_v0_selected_star_v2_star_v2_s12/checkpoint/final.torch,32,0.05,raw,1.8694733005540067,678.0,1000,0.678,0.0,nan,0.0,0.0,0.303,0.303,5.237453490495682
starv2_core_100k_SafetyCarButton1_v0_selected_star_v2_star_v2_s12,SafetyCarButton1-v0,12,800003,results/star_v2_final/resume_300k/SafetyCarButton1-v0/star_v2/starv2_core_100k_SafetyCarButton1_v0_selected_star_v2_star_v2_s12/checkpoint/final.torch,32,0.05,star_exec,2.0307535188447,257.0,1000,0.257,0.0,-0.08627040474068219,0.973,0.021625,0.721,0.721,8.479356996715069
starv2_core_100k_SafetyCarButton1_v0_selected_star_v2_star_v2_s12,SafetyCarButton1-v0,12,800004,results/star_v2_final/resume_300k/SafetyCarButton1-v0/star_v2/starv2_core_100k_SafetyCarButton1_v0_selected_star_v2_star_v2_s12/checkpoint/final.torch,32,0.05,raw,26.517401545621112,232.0,1000,0.232,0.0,nan,0.0,0.0,0.73,0.73,5.243283521384001
starv2_core_100k_SafetyCarButton1_v0_selected_star_v2_star_v2_s12,SafetyCarButton1-v0,12,800004,results/star_v2_final/resume_300k/SafetyCarButton1-v0/star_v2/starv2_core_100k_SafetyCarButton1_v0_selected_star_v2_star_v2_s12/checkpoint/final.torch,32,0.05,star_exec,8.81584561620846,283.0,1000,0.283,0.0,0.66754489118998,0.991,0.00321875,0.708,0.708,8.470122057944536
starv2_core_100k_SafetyCarButton1_v0_selected_star_v2_star_v2_s12,SafetyCarButton1-v0,12,800005,results/star_v2_final/resume_300k/SafetyCarButton1-v0/star_v2/starv2_core_100k_SafetyCarButton1_v0_selected_star_v2_star_v2_s12/checkpoint/final.torch,32,0.05,raw,20.776850339254977,218.0,1000,0.218,0.0,nan,0.0,0.0,0.701,0.701,5.14674811065197
starv2_core_100k_SafetyCarButton1_v0_selected_star_v2_star_v2_s12,SafetyCarButton1-v0,12,800005,results/star_v2_final/resume_300k/SafetyCarButton1-v0/star_v2/starv2_core_100k_SafetyCarButton1_v0_selected_star_v2_star_v2_s12/checkpoint/final.torch,32,0.05,star_exec,19.756818038923218,125.0,1000,0.125,0.0,0.04909465504521397,0.983,0.01071875,0.856,0.856,8.379114732146263
starv2_core_100k_SafetyCarButton1_v0_selected_star_v2_star_v2_s12,SafetyCarButton1-v0,12,800006,results/star_v2_final/resume_300k/SafetyCarButton1-v0/star_v2/starv2_core_100k_SafetyCarButton1_v0_selected_star_v2_star_v2_s12/checkpoint/final.torch,32,0.05,raw,11.414112242801478,392.0,1000,0.392,0.0,nan,0.0,0.0,0.572,0.572,5.2643501199781895
starv2_core_100k_SafetyCarButton1_v0_selected_star_v2_star_v2_s12,SafetyCarButton1-v0,12,800006,results/star_v2_final/resume_300k/SafetyCarButton1-v0/star_v2/starv2_core_100k_SafetyCarButton1_v0_selected_star_v2_star_v2_s12/checkpoint/final.torch,32,0.05,star_exec,9.318752751524372,69.0,1000,0.069,0.0,0.18357621221033496,0.965,0.0249375,0.896,0.896,8.567733757197857
starv2_core_100k_SafetyCarButton1_v0_selected_star_v2_star_v2_s12,SafetyCarButton1-v0,12,800007,results/star_v2_final/resume_300k/SafetyCarButton1-v0/star_v2/starv2_core_100k_SafetyCarButton1_v0_selected_star_v2_star_v2_s12/checkpoint/final.torch,32,0.05,raw,6.051415522316727,361.0,1000,0.361,0.0,nan,0.0,0.0,0.576,0.576,5.21008275821805
starv2_core_100k_SafetyCarButton1_v0_selected_star_v2_star_v2_s12,SafetyCarButton1-v0,12,800007,results/star_v2_final/resume_300k/SafetyCarButton1-v0/star_v2/starv2_core_100k_SafetyCarButton1_v0_selected_star_v2_star_v2_s12/checkpoint/final.torch,32,0.05,star_exec,15.292264081187552,358.0,1000,0.358,0.0,-1.5270556987521249,0.966,0.02246875,0.631,0.631,8.522628527134657
starv2_core_100k_SafetyCarButton1_v0_selected_star_v2_star_v2_s12,SafetyCarButton1-v0,12,800008,results/star_v2_final/resume_300k/SafetyCarButton1-v0/star_v2/starv2_core_100k_SafetyCarButton1_v0_selected_star_v2_star_v2_s12/checkpoint/final.torch,32,0.05,raw,27.61572683956305,308.0,1000,0.308,0.0,nan,0.0,0.0,0.618,0.618,5.172685094177723
starv2_core_100k_SafetyCarButton1_v0_selected_star_v2_star_v2_s12,SafetyCarButton1-v0,12,800008,results/star_v2_final/resume_300k/SafetyCarButton1-v0/star_v2/starv2_core_100k_SafetyCarButton1_v0_selected_star_v2_star_v2_s12/checkpoint/final.torch,32,0.05,star_exec,21.718388094402343,284.0,1000,0.284,0.0,0.21355001008744107,0.876,0.092375,0.613,0.613,8.405426021665335
starv2_core_100k_SafetyCarButton1_v0_selected_star_v2_star_v2_s12,SafetyCarButton1-v0,12,800009,results/star_v2_final/resume_300k/SafetyCarButton1-v0/star_v2/starv2_core_100k_SafetyCarButton1_v0_selected_star_v2_star_v2_s12/checkpoint/final.torch,32,0.05,raw,26.5745007472704,196.0,1000,0.196,0.0,nan,0.0,0.0,0.779,0.779,5.183856621384621
starv2_core_100k_SafetyCarButton1_v0_selected_star_v2_star_v2_s12,SafetyCarButton1-v0,12,800009,results/star_v2_final/resume_300k/SafetyCarButton1-v0/star_v2/starv2_core_100k_SafetyCarButton1_v0_selected_star_v2_star_v2_s12/checkpoint/final.torch,32,0.05,star_exec,33.34520436426715,105.0,1000,0.105,0.0,-0.2547819686769544,0.951,0.03325,0.841,0.841,8.592338617891073
starv2_core_100k_SafetyCarButton1_v0_selected_star_v2_star_v2_s12,SafetyCarButton1-v0,12,800010,results/star_v2_final/resume_300k/SafetyCarButton1-v0/star_v2/starv2_core_100k_SafetyCarButton1_v0_selected_star_v2_star_v2_s12/checkpoint/final.torch,32,0.05,raw,22.01498791475212,281.0,1000,0.281,0.0,nan,0.0,0.0,0.689,0.689,5.155841685831547
starv2_core_100k_SafetyCarButton1_v0_selected_star_v2_star_v2_s12,SafetyCarButton1-v0,12,800010,results/star_v2_final/resume_300k/SafetyCarButton1-v0/star_v2/starv2_core_100k_SafetyCarButton1_v0_selected_star_v2_star_v2_s12/checkpoint/final.torch,32,0.05,star_exec,3.0088304817129754,291.0,1000,0.291,0.0,0.8633280884203086,1.0,0.0,0.709,0.709,8.438325878232718
starv2_core_100k_SafetyCarButton1_v0_selected_star_v2_star_v2_s12,SafetyCarButton1-v0,12,800011,results/star_v2_final/resume_300k/SafetyCarButton1-v0/star_v2/starv2_core_100k_SafetyCarButton1_v0_selected_star_v2_star_v2_s12/checkpoint/final.torch,32,0.05,raw,17.400243556048665,125.0,1000,0.125,0.0,nan,0.0,0.0,0.84,0.84,5.138577722012997
starv2_core_100k_SafetyCarButton1_v0_selected_star_v2_star_v2_s12,SafetyCarButton1-v0,12,800011,results/star_v2_final/resume_300k/SafetyCarButton1-v0/star_v2/starv2_core_100k_SafetyCarButton1_v0_selected_star_v2_star_v2_s12/checkpoint/final.torch,32,0.05,star_exec,24.25622343146127,56.0,1000,0.056,0.0,-0.3940163166870921,0.955,0.03828125,0.896,0.896,8.427908942103386
starv2_core_100k_SafetyCarButton1_v0_selected_star_v2_star_v2_s12,SafetyCarButton1-v0,12,800012,results/star_v2_final/resume_300k/SafetyCarButton1-v0/star_v2/starv2_core_100k_SafetyCarButton1_v0_selected_star_v2_star_v2_s12/checkpoint/final.torch,32,0.05,raw,32.2555325496624,290.0,1000,0.29,0.0,nan,0.0,0.0,0.659,0.659,5.175968524068594
starv2_core_100k_SafetyCarButton1_v0_selected_star_v2_star_v2_s12,SafetyCarButton1-v0,12,800012,results/star_v2_final/resume_300k/SafetyCarButton1-v0/star_v2/starv2_core_100k_SafetyCarButton1_v0_selected_star_v2_star_v2_s12/checkpoint/final.torch,32,0.05,star_exec,32.74646966246121,313.0,1000,0.313,0.0,-0.01522024514842336,0.943,0.04065625,0.631,0.631,8.425063762813807
starv2_core_100k_SafetyCarButton1_v0_selected_star_v2_star_v2_s12,SafetyCarButton1-v0,12,800013,results/star_v2_final/resume_300k/SafetyCarButton1-v0/star_v2/starv2_core_100k_SafetyCarButton1_v0_selected_star_v2_star_v2_s12/checkpoint/final.torch,32,0.05,raw,14.836389980293378,383.0,1000,0.383,0.0,nan,0.0,0.0,0.589,0.589,5.226346828043461
starv2_core_100k_SafetyCarButton1_v0_selected_star_v2_star_v2_s12,SafetyCarButton1-v0,12,800013,results/star_v2_final/resume_300k/SafetyCarButton1-v0/star_v2/starv2_core_100k_SafetyCarButton1_v0_selected_star_v2_star_v2_s12/checkpoint/final.torch,32,0.05,star_exec,7.8031474986184595,538.0,1000,0.538,0.0,0.47405349219162557,0.976,0.0165,0.446,0.446,8.525289084762335
starv2_core_100k_SafetyCarButton1_v0_selected_star_v2_star_v2_s12,SafetyCarButton1-v0,12,800014,results/star_v2_final/resume_300k/SafetyCarButton1-v0/star_v2/starv2_core_100k_SafetyCarButton1_v0_selected_star_v2_star_v2_s12/checkpoint/final.torch,32,0.05,raw,12.675774200158237,241.0,1000,0.241,0.0,nan,0.0,0.0,0.748,0.748,5.154596287757158
starv2_core_100k_SafetyCarButton1_v0_selected_star_v2_star_v2_s12,SafetyCarButton1-v0,12,800014,results/star_v2_final/resume_300k/SafetyCarButton1-v0/star_v2/starv2_core_100k_SafetyCarButton1_v0_selected_star_v2_star_v2_s12/checkpoint/final.torch,32,0.05,star_exec,3.986345190033527,246.0,1000,0.246,0.0,0.6855146575596335,0.994,0.0009375,0.754,0.754,7.491122987121344
starv2_core_100k_SafetyCarButton1_v0_selected_star_v2_star_v2_s12,SafetyCarButton1-v0,12,800015,results/star_v2_final/resume_300k/SafetyCarButton1-v0/star_v2/starv2_core_100k_SafetyCarButton1_v0_selected_star_v2_star_v2_s12/checkpoint/final.torch,32,0.05,raw,17.849616826148374,355.0,1000,0.355,0.0,nan,0.0,0.0,0.595,0.595,5.054646383970976
starv2_core_100k_SafetyCarButton1_v0_selected_star_v2_star_v2_s12,SafetyCarButton1-v0,12,800015,results/star_v2_final/resume_300k/SafetyCarButton1-v0/star_v2/starv2_core_100k_SafetyCarButton1_v0_selected_star_v2_star_v2_s12/checkpoint/final.torch,32,0.05,star_exec,7.910033891625664,307.0,1000,0.307,0.0,0.5568513336354622,0.918,0.059,0.641,0.641,5.450041551142931
starv2_core_100k_SafetyCarButton1_v0_selected_star_v2_star_v2_s12,SafetyCarButton1-v0,12,800016,results/star_v2_final/resume_300k/SafetyCarButton1-v0/star_v2/starv2_core_100k_SafetyCarButton1_v0_selected_star_v2_star_v2_s12/checkpoint/final.torch,32,0.05,raw,3.04689973565397,591.0,1000,0.591,0.0,nan,0.0,0.0,0.399,0.399,4.758967079222202
starv2_core_100k_SafetyCarButton1_v0_selected_star_v2_star_v2_s12,SafetyCarButton1-v0,12,800016,results/star_v2_final/resume_300k/SafetyCarButton1-v0/star_v2/starv2_core_100k_SafetyCarButton1_v0_selected_star_v2_star_v2_s12/checkpoint/final.torch,32,0.05,star_exec,13.549869342568304,292.0,1000,0.292,0.0,-3.4471005015398166,0.958,0.0301875,0.675,0.675,5.132904287427664
starv2_core_100k_SafetyCarButton1_v0_selected_star_v2_star_v2_s12,SafetyCarButton1-v0,12,800017,results/star_v2_final/resume_300k/SafetyCarButton1-v0/star_v2/starv2_core_100k_SafetyCarButton1_v0_selected_star_v2_star_v2_s12/checkpoint/final.torch,32,0.05,raw,12.668821888933994,246.0,1000,0.246,0.0,nan,0.0,0.0,0.572,0.572,4.5276077054440975
starv2_core_100k_SafetyCarButton1_v0_selected_star_v2_star_v2_s12,SafetyCarButton1-v0,12,800017,results/star_v2_final/resume_300k/SafetyCarButton1-v0/star_v2/starv2_core_100k_SafetyCarButton1_v0_selected_star_v2_star_v2_s12/checkpoint/final.torch,32,0.05,star_exec,8.34627251391407,147.0,1000,0.147,0.0,0.34119584385313684,0.858,0.10653125,0.731,0.731,5.419564865529537
starv2_core_100k_SafetyCarButton1_v0_selected_star_v2_star_v2_s12,SafetyCarButton1-v0,12,800018,results/star_v2_final/resume_300k/SafetyCarButton1-v0/star_v2/starv2_core_100k_SafetyCarButton1_v0_selected_star_v2_star_v2_s12/checkpoint/final.torch,32,0.05,raw,12.500140480749835,407.0,1000,0.407,0.0,nan,0.0,0.0,0.544,0.544,5.686578493565321
starv2_core_100k_SafetyCarButton1_v0_selected_star_v2_star_v2_s12,SafetyCarButton1-v0,12,800018,results/star_v2_final/resume_300k/SafetyCarButton1-v0/star_v2/starv2_core_100k_SafetyCarButton1_v0_selected_star_v2_star_v2_s12/checkpoint/final.torch,32,0.05,star_exec,11.139331541318587,214.0,1000,0.214,0.0,0.10886349169650439,0.994,0.00253125,0.782,0.782,4.854048155248165
starv2_core_100k_SafetyCarButton1_v0_selected_star_v2_star_v2_s12,SafetyCarButton1-v0,12,800019,results/star_v2_final/resume_300k/SafetyCarButton1-v0/star_v2/starv2_core_100k_SafetyCarButton1_v0_selected_star_v2_star_v2_s12/checkpoint/final.torch,32,0.05,raw,24.850213633578804,252.0,1000,0.252,0.0,nan,0.0,0.0,0.739,0.739,4.469622146338224
starv2_core_100k_SafetyCarButton1_v0_selected_star_v2_star_v2_s12,SafetyCarButton1-v0,12,800019,results/star_v2_final/resume_300k/SafetyCarButton1-v0/star_v2/starv2_core_100k_SafetyCarButton1_v0_selected_star_v2_star_v2_s12/checkpoint/final.torch,32,0.05,star_exec,11.660641971541136,424.0,1000,0.424,0.0,0.5307629083806058,1.0,0.0,0.576,0.576,3.0129248164594173
starv2_resume_300k_SafetyCarButton1_v0_selected_star_v2_star_v2_s13,SafetyCarButton1-v0,13,800000,results/star_v2_final/resume_300k/SafetyCarButton1-v0/star_v2/starv2_resume_300k_SafetyCarButton1_v0_selected_star_v2_star_v2_s13/checkpoint/final.torch,32,0.05,raw,19.264409176134208,232.0,1000,0.232,0.0,nan,0.0,0.0,0.701,0.701,5.2352981977164745
starv2_resume_300k_SafetyCarButton1_v0_selected_star_v2_star_v2_s13,SafetyCarButton1-v0,13,800000,results/star_v2_final/resume_300k/SafetyCarButton1-v0/star_v2/starv2_resume_300k_SafetyCarButton1_v0_selected_star_v2_star_v2_s13/checkpoint/final.torch,32,0.05,star_exec,22.881284316144455,222.0,1000,0.222,0.0,-0.1877490820995968,0.946,0.039875,0.729,0.729,8.150060009211302
starv2_resume_300k_SafetyCarButton1_v0_selected_star_v2_star_v2_s13,SafetyCarButton1-v0,13,800001,results/star_v2_final/resume_300k/SafetyCarButton1-v0/star_v2/starv2_resume_300k_SafetyCarButton1_v0_selected_star_v2_star_v2_s13/checkpoint/final.torch,32,0.05,raw,35.0311482093248,227.0,1000,0.227,0.0,nan,0.0,0.0,0.666,0.666,5.179115314036608
starv2_resume_300k_SafetyCarButton1_v0_selected_star_v2_star_v2_s13,SafetyCarButton1-v0,13,800001,results/star_v2_final/resume_300k/SafetyCarButton1-v0/star_v2/starv2_resume_300k_SafetyCarButton1_v0_selected_star_v2_star_v2_s13/checkpoint/final.torch,32,0.05,star_exec,19.34542949092716,226.0,1000,0.226,0.0,0.4477649040981854,0.978,0.01053125,0.741,0.741,8.487531322985888
starv2_resume_300k_SafetyCarButton1_v0_selected_star_v2_star_v2_s13,SafetyCarButton1-v0,13,800002,results/star_v2_final/resume_300k/SafetyCarButton1-v0/star_v2/starv2_resume_300k_SafetyCarButton1_v0_selected_star_v2_star_v2_s13/checkpoint/final.torch,32,0.05,raw,8.09306281743936,374.0,1000,0.374,0.0,nan,0.0,0.0,0.591,0.591,5.03856148943305
starv2_resume_300k_SafetyCarButton1_v0_selected_star_v2_star_v2_s13,SafetyCarButton1-v0,13,800002,results/star_v2_final/resume_300k/SafetyCarButton1-v0/star_v2/starv2_resume_300k_SafetyCarButton1_v0_selected_star_v2_star_v2_s13/checkpoint/final.torch,32,0.05,star_exec,10.48251379101097,367.0,1000,0.367,0.0,-0.2952468092083375,0.991,0.00615625,0.617,0.617,8.542034324258566
starv2_resume_300k_SafetyCarButton1_v0_selected_star_v2_star_v2_s13,SafetyCarButton1-v0,13,800003,results/star_v2_final/resume_300k/SafetyCarButton1-v0/star_v2/starv2_resume_300k_SafetyCarButton1_v0_selected_star_v2_star_v2_s13/checkpoint/final.torch,32,0.05,raw,12.807550911939536,354.0,1000,0.354,0.0,nan,0.0,0.0,0.604,0.604,5.16293141618371
starv2_resume_300k_SafetyCarButton1_v0_selected_star_v2_star_v2_s13,SafetyCarButton1-v0,13,800003,results/star_v2_final/resume_300k/SafetyCarButton1-v0/star_v2/starv2_resume_300k_SafetyCarButton1_v0_selected_star_v2_star_v2_s13/checkpoint/final.torch,32,0.05,star_exec,9.474772619781739,317.0,1000,0.317,0.0,0.26021979651479615,0.99,0.00703125,0.672,0.672,8.562154948711395
starv2_resume_300k_SafetyCarButton1_v0_selected_star_v2_star_v2_s13,SafetyCarButton1-v0,13,800004,results/star_v2_final/resume_300k/SafetyCarButton1-v0/star_v2/starv2_resume_300k_SafetyCarButton1_v0_selected_star_v2_star_v2_s13/checkpoint/final.torch,32,0.05,raw,14.19473569939548,375.0,1000,0.375,0.0,nan,0.0,0.0,0.596,0.596,5.03811102733016
starv2_resume_300k_SafetyCarButton1_v0_selected_star_v2_star_v2_s13,SafetyCarButton1-v0,13,800004,results/star_v2_final/resume_300k/SafetyCarButton1-v0/star_v2/starv2_resume_300k_SafetyCarButton1_v0_selected_star_v2_star_v2_s13/checkpoint/final.torch,32,0.05,star_exec,5.304839306507596,429.0,1000,0.429,0.0,0.626281220105175,0.99,0.00478125,0.564,0.564,8.506971713155508
starv2_resume_300k_SafetyCarButton1_v0_selected_star_v2_star_v2_s13,SafetyCarButton1-v0,13,800005,results/star_v2_final/resume_300k/SafetyCarButton1-v0/star_v2/starv2_resume_300k_SafetyCarButton1_v0_selected_star_v2_star_v2_s13/checkpoint/final.torch,32,0.05,raw,10.76386438017715,207.0,1000,0.207,0.0,nan,0.0,0.0,0.761,0.761,5.03722682967782
starv2_resume_300k_SafetyCarButton1_v0_selected_star_v2_star_v2_s13,SafetyCarButton1-v0,13,800005,results/star_v2_final/resume_300k/SafetyCarButton1-v0/star_v2/starv2_resume_300k_SafetyCarButton1_v0_selected_star_v2_star_v2_s13/checkpoint/final.torch,32,0.05,star_exec,23.471356782936503,112.0,1000,0.112,0.0,-1.180569724211837,0.93,0.04490625,0.828,0.828,8.294651377946138
starv2_resume_300k_SafetyCarButton1_v0_selected_star_v2_star_v2_s13,SafetyCarButton1-v0,13,800006,results/star_v2_final/resume_300k/SafetyCarButton1-v0/star_v2/starv2_resume_300k_SafetyCarButton1_v0_selected_star_v2_star_v2_s13/checkpoint/final.torch,32,0.05,raw,34.70736715100572,111.0,1000,0.111,0.0,nan,0.0,0.0,0.725,0.725,5.081413928419352
starv2_resume_300k_SafetyCarButton1_v0_selected_star_v2_star_v2_s13,SafetyCarButton1-v0,13,800006,results/star_v2_final/resume_300k/SafetyCarButton1-v0/star_v2/starv2_resume_300k_SafetyCarButton1_v0_selected_star_v2_star_v2_s13/checkpoint/final.torch,32,0.05,star_exec,7.200249692594308,229.0,1000,0.229,0.0,0.7925440537950552,0.966,0.0148125,0.751,0.751,8.50432001054287
starv2_resume_300k_SafetyCarButton1_v0_selected_star_v2_star_v2_s13,SafetyCarButton1-v0,13,800007,results/star_v2_final/resume_300k/SafetyCarButton1-v0/star_v2/starv2_resume_300k_SafetyCarButton1_v0_selected_star_v2_star_v2_s13/checkpoint/final.torch,32,0.05,raw,25.366571591704172,201.0,1000,0.201,0.0,nan,0.0,0.0,0.738,0.738,5.045083247125149
starv2_resume_300k_SafetyCarButton1_v0_selected_star_v2_star_v2_s13,SafetyCarButton1-v0,13,800007,results/star_v2_final/resume_300k/SafetyCarButton1-v0/star_v2/starv2_resume_300k_SafetyCarButton1_v0_selected_star_v2_star_v2_s13/checkpoint/final.torch,32,0.05,star_exec,17.751346603211953,246.0,1000,0.246,0.0,0.30020710370583487,0.951,0.0418125,0.714,0.714,8.487761672586203
starv2_resume_300k_SafetyCarButton1_v0_selected_star_v2_star_v2_s13,SafetyCarButton1-v0,13,800008,results/star_v2_final/resume_300k/SafetyCarButton1-v0/star_v2/starv2_resume_300k_SafetyCarButton1_v0_selected_star_v2_star_v2_s13/checkpoint/final.torch,32,0.05,raw,19.536368502651605,426.0,1000,0.426,0.0,nan,0.0,0.0,0.527,0.527,5.066848114132881
starv2_resume_300k_SafetyCarButton1_v0_selected_star_v2_star_v2_s13,SafetyCarButton1-v0,13,800008,results/star_v2_final/resume_300k/SafetyCarButton1-v0/star_v2/starv2_resume_300k_SafetyCarButton1_v0_selected_star_v2_star_v2_s13/checkpoint/final.torch,32,0.05,star_exec,16.97028920832454,314.0,1000,0.314,0.0,0.13134883762961264,0.918,0.06934375,0.62,0.62,8.475589983165264
starv2_resume_300k_SafetyCarButton1_v0_selected_star_v2_star_v2_s13,SafetyCarButton1-v0,13,800009,results/star_v2_final/resume_300k/SafetyCarButton1-v0/star_v2/starv2_resume_300k_SafetyCarButton1_v0_selected_star_v2_star_v2_s13/checkpoint/final.torch,32,0.05,raw,28.481667918146133,108.0,1000,0.108,0.0,nan,0.0,0.0,0.805,0.805,4.988596986979246
starv2_resume_300k_SafetyCarButton1_v0_selected_star_v2_star_v2_s13,SafetyCarButton1-v0,13,800009,results/star_v2_final/resume_300k/SafetyCarButton1-v0/star_v2/starv2_resume_300k_SafetyCarButton1_v0_selected_star_v2_star_v2_s13/checkpoint/final.torch,32,0.05,star_exec,30.715065905062257,60.0,1000,0.06,0.0,-0.07841528078112273,0.927,0.05603125,0.885,0.885,8.52565598860383
starv2_resume_300k_SafetyCarButton1_v0_selected_star_v2_star_v2_s13,SafetyCarButton1-v0,13,800010,results/star_v2_final/resume_300k/SafetyCarButton1-v0/star_v2/starv2_resume_300k_SafetyCarButton1_v0_selected_star_v2_star_v2_s13/checkpoint/final.torch,32,0.05,raw,19.106159235298147,321.0,1000,0.321,0.0,nan,0.0,0.0,0.637,0.637,5.049501292407513
starv2_resume_300k_SafetyCarButton1_v0_selected_star_v2_star_v2_s13,SafetyCarButton1-v0,13,800010,results/star_v2_final/resume_300k/SafetyCarButton1-v0/star_v2/starv2_resume_300k_SafetyCarButton1_v0_selected_star_v2_star_v2_s13/checkpoint/final.torch,32,0.05,star_exec,24.211011831915226,275.0,1000,0.275,0.0,-0.26718360994217993,0.954,0.02909375,0.69,0.69,8.594799127429724
starv2_resume_300k_SafetyCarButton1_v0_selected_star_v2_star_v2_s13,SafetyCarButton1-v0,13,800011,results/star_v2_final/resume_300k/SafetyCarButton1-v0/star_v2/starv2_resume_300k_SafetyCarButton1_v0_selected_star_v2_star_v2_s13/checkpoint/final.torch,32,0.05,raw,14.841718887957317,210.0,1000,0.21,0.0,nan,0.0,0.0,0.735,0.735,4.9103597067296505
starv2_resume_300k_SafetyCarButton1_v0_selected_star_v2_star_v2_s13,SafetyCarButton1-v0,13,800011,results/star_v2_final/resume_300k/SafetyCarButton1-v0/star_v2/starv2_resume_300k_SafetyCarButton1_v0_selected_star_v2_star_v2_s13/checkpoint/final.torch,32,0.05,star_exec,15.575099149618515,288.0,1000,0.288,0.0,-0.049413431638047546,0.962,0.0281875,0.667,0.667,8.52934430167079
starv2_resume_300k_SafetyCarButton1_v0_selected_star_v2_star_v2_s13,SafetyCarButton1-v0,13,800012,results/star_v2_final/resume_300k/SafetyCarButton1-v0/star_v2/starv2_resume_300k_SafetyCarButton1_v0_selected_star_v2_star_v2_s13/checkpoint/final.torch,32,0.05,raw,32.01881942258865,367.0,1000,0.367,0.0,nan,0.0,0.0,0.555,0.555,5.013097561895847
starv2_resume_300k_SafetyCarButton1_v0_selected_star_v2_star_v2_s13,SafetyCarButton1-v0,13,800012,results/star_v2_final/resume_300k/SafetyCarButton1-v0/star_v2/starv2_resume_300k_SafetyCarButton1_v0_selected_star_v2_star_v2_s13/checkpoint/final.torch,32,0.05,star_exec,15.288802049363987,146.0,1000,0.146,0.0,0.5225057536450567,0.957,0.02771875,0.824,0.824,8.442639574408531
starv2_resume_300k_SafetyCarButton1_v0_selected_star_v2_star_v2_s13,SafetyCarButton1-v0,13,800013,results/star_v2_final/resume_300k/SafetyCarButton1-v0/star_v2/starv2_resume_300k_SafetyCarButton1_v0_selected_star_v2_star_v2_s13/checkpoint/final.torch,32,0.05,raw,19.326443936368793,457.0,1000,0.457,0.0,nan,0.0,0.0,0.511,0.511,4.950975760817528
starv2_resume_300k_SafetyCarButton1_v0_selected_star_v2_star_v2_s13,SafetyCarButton1-v0,13,800013,results/star_v2_final/resume_300k/SafetyCarButton1-v0/star_v2/starv2_resume_300k_SafetyCarButton1_v0_selected_star_v2_star_v2_s13/checkpoint/final.torch,32,0.05,star_exec,14.681225554919349,200.0,1000,0.2,0.0,0.24035556653585932,0.975,0.01328125,0.777,0.777,8.42626167833805
starv2_resume_300k_SafetyCarButton1_v0_selected_star_v2_star_v2_s13,SafetyCarButton1-v0,13,800014,results/star_v2_final/resume_300k/SafetyCarButton1-v0/star_v2/starv2_resume_300k_SafetyCarButton1_v0_selected_star_v2_star_v2_s13/checkpoint/final.torch,32,0.05,raw,10.768333981202087,47.0,1000,0.047,0.0,nan,0.0,0.0,0.924,0.924,4.991236910223961
starv2_resume_300k_SafetyCarButton1_v0_selected_star_v2_star_v2_s13,SafetyCarButton1-v0,13,800014,results/star_v2_final/resume_300k/SafetyCarButton1-v0/star_v2/starv2_resume_300k_SafetyCarButton1_v0_selected_star_v2_star_v2_s13/checkpoint/final.torch,32,0.05,star_exec,20.83151294905312,52.0,1000,0.052,0.0,-0.934515867117233,0.982,0.00834375,0.932,0.932,8.38413167372346
starv2_resume_300k_SafetyCarButton1_v0_selected_star_v2_star_v2_s13,SafetyCarButton1-v0,13,800015,results/star_v2_final/resume_300k/SafetyCarButton1-v0/star_v2/starv2_resume_300k_SafetyCarButton1_v0_selected_star_v2_star_v2_s13/checkpoint/final.torch,32,0.05,raw,24.752704213885814,495.0,1000,0.495,0.0,nan,0.0,0.0,0.445,0.445,4.9817745834589005
starv2_resume_300k_SafetyCarButton1_v0_selected_star_v2_star_v2_s13,SafetyCarButton1-v0,13,800015,results/star_v2_final/resume_300k/SafetyCarButton1-v0/star_v2/starv2_resume_300k_SafetyCarButton1_v0_selected_star_v2_star_v2_s13/checkpoint/final.torch,32,0.05,star_exec,27.417128681887014,315.0,1000,0.315,0.0,-0.10764175279509491,0.961,0.03203125,0.64,0.64,5.385856930166483
starv2_resume_300k_SafetyCarButton1_v0_selected_star_v2_star_v2_s13,SafetyCarButton1-v0,13,800016,results/star_v2_final/resume_300k/SafetyCarButton1-v0/star_v2/starv2_resume_300k_SafetyCarButton1_v0_selected_star_v2_star_v2_s13/checkpoint/final.torch,32,0.05,raw,26.307065282277836,225.0,1000,0.225,0.0,nan,0.0,0.0,0.716,0.716,4.99560584872961
starv2_resume_300k_SafetyCarButton1_v0_selected_star_v2_star_v2_s13,SafetyCarButton1-v0,13,800016,results/star_v2_final/resume_300k/SafetyCarButton1-v0/star_v2/starv2_resume_300k_SafetyCarButton1_v0_selected_star_v2_star_v2_s13/checkpoint/final.torch,32,0.05,star_exec,26.30090664500081,97.0,1000,0.097,0.0,0.000234105827120667,0.983,0.00859375,0.887,0.887,3.685704115778208
starv2_resume_300k_SafetyCarButton1_v0_selected_star_v2_star_v2_s13,SafetyCarButton1-v0,13,800017,results/star_v2_final/resume_300k/SafetyCarButton1-v0/star_v2/starv2_resume_300k_SafetyCarButton1_v0_selected_star_v2_star_v2_s13/checkpoint/final.torch,32,0.05,raw,13.896396951365352,316.0,1000,0.316,0.0,nan,0.0,0.0,0.522,0.522,4.1719664223492146
starv2_resume_300k_SafetyCarButton1_v0_selected_star_v2_star_v2_s13,SafetyCarButton1-v0,13,800017,results/star_v2_final/resume_300k/SafetyCarButton1-v0/star_v2/starv2_resume_300k_SafetyCarButton1_v0_selected_star_v2_star_v2_s13/checkpoint/final.torch,32,0.05,star_exec,14.238370652127813,117.0,1000,0.117,0.0,-0.02460880341568403,0.864,0.11225,0.763,0.763,3.510668147355318
starv2_resume_300k_SafetyCarButton1_v0_selected_star_v2_star_v2_s13,SafetyCarButton1-v0,13,800018,results/star_v2_final/resume_300k/SafetyCarButton1-v0/star_v2/starv2_resume_300k_SafetyCarButton1_v0_selected_star_v2_star_v2_s13/checkpoint/final.torch,32,0.05,raw,3.2223298611811115,461.0,1000,0.461,0.0,nan,0.0,0.0,0.515,0.515,4.933842994272709
starv2_resume_300k_SafetyCarButton1_v0_selected_star_v2_star_v2_s13,SafetyCarButton1-v0,13,800018,results/star_v2_final/resume_300k/SafetyCarButton1-v0/star_v2/starv2_resume_300k_SafetyCarButton1_v0_selected_star_v2_star_v2_s13/checkpoint/final.torch,32,0.05,star_exec,32.934147262991615,250.0,1000,0.25,0.0,-9.220600832876851,0.884,0.08725,0.652,0.652,3.343206223100424
starv2_resume_300k_SafetyCarButton1_v0_selected_star_v2_star_v2_s13,SafetyCarButton1-v0,13,800019,results/star_v2_final/resume_300k/SafetyCarButton1-v0/star_v2/starv2_resume_300k_SafetyCarButton1_v0_selected_star_v2_star_v2_s13/checkpoint/final.torch,32,0.05,raw,3.214401255162607,753.0,1000,0.753,0.0,nan,0.0,0.0,0.233,0.233,5.146323502063751
starv2_resume_300k_SafetyCarButton1_v0_selected_star_v2_star_v2_s13,SafetyCarButton1-v0,13,800019,results/star_v2_final/resume_300k/SafetyCarButton1-v0/star_v2/starv2_resume_300k_SafetyCarButton1_v0_selected_star_v2_star_v2_s13/checkpoint/final.torch,32,0.05,star_exec,4.2018067089927875,501.0,1000,0.501,0.0,-0.3071817658869818,0.975,0.0154375,0.485,0.485,2.916676625609398
starv2_resume_300k_SafetyCarButton1_v0_selected_star_v2_star_v2_s14,SafetyCarButton1-v0,14,800000,results/star_v2_final/resume_300k/SafetyCarButton1-v0/star_v2/starv2_resume_300k_SafetyCarButton1_v0_selected_star_v2_star_v2_s14/checkpoint/final.torch,32,0.05,raw,12.552167365197164,432.0,1000,0.432,0.0,nan,0.0,0.0,0.544,0.544,2.469108134508133
starv2_resume_300k_SafetyCarButton1_v0_selected_star_v2_star_v2_s14,SafetyCarButton1-v0,14,800000,results/star_v2_final/resume_300k/SafetyCarButton1-v0/star_v2/starv2_resume_300k_SafetyCarButton1_v0_selected_star_v2_star_v2_s14/checkpoint/final.torch,32,0.05,star_exec,21.07912932987038,419.0,1000,0.419,0.0,-0.6793218825551629,0.985,0.0081875,0.559,0.559,7.213516190648079
starv2_resume_300k_SafetyCarButton1_v0_selected_star_v2_star_v2_s14,SafetyCarButton1-v0,14,800001,results/star_v2_final/resume_300k/SafetyCarButton1-v0/star_v2/starv2_resume_300k_SafetyCarButton1_v0_selected_star_v2_star_v2_s14/checkpoint/final.torch,32,0.05,raw,20.042951872540865,319.0,1000,0.319,0.0,nan,0.0,0.0,0.671,0.671,5.008564982563257
starv2_resume_300k_SafetyCarButton1_v0_selected_star_v2_star_v2_s14,SafetyCarButton1-v0,14,800001,results/star_v2_final/resume_300k/SafetyCarButton1-v0/star_v2/starv2_resume_300k_SafetyCarButton1_v0_selected_star_v2_star_v2_s14/checkpoint/final.torch,32,0.05,star_exec,9.653877898340564,293.0,1000,0.293,0.0,0.5183405139256699,0.974,0.01696875,0.668,0.668,8.503484349697828
starv2_resume_300k_SafetyCarButton1_v0_selected_star_v2_star_v2_s14,SafetyCarButton1-v0,14,800002,results/star_v2_final/resume_300k/SafetyCarButton1-v0/star_v2/starv2_resume_300k_SafetyCarButton1_v0_selected_star_v2_star_v2_s14/checkpoint/final.torch,32,0.05,raw,12.797703108752955,227.0,1000,0.227,0.0,nan,0.0,0.0,0.735,0.735,4.916316002607346
starv2_resume_300k_SafetyCarButton1_v0_selected_star_v2_star_v2_s14,SafetyCarButton1-v0,14,800002,results/star_v2_final/resume_300k/SafetyCarButton1-v0/star_v2/starv2_resume_300k_SafetyCarButton1_v0_selected_star_v2_star_v2_s14/checkpoint/final.torch,32,0.05,star_exec,17.85459264678291,124.0,1000,0.124,0.0,-0.39514040098111874,0.966,0.01975,0.842,0.842,8.501356676220894
starv2_resume_300k_SafetyCarButton1_v0_selected_star_v2_star_v2_s14,SafetyCarButton1-v0,14,800003,results/star_v2_final/resume_300k/SafetyCarButton1-v0/star_v2/starv2_resume_300k_SafetyCarButton1_v0_selected_star_v2_star_v2_s14/checkpoint/final.torch,32,0.05,raw,21.278513743573566,169.0,1000,0.169,0.0,nan,0.0,0.0,0.819,0.819,4.9465592838823795
starv2_resume_300k_SafetyCarButton1_v0_selected_star_v2_star_v2_s14,SafetyCarButton1-v0,14,800003,results/star_v2_final/resume_300k/SafetyCarButton1-v0/star_v2/starv2_resume_300k_SafetyCarButton1_v0_selected_star_v2_star_v2_s14/checkpoint/final.torch,32,0.05,star_exec,12.630009772483175,224.0,1000,0.224,0.0,0.4064430474474454,0.972,0.02096875,0.758,0.758,8.39382827654481
starv2_resume_300k_SafetyCarButton1_v0_selected_star_v2_star_v2_s14,SafetyCarButton1-v0,14,800004,results/star_v2_final/resume_300k/SafetyCarButton1-v0/star_v2/starv2_resume_300k_SafetyCarButton1_v0_selected_star_v2_star_v2_s14/checkpoint/final.torch,32,0.05,raw,7.535079798320692,504.0,1000,0.504,0.0,nan,0.0,0.0,0.479,0.479,5.033428981900215
starv2_resume_300k_SafetyCarButton1_v0_selected_star_v2_star_v2_s14,SafetyCarButton1-v0,14,800004,results/star_v2_final/resume_300k/SafetyCarButton1-v0/star_v2/starv2_resume_300k_SafetyCarButton1_v0_selected_star_v2_star_v2_s14/checkpoint/final.torch,32,0.05,star_exec,8.96669528472525,360.0,1000,0.36,0.0,-0.18999340746512264,0.997,0.00115625,0.635,0.635,8.470105458050966
starv2_resume_300k_SafetyCarButton1_v0_selected_star_v2_star_v2_s14,SafetyCarButton1-v0,14,800005,results/star_v2_final/resume_300k/SafetyCarButton1-v0/star_v2/starv2_resume_300k_SafetyCarButton1_v0_selected_star_v2_star_v2_s14/checkpoint/final.torch,32,0.05,raw,24.65096581342764,60.0,1000,0.06,0.0,nan,0.0,0.0,0.924,0.924,4.937077045440674
starv2_resume_300k_SafetyCarButton1_v0_selected_star_v2_star_v2_s14,SafetyCarButton1-v0,14,800005,results/star_v2_final/resume_300k/SafetyCarButton1-v0/star_v2/starv2_resume_300k_SafetyCarButton1_v0_selected_star_v2_star_v2_s14/checkpoint/final.torch,32,0.05,star_exec,23.63150385620536,154.0,1000,0.154,0.0,0.041355862684575556,0.991,0.00359375,0.843,0.843,8.452530018985271
starv2_resume_300k_SafetyCarButton1_v0_selected_star_v2_star_v2_s14,SafetyCarButton1-v0,14,800006,results/star_v2_final/resume_300k/SafetyCarButton1-v0/star_v2/starv2_resume_300k_SafetyCarButton1_v0_selected_star_v2_star_v2_s14/checkpoint/final.torch,32,0.05,raw,18.607308777063146,295.0,1000,0.295,0.0,nan,0.0,0.0,0.671,0.671,4.879045203328133
starv2_resume_300k_SafetyCarButton1_v0_selected_star_v2_star_v2_s14,SafetyCarButton1-v0,14,800006,results/star_v2_final/resume_300k/SafetyCarButton1-v0/star_v2/starv2_resume_300k_SafetyCarButton1_v0_selected_star_v2_star_v2_s14/checkpoint/final.torch,32,0.05,star_exec,12.393605107304587,110.0,1000,0.11,0.0,0.3339388701614962,0.965,0.025,0.853,0.853,8.470381021499634
starv2_resume_300k_SafetyCarButton1_v0_selected_star_v2_star_v2_s14,SafetyCarButton1-v0,14,800007,results/star_v2_final/resume_300k/SafetyCarButton1-v0/star_v2/starv2_resume_300k_SafetyCarButton1_v0_selected_star_v2_star_v2_s14/checkpoint/final.torch,32,0.05,raw,6.7387926490348615,543.0,1000,0.543,0.0,nan,0.0,0.0,0.435,0.435,5.009055625647306
starv2_resume_300k_SafetyCarButton1_v0_selected_star_v2_star_v2_s14,SafetyCarButton1-v0,14,800007,results/star_v2_final/resume_300k/SafetyCarButton1-v0/star_v2/starv2_resume_300k_SafetyCarButton1_v0_selected_star_v2_star_v2_s14/checkpoint/final.torch,32,0.05,star_exec,9.70994017622315,239.0,1000,0.239,0.0,-0.4409020550014726,0.992,0.0028125,0.754,0.754,8.612345460802317
starv2_resume_300k_SafetyCarButton1_v0_selected_star_v2_star_v2_s14,SafetyCarButton1-v0,14,800008,results/star_v2_final/resume_300k/SafetyCarButton1-v0/star_v2/starv2_resume_300k_SafetyCarButton1_v0_selected_star_v2_star_v2_s14/checkpoint/final.torch,32,0.05,raw,25.534861382999775,171.0,1000,0.171,0.0,nan,0.0,0.0,0.693,0.693,5.020192302763462
starv2_resume_300k_SafetyCarButton1_v0_selected_star_v2_star_v2_s14,SafetyCarButton1-v0,14,800008,results/star_v2_final/resume_300k/SafetyCarButton1-v0/star_v2/starv2_resume_300k_SafetyCarButton1_v0_selected_star_v2_star_v2_s14/checkpoint/final.torch,32,0.05,star_exec,19.324570553751798,207.0,1000,0.207,0.0,0.2432083235581053,0.908,0.06490625,0.708,0.708,8.564276583492756
starv2_resume_300k_SafetyCarButton1_v0_selected_star_v2_star_v2_s14,SafetyCarButton1-v0,14,800009,results/star_v2_final/resume_300k/SafetyCarButton1-v0/star_v2/starv2_resume_300k_SafetyCarButton1_v0_selected_star_v2_star_v2_s14/checkpoint/final.torch,32,0.05,raw,32.810141464052585,169.0,1000,0.169,0.0,nan,0.0,0.0,0.806,0.806,4.966613616794348
starv2_resume_300k_SafetyCarButton1_v0_selected_star_v2_star_v2_s14,SafetyCarButton1-v0,14,800009,results/star_v2_final/resume_300k/SafetyCarButton1-v0/star_v2/starv2_resume_300k_SafetyCarButton1_v0_selected_star_v2_star_v2_s14/checkpoint/final.torch,32,0.05,star_exec,23.480376390342872,197.0,1000,0.197,0.0,0.2843561367734906,0.995,0.00390625,0.794,0.794,8.68614761158824
starv2_resume_300k_SafetyCarButton1_v0_selected_star_v2_star_v2_s14,SafetyCarButton1-v0,14,800010,results/star_v2_final/resume_300k/SafetyCarButton1-v0/star_v2/starv2_resume_300k_SafetyCarButton1_v0_selected_star_v2_star_v2_s14/checkpoint/final.torch,32,0.05,raw,10.381373244821619,526.0,1000,0.526,0.0,nan,0.0,0.0,0.459,0.459,5.067720174789429
starv2_resume_300k_SafetyCarButton1_v0_selected_star_v2_star_v2_s14,SafetyCarButton1-v0,14,800010,results/star_v2_final/resume_300k/SafetyCarButton1-v0/star_v2/starv2_resume_300k_SafetyCarButton1_v0_selected_star_v2_star_v2_s14/checkpoint/final.torch,32,0.05,star_exec,4.609585515273592,206.0,1000,0.206,0.0,0.5559753602373443,0.976,0.02071875,0.77,0.77,8.637208383530378
starv2_resume_300k_SafetyCarButton1_v0_selected_star_v2_star_v2_s14,SafetyCarButton1-v0,14,800011,results/star_v2_final/resume_300k/SafetyCarButton1-v0/star_v2/starv2_resume_300k_SafetyCarButton1_v0_selected_star_v2_star_v2_s14/checkpoint/final.torch,32,0.05,raw,22.607958322622252,210.0,1000,0.21,0.0,nan,0.0,0.0,0.773,0.773,5.080383442342281
starv2_resume_300k_SafetyCarButton1_v0_selected_star_v2_star_v2_s14,SafetyCarButton1-v0,14,800011,results/star_v2_final/resume_300k/SafetyCarButton1-v0/star_v2/starv2_resume_300k_SafetyCarButton1_v0_selected_star_v2_star_v2_s14/checkpoint/final.torch,32,0.05,star_exec,15.346845163526776,197.0,1000,0.197,0.0,0.3211750948704542,0.993,0.003625,0.792,0.792,8.595433007925749
starv2_resume_300k_SafetyCarButton1_v0_selected_star_v2_star_v2_s14,SafetyCarButton1-v0,14,800012,results/star_v2_final/resume_300k/SafetyCarButton1-v0/star_v2/starv2_resume_300k_SafetyCarButton1_v0_selected_star_v2_star_v2_s14/checkpoint/final.torch,32,0.05,raw,31.1751993192677,228.0,1000,0.228,0.0,nan,0.0,0.0,0.731,0.731,5.0419395342469215
starv2_resume_300k_SafetyCarButton1_v0_selected_star_v2_star_v2_s14,SafetyCarButton1-v0,14,800012,results/star_v2_final/resume_300k/SafetyCarButton1-v0/star_v2/starv2_resume_300k_SafetyCarButton1_v0_selected_star_v2_star_v2_s14/checkpoint/final.torch,32,0.05,star_exec,15.571572609772389,150.0,1000,0.15,0.0,0.5005140961473038,0.978,0.00778125,0.84,0.84,8.635579340159893
starv2_resume_300k_SafetyCarButton1_v0_selected_star_v2_star_v2_s14,SafetyCarButton1-v0,14,800013,results/star_v2_final/resume_300k/SafetyCarButton1-v0/star_v2/starv2_resume_300k_SafetyCarButton1_v0_selected_star_v2_star_v2_s14/checkpoint/final.torch,32,0.05,raw,14.484288075572739,332.0,1000,0.332,0.0,nan,0.0,0.0,0.632,0.632,5.153106704354286
starv2_resume_300k_SafetyCarButton1_v0_selected_star_v2_star_v2_s14,SafetyCarButton1-v0,14,800013,results/star_v2_final/resume_300k/SafetyCarButton1-v0/star_v2/starv2_resume_300k_SafetyCarButton1_v0_selected_star_v2_star_v2_s14/checkpoint/final.torch,32,0.05,star_exec,18.382093692723874,128.0,1000,0.128,0.0,-0.2691057784002966,0.97,0.02121875,0.846,0.846,8.5490193516016
starv2_resume_300k_SafetyCarButton1_v0_selected_star_v2_star_v2_s14,SafetyCarButton1-v0,14,800014,results/star_v2_final/resume_300k/SafetyCarButton1-v0/star_v2/starv2_resume_300k_SafetyCarButton1_v0_selected_star_v2_star_v2_s14/checkpoint/final.torch,32,0.05,raw,32.98781255873952,52.0,1000,0.052,0.0,nan,0.0,0.0,0.925,0.925,5.199015088379383
starv2_resume_300k_SafetyCarButton1_v0_selected_star_v2_star_v2_s14,SafetyCarButton1-v0,14,800014,results/star_v2_final/resume_300k/SafetyCarButton1-v0/star_v2/starv2_resume_300k_SafetyCarButton1_v0_selected_star_v2_star_v2_s14/checkpoint/final.torch,32,0.05,star_exec,1.203834044295692,148.0,1000,0.148,0.0,0.9635067029027131,0.945,0.034125,0.815,0.815,8.536788064986467
starv2_resume_300k_SafetyCarButton1_v0_selected_star_v2_star_v2_s14,SafetyCarButton1-v0,14,800015,results/star_v2_final/resume_300k/SafetyCarButton1-v0/star_v2/starv2_resume_300k_SafetyCarButton1_v0_selected_star_v2_star_v2_s14/checkpoint/final.torch,32,0.05,raw,29.42734961423571,316.0,1000,0.316,0.0,nan,0.0,0.0,0.668,0.668,5.095836862921715
starv2_resume_300k_SafetyCarButton1_v0_selected_star_v2_star_v2_s14,SafetyCarButton1-v0,14,800015,results/star_v2_final/resume_300k/SafetyCarButton1-v0/star_v2/starv2_resume_300k_SafetyCarButton1_v0_selected_star_v2_star_v2_s14/checkpoint/final.torch,32,0.05,star_exec,2.2324750845732306,130.0,1000,0.13,0.0,0.9241360464384718,0.787,0.1195,0.697,0.697,6.8918746039271355
starv2_resume_300k_SafetyCarButton1_v0_selected_star_v2_star_v2_s14,SafetyCarButton1-v0,14,800016,results/star_v2_final/resume_300k/SafetyCarButton1-v0/star_v2/starv2_resume_300k_SafetyCarButton1_v0_selected_star_v2_star_v2_s14/checkpoint/final.torch,32,0.05,raw,15.874089808097656,177.0,1000,0.177,0.0,nan,0.0,0.0,0.809,0.809,5.015733391046524
starv2_resume_300k_SafetyCarButton1_v0_selected_star_v2_star_v2_s14,SafetyCarButton1-v0,14,800016,results/star_v2_final/resume_300k/SafetyCarButton1-v0/star_v2/starv2_resume_300k_SafetyCarButton1_v0_selected_star_v2_star_v2_s14/checkpoint/final.torch,32,0.05,star_exec,21.08369715701157,111.0,1000,0.111,0.0,-0.3281830588016707,0.977,0.0105625,0.867,0.867,5.112735629081726
starv2_resume_300k_SafetyCarButton1_v0_selected_star_v2_star_v2_s14,SafetyCarButton1-v0,14,800017,results/star_v2_final/resume_300k/SafetyCarButton1-v0/star_v2/starv2_resume_300k_SafetyCarButton1_v0_selected_star_v2_star_v2_s14/checkpoint/final.torch,32,0.05,raw,17.843766335577694,296.0,1000,0.296,0.0,nan,0.0,0.0,0.633,0.633,4.488679695874453
starv2_resume_300k_SafetyCarButton1_v0_selected_star_v2_star_v2_s14,SafetyCarButton1-v0,14,800017,results/star_v2_final/resume_300k/SafetyCarButton1-v0/star_v2/starv2_resume_300k_SafetyCarButton1_v0_selected_star_v2_star_v2_s14/checkpoint/final.torch,32,0.05,star_exec,9.94203689147254,187.0,1000,0.187,0.0,0.44282856519760266,0.98,0.01278125,0.799,0.799,5.1693139262497425
starv2_resume_300k_SafetyCarButton1_v0_selected_star_v2_star_v2_s14,SafetyCarButton1-v0,14,800018,results/star_v2_final/resume_300k/SafetyCarButton1-v0/star_v2/starv2_resume_300k_SafetyCarButton1_v0_selected_star_v2_star_v2_s14/checkpoint/final.torch,32,0.05,raw,20.48119124074377,224.0,1000,0.224,0.0,nan,0.0,0.0,0.743,0.743,4.565049611032009
starv2_resume_300k_SafetyCarButton1_v0_selected_star_v2_star_v2_s14,SafetyCarButton1-v0,14,800018,results/star_v2_final/resume_300k/SafetyCarButton1-v0/star_v2/starv2_resume_300k_SafetyCarButton1_v0_selected_star_v2_star_v2_s14/checkpoint/final.torch,32,0.05,star_exec,8.816437764948205,189.0,1000,0.189,0.0,0.5695349132129857,0.981,0.00928125,0.786,0.786,5.294743824750185
starv2_resume_300k_SafetyCarButton1_v0_selected_star_v2_star_v2_s14,SafetyCarButton1-v0,14,800019,results/star_v2_final/resume_300k/SafetyCarButton1-v0/star_v2/starv2_resume_300k_SafetyCarButton1_v0_selected_star_v2_star_v2_s14/checkpoint/final.torch,32,0.05,raw,19.502716292757704,200.0,1000,0.2,0.0,nan,0.0,0.0,0.783,0.783,5.583749637007713
starv2_resume_300k_SafetyCarButton1_v0_selected_star_v2_star_v2_s14,SafetyCarButton1-v0,14,800019,results/star_v2_final/resume_300k/SafetyCarButton1-v0/star_v2/starv2_resume_300k_SafetyCarButton1_v0_selected_star_v2_star_v2_s14/checkpoint/final.torch,32,0.05,star_exec,12.335390498585648,220.0,1000,0.22,0.0,0.36750397670675383,0.999,6.25e-05,0.776,0.776,4.266598924994469
starv2_core_100k_SafetyCarGoal1_v0_selected_star_v2_star_v2_s10,SafetyCarGoal1-v0,10,800000,results/star_v2_final/resume_300k/SafetyCarGoal1-v0/star_v2/starv2_core_100k_SafetyCarGoal1_v0_selected_star_v2_star_v2_s10/checkpoint/final.torch,32,0.05,raw,33.06289634222861,149.0,1000,0.149,0.0,nan,0.0,0.0,0.239,0.239,4.665511094033718
starv2_core_100k_SafetyCarGoal1_v0_selected_star_v2_star_v2_s10,SafetyCarGoal1-v0,10,800000,results/star_v2_final/resume_300k/SafetyCarGoal1-v0/star_v2/starv2_core_100k_SafetyCarGoal1_v0_selected_star_v2_star_v2_s10/checkpoint/final.torch,32,0.05,star_exec,31.634730976737618,193.0,1000,0.193,0.0,0.04319541006656793,0.511,0.4711875,0.374,0.374,5.107827432453632
starv2_core_100k_SafetyCarGoal1_v0_selected_star_v2_star_v2_s10,SafetyCarGoal1-v0,10,800001,results/star_v2_final/resume_300k/SafetyCarGoal1-v0/star_v2/starv2_core_100k_SafetyCarGoal1_v0_selected_star_v2_star_v2_s10/checkpoint/final.torch,32,0.05,raw,35.184232106833576,32.0,1000,0.032,0.0,nan,0.0,0.0,0.09,0.09,4.733363024890423
starv2_core_100k_SafetyCarGoal1_v0_selected_star_v2_star_v2_s10,SafetyCarGoal1-v0,10,800001,results/star_v2_final/resume_300k/SafetyCarGoal1-v0/star_v2/starv2_core_100k_SafetyCarGoal1_v0_selected_star_v2_star_v2_s10/checkpoint/final.torch,32,0.05,star_exec,35.17143023401259,0.0,1000,0.0,0.0,0.0003638525570805408,0.135,0.856125,0.138,0.138,7.436760488897562
starv2_core_100k_SafetyCarGoal1_v0_selected_star_v2_star_v2_s10,SafetyCarGoal1-v0,10,800002,results/star_v2_final/resume_300k/SafetyCarGoal1-v0/star_v2/starv2_core_100k_SafetyCarGoal1_v0_selected_star_v2_star_v2_s10/checkpoint/final.torch,32,0.05,raw,34.152637129110886,69.0,1000,0.069,0.0,nan,0.0,0.0,0.116,0.116,4.975212428718805
starv2_core_100k_SafetyCarGoal1_v0_selected_star_v2_star_v2_s10,SafetyCarGoal1-v0,10,800002,results/star_v2_final/resume_300k/SafetyCarGoal1-v0/star_v2/starv2_core_100k_SafetyCarGoal1_v0_selected_star_v2_star_v2_s10/checkpoint/final.torch,32,0.05,star_exec,33.51854804502733,57.0,1000,0.057,0.0,0.01856632861721455,0.141,0.84428125,0.121,0.121,7.5135603323578835
starv2_core_100k_SafetyCarGoal1_v0_selected_star_v2_star_v2_s10,SafetyCarGoal1-v0,10,800003,results/star_v2_final/resume_300k/SafetyCarGoal1-v0/star_v2/starv2_core_100k_SafetyCarGoal1_v0_selected_star_v2_star_v2_s10/checkpoint/final.torch,32,0.05,raw,36.86402101543317,29.0,1000,0.029,0.0,nan,0.0,0.0,0.163,0.163,5.114730108529329
starv2_core_100k_SafetyCarGoal1_v0_selected_star_v2_star_v2_s10,SafetyCarGoal1-v0,10,800003,results/star_v2_final/resume_300k/SafetyCarGoal1-v0/star_v2/starv2_core_100k_SafetyCarGoal1_v0_selected_star_v2_star_v2_s10/checkpoint/final.torch,32,0.05,star_exec,35.321448165383266,68.0,1000,0.068,0.0,0.04184494278049865,0.238,0.7388125,0.22,0.22,8.01602092757821
starv2_core_100k_SafetyCarGoal1_v0_selected_star_v2_star_v2_s10,SafetyCarGoal1-v0,10,800004,results/star_v2_final/resume_300k/SafetyCarGoal1-v0/star_v2/starv2_core_100k_SafetyCarGoal1_v0_selected_star_v2_star_v2_s10/checkpoint/final.torch,32,0.05,raw,33.426507851565304,127.0,1000,0.127,0.0,nan,0.0,0.0,0.258,0.258,5.283627986907959
starv2_core_100k_SafetyCarGoal1_v0_selected_star_v2_star_v2_s10,SafetyCarGoal1-v0,10,800004,results/star_v2_final/resume_300k/SafetyCarGoal1-v0/star_v2/starv2_core_100k_SafetyCarGoal1_v0_selected_star_v2_star_v2_s10/checkpoint/final.torch,32,0.05,star_exec,31.41571032023314,151.0,1000,0.151,0.0,0.0601557763754853,0.398,0.588125,0.271,0.271,8.396924294531345
starv2_core_100k_SafetyCarGoal1_v0_selected_star_v2_star_v2_s10,SafetyCarGoal1-v0,10,800005,results/star_v2_final/resume_300k/SafetyCarGoal1-v0/star_v2/starv2_core_100k_SafetyCarGoal1_v0_selected_star_v2_star_v2_s10/checkpoint/final.torch,32,0.05,raw,37.964685859321115,0.0,1000,0.0,0.0,nan,0.0,0.0,0.065,0.065,5.277581516653299
starv2_core_100k_SafetyCarGoal1_v0_selected_star_v2_star_v2_s10,SafetyCarGoal1-v0,10,800005,results/star_v2_final/resume_300k/SafetyCarGoal1-v0/star_v2/starv2_core_100k_SafetyCarGoal1_v0_selected_star_v2_star_v2_s10/checkpoint/final.torch,32,0.05,star_exec,32.06629662915796,34.0,1000,0.034,0.0,0.15536515307988458,0.143,0.8445625,0.141,0.141,8.288494370877743
starv2_core_100k_SafetyCarGoal1_v0_selected_star_v2_star_v2_s10,SafetyCarGoal1-v0,10,800006,results/star_v2_final/resume_300k/SafetyCarGoal1-v0/star_v2/starv2_core_100k_SafetyCarGoal1_v0_selected_star_v2_star_v2_s10/checkpoint/final.torch,32,0.05,raw,32.200396459019714,169.0,1000,0.169,0.0,nan,0.0,0.0,0.18,0.18,5.077492192387581
starv2_core_100k_SafetyCarGoal1_v0_selected_star_v2_star_v2_s10,SafetyCarGoal1-v0,10,800006,results/star_v2_final/resume_300k/SafetyCarGoal1-v0/star_v2/starv2_core_100k_SafetyCarGoal1_v0_selected_star_v2_star_v2_s10/checkpoint/final.torch,32,0.05,star_exec,32.89539067972595,94.0,1000,0.094,0.0,-0.02158340570715423,0.302,0.6689375,0.217,0.217,8.386861246079206
starv2_core_100k_SafetyCarGoal1_v0_selected_star_v2_star_v2_s10,SafetyCarGoal1-v0,10,800007,results/star_v2_final/resume_300k/SafetyCarGoal1-v0/star_v2/starv2_core_100k_SafetyCarGoal1_v0_selected_star_v2_star_v2_s10/checkpoint/final.torch,32,0.05,raw,34.21959801951208,79.0,1000,0.079,0.0,nan,0.0,0.0,0.282,0.282,4.9481470584869385
starv2_core_100k_SafetyCarGoal1_v0_selected_star_v2_star_v2_s10,SafetyCarGoal1-v0,10,800007,results/star_v2_final/resume_300k/SafetyCarGoal1-v0/star_v2/starv2_core_100k_SafetyCarGoal1_v0_selected_star_v2_star_v2_s10/checkpoint/final.torch,32,0.05,star_exec,33.9340903007078,46.0,1000,0.046,0.0,0.008343397799164052,0.284,0.7003125,0.247,0.247,8.370743785053492
starv2_core_100k_SafetyCarGoal1_v0_selected_star_v2_star_v2_s10,SafetyCarGoal1-v0,10,800008,results/star_v2_final/resume_300k/SafetyCarGoal1-v0/star_v2/starv2_core_100k_SafetyCarGoal1_v0_selected_star_v2_star_v2_s10/checkpoint/final.torch,32,0.05,raw,35.38772738771815,65.0,1000,0.065,0.0,nan,0.0,0.0,0.131,0.131,5.083711948245764
starv2_core_100k_SafetyCarGoal1_v0_selected_star_v2_star_v2_s10,SafetyCarGoal1-v0,10,800008,results/star_v2_final/resume_300k/SafetyCarGoal1-v0/star_v2/starv2_core_100k_SafetyCarGoal1_v0_selected_star_v2_star_v2_s10/checkpoint/final.torch,32,0.05,star_exec,34.99126251098904,110.0,1000,0.11,0.0,0.011203456847774618,0.247,0.73715625,0.211,0.211,8.23775214701891
starv2_core_100k_SafetyCarGoal1_v0_selected_star_v2_star_v2_s10,SafetyCarGoal1-v0,10,800009,results/star_v2_final/resume_300k/SafetyCarGoal1-v0/star_v2/starv2_core_100k_SafetyCarGoal1_v0_selected_star_v2_star_v2_s10/checkpoint/final.torch,32,0.05,raw,37.650892480977774,0.0,1000,0.0,0.0,nan,0.0,0.0,0.072,0.072,5.070001520216465
starv2_core_100k_SafetyCarGoal1_v0_selected_star_v2_star_v2_s10,SafetyCarGoal1-v0,10,800009,results/star_v2_final/resume_300k/SafetyCarGoal1-v0/star_v2/starv2_core_100k_SafetyCarGoal1_v0_selected_star_v2_star_v2_s10/checkpoint/final.torch,32,0.05,star_exec,36.54675586259584,0.0,1000,0.0,0.0,0.02932564265082894,0.125,0.8535,0.13,0.13,8.283840484917164
starv2_core_100k_SafetyCarGoal1_v0_selected_star_v2_star_v2_s10,SafetyCarGoal1-v0,10,800010,results/star_v2_final/resume_300k/SafetyCarGoal1-v0/star_v2/starv2_core_100k_SafetyCarGoal1_v0_selected_star_v2_star_v2_s10/checkpoint/final.torch,32,0.05,raw,32.26357881935068,70.0,1000,0.07,0.0,nan,0.0,0.0,0.15,0.15,5.039768278598785
starv2_core_100k_SafetyCarGoal1_v0_selected_star_v2_star_v2_s10,SafetyCarGoal1-v0,10,800010,results/star_v2_final/resume_300k/SafetyCarGoal1-v0/star_v2/starv2_core_100k_SafetyCarGoal1_v0_selected_star_v2_star_v2_s10/checkpoint/final.torch,32,0.05,star_exec,37.454980483412236,101.0,1000,0.101,0.0,-0.16090594577647782,0.181,0.8038125,0.156,0.156,8.336176127195358
starv2_core_100k_SafetyCarGoal1_v0_selected_star_v2_star_v2_s10,SafetyCarGoal1-v0,10,800011,results/star_v2_final/resume_300k/SafetyCarGoal1-v0/star_v2/starv2_core_100k_SafetyCarGoal1_v0_selected_star_v2_star_v2_s10/checkpoint/final.torch,32,0.05,raw,32.934767998450546,62.0,1000,0.062,0.0,nan,0.0,0.0,0.16,0.16,5.102162584662437
starv2_core_100k_SafetyCarGoal1_v0_selected_star_v2_star_v2_s10,SafetyCarGoal1-v0,10,800011,results/star_v2_final/resume_300k/SafetyCarGoal1-v0/star_v2/starv2_core_100k_SafetyCarGoal1_v0_selected_star_v2_star_v2_s10/checkpoint/final.torch,32,0.05,star_exec,33.962396651818075,35.0,1000,0.035,0.0,-0.031201939950385407,0.177,0.80903125,0.154,0.154,8.430211115628481
starv2_core_100k_SafetyCarGoal1_v0_selected_star_v2_star_v2_s10,SafetyCarGoal1-v0,10,800012,results/star_v2_final/resume_300k/SafetyCarGoal1-v0/star_v2/starv2_core_100k_SafetyCarGoal1_v0_selected_star_v2_star_v2_s10/checkpoint/final.torch,32,0.05,raw,33.51435680284301,71.0,1000,0.071,0.0,nan,0.0,0.0,0.31,0.31,5.099025119096041
starv2_core_100k_SafetyCarGoal1_v0_selected_star_v2_star_v2_s10,SafetyCarGoal1-v0,10,800012,results/star_v2_final/resume_300k/SafetyCarGoal1-v0/star_v2/starv2_core_100k_SafetyCarGoal1_v0_selected_star_v2_star_v2_s10/checkpoint/final.torch,32,0.05,star_exec,34.29573025635901,91.0,1000,0.091,0.0,-0.02331458897190332,0.421,0.55896875,0.348,0.348,8.479306511580944
starv2_core_100k_SafetyCarGoal1_v0_selected_star_v2_star_v2_s10,SafetyCarGoal1-v0,10,800013,results/star_v2_final/resume_300k/SafetyCarGoal1-v0/star_v2/starv2_core_100k_SafetyCarGoal1_v0_selected_star_v2_star_v2_s10/checkpoint/final.torch,32,0.05,raw,35.47757766927202,61.0,1000,0.061,0.0,nan,0.0,0.0,0.207,0.207,5.24444667994976
starv2_core_100k_SafetyCarGoal1_v0_selected_star_v2_star_v2_s10,SafetyCarGoal1-v0,10,800013,results/star_v2_final/resume_300k/SafetyCarGoal1-v0/star_v2/starv2_core_100k_SafetyCarGoal1_v0_selected_star_v2_star_v2_s10/checkpoint/final.torch,32,0.05,star_exec,36.651751503579135,56.0,1000,0.056,0.0,-0.03309622334571314,0.258,0.7253125,0.221,0.221,8.384996350854635
starv2_core_100k_SafetyCarGoal1_v0_selected_star_v2_star_v2_s10,SafetyCarGoal1-v0,10,800014,results/star_v2_final/resume_300k/SafetyCarGoal1-v0/star_v2/starv2_core_100k_SafetyCarGoal1_v0_selected_star_v2_star_v2_s10/checkpoint/final.torch,32,0.05,raw,33.72601369632828,2.0,1000,0.002,0.0,nan,0.0,0.0,0.139,0.139,5.225943274796009
starv2_core_100k_SafetyCarGoal1_v0_selected_star_v2_star_v2_s10,SafetyCarGoal1-v0,10,800014,results/star_v2_final/resume_300k/SafetyCarGoal1-v0/star_v2/starv2_core_100k_SafetyCarGoal1_v0_selected_star_v2_star_v2_s10/checkpoint/final.torch,32,0.05,star_exec,35.891844212792115,0.0,1000,0.0,0.0,-0.06421839639766341,0.068,0.92003125,0.07,0.07,8.289765898138285
starv2_core_100k_SafetyCarGoal1_v0_selected_star_v2_star_v2_s10,SafetyCarGoal1-v0,10,800015,results/star_v2_final/resume_300k/SafetyCarGoal1-v0/star_v2/starv2_core_100k_SafetyCarGoal1_v0_selected_star_v2_star_v2_s10/checkpoint/final.torch,32,0.05,raw,32.28947914823498,98.0,1000,0.098,0.0,nan,0.0,0.0,0.306,0.306,5.527433462440968
starv2_core_100k_SafetyCarGoal1_v0_selected_star_v2_star_v2_s10,SafetyCarGoal1-v0,10,800015,results/star_v2_final/resume_300k/SafetyCarGoal1-v0/star_v2/starv2_core_100k_SafetyCarGoal1_v0_selected_star_v2_star_v2_s10/checkpoint/final.torch,32,0.05,star_exec,34.787734382356305,59.0,1000,0.059,0.0,-0.07737056465520238,0.271,0.71084375,0.239,0.239,8.331200044602156
starv2_core_100k_SafetyCarGoal1_v0_selected_star_v2_star_v2_s10,SafetyCarGoal1-v0,10,800016,results/star_v2_final/resume_300k/SafetyCarGoal1-v0/star_v2/starv2_core_100k_SafetyCarGoal1_v0_selected_star_v2_star_v2_s10/checkpoint/final.torch,32,0.05,raw,36.52796424025482,60.0,1000,0.06,0.0,nan,0.0,0.0,0.203,0.203,5.601960953325033
starv2_core_100k_SafetyCarGoal1_v0_selected_star_v2_star_v2_s10,SafetyCarGoal1-v0,10,800016,results/star_v2_final/resume_300k/SafetyCarGoal1-v0/star_v2/starv2_core_100k_SafetyCarGoal1_v0_selected_star_v2_star_v2_s10/checkpoint/final.torch,32,0.05,star_exec,33.61415370975106,44.0,1000,0.044,0.0,0.0797693107488498,0.233,0.75078125,0.205,0.205,8.230787813663483
starv2_core_100k_SafetyCarGoal1_v0_selected_star_v2_star_v2_s10,SafetyCarGoal1-v0,10,800017,results/star_v2_final/resume_300k/SafetyCarGoal1-v0/star_v2/starv2_core_100k_SafetyCarGoal1_v0_selected_star_v2_star_v2_s10/checkpoint/final.torch,32,0.05,raw,34.91264652535609,70.0,1000,0.07,0.0,nan,0.0,0.0,0.3,0.3,5.480254668742418
starv2_core_100k_SafetyCarGoal1_v0_selected_star_v2_star_v2_s10,SafetyCarGoal1-v0,10,800017,results/star_v2_final/resume_300k/SafetyCarGoal1-v0/star_v2/starv2_core_100k_SafetyCarGoal1_v0_selected_star_v2_star_v2_s10/checkpoint/final.torch,32,0.05,star_exec,35.279429486124634,100.0,1000,0.1,0.0,-0.010505733516998258,0.292,0.69028125,0.234,0.234,8.22543628886342
starv2_core_100k_SafetyCarGoal1_v0_selected_star_v2_star_v2_s10,SafetyCarGoal1-v0,10,800018,results/star_v2_final/resume_300k/SafetyCarGoal1-v0/star_v2/starv2_core_100k_SafetyCarGoal1_v0_selected_star_v2_star_v2_s10/checkpoint/final.torch,32,0.05,raw,30.998414134297146,0.0,1000,0.0,0.0,nan,0.0,0.0,0.064,0.064,5.321779936552048
starv2_core_100k_SafetyCarGoal1_v0_selected_star_v2_star_v2_s10,SafetyCarGoal1-v0,10,800018,results/star_v2_final/resume_300k/SafetyCarGoal1-v0/star_v2/starv2_core_100k_SafetyCarGoal1_v0_selected_star_v2_star_v2_s10/checkpoint/final.torch,32,0.05,star_exec,35.2460780566253,0.0,1000,0.0,0.0,-0.13702842680679173,0.014,0.9849375,0.015,0.015,8.177278593182564
starv2_core_100k_SafetyCarGoal1_v0_selected_star_v2_star_v2_s10,SafetyCarGoal1-v0,10,800019,results/star_v2_final/resume_300k/SafetyCarGoal1-v0/star_v2/starv2_core_100k_SafetyCarGoal1_v0_selected_star_v2_star_v2_s10/checkpoint/final.torch,32,0.05,raw,31.079580554627665,121.0,1000,0.121,0.0,nan,0.0,0.0,0.174,0.174,5.382651761174202
starv2_core_100k_SafetyCarGoal1_v0_selected_star_v2_star_v2_s10,SafetyCarGoal1-v0,10,800019,results/star_v2_final/resume_300k/SafetyCarGoal1-v0/star_v2/starv2_core_100k_SafetyCarGoal1_v0_selected_star_v2_star_v2_s10/checkpoint/final.torch,32,0.05,star_exec,33.027983514452075,146.0,1000,0.146,0.0,-0.06269077397617254,0.377,0.60340625,0.282,0.282,7.96814488619566
starv2_core_100k_SafetyCarGoal1_v0_selected_star_v2_star_v2_s11,SafetyCarGoal1-v0,11,800000,results/star_v2_final/resume_300k/SafetyCarGoal1-v0/star_v2/starv2_core_100k_SafetyCarGoal1_v0_selected_star_v2_star_v2_s11/checkpoint/final.torch,32,0.05,raw,34.566286959819855,134.0,1000,0.134,0.0,nan,0.0,0.0,0.245,0.245,5.497731178998947
starv2_core_100k_SafetyCarGoal1_v0_selected_star_v2_star_v2_s11,SafetyCarGoal1-v0,11,800000,results/star_v2_final/resume_300k/SafetyCarGoal1-v0/star_v2/starv2_core_100k_SafetyCarGoal1_v0_selected_star_v2_star_v2_s11/checkpoint/final.torch,32,0.05,star_exec,33.631778332630674,173.0,1000,0.173,0.0,0.02703526208283413,0.378,0.6095,0.274,0.274,7.37777790799737
starv2_core_100k_SafetyCarGoal1_v0_selected_star_v2_star_v2_s11,SafetyCarGoal1-v0,11,800001,results/star_v2_final/resume_300k/SafetyCarGoal1-v0/star_v2/starv2_core_100k_SafetyCarGoal1_v0_selected_star_v2_star_v2_s11/checkpoint/final.torch,32,0.05,raw,35.38705772450058,34.0,1000,0.034,0.0,nan,0.0,0.0,0.124,0.124,5.315467298030853
starv2_core_100k_SafetyCarGoal1_v0_selected_star_v2_star_v2_s11,SafetyCarGoal1-v0,11,800001,results/star_v2_final/resume_300k/SafetyCarGoal1-v0/star_v2/starv2_core_100k_SafetyCarGoal1_v0_selected_star_v2_star_v2_s11/checkpoint/final.torch,32,0.05,star_exec,34.37043871612536,95.0,1000,0.095,0.0,0.028728554272296827,0.3,0.68446875,0.242,0.242,6.52691550180316
starv2_core_100k_SafetyCarGoal1_v0_selected_star_v2_star_v2_s11,SafetyCarGoal1-v0,11,800002,results/star_v2_final/resume_300k/SafetyCarGoal1-v0/star_v2/starv2_core_100k_SafetyCarGoal1_v0_selected_star_v2_star_v2_s11/checkpoint/final.torch,32,0.05,raw,35.88186284719001,26.0,1000,0.026,0.0,nan,0.0,0.0,0.063,0.063,5.128047443926334
starv2_core_100k_SafetyCarGoal1_v0_selected_star_v2_star_v2_s11,SafetyCarGoal1-v0,11,800002,results/star_v2_final/resume_300k/SafetyCarGoal1-v0/star_v2/starv2_core_100k_SafetyCarGoal1_v0_selected_star_v2_star_v2_s11/checkpoint/final.torch,32,0.05,star_exec,36.8226204086893,19.0,1000,0.019,0.0,-0.026218191778551135,0.096,0.8945,0.095,0.095,6.522597547620535
starv2_core_100k_SafetyCarGoal1_v0_selected_star_v2_star_v2_s11,SafetyCarGoal1-v0,11,800003,results/star_v2_final/resume_300k/SafetyCarGoal1-v0/star_v2/starv2_core_100k_SafetyCarGoal1_v0_selected_star_v2_star_v2_s11/checkpoint/final.torch,32,0.05,raw,34.392925597529484,161.0,1000,0.161,0.0,nan,0.0,0.0,0.265,0.265,5.342031303793192
starv2_core_100k_SafetyCarGoal1_v0_selected_star_v2_star_v2_s11,SafetyCarGoal1-v0,11,800003,results/star_v2_final/resume_300k/SafetyCarGoal1-v0/star_v2/starv2_core_100k_SafetyCarGoal1_v0_selected_star_v2_star_v2_s11/checkpoint/final.torch,32,0.05,star_exec,32.75233005429855,68.0,1000,0.068,0.0,0.04770154078863196,0.229,0.75775,0.187,0.187,8.731797780841589
starv2_core_100k_SafetyCarGoal1_v0_selected_star_v2_star_v2_s11,SafetyCarGoal1-v0,11,800004,results/star_v2_final/resume_300k/SafetyCarGoal1-v0/star_v2/starv2_core_100k_SafetyCarGoal1_v0_selected_star_v2_star_v2_s11/checkpoint/final.torch,32,0.05,raw,33.90772371721906,129.0,1000,0.129,0.0,nan,0.0,0.0,0.197,0.197,4.924299072474241
starv2_core_100k_SafetyCarGoal1_v0_selected_star_v2_star_v2_s11,SafetyCarGoal1-v0,11,800004,results/star_v2_final/resume_300k/SafetyCarGoal1-v0/star_v2/starv2_core_100k_SafetyCarGoal1_v0_selected_star_v2_star_v2_s11/checkpoint/final.torch,32,0.05,star_exec,30.961868187015128,185.0,1000,0.185,0.0,0.08687859895201304,0.313,0.66709375,0.22,0.22,8.495943374931812
starv2_core_100k_SafetyCarGoal1_v0_selected_star_v2_star_v2_s11,SafetyCarGoal1-v0,11,800005,results/star_v2_final/resume_300k/SafetyCarGoal1-v0/star_v2/starv2_core_100k_SafetyCarGoal1_v0_selected_star_v2_star_v2_s11/checkpoint/final.torch,32,0.05,raw,33.63985633366027,53.0,1000,0.053,0.0,nan,0.0,0.0,0.174,0.174,5.004414699971676
starv2_core_100k_SafetyCarGoal1_v0_selected_star_v2_star_v2_s11,SafetyCarGoal1-v0,11,800005,results/star_v2_final/resume_300k/SafetyCarGoal1-v0/star_v2/starv2_core_100k_SafetyCarGoal1_v0_selected_star_v2_star_v2_s11/checkpoint/final.torch,32,0.05,star_exec,32.30284066236365,77.0,1000,0.077,0.0,0.03974498755390915,0.208,0.77959375,0.153,0.153,8.3993910998106
starv2_core_100k_SafetyCarGoal1_v0_selected_star_v2_star_v2_s11,SafetyCarGoal1-v0,11,800006,results/star_v2_final/resume_300k/SafetyCarGoal1-v0/star_v2/starv2_core_100k_SafetyCarGoal1_v0_selected_star_v2_star_v2_s11/checkpoint/final.torch,32,0.05,raw,34.0615361984709,131.0,1000,0.131,0.0,nan,0.0,0.0,0.267,0.267,5.2389035150408745
starv2_core_100k_SafetyCarGoal1_v0_selected_star_v2_star_v2_s11,SafetyCarGoal1-v0,11,800006,results/star_v2_final/resume_300k/SafetyCarGoal1-v0/star_v2/starv2_core_100k_SafetyCarGoal1_v0_selected_star_v2_star_v2_s11/checkpoint/final.torch,32,0.05,star_exec,32.370775493552806,151.0,1000,0.151,0.0,0.04963841604401839,0.324,0.6555,0.212,0.212,8.23530162870884
starv2_core_100k_SafetyCarGoal1_v0_selected_star_v2_star_v2_s11,SafetyCarGoal1-v0,11,800007,results/star_v2_final/resume_300k/SafetyCarGoal1-v0/star_v2/starv2_core_100k_SafetyCarGoal1_v0_selected_star_v2_star_v2_s11/checkpoint/final.torch,32,0.05,raw,36.7302590853178,43.0,1000,0.043,0.0,nan,0.0,0.0,0.188,0.188,5.41803877428174
starv2_core_100k_SafetyCarGoal1_v0_selected_star_v2_star_v2_s11,SafetyCarGoal1-v0,11,800007,results/star_v2_final/resume_300k/SafetyCarGoal1-v0/star_v2/starv2_core_100k_SafetyCarGoal1_v0_selected_star_v2_star_v2_s11/checkpoint/final.torch,32,0.05,star_exec,34.88755442444728,13.0,1000,0.013,0.0,0.050168572364007694,0.128,0.84178125,0.141,0.141,8.279415477067232
starv2_core_100k_SafetyCarGoal1_v0_selected_star_v2_star_v2_s11,SafetyCarGoal1-v0,11,800008,results/star_v2_final/resume_300k/SafetyCarGoal1-v0/star_v2/starv2_core_100k_SafetyCarGoal1_v0_selected_star_v2_star_v2_s11/checkpoint/final.torch,32,0.05,raw,36.26036424240154,114.0,1000,0.114,0.0,nan,0.0,0.0,0.19,0.19,4.99025309458375
starv2_core_100k_SafetyCarGoal1_v0_selected_star_v2_star_v2_s11,SafetyCarGoal1-v0,11,800008,results/star_v2_final/resume_300k/SafetyCarGoal1-v0/star_v2/starv2_core_100k_SafetyCarGoal1_v0_selected_star_v2_star_v2_s11/checkpoint/final.torch,32,0.05,star_exec,32.816669151684806,79.0,1000,0.079,0.0,0.0949713319947792,0.221,0.762125,0.189,0.189,8.32791844010353
starv2_core_100k_SafetyCarGoal1_v0_selected_star_v2_star_v2_s11,SafetyCarGoal1-v0,11,800009,results/star_v2_final/resume_300k/SafetyCarGoal1-v0/star_v2/starv2_core_100k_SafetyCarGoal1_v0_selected_star_v2_star_v2_s11/checkpoint/final.torch,32,0.05,raw,39.4110987168247,0.0,1000,0.0,0.0,nan,0.0,0.0,0.101,0.101,4.854787744581699
starv2_core_100k_SafetyCarGoal1_v0_selected_star_v2_star_v2_s11,SafetyCarGoal1-v0,11,800009,results/star_v2_final/resume_300k/SafetyCarGoal1-v0/star_v2/starv2_core_100k_SafetyCarGoal1_v0_selected_star_v2_star_v2_s11/checkpoint/final.torch,32,0.05,star_exec,35.67640886761556,35.0,1000,0.035,0.0,0.09476238853535923,0.123,0.86703125,0.104,0.104,8.435007344931364
starv2_core_100k_SafetyCarGoal1_v0_selected_star_v2_star_v2_s11,SafetyCarGoal1-v0,11,800010,results/star_v2_final/resume_300k/SafetyCarGoal1-v0/star_v2/starv2_core_100k_SafetyCarGoal1_v0_selected_star_v2_star_v2_s11/checkpoint/final.torch,32,0.05,raw,35.222341881063,73.0,1000,0.073,0.0,nan,0.0,0.0,0.238,0.238,4.993980623781681
starv2_core_100k_SafetyCarGoal1_v0_selected_star_v2_star_v2_s11,SafetyCarGoal1-v0,11,800010,results/star_v2_final/resume_300k/SafetyCarGoal1-v0/star_v2/starv2_core_100k_SafetyCarGoal1_v0_selected_star_v2_star_v2_s11/checkpoint/final.torch,32,0.05,star_exec,37.220378997835546,31.0,1000,0.031,0.0,-0.05672641312492545,0.208,0.76559375,0.19,0.19,8.456118121743202
starv2_core_100k_SafetyCarGoal1_v0_selected_star_v2_star_v2_s11,SafetyCarGoal1-v0,11,800011,results/star_v2_final/resume_300k/SafetyCarGoal1-v0/star_v2/starv2_core_100k_SafetyCarGoal1_v0_selected_star_v2_star_v2_s11/checkpoint/final.torch,32,0.05,raw,36.38677420899402,56.0,1000,0.056,0.0,nan,0.0,0.0,0.116,0.116,5.157408237457275
starv2_core_100k_SafetyCarGoal1_v0_selected_star_v2_star_v2_s11,SafetyCarGoal1-v0,11,800011,results/star_v2_final/resume_300k/SafetyCarGoal1-v0/star_v2/starv2_core_100k_SafetyCarGoal1_v0_selected_star_v2_star_v2_s11/checkpoint/final.torch,32,0.05,star_exec,33.17467552532116,101.0,1000,0.101,0.0,0.0882765442526888,0.222,0.76525,0.193,0.193,8.26138924062252
starv2_core_100k_SafetyCarGoal1_v0_selected_star_v2_star_v2_s11,SafetyCarGoal1-v0,11,800012,results/star_v2_final/resume_300k/SafetyCarGoal1-v0/star_v2/starv2_core_100k_SafetyCarGoal1_v0_selected_star_v2_star_v2_s11/checkpoint/final.torch,32,0.05,raw,32.2602152593866,95.0,1000,0.095,0.0,nan,0.0,0.0,0.191,0.191,5.351484440267086
starv2_core_100k_SafetyCarGoal1_v0_selected_star_v2_star_v2_s11,SafetyCarGoal1-v0,11,800012,results/star_v2_final/resume_300k/SafetyCarGoal1-v0/star_v2/starv2_core_100k_SafetyCarGoal1_v0_selected_star_v2_star_v2_s11/checkpoint/final.torch,32,0.05,star_exec,34.28390767696961,61.0,1000,0.061,0.0,-0.06273028252637558,0.301,0.68678125,0.286,0.286,8.213599853217602
starv2_core_100k_SafetyCarGoal1_v0_selected_star_v2_star_v2_s11,SafetyCarGoal1-v0,11,800013,results/star_v2_final/resume_300k/SafetyCarGoal1-v0/star_v2/starv2_core_100k_SafetyCarGoal1_v0_selected_star_v2_star_v2_s11/checkpoint/final.torch,32,0.05,raw,39.9418330666353,8.0,1000,0.008,0.0,nan,0.0,0.0,0.172,0.172,5.407838046550751
starv2_core_100k_SafetyCarGoal1_v0_selected_star_v2_star_v2_s11,SafetyCarGoal1-v0,11,800013,results/star_v2_final/resume_300k/SafetyCarGoal1-v0/star_v2/starv2_core_100k_SafetyCarGoal1_v0_selected_star_v2_star_v2_s11/checkpoint/final.torch,32,0.05,star_exec,39.78516804160475,0.0,1000,0.0,0.0,0.0039223293725448955,0.171,0.8108125,0.173,0.173,8.319486953318119
starv2_core_100k_SafetyCarGoal1_v0_selected_star_v2_star_v2_s11,SafetyCarGoal1-v0,11,800014,results/star_v2_final/resume_300k/SafetyCarGoal1-v0/star_v2/starv2_core_100k_SafetyCarGoal1_v0_selected_star_v2_star_v2_s11/checkpoint/final.torch,32,0.05,raw,33.659988161042065,0.0,1000,0.0,0.0,nan,0.0,0.0,0.066,0.066,5.171551525592804
starv2_core_100k_SafetyCarGoal1_v0_selected_star_v2_star_v2_s11,SafetyCarGoal1-v0,11,800014,results/star_v2_final/resume_300k/SafetyCarGoal1-v0/star_v2/starv2_core_100k_SafetyCarGoal1_v0_selected_star_v2_star_v2_s11/checkpoint/final.torch,32,0.05,star_exec,35.71992967728474,12.0,1000,0.012,0.0,-0.061198521710320794,0.092,0.9014375,0.089,0.089,8.379955921322107
starv2_core_100k_SafetyCarGoal1_v0_selected_star_v2_star_v2_s11,SafetyCarGoal1-v0,11,800015,results/star_v2_final/resume_300k/SafetyCarGoal1-v0/star_v2/starv2_core_100k_SafetyCarGoal1_v0_selected_star_v2_star_v2_s11/checkpoint/final.torch,32,0.05,raw,33.61743426473169,85.0,1000,0.085,0.0,nan,0.0,0.0,0.347,0.347,5.033341646194458
starv2_core_100k_SafetyCarGoal1_v0_selected_star_v2_star_v2_s11,SafetyCarGoal1-v0,11,800015,results/star_v2_final/resume_300k/SafetyCarGoal1-v0/star_v2/starv2_core_100k_SafetyCarGoal1_v0_selected_star_v2_star_v2_s11/checkpoint/final.torch,32,0.05,star_exec,34.9895596755696,108.0,1000,0.108,0.0,-0.04081588737655144,0.329,0.65090625,0.242,0.242,8.395256239920855
starv2_core_100k_SafetyCarGoal1_v0_selected_star_v2_star_v2_s11,SafetyCarGoal1-v0,11,800016,results/star_v2_final/resume_300k/SafetyCarGoal1-v0/star_v2/starv2_core_100k_SafetyCarGoal1_v0_selected_star_v2_star_v2_s11/checkpoint/final.torch,32,0.05,raw,35.204069829446006,129.0,1000,0.129,0.0,nan,0.0,0.0,0.153,0.153,4.99398198351264
starv2_core_100k_SafetyCarGoal1_v0_selected_star_v2_star_v2_s11,SafetyCarGoal1-v0,11,800016,results/star_v2_final/resume_300k/SafetyCarGoal1-v0/star_v2/starv2_core_100k_SafetyCarGoal1_v0_selected_star_v2_star_v2_s11/checkpoint/final.torch,32,0.05,star_exec,34.649874074384506,42.0,1000,0.042,0.0,0.01574237745085795,0.147,0.84196875,0.132,0.132,8.357974335551262
starv2_core_100k_SafetyCarGoal1_v0_selected_star_v2_star_v2_s11,SafetyCarGoal1-v0,11,800017,results/star_v2_final/resume_300k/SafetyCarGoal1-v0/star_v2/starv2_core_100k_SafetyCarGoal1_v0_selected_star_v2_star_v2_s11/checkpoint/final.torch,32,0.05,raw,34.47721048003812,76.0,1000,0.076,0.0,nan,0.0,0.0,0.209,0.209,4.918190438300371
starv2_core_100k_SafetyCarGoal1_v0_selected_star_v2_star_v2_s11,SafetyCarGoal1-v0,11,800017,results/star_v2_final/resume_300k/SafetyCarGoal1-v0/star_v2/starv2_core_100k_SafetyCarGoal1_v0_selected_star_v2_star_v2_s11/checkpoint/final.torch,32,0.05,star_exec,35.65679927333364,41.0,1000,0.041,0.0,-0.034213579836410775,0.235,0.75396875,0.22,0.22,8.319359958171844
starv2_core_100k_SafetyCarGoal1_v0_selected_star_v2_star_v2_s11,SafetyCarGoal1-v0,11,800018,results/star_v2_final/resume_300k/SafetyCarGoal1-v0/star_v2/starv2_core_100k_SafetyCarGoal1_v0_selected_star_v2_star_v2_s11/checkpoint/final.torch,32,0.05,raw,34.25493442033583,0.0,1000,0.0,0.0,nan,0.0,0.0,0.016,0.016,5.212562374770641
starv2_core_100k_SafetyCarGoal1_v0_selected_star_v2_star_v2_s11,SafetyCarGoal1-v0,11,800018,results/star_v2_final/resume_300k/SafetyCarGoal1-v0/star_v2/starv2_core_100k_SafetyCarGoal1_v0_selected_star_v2_star_v2_s11/checkpoint/final.torch,32,0.05,star_exec,34.67833850492595,0.0,1000,0.0,0.0,-0.012360382285209078,0.041,0.95171875,0.038,0.038,8.420789323747158
starv2_core_100k_SafetyCarGoal1_v0_selected_star_v2_star_v2_s11,SafetyCarGoal1-v0,11,800019,results/star_v2_final/resume_300k/SafetyCarGoal1-v0/star_v2/starv2_core_100k_SafetyCarGoal1_v0_selected_star_v2_star_v2_s11/checkpoint/final.torch,32,0.05,raw,32.0199944469326,96.0,1000,0.096,0.0,nan,0.0,0.0,0.135,0.135,5.0956768952310085
starv2_core_100k_SafetyCarGoal1_v0_selected_star_v2_star_v2_s11,SafetyCarGoal1-v0,11,800019,results/star_v2_final/resume_300k/SafetyCarGoal1-v0/star_v2/starv2_core_100k_SafetyCarGoal1_v0_selected_star_v2_star_v2_s11/checkpoint/final.torch,32,0.05,star_exec,32.49565212514947,127.0,1000,0.127,0.0,-0.014855020634222366,0.213,0.77046875,0.147,0.147,6.865379009395838
starv2_core_100k_SafetyCarGoal1_v0_selected_star_v2_star_v2_s12,SafetyCarGoal1-v0,12,800000,results/star_v2_final/resume_300k/SafetyCarGoal1-v0/star_v2/starv2_core_100k_SafetyCarGoal1_v0_selected_star_v2_star_v2_s12/checkpoint/final.torch,32,0.05,raw,35.35464875236488,132.0,1000,0.132,0.0,nan,0.0,0.0,0.284,0.284,5.629301283508539
starv2_core_100k_SafetyCarGoal1_v0_selected_star_v2_star_v2_s12,SafetyCarGoal1-v0,12,800000,results/star_v2_final/resume_300k/SafetyCarGoal1-v0/star_v2/starv2_core_100k_SafetyCarGoal1_v0_selected_star_v2_star_v2_s12/checkpoint/final.torch,32,0.05,star_exec,32.20447884917919,169.0,1000,0.169,0.0,0.08910199971863604,0.353,0.6228125,0.244,0.244,7.424046874046326
starv2_core_100k_SafetyCarGoal1_v0_selected_star_v2_star_v2_s12,SafetyCarGoal1-v0,12,800001,results/star_v2_final/resume_300k/SafetyCarGoal1-v0/star_v2/starv2_core_100k_SafetyCarGoal1_v0_selected_star_v2_star_v2_s12/checkpoint/final.torch,32,0.05,raw,31.40290544005023,100.0,1000,0.1,0.0,nan,0.0,0.0,0.125,0.125,5.338151730597019
starv2_core_100k_SafetyCarGoal1_v0_selected_star_v2_star_v2_s12,SafetyCarGoal1-v0,12,800001,results/star_v2_final/resume_300k/SafetyCarGoal1-v0/star_v2/starv2_core_100k_SafetyCarGoal1_v0_selected_star_v2_star_v2_s12/checkpoint/final.torch,32,0.05,star_exec,32.24355949735977,74.0,1000,0.074,0.0,-0.026769945185944378,0.229,0.75728125,0.17,0.17,6.861782819032669
starv2_core_100k_SafetyCarGoal1_v0_selected_star_v2_star_v2_s12,SafetyCarGoal1-v0,12,800002,results/star_v2_final/resume_300k/SafetyCarGoal1-v0/star_v2/starv2_core_100k_SafetyCarGoal1_v0_selected_star_v2_star_v2_s12/checkpoint/final.torch,32,0.05,raw,32.590844540495674,10.0,1000,0.01,0.0,nan,0.0,0.0,0.101,0.101,5.2983786650002
starv2_core_100k_SafetyCarGoal1_v0_selected_star_v2_star_v2_s12,SafetyCarGoal1-v0,12,800002,results/star_v2_final/resume_300k/SafetyCarGoal1-v0/star_v2/starv2_core_100k_SafetyCarGoal1_v0_selected_star_v2_star_v2_s12/checkpoint/final.torch,32,0.05,star_exec,32.11382722815771,20.0,1000,0.02,0.0,0.0146365434545658,0.144,0.84775,0.126,0.126,7.549414616078138
starv2_core_100k_SafetyCarGoal1_v0_selected_star_v2_star_v2_s12,SafetyCarGoal1-v0,12,800003,results/star_v2_final/resume_300k/SafetyCarGoal1-v0/star_v2/starv2_core_100k_SafetyCarGoal1_v0_selected_star_v2_star_v2_s12/checkpoint/final.torch,32,0.05,raw,35.89025785947711,0.0,1000,0.0,0.0,nan,0.0,0.0,0.196,0.196,5.223918527364731
starv2_core_100k_SafetyCarGoal1_v0_selected_star_v2_star_v2_s12,SafetyCarGoal1-v0,12,800003,results/star_v2_final/resume_300k/SafetyCarGoal1-v0/star_v2/starv2_core_100k_SafetyCarGoal1_v0_selected_star_v2_star_v2_s12/checkpoint/final.torch,32,0.05,star_exec,34.28640858236996,70.0,1000,0.07,0.0,0.04468759414843944,0.261,0.73109375,0.224,0.224,8.360811460763216
starv2_core_100k_SafetyCarGoal1_v0_selected_star_v2_star_v2_s12,SafetyCarGoal1-v0,12,800004,results/star_v2_final/resume_300k/SafetyCarGoal1-v0/star_v2/starv2_core_100k_SafetyCarGoal1_v0_selected_star_v2_star_v2_s12/checkpoint/final.torch,32,0.05,raw,30.697959020515672,120.0,1000,0.12,0.0,nan,0.0,0.0,0.248,0.248,5.189823031425476
starv2_core_100k_SafetyCarGoal1_v0_selected_star_v2_star_v2_s12,SafetyCarGoal1-v0,12,800004,results/star_v2_final/resume_300k/SafetyCarGoal1-v0/star_v2/starv2_core_100k_SafetyCarGoal1_v0_selected_star_v2_star_v2_s12/checkpoint/final.torch,32,0.05,star_exec,30.280554055773855,217.0,1000,0.217,0.0,0.013597156881435073,0.516,0.46796875,0.325,0.325,8.35486176237464
starv2_core_100k_SafetyCarGoal1_v0_selected_star_v2_star_v2_s12,SafetyCarGoal1-v0,12,800005,results/star_v2_final/resume_300k/SafetyCarGoal1-v0/star_v2/starv2_core_100k_SafetyCarGoal1_v0_selected_star_v2_star_v2_s12/checkpoint/final.torch,32,0.05,raw,37.249146122417805,0.0,1000,0.0,0.0,nan,0.0,0.0,0.126,0.126,5.352470442652702
starv2_core_100k_SafetyCarGoal1_v0_selected_star_v2_star_v2_s12,SafetyCarGoal1-v0,12,800005,results/star_v2_final/resume_300k/SafetyCarGoal1-v0/star_v2/starv2_core_100k_SafetyCarGoal1_v0_selected_star_v2_star_v2_s12/checkpoint/final.torch,32,0.05,star_exec,36.52922267717025,13.0,1000,0.013,0.0,0.019327246935582177,0.083,0.91134375,0.081,0.081,8.362123485654593
starv2_core_100k_SafetyCarGoal1_v0_selected_star_v2_star_v2_s12,SafetyCarGoal1-v0,12,800006,results/star_v2_final/resume_300k/SafetyCarGoal1-v0/star_v2/starv2_core_100k_SafetyCarGoal1_v0_selected_star_v2_star_v2_s12/checkpoint/final.torch,32,0.05,raw,32.79368283200915,134.0,1000,0.134,0.0,nan,0.0,0.0,0.263,0.263,5.318238046020269
starv2_core_100k_SafetyCarGoal1_v0_selected_star_v2_star_v2_s12,SafetyCarGoal1-v0,12,800006,results/star_v2_final/resume_300k/SafetyCarGoal1-v0/star_v2/starv2_core_100k_SafetyCarGoal1_v0_selected_star_v2_star_v2_s12/checkpoint/final.torch,32,0.05,star_exec,30.56499965262472,112.0,1000,0.112,0.0,0.06796074691583771,0.516,0.45628125,0.429,0.429,8.376551855355501
starv2_core_100k_SafetyCarGoal1_v0_selected_star_v2_star_v2_s12,SafetyCarGoal1-v0,12,800007,results/star_v2_final/resume_300k/SafetyCarGoal1-v0/star_v2/starv2_core_100k_SafetyCarGoal1_v0_selected_star_v2_star_v2_s12/checkpoint/final.torch,32,0.05,raw,35.84532207168044,75.0,1000,0.075,0.0,nan,0.0,0.0,0.168,0.168,5.256268125027418
starv2_core_100k_SafetyCarGoal1_v0_selected_star_v2_star_v2_s12,SafetyCarGoal1-v0,12,800007,results/star_v2_final/resume_300k/SafetyCarGoal1-v0/star_v2/starv2_core_100k_SafetyCarGoal1_v0_selected_star_v2_star_v2_s12/checkpoint/final.torch,32,0.05,star_exec,35.36087434583729,71.0,1000,0.071,0.0,0.013514949729685683,0.344,0.6356875,0.307,0.307,8.359610483050346
starv2_core_100k_SafetyCarGoal1_v0_selected_star_v2_star_v2_s12,SafetyCarGoal1-v0,12,800008,results/star_v2_final/resume_300k/SafetyCarGoal1-v0/star_v2/starv2_core_100k_SafetyCarGoal1_v0_selected_star_v2_star_v2_s12/checkpoint/final.torch,32,0.05,raw,35.41719572554205,41.0,1000,0.041,0.0,nan,0.0,0.0,0.324,0.324,5.4787475652992725
starv2_core_100k_SafetyCarGoal1_v0_selected_star_v2_star_v2_s12,SafetyCarGoal1-v0,12,800008,results/star_v2_final/resume_300k/SafetyCarGoal1-v0/star_v2/starv2_core_100k_SafetyCarGoal1_v0_selected_star_v2_star_v2_s12/checkpoint/final.torch,32,0.05,star_exec,35.74885515280272,25.0,1000,0.025,0.0,-0.009364361589516893,0.24,0.739875,0.219,0.219,8.418255303055048
starv2_core_100k_SafetyCarGoal1_v0_selected_star_v2_star_v2_s12,SafetyCarGoal1-v0,12,800009,results/star_v2_final/resume_300k/SafetyCarGoal1-v0/star_v2/starv2_core_100k_SafetyCarGoal1_v0_selected_star_v2_star_v2_s12/checkpoint/final.torch,32,0.05,raw,35.845367743663175,0.0,1000,0.0,0.0,nan,0.0,0.0,0.102,0.102,5.574403747916222
starv2_core_100k_SafetyCarGoal1_v0_selected_star_v2_star_v2_s12,SafetyCarGoal1-v0,12,800009,results/star_v2_final/resume_300k/SafetyCarGoal1-v0/star_v2/starv2_core_100k_SafetyCarGoal1_v0_selected_star_v2_star_v2_s12/checkpoint/final.torch,32,0.05,star_exec,33.46045330262632,0.0,1000,0.0,0.0,0.06653340699673714,0.098,0.8921875,0.106,0.106,8.293578054755926
starv2_core_100k_SafetyCarGoal1_v0_selected_star_v2_star_v2_s12,SafetyCarGoal1-v0,12,800010,results/star_v2_final/resume_300k/SafetyCarGoal1-v0/star_v2/starv2_core_100k_SafetyCarGoal1_v0_selected_star_v2_star_v2_s12/checkpoint/final.torch,32,0.05,raw,33.44302238153319,30.0,1000,0.03,0.0,nan,0.0,0.0,0.149,0.149,5.486048590391874
starv2_core_100k_SafetyCarGoal1_v0_selected_star_v2_star_v2_s12,SafetyCarGoal1-v0,12,800010,results/star_v2_final/resume_300k/SafetyCarGoal1-v0/star_v2/starv2_core_100k_SafetyCarGoal1_v0_selected_star_v2_star_v2_s12/checkpoint/final.torch,32,0.05,star_exec,32.45147548560682,70.0,1000,0.07,0.0,0.02964884227909642,0.215,0.76640625,0.164,0.164,8.230055663734674
starv2_core_100k_SafetyCarGoal1_v0_selected_star_v2_star_v2_s12,SafetyCarGoal1-v0,12,800011,results/star_v2_final/resume_300k/SafetyCarGoal1-v0/star_v2/starv2_core_100k_SafetyCarGoal1_v0_selected_star_v2_star_v2_s12/checkpoint/final.torch,32,0.05,raw,36.57148589759423,0.0,1000,0.0,0.0,nan,0.0,0.0,0.116,0.116,5.485685966908932
starv2_core_100k_SafetyCarGoal1_v0_selected_star_v2_star_v2_s12,SafetyCarGoal1-v0,12,800011,results/star_v2_final/resume_300k/SafetyCarGoal1-v0/star_v2/starv2_core_100k_SafetyCarGoal1_v0_selected_star_v2_star_v2_s12/checkpoint/final.torch,32,0.05,star_exec,33.689141796292425,31.0,1000,0.031,0.0,0.07881397297809582,0.323,0.6515,0.302,0.302,8.288127094507217
starv2_core_100k_SafetyCarGoal1_v0_selected_star_v2_star_v2_s12,SafetyCarGoal1-v0,12,800012,results/star_v2_final/resume_300k/SafetyCarGoal1-v0/star_v2/starv2_core_100k_SafetyCarGoal1_v0_selected_star_v2_star_v2_s12/checkpoint/final.torch,32,0.05,raw,32.8955167380352,101.0,1000,0.101,0.0,nan,0.0,0.0,0.233,0.233,5.408288862556219
starv2_core_100k_SafetyCarGoal1_v0_selected_star_v2_star_v2_s12,SafetyCarGoal1-v0,12,800012,results/star_v2_final/resume_300k/SafetyCarGoal1-v0/star_v2/starv2_core_100k_SafetyCarGoal1_v0_selected_star_v2_star_v2_s12/checkpoint/final.torch,32,0.05,star_exec,31.719585999023543,64.0,1000,0.064,0.0,0.03574744693558784,0.271,0.716875,0.228,0.228,8.326098505407572
starv2_core_100k_SafetyCarGoal1_v0_selected_star_v2_star_v2_s12,SafetyCarGoal1-v0,12,800013,results/star_v2_final/resume_300k/SafetyCarGoal1-v0/star_v2/starv2_core_100k_SafetyCarGoal1_v0_selected_star_v2_star_v2_s12/checkpoint/final.torch,32,0.05,raw,39.97929162123588,35.0,1000,0.035,0.0,nan,0.0,0.0,0.136,0.136,5.476034518331289
starv2_core_100k_SafetyCarGoal1_v0_selected_star_v2_star_v2_s12,SafetyCarGoal1-v0,12,800013,results/star_v2_final/resume_300k/SafetyCarGoal1-v0/star_v2/starv2_core_100k_SafetyCarGoal1_v0_selected_star_v2_star_v2_s12/checkpoint/final.torch,32,0.05,star_exec,36.56991828621548,124.0,1000,0.124,0.0,0.08527848285359399,0.227,0.75896875,0.166,0.166,8.30427124351263
starv2_core_100k_SafetyCarGoal1_v0_selected_star_v2_star_v2_s12,SafetyCarGoal1-v0,12,800014,results/star_v2_final/resume_300k/SafetyCarGoal1-v0/star_v2/starv2_core_100k_SafetyCarGoal1_v0_selected_star_v2_star_v2_s12/checkpoint/final.torch,32,0.05,raw,30.329621012582653,0.0,1000,0.0,0.0,nan,0.0,0.0,0.09,0.09,5.421896029263735
starv2_core_100k_SafetyCarGoal1_v0_selected_star_v2_star_v2_s12,SafetyCarGoal1-v0,12,800014,results/star_v2_final/resume_300k/SafetyCarGoal1-v0/star_v2/starv2_core_100k_SafetyCarGoal1_v0_selected_star_v2_star_v2_s12/checkpoint/final.torch,32,0.05,star_exec,34.35551659809937,0.0,1000,0.0,0.0,-0.13273807753306646,0.063,0.93478125,0.063,0.063,8.203886397182941
starv2_core_100k_SafetyCarGoal1_v0_selected_star_v2_star_v2_s12,SafetyCarGoal1-v0,12,800015,results/star_v2_final/resume_300k/SafetyCarGoal1-v0/star_v2/starv2_core_100k_SafetyCarGoal1_v0_selected_star_v2_star_v2_s12/checkpoint/final.torch,32,0.05,raw,29.54626551410601,111.0,1000,0.111,0.0,nan,0.0,0.0,0.218,0.218,5.060650993138552
starv2_core_100k_SafetyCarGoal1_v0_selected_star_v2_star_v2_s12,SafetyCarGoal1-v0,12,800015,results/star_v2_final/resume_300k/SafetyCarGoal1-v0/star_v2/starv2_core_100k_SafetyCarGoal1_v0_selected_star_v2_star_v2_s12/checkpoint/final.torch,32,0.05,star_exec,32.159955517833396,139.0,1000,0.139,0.0,-0.08846092588180235,0.337,0.65025,0.255,0.255,8.171680133789778
starv2_core_100k_SafetyCarGoal1_v0_selected_star_v2_star_v2_s12,SafetyCarGoal1-v0,12,800016,results/star_v2_final/resume_300k/SafetyCarGoal1-v0/star_v2/starv2_core_100k_SafetyCarGoal1_v0_selected_star_v2_star_v2_s12/checkpoint/final.torch,32,0.05,raw,36.140082475579966,62.0,1000,0.062,0.0,nan,0.0,0.0,0.157,0.157,5.060685954988003
starv2_core_100k_SafetyCarGoal1_v0_selected_star_v2_star_v2_s12,SafetyCarGoal1-v0,12,800016,results/star_v2_final/resume_300k/SafetyCarGoal1-v0/star_v2/starv2_core_100k_SafetyCarGoal1_v0_selected_star_v2_star_v2_s12/checkpoint/final.torch,32,0.05,star_exec,33.8585751240075,41.0,1000,0.041,0.0,0.06312955575334092,0.168,0.82546875,0.16,0.16,8.335100244730711
starv2_core_100k_SafetyCarGoal1_v0_selected_star_v2_star_v2_s12,SafetyCarGoal1-v0,12,800017,results/star_v2_final/resume_300k/SafetyCarGoal1-v0/star_v2/starv2_core_100k_SafetyCarGoal1_v0_selected_star_v2_star_v2_s12/checkpoint/final.torch,32,0.05,raw,33.12221335566194,86.0,1000,0.086,0.0,nan,0.0,0.0,0.231,0.231,5.040791787207127
starv2_core_100k_SafetyCarGoal1_v0_selected_star_v2_star_v2_s12,SafetyCarGoal1-v0,12,800017,results/star_v2_final/resume_300k/SafetyCarGoal1-v0/star_v2/starv2_core_100k_SafetyCarGoal1_v0_selected_star_v2_star_v2_s12/checkpoint/final.torch,32,0.05,star_exec,34.404730619032605,49.0,1000,0.049,0.0,-0.038720759678683415,0.383,0.58225,0.357,0.357,8.30155473947525
starv2_core_100k_SafetyCarGoal1_v0_selected_star_v2_star_v2_s12,SafetyCarGoal1-v0,12,800018,results/star_v2_final/resume_300k/SafetyCarGoal1-v0/star_v2/starv2_core_100k_SafetyCarGoal1_v0_selected_star_v2_star_v2_s12/checkpoint/final.torch,32,0.05,raw,34.64598155103064,0.0,1000,0.0,0.0,nan,0.0,0.0,0.088,0.088,4.940392438322306
starv2_core_100k_SafetyCarGoal1_v0_selected_star_v2_star_v2_s12,SafetyCarGoal1-v0,12,800018,results/star_v2_final/resume_300k/SafetyCarGoal1-v0/star_v2/starv2_core_100k_SafetyCarGoal1_v0_selected_star_v2_star_v2_s12/checkpoint/final.torch,32,0.05,star_exec,32.58736930599545,0.0,1000,0.0,0.0,0.059418499718445594,0.029,0.9591875,0.038,0.038,8.263049744069576
starv2_core_100k_SafetyCarGoal1_v0_selected_star_v2_star_v2_s12,SafetyCarGoal1-v0,12,800019,results/star_v2_final/resume_300k/SafetyCarGoal1-v0/star_v2/starv2_core_100k_SafetyCarGoal1_v0_selected_star_v2_star_v2_s12/checkpoint/final.torch,32,0.05,raw,33.517035724168615,53.0,1000,0.053,0.0,nan,0.0,0.0,0.224,0.224,4.673876047134399
starv2_core_100k_SafetyCarGoal1_v0_selected_star_v2_star_v2_s12,SafetyCarGoal1-v0,12,800019,results/star_v2_final/resume_300k/SafetyCarGoal1-v0/star_v2/starv2_core_100k_SafetyCarGoal1_v0_selected_star_v2_star_v2_s12/checkpoint/final.torch,32,0.05,star_exec,32.98041354259783,127.0,1000,0.127,0.0,0.016010430814555436,0.289,0.703125,0.207,0.207,6.828110110014677
starv2_resume_300k_SafetyCarGoal1_v0_selected_star_v2_star_v2_s13,SafetyCarGoal1-v0,13,800000,results/star_v2_final/resume_300k/SafetyCarGoal1-v0/star_v2/starv2_resume_300k_SafetyCarGoal1_v0_selected_star_v2_star_v2_s13/checkpoint/final.torch,32,0.05,raw,33.397754074896234,158.0,1000,0.158,0.0,nan,0.0,0.0,0.211,0.211,5.720470480620861
starv2_resume_300k_SafetyCarGoal1_v0_selected_star_v2_star_v2_s13,SafetyCarGoal1-v0,13,800000,results/star_v2_final/resume_300k/SafetyCarGoal1-v0/star_v2/starv2_resume_300k_SafetyCarGoal1_v0_selected_star_v2_star_v2_s13/checkpoint/final.torch,32,0.05,star_exec,32.60936202817792,163.0,1000,0.163,0.0,0.02360613965089699,0.315,0.66759375,0.183,0.183,7.645311739295721
starv2_resume_300k_SafetyCarGoal1_v0_selected_star_v2_star_v2_s13,SafetyCarGoal1-v0,13,800001,results/star_v2_final/resume_300k/SafetyCarGoal1-v0/star_v2/starv2_resume_300k_SafetyCarGoal1_v0_selected_star_v2_star_v2_s13/checkpoint/final.torch,32,0.05,raw,33.936060623550695,27.0,1000,0.027,0.0,nan,0.0,0.0,0.085,0.085,5.380264900624752
starv2_resume_300k_SafetyCarGoal1_v0_selected_star_v2_star_v2_s13,SafetyCarGoal1-v0,13,800001,results/star_v2_final/resume_300k/SafetyCarGoal1-v0/star_v2/starv2_resume_300k_SafetyCarGoal1_v0_selected_star_v2_star_v2_s13/checkpoint/final.torch,32,0.05,star_exec,36.85406712600216,47.0,1000,0.047,0.0,-0.08598542225689111,0.124,0.86765625,0.115,0.115,6.1970358937978745
starv2_resume_300k_SafetyCarGoal1_v0_selected_star_v2_star_v2_s13,SafetyCarGoal1-v0,13,800002,results/star_v2_final/resume_300k/SafetyCarGoal1-v0/star_v2/starv2_resume_300k_SafetyCarGoal1_v0_selected_star_v2_star_v2_s13/checkpoint/final.torch,32,0.05,raw,35.71420386673081,11.0,1000,0.011,0.0,nan,0.0,0.0,0.139,0.139,5.204954769462347
starv2_resume_300k_SafetyCarGoal1_v0_selected_star_v2_star_v2_s13,SafetyCarGoal1-v0,13,800002,results/star_v2_final/resume_300k/SafetyCarGoal1-v0/star_v2/starv2_resume_300k_SafetyCarGoal1_v0_selected_star_v2_star_v2_s13/checkpoint/final.torch,32,0.05,star_exec,34.610069363614734,54.0,1000,0.054,0.0,0.030915836938048717,0.208,0.773375,0.189,0.189,7.201013199985027
starv2_resume_300k_SafetyCarGoal1_v0_selected_star_v2_star_v2_s13,SafetyCarGoal1-v0,13,800003,results/star_v2_final/resume_300k/SafetyCarGoal1-v0/star_v2/starv2_resume_300k_SafetyCarGoal1_v0_selected_star_v2_star_v2_s13/checkpoint/final.torch,32,0.05,raw,35.830781975096556,87.0,1000,0.087,0.0,nan,0.0,0.0,0.116,0.116,5.045517399907112
starv2_resume_300k_SafetyCarGoal1_v0_selected_star_v2_star_v2_s13,SafetyCarGoal1-v0,13,800003,results/star_v2_final/resume_300k/SafetyCarGoal1-v0/star_v2/starv2_resume_300k_SafetyCarGoal1_v0_selected_star_v2_star_v2_s13/checkpoint/final.torch,32,0.05,star_exec,34.088621685851464,80.0,1000,0.08,0.0,0.04862188858886598,0.154,0.8375,0.125,0.125,8.345961432904005
starv2_resume_300k_SafetyCarGoal1_v0_selected_star_v2_star_v2_s13,SafetyCarGoal1-v0,13,800004,results/star_v2_final/resume_300k/SafetyCarGoal1-v0/star_v2/starv2_resume_300k_SafetyCarGoal1_v0_selected_star_v2_star_v2_s13/checkpoint/final.torch,32,0.05,raw,32.49831250916186,119.0,1000,0.119,0.0,nan,0.0,0.0,0.274,0.274,5.161970559507608
starv2_resume_300k_SafetyCarGoal1_v0_selected_star_v2_star_v2_s13,SafetyCarGoal1-v0,13,800004,results/star_v2_final/resume_300k/SafetyCarGoal1-v0/star_v2/starv2_resume_300k_SafetyCarGoal1_v0_selected_star_v2_star_v2_s13/checkpoint/final.torch,32,0.05,star_exec,31.442033243187076,66.0,1000,0.066,0.0,0.0325025881167523,0.325,0.64796875,0.252,0.252,8.323053915053606
starv2_resume_300k_SafetyCarGoal1_v0_selected_star_v2_star_v2_s13,SafetyCarGoal1-v0,13,800005,results/star_v2_final/resume_300k/SafetyCarGoal1-v0/star_v2/starv2_resume_300k_SafetyCarGoal1_v0_selected_star_v2_star_v2_s13/checkpoint/final.torch,32,0.05,raw,37.44438206741028,0.0,1000,0.0,0.0,nan,0.0,0.0,0.019,0.019,4.9111565835773945
starv2_resume_300k_SafetyCarGoal1_v0_selected_star_v2_star_v2_s13,SafetyCarGoal1-v0,13,800005,results/star_v2_final/resume_300k/SafetyCarGoal1-v0/star_v2/starv2_resume_300k_SafetyCarGoal1_v0_selected_star_v2_star_v2_s13/checkpoint/final.torch,32,0.05,star_exec,36.74458616647336,0.0,1000,0.0,0.0,0.01868894243406375,0.037,0.95684375,0.038,0.038,8.476192615926266
starv2_resume_300k_SafetyCarGoal1_v0_selected_star_v2_star_v2_s13,SafetyCarGoal1-v0,13,800006,results/star_v2_final/resume_300k/SafetyCarGoal1-v0/star_v2/starv2_resume_300k_SafetyCarGoal1_v0_selected_star_v2_star_v2_s13/checkpoint/final.torch,32,0.05,raw,32.98639211138404,174.0,1000,0.174,0.0,nan,0.0,0.0,0.271,0.271,4.951154366135597
starv2_resume_300k_SafetyCarGoal1_v0_selected_star_v2_star_v2_s13,SafetyCarGoal1-v0,13,800006,results/star_v2_final/resume_300k/SafetyCarGoal1-v0/star_v2/starv2_resume_300k_SafetyCarGoal1_v0_selected_star_v2_star_v2_s13/checkpoint/final.torch,32,0.05,star_exec,34.68697101990037,59.0,1000,0.059,0.0,-0.05155395299898333,0.262,0.72034375,0.243,0.243,8.416331715881824
starv2_resume_300k_SafetyCarGoal1_v0_selected_star_v2_star_v2_s13,SafetyCarGoal1-v0,13,800007,results/star_v2_final/resume_300k/SafetyCarGoal1-v0/star_v2/starv2_resume_300k_SafetyCarGoal1_v0_selected_star_v2_star_v2_s13/checkpoint/final.torch,32,0.05,raw,38.360989720998816,42.0,1000,0.042,0.0,nan,0.0,0.0,0.158,0.158,5.419109508395195
starv2_resume_300k_SafetyCarGoal1_v0_selected_star_v2_star_v2_s13,SafetyCarGoal1-v0,13,800007,results/star_v2_final/resume_300k/SafetyCarGoal1-v0/star_v2/starv2_resume_300k_SafetyCarGoal1_v0_selected_star_v2_star_v2_s13/checkpoint/final.torch,32,0.05,star_exec,37.18030533820983,61.0,1000,0.061,0.0,0.030778256540724296,0.134,0.8589375,0.113,0.113,8.348948191851377
starv2_resume_300k_SafetyCarGoal1_v0_selected_star_v2_star_v2_s13,SafetyCarGoal1-v0,13,800008,results/star_v2_final/resume_300k/SafetyCarGoal1-v0/star_v2/starv2_resume_300k_SafetyCarGoal1_v0_selected_star_v2_star_v2_s13/checkpoint/final.torch,32,0.05,raw,33.610771037755235,115.0,1000,0.115,0.0,nan,0.0,0.0,0.263,0.263,5.706073667854071
starv2_resume_300k_SafetyCarGoal1_v0_selected_star_v2_star_v2_s13,SafetyCarGoal1-v0,13,800008,results/star_v2_final/resume_300k/SafetyCarGoal1-v0/star_v2/starv2_resume_300k_SafetyCarGoal1_v0_selected_star_v2_star_v2_s13/checkpoint/final.torch,32,0.05,star_exec,35.36371411533454,40.0,1000,0.04,0.0,-0.05215420603145964,0.29,0.6969375,0.252,0.252,8.110848393291235
starv2_resume_300k_SafetyCarGoal1_v0_selected_star_v2_star_v2_s13,SafetyCarGoal1-v0,13,800009,results/star_v2_final/resume_300k/SafetyCarGoal1-v0/star_v2/starv2_resume_300k_SafetyCarGoal1_v0_selected_star_v2_star_v2_s13/checkpoint/final.torch,32,0.05,raw,39.78170738803154,0.0,1000,0.0,0.0,nan,0.0,0.0,0.047,0.047,5.326788034290075
starv2_resume_300k_SafetyCarGoal1_v0_selected_star_v2_star_v2_s13,SafetyCarGoal1-v0,13,800009,results/star_v2_final/resume_300k/SafetyCarGoal1-v0/star_v2/starv2_resume_300k_SafetyCarGoal1_v0_selected_star_v2_star_v2_s13/checkpoint/final.torch,32,0.05,star_exec,36.5503370888887,0.0,1000,0.0,0.0,0.08122754178507198,0.061,0.93440625,0.066,0.066,8.208971057087183
starv2_resume_300k_SafetyCarGoal1_v0_selected_star_v2_star_v2_s13,SafetyCarGoal1-v0,13,800010,results/star_v2_final/resume_300k/SafetyCarGoal1-v0/star_v2/starv2_resume_300k_SafetyCarGoal1_v0_selected_star_v2_star_v2_s13/checkpoint/final.torch,32,0.05,raw,36.36768045412925,79.0,1000,0.079,0.0,nan,0.0,0.0,0.196,0.196,4.999245136976242
starv2_resume_300k_SafetyCarGoal1_v0_selected_star_v2_star_v2_s13,SafetyCarGoal1-v0,13,800010,results/star_v2_final/resume_300k/SafetyCarGoal1-v0/star_v2/starv2_resume_300k_SafetyCarGoal1_v0_selected_star_v2_star_v2_s13/checkpoint/final.torch,32,0.05,star_exec,35.5220055512426,36.0,1000,0.036,0.0,0.023253473752699295,0.175,0.81615625,0.167,0.167,8.429678078740835
starv2_resume_300k_SafetyCarGoal1_v0_selected_star_v2_star_v2_s13,SafetyCarGoal1-v0,13,800011,results/star_v2_final/resume_300k/SafetyCarGoal1-v0/star_v2/starv2_resume_300k_SafetyCarGoal1_v0_selected_star_v2_star_v2_s13/checkpoint/final.torch,32,0.05,raw,36.04083053272072,21.0,1000,0.021,0.0,nan,0.0,0.0,0.12,0.12,5.062280725687742
starv2_resume_300k_SafetyCarGoal1_v0_selected_star_v2_star_v2_s13,SafetyCarGoal1-v0,13,800011,results/star_v2_final/resume_300k/SafetyCarGoal1-v0/star_v2/starv2_resume_300k_SafetyCarGoal1_v0_selected_star_v2_star_v2_s13/checkpoint/final.torch,32,0.05,star_exec,33.29273220594277,47.0,1000,0.047,0.0,0.07624958376813787,0.113,0.8754375,0.101,0.101,8.584645729511976
starv2_resume_300k_SafetyCarGoal1_v0_selected_star_v2_star_v2_s13,SafetyCarGoal1-v0,13,800012,results/star_v2_final/resume_300k/SafetyCarGoal1-v0/star_v2/starv2_resume_300k_SafetyCarGoal1_v0_selected_star_v2_star_v2_s13/checkpoint/final.torch,32,0.05,raw,33.455712866418324,73.0,1000,0.073,0.0,nan,0.0,0.0,0.328,0.328,4.972654156386852
starv2_resume_300k_SafetyCarGoal1_v0_selected_star_v2_star_v2_s13,SafetyCarGoal1-v0,13,800012,results/star_v2_final/resume_300k/SafetyCarGoal1-v0/star_v2/starv2_resume_300k_SafetyCarGoal1_v0_selected_star_v2_star_v2_s13/checkpoint/final.torch,32,0.05,star_exec,33.35782452896574,95.0,1000,0.095,0.0,0.002925907985982198,0.296,0.6869375,0.247,0.247,8.534142851829529
starv2_resume_300k_SafetyCarGoal1_v0_selected_star_v2_star_v2_s13,SafetyCarGoal1-v0,13,800013,results/star_v2_final/resume_300k/SafetyCarGoal1-v0/star_v2/starv2_resume_300k_SafetyCarGoal1_v0_selected_star_v2_star_v2_s13/checkpoint/final.torch,32,0.05,raw,33.008674814414476,0.0,1000,0.0,0.0,nan,0.0,0.0,0.083,0.083,5.186737060546875
starv2_resume_300k_SafetyCarGoal1_v0_selected_star_v2_star_v2_s13,SafetyCarGoal1-v0,13,800013,results/star_v2_final/resume_300k/SafetyCarGoal1-v0/star_v2/starv2_resume_300k_SafetyCarGoal1_v0_selected_star_v2_star_v2_s13/checkpoint/final.torch,32,0.05,star_exec,34.05650287218235,22.0,1000,0.022,0.0,-0.03174402073573398,0.105,0.88525,0.09,0.09,8.426504574716091
starv2_resume_300k_SafetyCarGoal1_v0_selected_star_v2_star_v2_s13,SafetyCarGoal1-v0,13,800014,results/star_v2_final/resume_300k/SafetyCarGoal1-v0/star_v2/starv2_resume_300k_SafetyCarGoal1_v0_selected_star_v2_star_v2_s13/checkpoint/final.torch,32,0.05,raw,35.35020608677776,0.0,1000,0.0,0.0,nan,0.0,0.0,0.075,0.075,5.414542626589537
starv2_resume_300k_SafetyCarGoal1_v0_selected_star_v2_star_v2_s13,SafetyCarGoal1-v0,13,800014,results/star_v2_final/resume_300k/SafetyCarGoal1-v0/star_v2/starv2_resume_300k_SafetyCarGoal1_v0_selected_star_v2_star_v2_s13/checkpoint/final.torch,32,0.05,star_exec,38.74454907049712,0.0,1000,0.0,0.0,-0.0960204581378372,0.126,0.86103125,0.139,0.139,8.378876756876707
starv2_resume_300k_SafetyCarGoal1_v0_selected_star_v2_star_v2_s13,SafetyCarGoal1-v0,13,800015,results/star_v2_final/resume_300k/SafetyCarGoal1-v0/star_v2/starv2_resume_300k_SafetyCarGoal1_v0_selected_star_v2_star_v2_s13/checkpoint/final.torch,32,0.05,raw,35.30598114716683,102.0,1000,0.102,0.0,nan,0.0,0.0,0.3,0.3,5.3228205516934395
starv2_resume_300k_SafetyCarGoal1_v0_selected_star_v2_star_v2_s13,SafetyCarGoal1-v0,13,800015,results/star_v2_final/resume_300k/SafetyCarGoal1-v0/star_v2/starv2_resume_300k_SafetyCarGoal1_v0_selected_star_v2_star_v2_s13/checkpoint/final.torch,32,0.05,star_exec,34.92180062878299,83.0,1000,0.083,0.0,0.010881457076138277,0.287,0.69975,0.233,0.233,8.382915988564491
starv2_resume_300k_SafetyCarGoal1_v0_selected_star_v2_star_v2_s13,SafetyCarGoal1-v0,13,800016,results/star_v2_final/resume_300k/SafetyCarGoal1-v0/star_v2/starv2_resume_300k_SafetyCarGoal1_v0_selected_star_v2_star_v2_s13/checkpoint/final.torch,32,0.05,raw,34.539992094635984,65.0,1000,0.065,0.0,nan,0.0,0.0,0.083,0.083,5.296235501766205
starv2_resume_300k_SafetyCarGoal1_v0_selected_star_v2_star_v2_s13,SafetyCarGoal1-v0,13,800016,results/star_v2_final/resume_300k/SafetyCarGoal1-v0/star_v2/starv2_resume_300k_SafetyCarGoal1_v0_selected_star_v2_star_v2_s13/checkpoint/final.torch,32,0.05,star_exec,38.97789940139641,39.0,1000,0.039,0.0,-0.12848605450172132,0.269,0.71346875,0.242,0.242,8.29188733175397
starv2_resume_300k_SafetyCarGoal1_v0_selected_star_v2_star_v2_s13,SafetyCarGoal1-v0,13,800017,results/star_v2_final/resume_300k/SafetyCarGoal1-v0/star_v2/starv2_resume_300k_SafetyCarGoal1_v0_selected_star_v2_star_v2_s13/checkpoint/final.torch,32,0.05,raw,37.36984787207292,70.0,1000,0.07,0.0,nan,0.0,0.0,0.179,0.179,5.2136753462255
starv2_resume_300k_SafetyCarGoal1_v0_selected_star_v2_star_v2_s13,SafetyCarGoal1-v0,13,800017,results/star_v2_final/resume_300k/SafetyCarGoal1-v0/star_v2/starv2_resume_300k_SafetyCarGoal1_v0_selected_star_v2_star_v2_s13/checkpoint/final.torch,32,0.05,star_exec,37.87385447587149,64.0,1000,0.064,0.0,-0.013486985698307447,0.141,0.85128125,0.125,0.125,8.497461840510368
starv2_resume_300k_SafetyCarGoal1_v0_selected_star_v2_star_v2_s13,SafetyCarGoal1-v0,13,800018,results/star_v2_final/resume_300k/SafetyCarGoal1-v0/star_v2/starv2_resume_300k_SafetyCarGoal1_v0_selected_star_v2_star_v2_s13/checkpoint/final.torch,32,0.05,raw,35.46417177311671,0.0,1000,0.0,0.0,nan,0.0,0.0,0.055,0.055,4.923227824270725
starv2_resume_300k_SafetyCarGoal1_v0_selected_star_v2_star_v2_s13,SafetyCarGoal1-v0,13,800018,results/star_v2_final/resume_300k/SafetyCarGoal1-v0/star_v2/starv2_resume_300k_SafetyCarGoal1_v0_selected_star_v2_star_v2_s13/checkpoint/final.torch,32,0.05,star_exec,38.81739673831162,0.0,1000,0.0,0.0,-0.09455246795688016,0.026,0.97178125,0.029,0.029,8.269961155951023
starv2_resume_300k_SafetyCarGoal1_v0_selected_star_v2_star_v2_s13,SafetyCarGoal1-v0,13,800019,results/star_v2_final/resume_300k/SafetyCarGoal1-v0/star_v2/starv2_resume_300k_SafetyCarGoal1_v0_selected_star_v2_star_v2_s13/checkpoint/final.torch,32,0.05,raw,32.57074756306521,156.0,1000,0.156,0.0,nan,0.0,0.0,0.152,0.152,4.095598757266998
starv2_resume_300k_SafetyCarGoal1_v0_selected_star_v2_star_v2_s13,SafetyCarGoal1-v0,13,800019,results/star_v2_final/resume_300k/SafetyCarGoal1-v0/star_v2/starv2_resume_300k_SafetyCarGoal1_v0_selected_star_v2_star_v2_s13/checkpoint/final.torch,32,0.05,star_exec,32.96427981940629,99.0,1000,0.099,0.0,-0.01208238329743903,0.25,0.73465625,0.186,0.186,6.269400957971811
starv2_resume_300k_SafetyCarGoal1_v0_selected_star_v2_star_v2_s14,SafetyCarGoal1-v0,14,800000,results/star_v2_final/resume_300k/SafetyCarGoal1-v0/star_v2/starv2_resume_300k_SafetyCarGoal1_v0_selected_star_v2_star_v2_s14/checkpoint/final.torch,32,0.05,raw,33.68457037598769,128.0,1000,0.128,0.0,nan,0.0,0.0,0.197,0.197,5.674693189561367
starv2_resume_300k_SafetyCarGoal1_v0_selected_star_v2_star_v2_s14,SafetyCarGoal1-v0,14,800000,results/star_v2_final/resume_300k/SafetyCarGoal1-v0/star_v2/starv2_resume_300k_SafetyCarGoal1_v0_selected_star_v2_star_v2_s14/checkpoint/final.torch,32,0.05,star_exec,32.27802643025705,145.0,1000,0.145,0.0,0.04175632730448317,0.228,0.763625,0.121,0.121,7.735716603696346
starv2_resume_300k_SafetyCarGoal1_v0_selected_star_v2_star_v2_s14,SafetyCarGoal1-v0,14,800001,results/star_v2_final/resume_300k/SafetyCarGoal1-v0/star_v2/starv2_resume_300k_SafetyCarGoal1_v0_selected_star_v2_star_v2_s14/checkpoint/final.torch,32,0.05,raw,32.822874338083075,51.0,1000,0.051,0.0,nan,0.0,0.0,0.161,0.161,5.433812279254198
starv2_resume_300k_SafetyCarGoal1_v0_selected_star_v2_star_v2_s14,SafetyCarGoal1-v0,14,800001,results/star_v2_final/resume_300k/SafetyCarGoal1-v0/star_v2/starv2_resume_300k_SafetyCarGoal1_v0_selected_star_v2_star_v2_s14/checkpoint/final.torch,32,0.05,star_exec,35.63318448509186,9.0,1000,0.009,0.0,-0.08562047668531253,0.087,0.90653125,0.086,0.086,7.449564401060343
starv2_resume_300k_SafetyCarGoal1_v0_selected_star_v2_star_v2_s14,SafetyCarGoal1-v0,14,800002,results/star_v2_final/resume_300k/SafetyCarGoal1-v0/star_v2/starv2_resume_300k_SafetyCarGoal1_v0_selected_star_v2_star_v2_s14/checkpoint/final.torch,32,0.05,raw,30.293932530826016,48.0,1000,0.048,0.0,nan,0.0,0.0,0.117,0.117,5.374983657151461
starv2_resume_300k_SafetyCarGoal1_v0_selected_star_v2_star_v2_s14,SafetyCarGoal1-v0,14,800002,results/star_v2_final/resume_300k/SafetyCarGoal1-v0/star_v2/starv2_resume_300k_SafetyCarGoal1_v0_selected_star_v2_star_v2_s14/checkpoint/final.torch,32,0.05,star_exec,32.13777019278961,0.0,1000,0.0,0.0,-0.060864916104483004,0.049,0.94003125,0.046,0.046,8.00567340478301
starv2_resume_300k_SafetyCarGoal1_v0_selected_star_v2_star_v2_s14,SafetyCarGoal1-v0,14,800003,results/star_v2_final/resume_300k/SafetyCarGoal1-v0/star_v2/starv2_resume_300k_SafetyCarGoal1_v0_selected_star_v2_star_v2_s14/checkpoint/final.torch,32,0.05,raw,35.6326151540279,33.0,1000,0.033,0.0,nan,0.0,0.0,0.241,0.241,5.225868973881006
starv2_resume_300k_SafetyCarGoal1_v0_selected_star_v2_star_v2_s14,SafetyCarGoal1-v0,14,800003,results/star_v2_final/resume_300k/SafetyCarGoal1-v0/star_v2/starv2_resume_300k_SafetyCarGoal1_v0_selected_star_v2_star_v2_s14/checkpoint/final.torch,32,0.05,star_exec,30.71545732893961,77.0,1000,0.077,0.0,0.13799598496582582,0.219,0.76990625,0.16,0.16,8.34847129881382
starv2_resume_300k_SafetyCarGoal1_v0_selected_star_v2_star_v2_s14,SafetyCarGoal1-v0,14,800004,results/star_v2_final/resume_300k/SafetyCarGoal1-v0/star_v2/starv2_resume_300k_SafetyCarGoal1_v0_selected_star_v2_star_v2_s14/checkpoint/final.torch,32,0.05,raw,32.205832566840904,157.0,1000,0.157,0.0,nan,0.0,0.0,0.22,0.22,5.173136442899704
starv2_resume_300k_SafetyCarGoal1_v0_selected_star_v2_star_v2_s14,SafetyCarGoal1-v0,14,800004,results/star_v2_final/resume_300k/SafetyCarGoal1-v0/star_v2/starv2_resume_300k_SafetyCarGoal1_v0_selected_star_v2_star_v2_s14/checkpoint/final.torch,32,0.05,star_exec,29.908593488301026,28.0,1000,0.028,0.0,0.07132990813922051,0.153,0.84075,0.139,0.139,8.594581007957458
starv2_resume_300k_SafetyCarGoal1_v0_selected_star_v2_star_v2_s14,SafetyCarGoal1-v0,14,800005,results/star_v2_final/resume_300k/SafetyCarGoal1-v0/star_v2/starv2_resume_300k_SafetyCarGoal1_v0_selected_star_v2_star_v2_s14/checkpoint/final.torch,32,0.05,raw,35.12837671952978,37.0,1000,0.037,0.0,nan,0.0,0.0,0.051,0.051,5.389585148543119
starv2_resume_300k_SafetyCarGoal1_v0_selected_star_v2_star_v2_s14,SafetyCarGoal1-v0,14,800005,results/star_v2_final/resume_300k/SafetyCarGoal1-v0/star_v2/starv2_resume_300k_SafetyCarGoal1_v0_selected_star_v2_star_v2_s14/checkpoint/final.torch,32,0.05,star_exec,36.351368089975765,11.0,1000,0.011,0.0,-0.03481491274733609,0.071,0.92484375,0.07,0.07,8.377769734710455
starv2_resume_300k_SafetyCarGoal1_v0_selected_star_v2_star_v2_s14,SafetyCarGoal1-v0,14,800006,results/star_v2_final/resume_300k/SafetyCarGoal1-v0/star_v2/starv2_resume_300k_SafetyCarGoal1_v0_selected_star_v2_star_v2_s14/checkpoint/final.torch,32,0.05,raw,31.187434702622483,123.0,1000,0.123,0.0,nan,0.0,0.0,0.159,0.159,5.380016449838877
starv2_resume_300k_SafetyCarGoal1_v0_selected_star_v2_star_v2_s14,SafetyCarGoal1-v0,14,800006,results/star_v2_final/resume_300k/SafetyCarGoal1-v0/star_v2/starv2_resume_300k_SafetyCarGoal1_v0_selected_star_v2_star_v2_s14/checkpoint/final.torch,32,0.05,star_exec,32.34182795898387,90.0,1000,0.09,0.0,-0.03701469092821275,0.239,0.75021875,0.194,0.194,8.521685790270567
starv2_resume_300k_SafetyCarGoal1_v0_selected_star_v2_star_v2_s14,SafetyCarGoal1-v0,14,800007,results/star_v2_final/resume_300k/SafetyCarGoal1-v0/star_v2/starv2_resume_300k_SafetyCarGoal1_v0_selected_star_v2_star_v2_s14/checkpoint/final.torch,32,0.05,raw,35.17530643784822,46.0,1000,0.046,0.0,nan,0.0,0.0,0.17,0.17,5.517440602183342
starv2_resume_300k_SafetyCarGoal1_v0_selected_star_v2_star_v2_s14,SafetyCarGoal1-v0,14,800007,results/star_v2_final/resume_300k/SafetyCarGoal1-v0/star_v2/starv2_resume_300k_SafetyCarGoal1_v0_selected_star_v2_star_v2_s14/checkpoint/final.torch,32,0.05,star_exec,34.498168668351674,19.0,1000,0.019,0.0,0.01925037300507933,0.214,0.76890625,0.2,0.2,8.298465091735125
starv2_resume_300k_SafetyCarGoal1_v0_selected_star_v2_star_v2_s14,SafetyCarGoal1-v0,14,800008,results/star_v2_final/resume_300k/SafetyCarGoal1-v0/star_v2/starv2_resume_300k_SafetyCarGoal1_v0_selected_star_v2_star_v2_s14/checkpoint/final.torch,32,0.05,raw,37.962367478146135,54.0,1000,0.054,0.0,nan,0.0,0.0,0.189,0.189,5.3648865930736065
starv2_resume_300k_SafetyCarGoal1_v0_selected_star_v2_star_v2_s14,SafetyCarGoal1-v0,14,800008,results/star_v2_final/resume_300k/SafetyCarGoal1-v0/star_v2/starv2_resume_300k_SafetyCarGoal1_v0_selected_star_v2_star_v2_s14/checkpoint/final.torch,32,0.05,star_exec,34.44616889596404,37.0,1000,0.037,0.0,0.09262326919432168,0.184,0.79840625,0.162,0.162,8.302612274885178
starv2_resume_300k_SafetyCarGoal1_v0_selected_star_v2_star_v2_s14,SafetyCarGoal1-v0,14,800009,results/star_v2_final/resume_300k/SafetyCarGoal1-v0/star_v2/starv2_resume_300k_SafetyCarGoal1_v0_selected_star_v2_star_v2_s14/checkpoint/final.torch,32,0.05,raw,36.30531206755991,0.0,1000,0.0,0.0,nan,0.0,0.0,0.074,0.074,5.460846375674009
starv2_resume_300k_SafetyCarGoal1_v0_selected_star_v2_star_v2_s14,SafetyCarGoal1-v0,14,800009,results/star_v2_final/resume_300k/SafetyCarGoal1-v0/star_v2/starv2_resume_300k_SafetyCarGoal1_v0_selected_star_v2_star_v2_s14/checkpoint/final.torch,32,0.05,star_exec,34.95207372346416,0.0,1000,0.0,0.0,0.03727383864866753,0.177,0.79684375,0.203,0.203,8.396547473967075
starv2_resume_300k_SafetyCarGoal1_v0_selected_star_v2_star_v2_s14,SafetyCarGoal1-v0,14,800010,results/star_v2_final/resume_300k/SafetyCarGoal1-v0/star_v2/starv2_resume_300k_SafetyCarGoal1_v0_selected_star_v2_star_v2_s14/checkpoint/final.torch,32,0.05,raw,37.68437366419533,66.0,1000,0.066,0.0,nan,0.0,0.0,0.13,0.13,5.531686753034592
starv2_resume_300k_SafetyCarGoal1_v0_selected_star_v2_star_v2_s14,SafetyCarGoal1-v0,14,800010,results/star_v2_final/resume_300k/SafetyCarGoal1-v0/star_v2/starv2_resume_300k_SafetyCarGoal1_v0_selected_star_v2_star_v2_s14/checkpoint/final.torch,32,0.05,star_exec,35.916642417916314,113.0,1000,0.113,0.0,0.046908866312366744,0.195,0.7824375,0.162,0.162,8.467399686574936
starv2_resume_300k_SafetyCarGoal1_v0_selected_star_v2_star_v2_s14,SafetyCarGoal1-v0,14,800011,results/star_v2_final/resume_300k/SafetyCarGoal1-v0/star_v2/starv2_resume_300k_SafetyCarGoal1_v0_selected_star_v2_star_v2_s14/checkpoint/final.torch,32,0.05,raw,37.928533047250916,62.0,1000,0.062,0.0,nan,0.0,0.0,0.219,0.219,5.553510196506977
starv2_resume_300k_SafetyCarGoal1_v0_selected_star_v2_star_v2_s14,SafetyCarGoal1-v0,14,800011,results/star_v2_final/resume_300k/SafetyCarGoal1-v0/star_v2/starv2_resume_300k_SafetyCarGoal1_v0_selected_star_v2_star_v2_s14/checkpoint/final.torch,32,0.05,star_exec,34.881210165850426,57.0,1000,0.057,0.0,0.08034381075598603,0.37,0.60525,0.341,0.341,8.533049192279577
starv2_resume_300k_SafetyCarGoal1_v0_selected_star_v2_star_v2_s14,SafetyCarGoal1-v0,14,800012,results/star_v2_final/resume_300k/SafetyCarGoal1-v0/star_v2/starv2_resume_300k_SafetyCarGoal1_v0_selected_star_v2_star_v2_s14/checkpoint/final.torch,32,0.05,raw,36.178388455718085,80.0,1000,0.08,0.0,nan,0.0,0.0,0.176,0.176,5.471488393843174
starv2_resume_300k_SafetyCarGoal1_v0_selected_star_v2_star_v2_s14,SafetyCarGoal1-v0,14,800012,results/star_v2_final/resume_300k/SafetyCarGoal1-v0/star_v2/starv2_resume_300k_SafetyCarGoal1_v0_selected_star_v2_star_v2_s14/checkpoint/final.torch,32,0.05,star_exec,34.57101379041545,57.0,1000,0.057,0.0,0.04442913943693328,0.238,0.727,0.226,0.226,8.487683542072773
starv2_resume_300k_SafetyCarGoal1_v0_selected_star_v2_star_v2_s14,SafetyCarGoal1-v0,14,800013,results/star_v2_final/resume_300k/SafetyCarGoal1-v0/star_v2/starv2_resume_300k_SafetyCarGoal1_v0_selected_star_v2_star_v2_s14/checkpoint/final.torch,32,0.05,raw,39.466121804119574,0.0,1000,0.0,0.0,nan,0.0,0.0,0.034,0.034,5.483824860304594
starv2_resume_300k_SafetyCarGoal1_v0_selected_star_v2_star_v2_s14,SafetyCarGoal1-v0,14,800013,results/star_v2_final/resume_300k/SafetyCarGoal1-v0/star_v2/starv2_resume_300k_SafetyCarGoal1_v0_selected_star_v2_star_v2_s14/checkpoint/final.torch,32,0.05,star_exec,33.48599205810443,41.0,1000,0.041,0.0,0.1515256496621597,0.12,0.86825,0.104,0.104,8.351582158356905
starv2_resume_300k_SafetyCarGoal1_v0_selected_star_v2_star_v2_s14,SafetyCarGoal1-v0,14,800014,results/star_v2_final/resume_300k/SafetyCarGoal1-v0/star_v2/starv2_resume_300k_SafetyCarGoal1_v0_selected_star_v2_star_v2_s14/checkpoint/final.torch,32,0.05,raw,33.348395337391935,20.0,1000,0.02,0.0,nan,0.0,0.0,0.076,0.076,5.662932477891445
starv2_resume_300k_SafetyCarGoal1_v0_selected_star_v2_star_v2_s14,SafetyCarGoal1-v0,14,800014,results/star_v2_final/resume_300k/SafetyCarGoal1-v0/star_v2/starv2_resume_300k_SafetyCarGoal1_v0_selected_star_v2_star_v2_s14/checkpoint/final.torch,32,0.05,star_exec,36.451864049751066,0.0,1000,0.0,0.0,-0.09306201035944187,0.028,0.96346875,0.028,0.028,8.442242473363876
starv2_resume_300k_SafetyCarGoal1_v0_selected_star_v2_star_v2_s14,SafetyCarGoal1-v0,14,800015,results/star_v2_final/resume_300k/SafetyCarGoal1-v0/star_v2/starv2_resume_300k_SafetyCarGoal1_v0_selected_star_v2_star_v2_s14/checkpoint/final.torch,32,0.05,raw,31.076223547454365,85.0,1000,0.085,0.0,nan,0.0,0.0,0.217,0.217,5.626831963658333
starv2_resume_300k_SafetyCarGoal1_v0_selected_star_v2_star_v2_s14,SafetyCarGoal1-v0,14,800015,results/star_v2_final/resume_300k/SafetyCarGoal1-v0/star_v2/starv2_resume_300k_SafetyCarGoal1_v0_selected_star_v2_star_v2_s14/checkpoint/final.torch,32,0.05,star_exec,33.6089568135596,61.0,1000,0.061,0.0,-0.08150067726979995,0.186,0.7990625,0.158,0.158,8.364325024187565
starv2_resume_300k_SafetyCarGoal1_v0_selected_star_v2_star_v2_s14,SafetyCarGoal1-v0,14,800016,results/star_v2_final/resume_300k/SafetyCarGoal1-v0/star_v2/starv2_resume_300k_SafetyCarGoal1_v0_selected_star_v2_star_v2_s14/checkpoint/final.torch,32,0.05,raw,36.68191169176598,48.0,1000,0.048,0.0,nan,0.0,0.0,0.256,0.256,5.428530633449554
starv2_resume_300k_SafetyCarGoal1_v0_selected_star_v2_star_v2_s14,SafetyCarGoal1-v0,14,800016,results/star_v2_final/resume_300k/SafetyCarGoal1-v0/star_v2/starv2_resume_300k_SafetyCarGoal1_v0_selected_star_v2_star_v2_s14/checkpoint/final.torch,32,0.05,star_exec,31.612860170671357,131.0,1000,0.131,0.0,0.13818940418616402,0.236,0.7408125,0.203,0.203,8.255365431308746
starv2_resume_300k_SafetyCarGoal1_v0_selected_star_v2_star_v2_s14,SafetyCarGoal1-v0,14,800017,results/star_v2_final/resume_300k/SafetyCarGoal1-v0/star_v2/starv2_resume_300k_SafetyCarGoal1_v0_selected_star_v2_star_v2_s14/checkpoint/final.torch,32,0.05,raw,34.93275286477827,41.0,1000,0.041,0.0,nan,0.0,0.0,0.223,0.223,5.3427735306322575
starv2_resume_300k_SafetyCarGoal1_v0_selected_star_v2_star_v2_s14,SafetyCarGoal1-v0,14,800017,results/star_v2_final/resume_300k/SafetyCarGoal1-v0/star_v2/starv2_resume_300k_SafetyCarGoal1_v0_selected_star_v2_star_v2_s14/checkpoint/final.torch,32,0.05,star_exec,36.94549329913951,89.0,1000,0.089,0.0,-0.0576175728878964,0.271,0.711375,0.226,0.226,8.251185517758131
starv2_resume_300k_SafetyCarGoal1_v0_selected_star_v2_star_v2_s14,SafetyCarGoal1-v0,14,800018,results/star_v2_final/resume_300k/SafetyCarGoal1-v0/star_v2/starv2_resume_300k_SafetyCarGoal1_v0_selected_star_v2_star_v2_s14/checkpoint/final.torch,32,0.05,raw,31.850026145880584,0.0,1000,0.0,0.0,nan,0.0,0.0,0.017,0.017,5.417415112257004
starv2_resume_300k_SafetyCarGoal1_v0_selected_star_v2_star_v2_s14,SafetyCarGoal1-v0,14,800018,results/star_v2_final/resume_300k/SafetyCarGoal1-v0/star_v2/starv2_resume_300k_SafetyCarGoal1_v0_selected_star_v2_star_v2_s14/checkpoint/final.torch,32,0.05,star_exec,31.9207023698303,0.0,1000,0.0,0.0,-0.0022190318973680226,0.004,0.99584375,0.004,0.004,7.933540154248476
starv2_resume_300k_SafetyCarGoal1_v0_selected_star_v2_star_v2_s14,SafetyCarGoal1-v0,14,800019,results/star_v2_final/resume_300k/SafetyCarGoal1-v0/star_v2/starv2_resume_300k_SafetyCarGoal1_v0_selected_star_v2_star_v2_s14/checkpoint/final.torch,32,0.05,raw,33.724465708948294,11.0,1000,0.011,0.0,nan,0.0,0.0,0.055,0.055,4.307350393384695
starv2_resume_300k_SafetyCarGoal1_v0_selected_star_v2_star_v2_s14,SafetyCarGoal1-v0,14,800019,results/star_v2_final/resume_300k/SafetyCarGoal1-v0/star_v2/starv2_resume_300k_SafetyCarGoal1_v0_selected_star_v2_star_v2_s14/checkpoint/final.torch,32,0.05,star_exec,33.85847028493431,146.0,1000,0.146,0.0,-0.003973512201572485,0.332,0.65625,0.223,0.223,4.895248770713806
starv2_core_100k_SafetyPointButton1_v0_selected_star_v2_star_v2_s10,SafetyPointButton1-v0,10,800000,results/star_v2_final/resume_300k/SafetyPointButton1-v0/star_v2/starv2_core_100k_SafetyPointButton1_v0_selected_star_v2_star_v2_s10/checkpoint/final.torch,32,0.05,raw,27.432006156109335,203.0,1000,0.203,0.0,nan,0.0,0.0,0.532,0.532,5.545270808041096
starv2_core_100k_SafetyPointButton1_v0_selected_star_v2_star_v2_s10,SafetyPointButton1-v0,10,800000,results/star_v2_final/resume_300k/SafetyPointButton1-v0/star_v2/starv2_core_100k_SafetyPointButton1_v0_selected_star_v2_star_v2_s10/checkpoint/final.torch,32,0.05,star_exec,27.706865309362566,112.0,1000,0.112,0.0,-0.010019651923708038,0.771,0.19409375,0.681,0.681,8.122554682195187
starv2_core_100k_SafetyPointButton1_v0_selected_star_v2_star_v2_s10,SafetyPointButton1-v0,10,800001,results/star_v2_final/resume_300k/SafetyPointButton1-v0/star_v2/starv2_core_100k_SafetyPointButton1_v0_selected_star_v2_star_v2_s10/checkpoint/final.torch,32,0.05,raw,16.860287494270356,120.0,1000,0.12,0.0,nan,0.0,0.0,0.447,0.447,5.335477627813816
starv2_core_100k_SafetyPointButton1_v0_selected_star_v2_star_v2_s10,SafetyPointButton1-v0,10,800001,results/star_v2_final/resume_300k/SafetyPointButton1-v0/star_v2/starv2_core_100k_SafetyPointButton1_v0_selected_star_v2_star_v2_s10/checkpoint/final.torch,32,0.05,star_exec,27.02376151283501,105.0,1000,0.105,0.0,-0.60280549913627,0.679,0.24121875,0.653,0.653,8.523494336754084
starv2_core_100k_SafetyPointButton1_v0_selected_star_v2_star_v2_s10,SafetyPointButton1-v0,10,800002,results/star_v2_final/resume_300k/SafetyPointButton1-v0/star_v2/starv2_core_100k_SafetyPointButton1_v0_selected_star_v2_star_v2_s10/checkpoint/final.torch,32,0.05,raw,20.888875376558353,144.0,1000,0.144,0.0,nan,0.0,0.0,0.694,0.694,5.429194733500481
starv2_core_100k_SafetyPointButton1_v0_selected_star_v2_star_v2_s10,SafetyPointButton1-v0,10,800002,results/star_v2_final/resume_300k/SafetyPointButton1-v0/star_v2/starv2_core_100k_SafetyPointButton1_v0_selected_star_v2_star_v2_s10/checkpoint/final.torch,32,0.05,star_exec,14.417693484102307,156.0,1000,0.156,0.0,0.30979082290461907,0.772,0.144625,0.672,0.672,8.573054730892181
starv2_core_100k_SafetyPointButton1_v0_selected_star_v2_star_v2_s10,SafetyPointButton1-v0,10,800003,results/star_v2_final/resume_300k/SafetyPointButton1-v0/star_v2/starv2_core_100k_SafetyPointButton1_v0_selected_star_v2_star_v2_s10/checkpoint/final.torch,32,0.05,raw,13.569340676846416,89.0,1000,0.089,0.0,nan,0.0,0.0,0.703,0.703,5.384302124381065
starv2_core_100k_SafetyPointButton1_v0_selected_star_v2_star_v2_s10,SafetyPointButton1-v0,10,800003,results/star_v2_final/resume_300k/SafetyPointButton1-v0/star_v2/starv2_core_100k_SafetyPointButton1_v0_selected_star_v2_star_v2_s10/checkpoint/final.torch,32,0.05,star_exec,14.929640482100924,154.0,1000,0.154,0.0,-0.10024803987533523,0.709,0.20490625,0.655,0.655,8.472122922539711
starv2_core_100k_SafetyPointButton1_v0_selected_star_v2_star_v2_s10,SafetyPointButton1-v0,10,800004,results/star_v2_final/resume_300k/SafetyPointButton1-v0/star_v2/starv2_core_100k_SafetyPointButton1_v0_selected_star_v2_star_v2_s10/checkpoint/final.torch,32,0.05,raw,19.566519008471975,271.0,1000,0.271,0.0,nan,0.0,0.0,0.545,0.545,5.394736431539059
starv2_core_100k_SafetyPointButton1_v0_selected_star_v2_star_v2_s10,SafetyPointButton1-v0,10,800004,results/star_v2_final/resume_300k/SafetyPointButton1-v0/star_v2/starv2_core_100k_SafetyPointButton1_v0_selected_star_v2_star_v2_s10/checkpoint/final.torch,32,0.05,star_exec,15.881714442376287,178.0,1000,0.178,0.0,0.1883219270888311,0.839,0.1249375,0.669,0.669,8.552812855690718
starv2_core_100k_SafetyPointButton1_v0_selected_star_v2_star_v2_s10,SafetyPointButton1-v0,10,800005,results/star_v2_final/resume_300k/SafetyPointButton1-v0/star_v2/starv2_core_100k_SafetyPointButton1_v0_selected_star_v2_star_v2_s10/checkpoint/final.torch,32,0.05,raw,29.92495595315659,117.0,1000,0.117,0.0,nan,0.0,0.0,0.529,0.529,5.402185365557671
starv2_core_100k_SafetyPointButton1_v0_selected_star_v2_star_v2_s10,SafetyPointButton1-v0,10,800005,results/star_v2_final/resume_300k/SafetyPointButton1-v0/star_v2/starv2_core_100k_SafetyPointButton1_v0_selected_star_v2_star_v2_s10/checkpoint/final.torch,32,0.05,star_exec,28.070467915151188,11.0,1000,0.011,0.0,0.061971287139347825,0.676,0.25309375,0.7,0.7,8.51559992134571
starv2_core_100k_SafetyPointButton1_v0_selected_star_v2_star_v2_s10,SafetyPointButton1-v0,10,800006,results/star_v2_final/resume_300k/SafetyPointButton1-v0/star_v2/starv2_core_100k_SafetyPointButton1_v0_selected_star_v2_star_v2_s10/checkpoint/final.torch,32,0.05,raw,29.567133890380752,72.0,1000,0.072,0.0,nan,0.0,0.0,0.742,0.742,5.537921324372292
starv2_core_100k_SafetyPointButton1_v0_selected_star_v2_star_v2_s10,SafetyPointButton1-v0,10,800006,results/star_v2_final/resume_300k/SafetyPointButton1-v0/star_v2/starv2_core_100k_SafetyPointButton1_v0_selected_star_v2_star_v2_s10/checkpoint/final.torch,32,0.05,star_exec,21.302310050586875,218.0,1000,0.218,0.0,0.2795273924904409,0.816,0.13025,0.633,0.633,8.522459242492914
starv2_core_100k_SafetyPointButton1_v0_selected_star_v2_star_v2_s10,SafetyPointButton1-v0,10,800007,results/star_v2_final/resume_300k/SafetyPointButton1-v0/star_v2/starv2_core_100k_SafetyPointButton1_v0_selected_star_v2_star_v2_s10/checkpoint/final.torch,32,0.05,raw,29.39346626700168,122.0,1000,0.122,0.0,nan,0.0,0.0,0.566,0.566,5.549430686980486
starv2_core_100k_SafetyPointButton1_v0_selected_star_v2_star_v2_s10,SafetyPointButton1-v0,10,800007,results/star_v2_final/resume_300k/SafetyPointButton1-v0/star_v2/starv2_core_100k_SafetyPointButton1_v0_selected_star_v2_star_v2_s10/checkpoint/final.torch,32,0.05,star_exec,27.059650911955007,159.0,1000,0.159,0.0,0.07939911998969348,0.745,0.215125,0.611,0.611,8.62339560687542
starv2_core_100k_SafetyPointButton1_v0_selected_star_v2_star_v2_s10,SafetyPointButton1-v0,10,800008,results/star_v2_final/resume_300k/SafetyPointButton1-v0/star_v2/starv2_core_100k_SafetyPointButton1_v0_selected_star_v2_star_v2_s10/checkpoint/final.torch,32,0.05,raw,9.84831396996052,149.0,1000,0.149,0.0,nan,0.0,0.0,0.665,0.665,5.564830776304007
starv2_core_100k_SafetyPointButton1_v0_selected_star_v2_star_v2_s10,SafetyPointButton1-v0,10,800008,results/star_v2_final/resume_300k/SafetyPointButton1-v0/star_v2/starv2_core_100k_SafetyPointButton1_v0_selected_star_v2_star_v2_s10/checkpoint/final.torch,32,0.05,star_exec,22.464573424884932,14.0,1000,0.014,0.0,-1.2810578027271189,0.447,0.49378125,0.434,0.434,8.542017884552479
starv2_core_100k_SafetyPointButton1_v0_selected_star_v2_star_v2_s10,SafetyPointButton1-v0,10,800009,results/star_v2_final/resume_300k/SafetyPointButton1-v0/star_v2/starv2_core_100k_SafetyPointButton1_v0_selected_star_v2_star_v2_s10/checkpoint/final.torch,32,0.05,raw,21.30254110925691,123.0,1000,0.123,0.0,nan,0.0,0.0,0.653,0.653,5.516521129757166
starv2_core_100k_SafetyPointButton1_v0_selected_star_v2_star_v2_s10,SafetyPointButton1-v0,10,800009,results/star_v2_final/resume_300k/SafetyPointButton1-v0/star_v2/starv2_core_100k_SafetyPointButton1_v0_selected_star_v2_star_v2_s10/checkpoint/final.torch,32,0.05,star_exec,16.57911488081129,85.0,1000,0.085,0.0,0.221730647260344,0.811,0.1418125,0.746,0.746,8.692484229803085
starv2_core_100k_SafetyPointButton1_v0_selected_star_v2_star_v2_s10,SafetyPointButton1-v0,10,800010,results/star_v2_final/resume_300k/SafetyPointButton1-v0/star_v2/starv2_core_100k_SafetyPointButton1_v0_selected_star_v2_star_v2_s10/checkpoint/final.torch,32,0.05,raw,8.180365921208836,263.0,1000,0.263,0.0,nan,0.0,0.0,0.629,0.629,5.433885671198368
starv2_core_100k_SafetyPointButton1_v0_selected_star_v2_star_v2_s10,SafetyPointButton1-v0,10,800010,results/star_v2_final/resume_300k/SafetyPointButton1-v0/star_v2/starv2_core_100k_SafetyPointButton1_v0_selected_star_v2_star_v2_s10/checkpoint/final.torch,32,0.05,star_exec,15.02753965242688,114.0,1000,0.114,0.0,-0.8370253601328164,0.84,0.12178125,0.768,0.768,8.616734497249126
starv2_core_100k_SafetyPointButton1_v0_selected_star_v2_star_v2_s10,SafetyPointButton1-v0,10,800011,results/star_v2_final/resume_300k/SafetyPointButton1-v0/star_v2/starv2_core_100k_SafetyPointButton1_v0_selected_star_v2_star_v2_s10/checkpoint/final.torch,32,0.05,raw,20.97656728236336,152.0,1000,0.152,0.0,nan,0.0,0.0,0.61,0.61,5.403227016329765
starv2_core_100k_SafetyPointButton1_v0_selected_star_v2_star_v2_s10,SafetyPointButton1-v0,10,800011,results/star_v2_final/resume_300k/SafetyPointButton1-v0/star_v2/starv2_core_100k_SafetyPointButton1_v0_selected_star_v2_star_v2_s10/checkpoint/final.torch,32,0.05,star_exec,28.630812706470124,135.0,1000,0.135,0.0,-0.3648950431724016,0.694,0.253875,0.579,0.579,8.571524024009705
starv2_core_100k_SafetyPointButton1_v0_selected_star_v2_star_v2_s10,SafetyPointButton1-v0,10,800012,results/star_v2_final/resume_300k/SafetyPointButton1-v0/star_v2/starv2_core_100k_SafetyPointButton1_v0_selected_star_v2_star_v2_s10/checkpoint/final.torch,32,0.05,raw,18.89796554382334,283.0,1000,0.283,0.0,nan,0.0,0.0,0.512,0.512,5.256532192230225
starv2_core_100k_SafetyPointButton1_v0_selected_star_v2_star_v2_s10,SafetyPointButton1-v0,10,800012,results/star_v2_final/resume_300k/SafetyPointButton1-v0/star_v2/starv2_core_100k_SafetyPointButton1_v0_selected_star_v2_star_v2_s10/checkpoint/final.torch,32,0.05,star_exec,24.321077450277492,147.0,1000,0.147,0.0,-0.28696802805985944,0.817,0.130375,0.689,0.689,8.559017516672611
starv2_core_100k_SafetyPointButton1_v0_selected_star_v2_star_v2_s10,SafetyPointButton1-v0,10,800013,results/star_v2_final/resume_300k/SafetyPointButton1-v0/star_v2/starv2_core_100k_SafetyPointButton1_v0_selected_star_v2_star_v2_s10/checkpoint/final.torch,32,0.05,raw,27.944705630503094,81.0,1000,0.081,0.0,nan,0.0,0.0,0.652,0.652,5.293764606118202
starv2_core_100k_SafetyPointButton1_v0_selected_star_v2_star_v2_s10,SafetyPointButton1-v0,10,800013,results/star_v2_final/resume_300k/SafetyPointButton1-v0/star_v2/starv2_core_100k_SafetyPointButton1_v0_selected_star_v2_star_v2_s10/checkpoint/final.torch,32,0.05,star_exec,18.030298211286194,166.0,1000,0.166,0.0,0.3547866114715773,0.846,0.12721875,0.691,0.691,8.529471591114998
starv2_core_100k_SafetyPointButton1_v0_selected_star_v2_star_v2_s10,SafetyPointButton1-v0,10,800014,results/star_v2_final/resume_300k/SafetyPointButton1-v0/star_v2/starv2_core_100k_SafetyPointButton1_v0_selected_star_v2_star_v2_s10/checkpoint/final.torch,32,0.05,raw,24.666223111326882,154.0,1000,0.154,0.0,nan,0.0,0.0,0.658,0.658,5.340235289186239
starv2_core_100k_SafetyPointButton1_v0_selected_star_v2_star_v2_s10,SafetyPointButton1-v0,10,800014,results/star_v2_final/resume_300k/SafetyPointButton1-v0/star_v2/starv2_core_100k_SafetyPointButton1_v0_selected_star_v2_star_v2_s10/checkpoint/final.torch,32,0.05,star_exec,29.71296050766359,38.0,1000,0.038,0.0,-0.20460114114589406,0.937,0.0374375,0.898,0.898,8.573250204324722
starv2_core_100k_SafetyPointButton1_v0_selected_star_v2_star_v2_s10,SafetyPointButton1-v0,10,800015,results/star_v2_final/resume_300k/SafetyPointButton1-v0/star_v2/starv2_core_100k_SafetyPointButton1_v0_selected_star_v2_star_v2_s10/checkpoint/final.torch,32,0.05,raw,12.537812034231932,245.0,1000,0.245,0.0,nan,0.0,0.0,0.67,0.67,5.259445209056139
starv2_core_100k_SafetyPointButton1_v0_selected_star_v2_star_v2_s10,SafetyPointButton1-v0,10,800015,results/star_v2_final/resume_300k/SafetyPointButton1-v0/star_v2/starv2_core_100k_SafetyPointButton1_v0_selected_star_v2_star_v2_s10/checkpoint/final.torch,32,0.05,star_exec,18.821443184550983,233.0,1000,0.233,0.0,-0.5011744579646658,0.721,0.22575,0.545,0.545,7.33788638561964
starv2_core_100k_SafetyPointButton1_v0_selected_star_v2_star_v2_s10,SafetyPointButton1-v0,10,800016,results/star_v2_final/resume_300k/SafetyPointButton1-v0/star_v2/starv2_core_100k_SafetyPointButton1_v0_selected_star_v2_star_v2_s10/checkpoint/final.torch,32,0.05,raw,23.710474020831338,190.0,1000,0.19,0.0,nan,0.0,0.0,0.588,0.588,5.14820596203208
starv2_core_100k_SafetyPointButton1_v0_selected_star_v2_star_v2_s10,SafetyPointButton1-v0,10,800016,results/star_v2_final/resume_300k/SafetyPointButton1-v0/star_v2/starv2_core_100k_SafetyPointButton1_v0_selected_star_v2_star_v2_s10/checkpoint/final.torch,32,0.05,star_exec,21.97873678486718,59.0,1000,0.059,0.0,0.07303680366924352,0.78,0.185,0.735,0.735,5.339576054364443
starv2_core_100k_SafetyPointButton1_v0_selected_star_v2_star_v2_s10,SafetyPointButton1-v0,10,800017,results/star_v2_final/resume_300k/SafetyPointButton1-v0/star_v2/starv2_core_100k_SafetyPointButton1_v0_selected_star_v2_star_v2_s10/checkpoint/final.torch,32,0.05,raw,26.398640066621386,44.0,1000,0.044,0.0,nan,0.0,0.0,0.426,0.426,3.9363420344889164
starv2_core_100k_SafetyPointButton1_v0_selected_star_v2_star_v2_s10,SafetyPointButton1-v0,10,800017,results/star_v2_final/resume_300k/SafetyPointButton1-v0/star_v2/starv2_core_100k_SafetyPointButton1_v0_selected_star_v2_star_v2_s10/checkpoint/final.torch,32,0.05,star_exec,26.82153449624194,97.0,1000,0.097,0.0,-0.016019553604023185,0.485,0.42896875,0.422,0.422,5.222792468965054
starv2_core_100k_SafetyPointButton1_v0_selected_star_v2_star_v2_s10,SafetyPointButton1-v0,10,800018,results/star_v2_final/resume_300k/SafetyPointButton1-v0/star_v2/starv2_core_100k_SafetyPointButton1_v0_selected_star_v2_star_v2_s10/checkpoint/final.torch,32,0.05,raw,17.46063542820913,139.0,1000,0.139,0.0,nan,0.0,0.0,0.702,0.702,5.722601812332869
starv2_core_100k_SafetyPointButton1_v0_selected_star_v2_star_v2_s10,SafetyPointButton1-v0,10,800018,results/star_v2_final/resume_300k/SafetyPointButton1-v0/star_v2/starv2_core_100k_SafetyPointButton1_v0_selected_star_v2_star_v2_s10/checkpoint/final.torch,32,0.05,star_exec,21.40206468253956,140.0,1000,0.14,0.0,-0.22573229196245162,0.898,0.08646875,0.743,0.743,5.475619103759527
starv2_core_100k_SafetyPointButton1_v0_selected_star_v2_star_v2_s10,SafetyPointButton1-v0,10,800019,results/star_v2_final/resume_300k/SafetyPointButton1-v0/star_v2/starv2_core_100k_SafetyPointButton1_v0_selected_star_v2_star_v2_s10/checkpoint/final.torch,32,0.05,raw,21.92869180888954,133.0,1000,0.133,0.0,nan,0.0,0.0,0.62,0.62,5.321442261338234
starv2_core_100k_SafetyPointButton1_v0_selected_star_v2_star_v2_s10,SafetyPointButton1-v0,10,800019,results/star_v2_final/resume_300k/SafetyPointButton1-v0/star_v2/starv2_core_100k_SafetyPointButton1_v0_selected_star_v2_star_v2_s10/checkpoint/final.torch,32,0.05,star_exec,30.94230091133246,73.0,1000,0.073,0.0,-0.41104180682538244,0.833,0.13128125,0.748,0.748,4.899264495819807
starv2_core_100k_SafetyPointButton1_v0_selected_star_v2_star_v2_s11,SafetyPointButton1-v0,11,800000,results/star_v2_final/resume_300k/SafetyPointButton1-v0/star_v2/starv2_core_100k_SafetyPointButton1_v0_selected_star_v2_star_v2_s11/checkpoint/final.torch,32,0.05,raw,20.93027956024768,250.0,1000,0.25,0.0,nan,0.0,0.0,0.456,0.456,5.508201282471418
starv2_core_100k_SafetyPointButton1_v0_selected_star_v2_star_v2_s11,SafetyPointButton1-v0,11,800000,results/star_v2_final/resume_300k/SafetyPointButton1-v0/star_v2/starv2_core_100k_SafetyPointButton1_v0_selected_star_v2_star_v2_s11/checkpoint/final.torch,32,0.05,star_exec,24.29077451113857,215.0,1000,0.215,0.0,-0.16055662043202648,0.801,0.17090625,0.597,0.597,7.814384162425995
starv2_core_100k_SafetyPointButton1_v0_selected_star_v2_star_v2_s11,SafetyPointButton1-v0,11,800001,results/star_v2_final/resume_300k/SafetyPointButton1-v0/star_v2/starv2_core_100k_SafetyPointButton1_v0_selected_star_v2_star_v2_s11/checkpoint/final.torch,32,0.05,raw,15.95434766884678,60.0,1000,0.06,0.0,nan,0.0,0.0,0.517,0.517,5.198026802390814
starv2_core_100k_SafetyPointButton1_v0_selected_star_v2_star_v2_s11,SafetyPointButton1-v0,11,800001,results/star_v2_final/resume_300k/SafetyPointButton1-v0/star_v2/starv2_core_100k_SafetyPointButton1_v0_selected_star_v2_star_v2_s11/checkpoint/final.torch,32,0.05,star_exec,16.27540157655078,109.0,1000,0.109,0.0,-0.02012328641495678,0.849,0.1155625,0.75,0.75,8.354393038898706
starv2_core_100k_SafetyPointButton1_v0_selected_star_v2_star_v2_s11,SafetyPointButton1-v0,11,800002,results/star_v2_final/resume_300k/SafetyPointButton1-v0/star_v2/starv2_core_100k_SafetyPointButton1_v0_selected_star_v2_star_v2_s11/checkpoint/final.torch,32,0.05,raw,5.186158786416705,573.0,1000,0.573,0.0,nan,0.0,0.0,0.389,0.389,5.089070364832878
starv2_core_100k_SafetyPointButton1_v0_selected_star_v2_star_v2_s11,SafetyPointButton1-v0,11,800002,results/star_v2_final/resume_300k/SafetyPointButton1-v0/star_v2/starv2_core_100k_SafetyPointButton1_v0_selected_star_v2_star_v2_s11/checkpoint/final.torch,32,0.05,star_exec,11.282788956126723,486.0,1000,0.486,0.0,-1.1755579458303453,0.918,0.055375,0.444,0.444,8.463956203311682
starv2_core_100k_SafetyPointButton1_v0_selected_star_v2_star_v2_s11,SafetyPointButton1-v0,11,800003,results/star_v2_final/resume_300k/SafetyPointButton1-v0/star_v2/starv2_core_100k_SafetyPointButton1_v0_selected_star_v2_star_v2_s11/checkpoint/final.torch,32,0.05,raw,0.07246479315761811,0.0,1000,0.0,0.0,nan,0.0,0.0,0.752,0.752,5.161634091287851
starv2_core_100k_SafetyPointButton1_v0_selected_star_v2_star_v2_s11,SafetyPointButton1-v0,11,800003,results/star_v2_final/resume_300k/SafetyPointButton1-v0/star_v2/starv2_core_100k_SafetyPointButton1_v0_selected_star_v2_star_v2_s11/checkpoint/final.torch,32,0.05,star_exec,19.638414711758454,80.0,1000,0.08,0.0,-270.0062894824381,0.765,0.1865,0.707,0.707,8.45327403396368
starv2_core_100k_SafetyPointButton1_v0_selected_star_v2_star_v2_s11,SafetyPointButton1-v0,11,800004,results/star_v2_final/resume_300k/SafetyPointButton1-v0/star_v2/starv2_core_100k_SafetyPointButton1_v0_selected_star_v2_star_v2_s11/checkpoint/final.torch,32,0.05,raw,24.327879073003032,175.0,1000,0.175,0.0,nan,0.0,0.0,0.704,0.704,5.0663843378424644
starv2_core_100k_SafetyPointButton1_v0_selected_star_v2_star_v2_s11,SafetyPointButton1-v0,11,800004,results/star_v2_final/resume_300k/SafetyPointButton1-v0/star_v2/starv2_core_100k_SafetyPointButton1_v0_selected_star_v2_star_v2_s11/checkpoint/final.torch,32,0.05,star_exec,21.671365460819324,97.0,1000,0.097,0.0,0.10919626837226747,0.776,0.1805625,0.686,0.686,8.48843116313219
starv2_core_100k_SafetyPointButton1_v0_selected_star_v2_star_v2_s11,SafetyPointButton1-v0,11,800005,results/star_v2_final/resume_300k/SafetyPointButton1-v0/star_v2/starv2_core_100k_SafetyPointButton1_v0_selected_star_v2_star_v2_s11/checkpoint/final.torch,32,0.05,raw,19.14003138672923,181.0,1000,0.181,0.0,nan,0.0,0.0,0.508,0.508,5.10024381056428
starv2_core_100k_SafetyPointButton1_v0_selected_star_v2_star_v2_s11,SafetyPointButton1-v0,11,800005,results/star_v2_final/resume_300k/SafetyPointButton1-v0/star_v2/starv2_core_100k_SafetyPointButton1_v0_selected_star_v2_star_v2_s11/checkpoint/final.torch,32,0.05,star_exec,6.392554666151804,1.0,1000,0.001,0.0,0.6660112756876622,0.722,0.20378125,0.796,0.796,8.43547210842371
starv2_core_100k_SafetyPointButton1_v0_selected_star_v2_star_v2_s11,SafetyPointButton1-v0,11,800006,results/star_v2_final/resume_300k/SafetyPointButton1-v0/star_v2/starv2_core_100k_SafetyPointButton1_v0_selected_star_v2_star_v2_s11/checkpoint/final.torch,32,0.05,raw,32.55789420324643,50.0,1000,0.05,0.0,nan,0.0,0.0,0.634,0.634,5.52371434122324
starv2_core_100k_SafetyPointButton1_v0_selected_star_v2_star_v2_s11,SafetyPointButton1-v0,11,800006,results/star_v2_final/resume_300k/SafetyPointButton1-v0/star_v2/starv2_core_100k_SafetyPointButton1_v0_selected_star_v2_star_v2_s11/checkpoint/final.torch,32,0.05,star_exec,21.01080946056902,133.0,1000,0.133,0.0,0.3546631324063341,0.698,0.26834375,0.608,0.608,8.367394682019949
starv2_core_100k_SafetyPointButton1_v0_selected_star_v2_star_v2_s11,SafetyPointButton1-v0,11,800007,results/star_v2_final/resume_300k/SafetyPointButton1-v0/star_v2/starv2_core_100k_SafetyPointButton1_v0_selected_star_v2_star_v2_s11/checkpoint/final.torch,32,0.05,raw,20.84248585169513,225.0,1000,0.225,0.0,nan,0.0,0.0,0.591,0.591,5.117995843291283
starv2_core_100k_SafetyPointButton1_v0_selected_star_v2_star_v2_s11,SafetyPointButton1-v0,11,800007,results/star_v2_final/resume_300k/SafetyPointButton1-v0/star_v2/starv2_core_100k_SafetyPointButton1_v0_selected_star_v2_star_v2_s11/checkpoint/final.torch,32,0.05,star_exec,19.48964600814192,155.0,1000,0.155,0.0,0.06490779713990698,0.915,0.068375,0.78,0.78,8.498136080801487
starv2_core_100k_SafetyPointButton1_v0_selected_star_v2_star_v2_s11,SafetyPointButton1-v0,11,800008,results/star_v2_final/resume_300k/SafetyPointButton1-v0/star_v2/starv2_core_100k_SafetyPointButton1_v0_selected_star_v2_star_v2_s11/checkpoint/final.torch,32,0.05,raw,22.505237876182218,137.0,1000,0.137,0.0,nan,0.0,0.0,0.425,0.425,5.178549714386463
starv2_core_100k_SafetyPointButton1_v0_selected_star_v2_star_v2_s11,SafetyPointButton1-v0,11,800008,results/star_v2_final/resume_300k/SafetyPointButton1-v0/star_v2/starv2_core_100k_SafetyPointButton1_v0_selected_star_v2_star_v2_s11/checkpoint/final.torch,32,0.05,star_exec,18.05584399887637,232.0,1000,0.232,0.0,0.19770481439855112,0.592,0.34871875,0.403,0.403,8.632571637630463
starv2_core_100k_SafetyPointButton1_v0_selected_star_v2_star_v2_s11,SafetyPointButton1-v0,11,800009,results/star_v2_final/resume_300k/SafetyPointButton1-v0/star_v2/starv2_core_100k_SafetyPointButton1_v0_selected_star_v2_star_v2_s11/checkpoint/final.torch,32,0.05,raw,15.855311352217493,90.0,1000,0.09,0.0,nan,0.0,0.0,0.659,0.659,5.127433463931084
starv2_core_100k_SafetyPointButton1_v0_selected_star_v2_star_v2_s11,SafetyPointButton1-v0,11,800009,results/star_v2_final/resume_300k/SafetyPointButton1-v0/star_v2/starv2_core_100k_SafetyPointButton1_v0_selected_star_v2_star_v2_s11/checkpoint/final.torch,32,0.05,star_exec,25.302629052581487,131.0,1000,0.131,0.0,-0.5958456122681383,0.818,0.1478125,0.693,0.693,8.5293505564332
starv2_core_100k_SafetyPointButton1_v0_selected_star_v2_star_v2_s11,SafetyPointButton1-v0,11,800010,results/star_v2_final/resume_300k/SafetyPointButton1-v0/star_v2/starv2_core_100k_SafetyPointButton1_v0_selected_star_v2_star_v2_s11/checkpoint/final.torch,32,0.05,raw,24.832769055825352,79.0,1000,0.079,0.0,nan,0.0,0.0,0.606,0.606,5.076969843357801
starv2_core_100k_SafetyPointButton1_v0_selected_star_v2_star_v2_s11,SafetyPointButton1-v0,11,800010,results/star_v2_final/resume_300k/SafetyPointButton1-v0/star_v2/starv2_core_100k_SafetyPointButton1_v0_selected_star_v2_star_v2_s11/checkpoint/final.torch,32,0.05,star_exec,14.667814832198289,124.0,1000,0.124,0.0,0.4093363168954586,0.588,0.35221875,0.522,0.522,8.512064438313246
starv2_core_100k_SafetyPointButton1_v0_selected_star_v2_star_v2_s11,SafetyPointButton1-v0,11,800011,results/star_v2_final/resume_300k/SafetyPointButton1-v0/star_v2/starv2_core_100k_SafetyPointButton1_v0_selected_star_v2_star_v2_s11/checkpoint/final.torch,32,0.05,raw,0.7912463551371319,236.0,1000,0.236,0.0,nan,0.0,0.0,0.584,0.584,5.144853759557009
starv2_core_100k_SafetyPointButton1_v0_selected_star_v2_star_v2_s11,SafetyPointButton1-v0,11,800011,results/star_v2_final/resume_300k/SafetyPointButton1-v0/star_v2/starv2_core_100k_SafetyPointButton1_v0_selected_star_v2_star_v2_s11/checkpoint/final.torch,32,0.05,star_exec,12.488047933605477,165.0,1000,0.165,0.0,-14.78275571511626,0.715,0.2061875,0.622,0.622,8.49076121672988
starv2_core_100k_SafetyPointButton1_v0_selected_star_v2_star_v2_s11,SafetyPointButton1-v0,11,800012,results/star_v2_final/resume_300k/SafetyPointButton1-v0/star_v2/starv2_core_100k_SafetyPointButton1_v0_selected_star_v2_star_v2_s11/checkpoint/final.torch,32,0.05,raw,18.430305283226033,297.0,1000,0.297,0.0,nan,0.0,0.0,0.567,0.567,5.299335990101099
starv2_core_100k_SafetyPointButton1_v0_selected_star_v2_star_v2_s11,SafetyPointButton1-v0,11,800012,results/star_v2_final/resume_300k/SafetyPointButton1-v0/star_v2/starv2_core_100k_SafetyPointButton1_v0_selected_star_v2_star_v2_s11/checkpoint/final.torch,32,0.05,star_exec,23.415919929216297,111.0,1000,0.111,0.0,-0.2705117777147088,0.717,0.23884375,0.634,0.634,8.4985769726336
starv2_core_100k_SafetyPointButton1_v0_selected_star_v2_star_v2_s11,SafetyPointButton1-v0,11,800013,results/star_v2_final/resume_300k/SafetyPointButton1-v0/star_v2/starv2_core_100k_SafetyPointButton1_v0_selected_star_v2_star_v2_s11/checkpoint/final.torch,32,0.05,raw,16.669860787501204,62.0,1000,0.062,0.0,nan,0.0,0.0,0.758,0.758,5.405204262584448
starv2_core_100k_SafetyPointButton1_v0_selected_star_v2_star_v2_s11,SafetyPointButton1-v0,11,800013,results/star_v2_final/resume_300k/SafetyPointButton1-v0/star_v2/starv2_core_100k_SafetyPointButton1_v0_selected_star_v2_star_v2_s11/checkpoint/final.torch,32,0.05,star_exec,26.025823896378668,49.0,1000,0.049,0.0,-0.5612502244705256,0.773,0.16709375,0.753,0.753,8.359907478094101
starv2_core_100k_SafetyPointButton1_v0_selected_star_v2_star_v2_s11,SafetyPointButton1-v0,11,800014,results/star_v2_final/resume_300k/SafetyPointButton1-v0/star_v2/starv2_core_100k_SafetyPointButton1_v0_selected_star_v2_star_v2_s11/checkpoint/final.torch,32,0.05,raw,30.89133260701462,75.0,1000,0.075,0.0,nan,0.0,0.0,0.718,0.718,5.414802584797144
starv2_core_100k_SafetyPointButton1_v0_selected_star_v2_star_v2_s11,SafetyPointButton1-v0,11,800014,results/star_v2_final/resume_300k/SafetyPointButton1-v0/star_v2/starv2_core_100k_SafetyPointButton1_v0_selected_star_v2_star_v2_s11/checkpoint/final.torch,32,0.05,star_exec,26.07806411265145,67.0,1000,0.067,0.0,0.1558129121716879,0.851,0.111375,0.792,0.792,8.459589410573244
starv2_core_100k_SafetyPointButton1_v0_selected_star_v2_star_v2_s11,SafetyPointButton1-v0,11,800015,results/star_v2_final/resume_300k/SafetyPointButton1-v0/star_v2/starv2_core_100k_SafetyPointButton1_v0_selected_star_v2_star_v2_s11/checkpoint/final.torch,32,0.05,raw,22.641725728214155,217.0,1000,0.217,0.0,nan,0.0,0.0,0.531,0.531,5.2156718000769615
starv2_core_100k_SafetyPointButton1_v0_selected_star_v2_star_v2_s11,SafetyPointButton1-v0,11,800015,results/star_v2_final/resume_300k/SafetyPointButton1-v0/star_v2/starv2_core_100k_SafetyPointButton1_v0_selected_star_v2_star_v2_s11/checkpoint/final.torch,32,0.05,star_exec,14.167898478990521,191.0,1000,0.191,0.0,0.37425712823048135,0.799,0.144375,0.671,0.671,8.417826723307371
starv2_core_100k_SafetyPointButton1_v0_selected_star_v2_star_v2_s11,SafetyPointButton1-v0,11,800016,results/star_v2_final/resume_300k/SafetyPointButton1-v0/star_v2/starv2_core_100k_SafetyPointButton1_v0_selected_star_v2_star_v2_s11/checkpoint/final.torch,32,0.05,raw,23.786885623172537,175.0,1000,0.175,0.0,nan,0.0,0.0,0.553,0.553,5.063425041735172
starv2_core_100k_SafetyPointButton1_v0_selected_star_v2_star_v2_s11,SafetyPointButton1-v0,11,800016,results/star_v2_final/resume_300k/SafetyPointButton1-v0/star_v2/starv2_core_100k_SafetyPointButton1_v0_selected_star_v2_star_v2_s11/checkpoint/final.torch,32,0.05,star_exec,18.903049825077428,243.0,1000,0.243,0.0,0.20531631906185355,0.748,0.21696875,0.503,0.503,6.63927897810936
starv2_core_100k_SafetyPointButton1_v0_selected_star_v2_star_v2_s11,SafetyPointButton1-v0,11,800017,results/star_v2_final/resume_300k/SafetyPointButton1-v0/star_v2/starv2_core_100k_SafetyPointButton1_v0_selected_star_v2_star_v2_s11/checkpoint/final.torch,32,0.05,raw,30.134828346460438,108.0,1000,0.108,0.0,nan,0.0,0.0,0.485,0.485,5.004600394517183
starv2_core_100k_SafetyPointButton1_v0_selected_star_v2_star_v2_s11,SafetyPointButton1-v0,11,800017,results/star_v2_final/resume_300k/SafetyPointButton1-v0/star_v2/starv2_core_100k_SafetyPointButton1_v0_selected_star_v2_star_v2_s11/checkpoint/final.torch,32,0.05,star_exec,19.026952232565346,29.0,1000,0.029,0.0,0.3686059195754402,0.727,0.23596875,0.713,0.713,3.8992622680962086
starv2_core_100k_SafetyPointButton1_v0_selected_star_v2_star_v2_s11,SafetyPointButton1-v0,11,800018,results/star_v2_final/resume_300k/SafetyPointButton1-v0/star_v2/starv2_core_100k_SafetyPointButton1_v0_selected_star_v2_star_v2_s11/checkpoint/final.torch,32,0.05,raw,26.756320645124624,83.0,1000,0.083,0.0,nan,0.0,0.0,0.677,0.677,3.8449878431856632
starv2_core_100k_SafetyPointButton1_v0_selected_star_v2_star_v2_s11,SafetyPointButton1-v0,11,800018,results/star_v2_final/resume_300k/SafetyPointButton1-v0/star_v2/starv2_core_100k_SafetyPointButton1_v0_selected_star_v2_star_v2_s11/checkpoint/final.torch,32,0.05,star_exec,25.99445512510216,132.0,1000,0.132,0.0,0.028474225964297037,0.796,0.16459375,0.696,0.696,3.784662589430809
starv2_core_100k_SafetyPointButton1_v0_selected_star_v2_star_v2_s11,SafetyPointButton1-v0,11,800019,results/star_v2_final/resume_300k/SafetyPointButton1-v0/star_v2/starv2_core_100k_SafetyPointButton1_v0_selected_star_v2_star_v2_s11/checkpoint/final.torch,32,0.05,raw,16.185099789535826,210.0,1000,0.21,0.0,nan,0.0,0.0,0.66,0.66,5.484139297157526
starv2_core_100k_SafetyPointButton1_v0_selected_star_v2_star_v2_s11,SafetyPointButton1-v0,11,800019,results/star_v2_final/resume_300k/SafetyPointButton1-v0/star_v2/starv2_core_100k_SafetyPointButton1_v0_selected_star_v2_star_v2_s11/checkpoint/final.torch,32,0.05,star_exec,19.777109289604653,98.0,1000,0.098,0.0,-0.22193310803008906,0.737,0.19721875,0.717,0.717,3.6883867383003235
starv2_core_100k_SafetyPointButton1_v0_selected_star_v2_star_v2_s12,SafetyPointButton1-v0,12,800000,results/star_v2_final/resume_300k/SafetyPointButton1-v0/star_v2/starv2_core_100k_SafetyPointButton1_v0_selected_star_v2_star_v2_s12/checkpoint/final.torch,32,0.05,raw,19.546399904135264,130.0,1000,0.13,0.0,nan,0.0,0.0,0.489,0.489,5.074206221848726
starv2_core_100k_SafetyPointButton1_v0_selected_star_v2_star_v2_s12,SafetyPointButton1-v0,12,800000,results/star_v2_final/resume_300k/SafetyPointButton1-v0/star_v2/starv2_core_100k_SafetyPointButton1_v0_selected_star_v2_star_v2_s12/checkpoint/final.torch,32,0.05,star_exec,27.697485560086594,93.0,1000,0.093,0.0,-0.41701211967053203,0.796,0.13959375,0.751,0.751,6.700825575739145
starv2_core_100k_SafetyPointButton1_v0_selected_star_v2_star_v2_s12,SafetyPointButton1-v0,12,800001,results/star_v2_final/resume_300k/SafetyPointButton1-v0/star_v2/starv2_core_100k_SafetyPointButton1_v0_selected_star_v2_star_v2_s12/checkpoint/final.torch,32,0.05,raw,16.35747749771231,287.0,1000,0.287,0.0,nan,0.0,0.0,0.527,0.527,5.229431185871363
starv2_core_100k_SafetyPointButton1_v0_selected_star_v2_star_v2_s12,SafetyPointButton1-v0,12,800001,results/star_v2_final/resume_300k/SafetyPointButton1-v0/star_v2/starv2_core_100k_SafetyPointButton1_v0_selected_star_v2_star_v2_s12/checkpoint/final.torch,32,0.05,star_exec,29.409124819651012,146.0,1000,0.146,0.0,-0.7979009797668407,0.694,0.2603125,0.567,0.567,8.558036115020514
starv2_core_100k_SafetyPointButton1_v0_selected_star_v2_star_v2_s12,SafetyPointButton1-v0,12,800002,results/star_v2_final/resume_300k/SafetyPointButton1-v0/star_v2/starv2_core_100k_SafetyPointButton1_v0_selected_star_v2_star_v2_s12/checkpoint/final.torch,32,0.05,raw,16.4442704626299,203.0,1000,0.203,0.0,nan,0.0,0.0,0.595,0.595,5.168226256966591
starv2_core_100k_SafetyPointButton1_v0_selected_star_v2_star_v2_s12,SafetyPointButton1-v0,12,800002,results/star_v2_final/resume_300k/SafetyPointButton1-v0/star_v2/starv2_core_100k_SafetyPointButton1_v0_selected_star_v2_star_v2_s12/checkpoint/final.torch,32,0.05,star_exec,23.21643991149591,113.0,1000,0.113,0.0,-0.41182547223703064,0.886,0.0614375,0.787,0.787,8.49372936040163
starv2_core_100k_SafetyPointButton1_v0_selected_star_v2_star_v2_s12,SafetyPointButton1-v0,12,800003,results/star_v2_final/resume_300k/SafetyPointButton1-v0/star_v2/starv2_core_100k_SafetyPointButton1_v0_selected_star_v2_star_v2_s12/checkpoint/final.torch,32,0.05,raw,23.057160127961318,155.0,1000,0.155,0.0,nan,0.0,0.0,0.619,0.619,5.231270477175713
starv2_core_100k_SafetyPointButton1_v0_selected_star_v2_star_v2_s12,SafetyPointButton1-v0,12,800003,results/star_v2_final/resume_300k/SafetyPointButton1-v0/star_v2/starv2_core_100k_SafetyPointButton1_v0_selected_star_v2_star_v2_s12/checkpoint/final.torch,32,0.05,star_exec,15.797789711022103,238.0,1000,0.238,0.0,0.31484234730780253,0.831,0.120625,0.627,0.627,8.443931266665459
starv2_core_100k_SafetyPointButton1_v0_selected_star_v2_star_v2_s12,SafetyPointButton1-v0,12,800004,results/star_v2_final/resume_300k/SafetyPointButton1-v0/star_v2/starv2_core_100k_SafetyPointButton1_v0_selected_star_v2_star_v2_s12/checkpoint/final.torch,32,0.05,raw,22.47225813031475,290.0,1000,0.29,0.0,nan,0.0,0.0,0.503,0.503,5.185964535921812
starv2_core_100k_SafetyPointButton1_v0_selected_star_v2_star_v2_s12,SafetyPointButton1-v0,12,800004,results/star_v2_final/resume_300k/SafetyPointButton1-v0/star_v2/starv2_core_100k_SafetyPointButton1_v0_selected_star_v2_star_v2_s12/checkpoint/final.torch,32,0.05,star_exec,19.815445903123752,144.0,1000,0.144,0.0,0.11822631316285015,0.801,0.1555625,0.686,0.686,8.43231750652194
starv2_core_100k_SafetyPointButton1_v0_selected_star_v2_star_v2_s12,SafetyPointButton1-v0,12,800005,results/star_v2_final/resume_300k/SafetyPointButton1-v0/star_v2/starv2_core_100k_SafetyPointButton1_v0_selected_star_v2_star_v2_s12/checkpoint/final.torch,32,0.05,raw,32.31259252906794,21.0,1000,0.021,0.0,nan,0.0,0.0,0.526,0.526,5.111150350421667
starv2_core_100k_SafetyPointButton1_v0_selected_star_v2_star_v2_s12,SafetyPointButton1-v0,12,800005,results/star_v2_final/resume_300k/SafetyPointButton1-v0/star_v2/starv2_core_100k_SafetyPointButton1_v0_selected_star_v2_star_v2_s12/checkpoint/final.torch,32,0.05,star_exec,20.37649455066138,221.0,1000,0.221,0.0,0.3693946243300973,0.794,0.16621875,0.618,0.618,8.483928553760052
starv2_core_100k_SafetyPointButton1_v0_selected_star_v2_star_v2_s12,SafetyPointButton1-v0,12,800006,results/star_v2_final/resume_300k/SafetyPointButton1-v0/star_v2/starv2_core_100k_SafetyPointButton1_v0_selected_star_v2_star_v2_s12/checkpoint/final.torch,32,0.05,raw,25.496950111591428,56.0,1000,0.056,0.0,nan,0.0,0.0,0.74,0.74,5.035336680710316
starv2_core_100k_SafetyPointButton1_v0_selected_star_v2_star_v2_s12,SafetyPointButton1-v0,12,800006,results/star_v2_final/resume_300k/SafetyPointButton1-v0/star_v2/starv2_core_100k_SafetyPointButton1_v0_selected_star_v2_star_v2_s12/checkpoint/final.torch,32,0.05,star_exec,17.271679544674235,143.0,1000,0.143,0.0,0.32259821394002014,0.909,0.0639375,0.77,0.77,8.46872891113162
starv2_core_100k_SafetyPointButton1_v0_selected_star_v2_star_v2_s12,SafetyPointButton1-v0,12,800007,results/star_v2_final/resume_300k/SafetyPointButton1-v0/star_v2/starv2_core_100k_SafetyPointButton1_v0_selected_star_v2_star_v2_s12/checkpoint/final.torch,32,0.05,raw,21.92287093523418,165.0,1000,0.165,0.0,nan,0.0,0.0,0.582,0.582,5.2425797544419765
starv2_core_100k_SafetyPointButton1_v0_selected_star_v2_star_v2_s12,SafetyPointButton1-v0,12,800007,results/star_v2_final/resume_300k/SafetyPointButton1-v0/star_v2/starv2_core_100k_SafetyPointButton1_v0_selected_star_v2_star_v2_s12/checkpoint/final.torch,32,0.05,star_exec,14.782636848563182,328.0,1000,0.328,0.0,0.32569794840124233,0.776,0.144375,0.517,0.517,8.528698727488518
starv2_core_100k_SafetyPointButton1_v0_selected_star_v2_star_v2_s12,SafetyPointButton1-v0,12,800008,results/star_v2_final/resume_300k/SafetyPointButton1-v0/star_v2/starv2_core_100k_SafetyPointButton1_v0_selected_star_v2_star_v2_s12/checkpoint/final.torch,32,0.05,raw,29.351323077760355,260.0,1000,0.26,0.0,nan,0.0,0.0,0.515,0.515,5.197142783552408
starv2_core_100k_SafetyPointButton1_v0_selected_star_v2_star_v2_s12,SafetyPointButton1-v0,12,800008,results/star_v2_final/resume_300k/SafetyPointButton1-v0/star_v2/starv2_core_100k_SafetyPointButton1_v0_selected_star_v2_star_v2_s12/checkpoint/final.torch,32,0.05,star_exec,21.232471744871606,59.0,1000,0.059,0.0,0.27660938184556466,0.357,0.5664375,0.376,0.376,8.489001546055079
starv2_core_100k_SafetyPointButton1_v0_selected_star_v2_star_v2_s12,SafetyPointButton1-v0,12,800009,results/star_v2_final/resume_300k/SafetyPointButton1-v0/star_v2/starv2_core_100k_SafetyPointButton1_v0_selected_star_v2_star_v2_s12/checkpoint/final.torch,32,0.05,raw,16.950913973583976,122.0,1000,0.122,0.0,nan,0.0,0.0,0.705,0.705,5.15721195563674
starv2_core_100k_SafetyPointButton1_v0_selected_star_v2_star_v2_s12,SafetyPointButton1-v0,12,800009,results/star_v2_final/resume_300k/SafetyPointButton1-v0/star_v2/starv2_core_100k_SafetyPointButton1_v0_selected_star_v2_star_v2_s12/checkpoint/final.torch,32,0.05,star_exec,19.60395103523948,205.0,1000,0.205,0.0,-0.1565129211197669,0.79,0.1521875,0.661,0.661,8.41313336789608
starv2_core_100k_SafetyPointButton1_v0_selected_star_v2_star_v2_s12,SafetyPointButton1-v0,12,800010,results/star_v2_final/resume_300k/SafetyPointButton1-v0/star_v2/starv2_core_100k_SafetyPointButton1_v0_selected_star_v2_star_v2_s12/checkpoint/final.torch,32,0.05,raw,21.78147630052338,186.0,1000,0.186,0.0,nan,0.0,0.0,0.696,0.696,5.227080289274454
starv2_core_100k_SafetyPointButton1_v0_selected_star_v2_star_v2_s12,SafetyPointButton1-v0,12,800010,results/star_v2_final/resume_300k/SafetyPointButton1-v0/star_v2/starv2_core_100k_SafetyPointButton1_v0_selected_star_v2_star_v2_s12/checkpoint/final.torch,32,0.05,star_exec,19.02996867256246,275.0,1000,0.275,0.0,0.12632328451927768,0.824,0.14390625,0.56,0.56,8.498702112585306
starv2_core_100k_SafetyPointButton1_v0_selected_star_v2_star_v2_s12,SafetyPointButton1-v0,12,800011,results/star_v2_final/resume_300k/SafetyPointButton1-v0/star_v2/starv2_core_100k_SafetyPointButton1_v0_selected_star_v2_star_v2_s12/checkpoint/final.torch,32,0.05,raw,8.292932617128063,350.0,1000,0.35,0.0,nan,0.0,0.0,0.509,0.509,5.2516013234853745
starv2_core_100k_SafetyPointButton1_v0_selected_star_v2_star_v2_s12,SafetyPointButton1-v0,12,800011,results/star_v2_final/resume_300k/SafetyPointButton1-v0/star_v2/starv2_core_100k_SafetyPointButton1_v0_selected_star_v2_star_v2_s12/checkpoint/final.torch,32,0.05,star_exec,20.669461843646097,92.0,1000,0.092,0.0,-1.492418882188406,0.741,0.20625,0.692,0.692,8.436466325074434
starv2_core_100k_SafetyPointButton1_v0_selected_star_v2_star_v2_s12,SafetyPointButton1-v0,12,800012,results/star_v2_final/resume_300k/SafetyPointButton1-v0/star_v2/starv2_core_100k_SafetyPointButton1_v0_selected_star_v2_star_v2_s12/checkpoint/final.torch,32,0.05,raw,28.137207145789695,91.0,1000,0.091,0.0,nan,0.0,0.0,0.628,0.628,5.258100770413876
starv2_core_100k_SafetyPointButton1_v0_selected_star_v2_star_v2_s12,SafetyPointButton1-v0,12,800012,results/star_v2_final/resume_300k/SafetyPointButton1-v0/star_v2/starv2_core_100k_SafetyPointButton1_v0_selected_star_v2_star_v2_s12/checkpoint/final.torch,32,0.05,star_exec,17.310440167344815,172.0,1000,0.172,0.0,0.38478470597125136,0.807,0.1388125,0.66,0.66,8.440295122563839
starv2_core_100k_SafetyPointButton1_v0_selected_star_v2_star_v2_s12,SafetyPointButton1-v0,12,800013,results/star_v2_final/resume_300k/SafetyPointButton1-v0/star_v2/starv2_core_100k_SafetyPointButton1_v0_selected_star_v2_star_v2_s12/checkpoint/final.torch,32,0.05,raw,28.892338661865594,113.0,1000,0.113,0.0,nan,0.0,0.0,0.671,0.671,5.373891714960337
starv2_core_100k_SafetyPointButton1_v0_selected_star_v2_star_v2_s12,SafetyPointButton1-v0,12,800013,results/star_v2_final/resume_300k/SafetyPointButton1-v0/star_v2/starv2_core_100k_SafetyPointButton1_v0_selected_star_v2_star_v2_s12/checkpoint/final.torch,32,0.05,star_exec,17.122283767857045,216.0,1000,0.216,0.0,0.4073763301668481,0.733,0.2015,0.594,0.594,8.476037345826626
starv2_core_100k_SafetyPointButton1_v0_selected_star_v2_star_v2_s12,SafetyPointButton1-v0,12,800014,results/star_v2_final/resume_300k/SafetyPointButton1-v0/star_v2/starv2_core_100k_SafetyPointButton1_v0_selected_star_v2_star_v2_s12/checkpoint/final.torch,32,0.05,raw,35.545119953064784,65.0,1000,0.065,0.0,nan,0.0,0.0,0.717,0.717,5.469445779919624
starv2_core_100k_SafetyPointButton1_v0_selected_star_v2_star_v2_s12,SafetyPointButton1-v0,12,800014,results/star_v2_final/resume_300k/SafetyPointButton1-v0/star_v2/starv2_core_100k_SafetyPointButton1_v0_selected_star_v2_star_v2_s12/checkpoint/final.torch,32,0.05,star_exec,31.094436620711495,32.0,1000,0.032,0.0,0.1252122186739038,0.767,0.17721875,0.749,0.749,8.524461962282658
starv2_core_100k_SafetyPointButton1_v0_selected_star_v2_star_v2_s12,SafetyPointButton1-v0,12,800015,results/star_v2_final/resume_300k/SafetyPointButton1-v0/star_v2/starv2_core_100k_SafetyPointButton1_v0_selected_star_v2_star_v2_s12/checkpoint/final.torch,32,0.05,raw,20.8612772921593,126.0,1000,0.126,0.0,nan,0.0,0.0,0.541,0.541,5.427355527877808
starv2_core_100k_SafetyPointButton1_v0_selected_star_v2_star_v2_s12,SafetyPointButton1-v0,12,800015,results/star_v2_final/resume_300k/SafetyPointButton1-v0/star_v2/starv2_core_100k_SafetyPointButton1_v0_selected_star_v2_star_v2_s12/checkpoint/final.torch,32,0.05,star_exec,25.25116969225041,130.0,1000,0.13,0.0,-0.21043257987568426,0.883,0.0760625,0.781,0.781,8.234253577888012
starv2_core_100k_SafetyPointButton1_v0_selected_star_v2_star_v2_s12,SafetyPointButton1-v0,12,800016,results/star_v2_final/resume_300k/SafetyPointButton1-v0/star_v2/starv2_core_100k_SafetyPointButton1_v0_selected_star_v2_star_v2_s12/checkpoint/final.torch,32,0.05,raw,33.11454198596825,101.0,1000,0.101,0.0,nan,0.0,0.0,0.57,0.57,5.350735887885094
starv2_core_100k_SafetyPointButton1_v0_selected_star_v2_star_v2_s12,SafetyPointButton1-v0,12,800016,results/star_v2_final/resume_300k/SafetyPointButton1-v0/star_v2/starv2_core_100k_SafetyPointButton1_v0_selected_star_v2_star_v2_s12/checkpoint/final.torch,32,0.05,star_exec,21.430550383284945,185.0,1000,0.185,0.0,0.3528356698285064,0.786,0.1624375,0.649,0.649,6.144784238189459
starv2_core_100k_SafetyPointButton1_v0_selected_star_v2_star_v2_s12,SafetyPointButton1-v0,12,800017,results/star_v2_final/resume_300k/SafetyPointButton1-v0/star_v2/starv2_core_100k_SafetyPointButton1_v0_selected_star_v2_star_v2_s12/checkpoint/final.torch,32,0.05,raw,24.387687757700654,139.0,1000,0.139,0.0,nan,0.0,0.0,0.387,0.387,5.018442206084728
starv2_core_100k_SafetyPointButton1_v0_selected_star_v2_star_v2_s12,SafetyPointButton1-v0,12,800017,results/star_v2_final/resume_300k/SafetyPointButton1-v0/star_v2/starv2_core_100k_SafetyPointButton1_v0_selected_star_v2_star_v2_s12/checkpoint/final.torch,32,0.05,star_exec,21.66461412237794,50.0,1000,0.05,0.0,0.11165772099336788,0.46,0.44084375,0.482,0.482,4.850678127259016
starv2_core_100k_SafetyPointButton1_v0_selected_star_v2_star_v2_s12,SafetyPointButton1-v0,12,800018,results/star_v2_final/resume_300k/SafetyPointButton1-v0/star_v2/starv2_core_100k_SafetyPointButton1_v0_selected_star_v2_star_v2_s12/checkpoint/final.torch,32,0.05,raw,27.72073210427334,165.0,1000,0.165,0.0,nan,0.0,0.0,0.619,0.619,4.723016571253538
starv2_core_100k_SafetyPointButton1_v0_selected_star_v2_star_v2_s12,SafetyPointButton1-v0,12,800018,results/star_v2_final/resume_300k/SafetyPointButton1-v0/star_v2/starv2_core_100k_SafetyPointButton1_v0_selected_star_v2_star_v2_s12/checkpoint/final.torch,32,0.05,star_exec,22.239654808310355,217.0,1000,0.217,0.0,0.1977248391328755,0.849,0.116875,0.659,0.659,5.135895632207394
starv2_core_100k_SafetyPointButton1_v0_selected_star_v2_star_v2_s12,SafetyPointButton1-v0,12,800019,results/star_v2_final/resume_300k/SafetyPointButton1-v0/star_v2/starv2_core_100k_SafetyPointButton1_v0_selected_star_v2_star_v2_s12/checkpoint/final.torch,32,0.05,raw,25.5180310551859,152.0,1000,0.152,0.0,nan,0.0,0.0,0.703,0.703,5.8490648455917835
starv2_core_100k_SafetyPointButton1_v0_selected_star_v2_star_v2_s12,SafetyPointButton1-v0,12,800019,results/star_v2_final/resume_300k/SafetyPointButton1-v0/star_v2/starv2_core_100k_SafetyPointButton1_v0_selected_star_v2_star_v2_s12/checkpoint/final.torch,32,0.05,star_exec,13.57437760930712,102.0,1000,0.102,0.0,0.468047609944872,0.896,0.08165625,0.81,0.81,5.223036918789148
starv2_resume_300k_SafetyPointButton1_v0_selected_star_v2_star_v2_s13,SafetyPointButton1-v0,13,800000,results/star_v2_final/resume_300k/SafetyPointButton1-v0/star_v2/starv2_resume_300k_SafetyPointButton1_v0_selected_star_v2_star_v2_s13/checkpoint/final.torch,32,0.05,raw,33.837817416750305,11.0,1000,0.011,0.0,nan,0.0,0.0,0.758,0.758,5.3944485150277615
starv2_resume_300k_SafetyPointButton1_v0_selected_star_v2_star_v2_s13,SafetyPointButton1-v0,13,800000,results/star_v2_final/resume_300k/SafetyPointButton1-v0/star_v2/starv2_resume_300k_SafetyPointButton1_v0_selected_star_v2_star_v2_s13/checkpoint/final.torch,32,0.05,star_exec,24.984907584900505,183.0,1000,0.183,0.0,0.2616276848715265,0.785,0.14034375,0.642,0.642,7.7811981327831745
starv2_resume_300k_SafetyPointButton1_v0_selected_star_v2_star_v2_s13,SafetyPointButton1-v0,13,800001,results/star_v2_final/resume_300k/SafetyPointButton1-v0/star_v2/starv2_resume_300k_SafetyPointButton1_v0_selected_star_v2_star_v2_s13/checkpoint/final.torch,32,0.05,raw,34.53521722108077,210.0,1000,0.21,0.0,nan,0.0,0.0,0.501,0.501,5.549153916537762
starv2_resume_300k_SafetyPointButton1_v0_selected_star_v2_star_v2_s13,SafetyPointButton1-v0,13,800001,results/star_v2_final/resume_300k/SafetyPointButton1-v0/star_v2/starv2_resume_300k_SafetyPointButton1_v0_selected_star_v2_star_v2_s13/checkpoint/final.torch,32,0.05,star_exec,22.94959494728163,295.0,1000,0.295,0.0,0.335472691532026,0.791,0.164625,0.558,0.558,8.43145301938057
starv2_resume_300k_SafetyPointButton1_v0_selected_star_v2_star_v2_s13,SafetyPointButton1-v0,13,800002,results/star_v2_final/resume_300k/SafetyPointButton1-v0/star_v2/starv2_resume_300k_SafetyPointButton1_v0_selected_star_v2_star_v2_s13/checkpoint/final.torch,32,0.05,raw,23.178817300721175,72.0,1000,0.072,0.0,nan,0.0,0.0,0.747,0.747,5.1729006096720695
starv2_resume_300k_SafetyPointButton1_v0_selected_star_v2_star_v2_s13,SafetyPointButton1-v0,13,800002,results/star_v2_final/resume_300k/SafetyPointButton1-v0/star_v2/starv2_resume_300k_SafetyPointButton1_v0_selected_star_v2_star_v2_s13/checkpoint/final.torch,32,0.05,star_exec,17.647367651901064,37.0,1000,0.037,0.0,0.23864244568889234,0.782,0.154375,0.78,0.78,8.48324877768755
starv2_resume_300k_SafetyPointButton1_v0_selected_star_v2_star_v2_s13,SafetyPointButton1-v0,13,800003,results/star_v2_final/resume_300k/SafetyPointButton1-v0/star_v2/starv2_resume_300k_SafetyPointButton1_v0_selected_star_v2_star_v2_s13/checkpoint/final.torch,32,0.05,raw,25.86888570965802,165.0,1000,0.165,0.0,nan,0.0,0.0,0.648,0.648,5.66663958132267
starv2_resume_300k_SafetyPointButton1_v0_selected_star_v2_star_v2_s13,SafetyPointButton1-v0,13,800003,results/star_v2_final/resume_300k/SafetyPointButton1-v0/star_v2/starv2_resume_300k_SafetyPointButton1_v0_selected_star_v2_star_v2_s13/checkpoint/final.torch,32,0.05,star_exec,24.974384201261085,100.0,1000,0.1,0.0,0.03457827748888997,0.84,0.1231875,0.739,0.739,8.47735594958067
starv2_resume_300k_SafetyPointButton1_v0_selected_star_v2_star_v2_s13,SafetyPointButton1-v0,13,800004,results/star_v2_final/resume_300k/SafetyPointButton1-v0/star_v2/starv2_resume_300k_SafetyPointButton1_v0_selected_star_v2_star_v2_s13/checkpoint/final.torch,32,0.05,raw,20.634194498489048,173.0,1000,0.173,0.0,nan,0.0,0.0,0.632,0.632,5.188825696706772
starv2_resume_300k_SafetyPointButton1_v0_selected_star_v2_star_v2_s13,SafetyPointButton1-v0,13,800004,results/star_v2_final/resume_300k/SafetyPointButton1-v0/star_v2/starv2_resume_300k_SafetyPointButton1_v0_selected_star_v2_star_v2_s13/checkpoint/final.torch,32,0.05,star_exec,26.268745019314395,88.0,1000,0.088,0.0,-0.2730685959773201,0.89,0.06965625,0.808,0.808,8.471319757401943
starv2_resume_300k_SafetyPointButton1_v0_selected_star_v2_star_v2_s13,SafetyPointButton1-v0,13,800005,results/star_v2_final/resume_300k/SafetyPointButton1-v0/star_v2/starv2_resume_300k_SafetyPointButton1_v0_selected_star_v2_star_v2_s13/checkpoint/final.torch,32,0.05,raw,23.5685847979673,197.0,1000,0.197,0.0,nan,0.0,0.0,0.51,0.51,5.125498797744513
starv2_resume_300k_SafetyPointButton1_v0_selected_star_v2_star_v2_s13,SafetyPointButton1-v0,13,800005,results/star_v2_final/resume_300k/SafetyPointButton1-v0/star_v2/starv2_resume_300k_SafetyPointButton1_v0_selected_star_v2_star_v2_s13/checkpoint/final.torch,32,0.05,star_exec,26.97851964641572,92.0,1000,0.092,0.0,-0.1446813577344072,0.689,0.22571875,0.677,0.677,8.28782194852829
starv2_resume_300k_SafetyPointButton1_v0_selected_star_v2_star_v2_s13,SafetyPointButton1-v0,13,800006,results/star_v2_final/resume_300k/SafetyPointButton1-v0/star_v2/starv2_resume_300k_SafetyPointButton1_v0_selected_star_v2_star_v2_s13/checkpoint/final.torch,32,0.05,raw,31.38637156388546,38.0,1000,0.038,0.0,nan,0.0,0.0,0.699,0.699,5.105781652033329
starv2_resume_300k_SafetyPointButton1_v0_selected_star_v2_star_v2_s13,SafetyPointButton1-v0,13,800006,results/star_v2_final/resume_300k/SafetyPointButton1-v0/star_v2/starv2_resume_300k_SafetyPointButton1_v0_selected_star_v2_star_v2_s13/checkpoint/final.torch,32,0.05,star_exec,25.788086506197658,181.0,1000,0.181,0.0,0.1783667489659568,0.765,0.1811875,0.637,0.637,8.334351684898138
starv2_resume_300k_SafetyPointButton1_v0_selected_star_v2_star_v2_s13,SafetyPointButton1-v0,13,800007,results/star_v2_final/resume_300k/SafetyPointButton1-v0/star_v2/starv2_resume_300k_SafetyPointButton1_v0_selected_star_v2_star_v2_s13/checkpoint/final.torch,32,0.05,raw,23.660007396649657,146.0,1000,0.146,0.0,nan,0.0,0.0,0.587,0.587,5.185931071639061
starv2_resume_300k_SafetyPointButton1_v0_selected_star_v2_star_v2_s13,SafetyPointButton1-v0,13,800007,results/star_v2_final/resume_300k/SafetyPointButton1-v0/star_v2/starv2_resume_300k_SafetyPointButton1_v0_selected_star_v2_star_v2_s13/checkpoint/final.torch,32,0.05,star_exec,21.73425039276067,141.0,1000,0.141,0.0,0.08139291639281905,0.77,0.199875,0.639,0.639,8.396629758179188
starv2_resume_300k_SafetyPointButton1_v0_selected_star_v2_star_v2_s13,SafetyPointButton1-v0,13,800008,results/star_v2_final/resume_300k/SafetyPointButton1-v0/star_v2/starv2_resume_300k_SafetyPointButton1_v0_selected_star_v2_star_v2_s13/checkpoint/final.torch,32,0.05,raw,22.495447923437148,175.0,1000,0.175,0.0,nan,0.0,0.0,0.585,0.585,5.229371666908264
starv2_resume_300k_SafetyPointButton1_v0_selected_star_v2_star_v2_s13,SafetyPointButton1-v0,13,800008,results/star_v2_final/resume_300k/SafetyPointButton1-v0/star_v2/starv2_resume_300k_SafetyPointButton1_v0_selected_star_v2_star_v2_s13/checkpoint/final.torch,32,0.05,star_exec,36.63283592379577,111.0,1000,0.111,0.0,-0.6284555012407383,0.702,0.247,0.638,0.638,8.372186619788408
starv2_resume_300k_SafetyPointButton1_v0_selected_star_v2_star_v2_s13,SafetyPointButton1-v0,13,800009,results/star_v2_final/resume_300k/SafetyPointButton1-v0/star_v2/starv2_resume_300k_SafetyPointButton1_v0_selected_star_v2_star_v2_s13/checkpoint/final.torch,32,0.05,raw,35.27238139862037,154.0,1000,0.154,0.0,nan,0.0,0.0,0.606,0.606,5.280007731169462
starv2_resume_300k_SafetyPointButton1_v0_selected_star_v2_star_v2_s13,SafetyPointButton1-v0,13,800009,results/star_v2_final/resume_300k/SafetyPointButton1-v0/star_v2/starv2_resume_300k_SafetyPointButton1_v0_selected_star_v2_star_v2_s13/checkpoint/final.torch,32,0.05,star_exec,24.424940223654072,241.0,1000,0.241,0.0,0.30753356435952406,0.812,0.13184375,0.606,0.606,8.386619437485933
starv2_resume_300k_SafetyPointButton1_v0_selected_star_v2_star_v2_s13,SafetyPointButton1-v0,13,800010,results/star_v2_final/resume_300k/SafetyPointButton1-v0/star_v2/starv2_resume_300k_SafetyPointButton1_v0_selected_star_v2_star_v2_s13/checkpoint/final.torch,32,0.05,raw,22.082311809718377,160.0,1000,0.16,0.0,nan,0.0,0.0,0.639,0.639,5.214534431695938
starv2_resume_300k_SafetyPointButton1_v0_selected_star_v2_star_v2_s13,SafetyPointButton1-v0,13,800010,results/star_v2_final/resume_300k/SafetyPointButton1-v0/star_v2/starv2_resume_300k_SafetyPointButton1_v0_selected_star_v2_star_v2_s13/checkpoint/final.torch,32,0.05,star_exec,28.674297798842037,176.0,1000,0.176,0.0,-0.29851883470926,0.85,0.10221875,0.719,0.719,8.48887936398387
starv2_resume_300k_SafetyPointButton1_v0_selected_star_v2_star_v2_s13,SafetyPointButton1-v0,13,800011,results/star_v2_final/resume_300k/SafetyPointButton1-v0/star_v2/starv2_resume_300k_SafetyPointButton1_v0_selected_star_v2_star_v2_s13/checkpoint/final.torch,32,0.05,raw,20.403850825624858,136.0,1000,0.136,0.0,nan,0.0,0.0,0.602,0.602,5.163367334753275
starv2_resume_300k_SafetyPointButton1_v0_selected_star_v2_star_v2_s13,SafetyPointButton1-v0,13,800011,results/star_v2_final/resume_300k/SafetyPointButton1-v0/star_v2/starv2_resume_300k_SafetyPointButton1_v0_selected_star_v2_star_v2_s13/checkpoint/final.torch,32,0.05,star_exec,22.92842797444038,47.0,1000,0.047,0.0,-0.12373042571184387,0.676,0.2718125,0.67,0.67,8.52170081436634
starv2_resume_300k_SafetyPointButton1_v0_selected_star_v2_star_v2_s13,SafetyPointButton1-v0,13,800012,results/star_v2_final/resume_300k/SafetyPointButton1-v0/star_v2/starv2_resume_300k_SafetyPointButton1_v0_selected_star_v2_star_v2_s13/checkpoint/final.torch,32,0.05,raw,33.04735401757654,159.0,1000,0.159,0.0,nan,0.0,0.0,0.652,0.652,5.033242858946323
starv2_resume_300k_SafetyPointButton1_v0_selected_star_v2_star_v2_s13,SafetyPointButton1-v0,13,800012,results/star_v2_final/resume_300k/SafetyPointButton1-v0/star_v2/starv2_resume_300k_SafetyPointButton1_v0_selected_star_v2_star_v2_s13/checkpoint/final.torch,32,0.05,star_exec,21.60316735337117,189.0,1000,0.189,0.0,0.3462966099530593,0.759,0.205,0.612,0.612,8.559993758797646
starv2_resume_300k_SafetyPointButton1_v0_selected_star_v2_star_v2_s13,SafetyPointButton1-v0,13,800013,results/star_v2_final/resume_300k/SafetyPointButton1-v0/star_v2/starv2_resume_300k_SafetyPointButton1_v0_selected_star_v2_star_v2_s13/checkpoint/final.torch,32,0.05,raw,26.28070913237736,202.0,1000,0.202,0.0,nan,0.0,0.0,0.625,0.625,5.051153391599655
starv2_resume_300k_SafetyPointButton1_v0_selected_star_v2_star_v2_s13,SafetyPointButton1-v0,13,800013,results/star_v2_final/resume_300k/SafetyPointButton1-v0/star_v2/starv2_resume_300k_SafetyPointButton1_v0_selected_star_v2_star_v2_s13/checkpoint/final.torch,32,0.05,star_exec,29.87563762087836,249.0,1000,0.249,0.0,-0.1367896303860429,0.851,0.11009375,0.61,0.61,8.496618993580341
starv2_resume_300k_SafetyPointButton1_v0_selected_star_v2_star_v2_s13,SafetyPointButton1-v0,13,800014,results/star_v2_final/resume_300k/SafetyPointButton1-v0/star_v2/starv2_resume_300k_SafetyPointButton1_v0_selected_star_v2_star_v2_s13/checkpoint/final.torch,32,0.05,raw,40.33677961479801,59.0,1000,0.059,0.0,nan,0.0,0.0,0.716,0.716,5.154844105243683
starv2_resume_300k_SafetyPointButton1_v0_selected_star_v2_star_v2_s13,SafetyPointButton1-v0,13,800014,results/star_v2_final/resume_300k/SafetyPointButton1-v0/star_v2/starv2_resume_300k_SafetyPointButton1_v0_selected_star_v2_star_v2_s13/checkpoint/final.torch,32,0.05,star_exec,29.352845693301767,49.0,1000,0.049,0.0,0.27230567304551656,0.797,0.1516875,0.748,0.748,8.45690068230033
starv2_resume_300k_SafetyPointButton1_v0_selected_star_v2_star_v2_s13,SafetyPointButton1-v0,13,800015,results/star_v2_final/resume_300k/SafetyPointButton1-v0/star_v2/starv2_resume_300k_SafetyPointButton1_v0_selected_star_v2_star_v2_s13/checkpoint/final.torch,32,0.05,raw,14.67711239969052,253.0,1000,0.253,0.0,nan,0.0,0.0,0.455,0.455,5.177528906613588
starv2_resume_300k_SafetyPointButton1_v0_selected_star_v2_star_v2_s13,SafetyPointButton1-v0,13,800015,results/star_v2_final/resume_300k/SafetyPointButton1-v0/star_v2/starv2_resume_300k_SafetyPointButton1_v0_selected_star_v2_star_v2_s13/checkpoint/final.torch,32,0.05,star_exec,19.071952191247256,225.0,1000,0.225,0.0,-0.2994349073493097,0.799,0.13815625,0.632,0.632,8.435444980859756
starv2_resume_300k_SafetyPointButton1_v0_selected_star_v2_star_v2_s13,SafetyPointButton1-v0,13,800016,results/star_v2_final/resume_300k/SafetyPointButton1-v0/star_v2/starv2_resume_300k_SafetyPointButton1_v0_selected_star_v2_star_v2_s13/checkpoint/final.torch,32,0.05,raw,35.40599942504635,133.0,1000,0.133,0.0,nan,0.0,0.0,0.575,0.575,5.201176546514034
starv2_resume_300k_SafetyPointButton1_v0_selected_star_v2_star_v2_s13,SafetyPointButton1-v0,13,800016,results/star_v2_final/resume_300k/SafetyPointButton1-v0/star_v2/starv2_resume_300k_SafetyPointButton1_v0_selected_star_v2_star_v2_s13/checkpoint/final.torch,32,0.05,star_exec,26.05170365187203,180.0,1000,0.18,0.0,0.2642008677929609,0.747,0.1788125,0.623,0.623,5.921299710869789
starv2_resume_300k_SafetyPointButton1_v0_selected_star_v2_star_v2_s13,SafetyPointButton1-v0,13,800017,results/star_v2_final/resume_300k/SafetyPointButton1-v0/star_v2/starv2_resume_300k_SafetyPointButton1_v0_selected_star_v2_star_v2_s13/checkpoint/final.torch,32,0.05,raw,26.565131910538177,98.0,1000,0.098,0.0,nan,0.0,0.0,0.436,0.436,4.911923199892044
starv2_resume_300k_SafetyPointButton1_v0_selected_star_v2_star_v2_s13,SafetyPointButton1-v0,13,800017,results/star_v2_final/resume_300k/SafetyPointButton1-v0/star_v2/starv2_resume_300k_SafetyPointButton1_v0_selected_star_v2_star_v2_s13/checkpoint/final.torch,32,0.05,star_exec,13.410892930479175,149.0,1000,0.149,0.0,0.4951693454547018,0.731,0.19021875,0.652,0.652,3.7017636634409428
starv2_resume_300k_SafetyPointButton1_v0_selected_star_v2_star_v2_s13,SafetyPointButton1-v0,13,800018,results/star_v2_final/resume_300k/SafetyPointButton1-v0/star_v2/starv2_resume_300k_SafetyPointButton1_v0_selected_star_v2_star_v2_s13/checkpoint/final.torch,32,0.05,raw,17.34507422500149,99.0,1000,0.099,0.0,nan,0.0,0.0,0.551,0.551,3.6862552911043167
starv2_resume_300k_SafetyPointButton1_v0_selected_star_v2_star_v2_s13,SafetyPointButton1-v0,13,800018,results/star_v2_final/resume_300k/SafetyPointButton1-v0/star_v2/starv2_resume_300k_SafetyPointButton1_v0_selected_star_v2_star_v2_s13/checkpoint/final.torch,32,0.05,star_exec,-7.732697877888071,0.0,1000,0.0,0.0,1.4458152082590703,0.024,0.9584375,0.036,0.036,3.740281656384468
starv2_resume_300k_SafetyPointButton1_v0_selected_star_v2_star_v2_s13,SafetyPointButton1-v0,13,800019,results/star_v2_final/resume_300k/SafetyPointButton1-v0/star_v2/starv2_resume_300k_SafetyPointButton1_v0_selected_star_v2_star_v2_s13/checkpoint/final.torch,32,0.05,raw,12.181944593971787,245.0,1000,0.245,0.0,nan,0.0,0.0,0.688,0.688,5.765794236212969
starv2_resume_300k_SafetyPointButton1_v0_selected_star_v2_star_v2_s13,SafetyPointButton1-v0,13,800019,results/star_v2_final/resume_300k/SafetyPointButton1-v0/star_v2/starv2_resume_300k_SafetyPointButton1_v0_selected_star_v2_star_v2_s13/checkpoint/final.torch,32,0.05,star_exec,22.629037716689798,128.0,1000,0.128,0.0,-0.8575882973468567,0.897,0.0689375,0.779,0.779,3.71805502474308
starv2_resume_300k_SafetyPointButton1_v0_selected_star_v2_star_v2_s14,SafetyPointButton1-v0,14,800000,results/star_v2_final/resume_300k/SafetyPointButton1-v0/star_v2/starv2_resume_300k_SafetyPointButton1_v0_selected_star_v2_star_v2_s14/checkpoint/final.torch,32,0.05,raw,29.17811532508814,271.0,1000,0.271,0.0,nan,0.0,0.0,0.443,0.443,5.526894848793745
starv2_resume_300k_SafetyPointButton1_v0_selected_star_v2_star_v2_s14,SafetyPointButton1-v0,14,800000,results/star_v2_final/resume_300k/SafetyPointButton1-v0/star_v2/starv2_resume_300k_SafetyPointButton1_v0_selected_star_v2_star_v2_s14/checkpoint/final.torch,32,0.05,star_exec,12.734374583017448,107.0,1000,0.107,0.0,0.5635641835965983,0.581,0.359875,0.506,0.506,8.098647750914097
starv2_resume_300k_SafetyPointButton1_v0_selected_star_v2_star_v2_s14,SafetyPointButton1-v0,14,800001,results/star_v2_final/resume_300k/SafetyPointButton1-v0/star_v2/starv2_resume_300k_SafetyPointButton1_v0_selected_star_v2_star_v2_s14/checkpoint/final.torch,32,0.05,raw,28.426596093603447,206.0,1000,0.206,0.0,nan,0.0,0.0,0.524,0.524,5.321758896112442
starv2_resume_300k_SafetyPointButton1_v0_selected_star_v2_star_v2_s14,SafetyPointButton1-v0,14,800001,results/star_v2_final/resume_300k/SafetyPointButton1-v0/star_v2/starv2_resume_300k_SafetyPointButton1_v0_selected_star_v2_star_v2_s14/checkpoint/final.torch,32,0.05,star_exec,23.51088189233284,302.0,1000,0.302,0.0,0.17292658554981688,0.738,0.2220625,0.467,0.467,8.51131046563387
starv2_resume_300k_SafetyPointButton1_v0_selected_star_v2_star_v2_s14,SafetyPointButton1-v0,14,800002,results/star_v2_final/resume_300k/SafetyPointButton1-v0/star_v2/starv2_resume_300k_SafetyPointButton1_v0_selected_star_v2_star_v2_s14/checkpoint/final.torch,32,0.05,raw,19.550670715250504,135.0,1000,0.135,0.0,nan,0.0,0.0,0.667,0.667,5.3704173900187016
starv2_resume_300k_SafetyPointButton1_v0_selected_star_v2_star_v2_s14,SafetyPointButton1-v0,14,800002,results/star_v2_final/resume_300k/SafetyPointButton1-v0/star_v2/starv2_resume_300k_SafetyPointButton1_v0_selected_star_v2_star_v2_s14/checkpoint/final.torch,32,0.05,star_exec,33.47813082525179,57.0,1000,0.057,0.0,-0.7123776116354498,0.75,0.19740625,0.73,0.73,8.529488112777472
starv2_resume_300k_SafetyPointButton1_v0_selected_star_v2_star_v2_s14,SafetyPointButton1-v0,14,800003,results/star_v2_final/resume_300k/SafetyPointButton1-v0/star_v2/starv2_resume_300k_SafetyPointButton1_v0_selected_star_v2_star_v2_s14/checkpoint/final.torch,32,0.05,raw,26.13993757458065,195.0,1000,0.195,0.0,nan,0.0,0.0,0.499,0.499,5.439567159861326
starv2_resume_300k_SafetyPointButton1_v0_selected_star_v2_star_v2_s14,SafetyPointButton1-v0,14,800003,results/star_v2_final/resume_300k/SafetyPointButton1-v0/star_v2/starv2_resume_300k_SafetyPointButton1_v0_selected_star_v2_star_v2_s14/checkpoint/final.torch,32,0.05,star_exec,15.105816813181569,75.0,1000,0.075,0.0,0.42211733405702656,0.833,0.1226875,0.776,0.776,8.501577615737915
starv2_resume_300k_SafetyPointButton1_v0_selected_star_v2_star_v2_s14,SafetyPointButton1-v0,14,800004,results/star_v2_final/resume_300k/SafetyPointButton1-v0/star_v2/starv2_resume_300k_SafetyPointButton1_v0_selected_star_v2_star_v2_s14/checkpoint/final.torch,32,0.05,raw,26.572351781841988,121.0,1000,0.121,0.0,nan,0.0,0.0,0.574,0.574,5.407672114670277
starv2_resume_300k_SafetyPointButton1_v0_selected_star_v2_star_v2_s14,SafetyPointButton1-v0,14,800004,results/star_v2_final/resume_300k/SafetyPointButton1-v0/star_v2/starv2_resume_300k_SafetyPointButton1_v0_selected_star_v2_star_v2_s14/checkpoint/final.torch,32,0.05,star_exec,24.721124094023317,237.0,1000,0.237,0.0,0.06966743866019767,0.792,0.17065625,0.591,0.591,8.570249289274216
starv2_resume_300k_SafetyPointButton1_v0_selected_star_v2_star_v2_s14,SafetyPointButton1-v0,14,800005,results/star_v2_final/resume_300k/SafetyPointButton1-v0/star_v2/starv2_resume_300k_SafetyPointButton1_v0_selected_star_v2_star_v2_s14/checkpoint/final.torch,32,0.05,raw,25.285759058301593,174.0,1000,0.174,0.0,nan,0.0,0.0,0.498,0.498,5.428380131721497
starv2_resume_300k_SafetyPointButton1_v0_selected_star_v2_star_v2_s14,SafetyPointButton1-v0,14,800005,results/star_v2_final/resume_300k/SafetyPointButton1-v0/star_v2/starv2_resume_300k_SafetyPointButton1_v0_selected_star_v2_star_v2_s14/checkpoint/final.torch,32,0.05,star_exec,24.847386385935057,171.0,1000,0.171,0.0,0.017336741655877414,0.759,0.2041875,0.617,0.617,8.474905148148537
starv2_resume_300k_SafetyPointButton1_v0_selected_star_v2_star_v2_s14,SafetyPointButton1-v0,14,800006,results/star_v2_final/resume_300k/SafetyPointButton1-v0/star_v2/starv2_resume_300k_SafetyPointButton1_v0_selected_star_v2_star_v2_s14/checkpoint/final.torch,32,0.05,raw,26.46496651315527,153.0,1000,0.153,0.0,nan,0.0,0.0,0.666,0.666,5.518904805183411
starv2_resume_300k_SafetyPointButton1_v0_selected_star_v2_star_v2_s14,SafetyPointButton1-v0,14,800006,results/star_v2_final/resume_300k/SafetyPointButton1-v0/star_v2/starv2_resume_300k_SafetyPointButton1_v0_selected_star_v2_star_v2_s14/checkpoint/final.torch,32,0.05,star_exec,24.580494415236792,158.0,1000,0.158,0.0,0.07120629066285579,0.672,0.26653125,0.549,0.549,8.495906498283148
starv2_resume_300k_SafetyPointButton1_v0_selected_star_v2_star_v2_s14,SafetyPointButton1-v0,14,800007,results/star_v2_final/resume_300k/SafetyPointButton1-v0/star_v2/starv2_resume_300k_SafetyPointButton1_v0_selected_star_v2_star_v2_s14/checkpoint/final.torch,32,0.05,raw,13.095559439515535,317.0,1000,0.317,0.0,nan,0.0,0.0,0.497,0.497,5.475302778184414
starv2_resume_300k_SafetyPointButton1_v0_selected_star_v2_star_v2_s14,SafetyPointButton1-v0,14,800007,results/star_v2_final/resume_300k/SafetyPointButton1-v0/star_v2/starv2_resume_300k_SafetyPointButton1_v0_selected_star_v2_star_v2_s14/checkpoint/final.torch,32,0.05,star_exec,19.86885314298579,255.0,1000,0.255,0.0,-0.5172206452694191,0.848,0.115625,0.619,0.619,8.626923847943544
starv2_resume_300k_SafetyPointButton1_v0_selected_star_v2_star_v2_s14,SafetyPointButton1-v0,14,800008,results/star_v2_final/resume_300k/SafetyPointButton1-v0/star_v2/starv2_resume_300k_SafetyPointButton1_v0_selected_star_v2_star_v2_s14/checkpoint/final.torch,32,0.05,raw,27.013126102097395,303.0,1000,0.303,0.0,nan,0.0,0.0,0.439,0.439,5.524214740842581
starv2_resume_300k_SafetyPointButton1_v0_selected_star_v2_star_v2_s14,SafetyPointButton1-v0,14,800008,results/star_v2_final/resume_300k/SafetyPointButton1-v0/star_v2/starv2_resume_300k_SafetyPointButton1_v0_selected_star_v2_star_v2_s14/checkpoint/final.torch,32,0.05,star_exec,27.88571778903019,177.0,1000,0.177,0.0,-0.03230250670117896,0.787,0.166,0.621,0.621,8.548518031835556
starv2_resume_300k_SafetyPointButton1_v0_selected_star_v2_star_v2_s14,SafetyPointButton1-v0,14,800009,results/star_v2_final/resume_300k/SafetyPointButton1-v0/star_v2/starv2_resume_300k_SafetyPointButton1_v0_selected_star_v2_star_v2_s14/checkpoint/final.torch,32,0.05,raw,18.160897654146794,158.0,1000,0.158,0.0,nan,0.0,0.0,0.713,0.713,5.469008784741163
starv2_resume_300k_SafetyPointButton1_v0_selected_star_v2_star_v2_s14,SafetyPointButton1-v0,14,800009,results/star_v2_final/resume_300k/SafetyPointButton1-v0/star_v2/starv2_resume_300k_SafetyPointButton1_v0_selected_star_v2_star_v2_s14/checkpoint/final.torch,32,0.05,star_exec,19.996732566707035,259.0,1000,0.259,0.0,-0.10108723409611049,0.897,0.07503125,0.667,0.667,8.648017939180136
starv2_resume_300k_SafetyPointButton1_v0_selected_star_v2_star_v2_s14,SafetyPointButton1-v0,14,800010,results/star_v2_final/resume_300k/SafetyPointButton1-v0/star_v2/starv2_resume_300k_SafetyPointButton1_v0_selected_star_v2_star_v2_s14/checkpoint/final.torch,32,0.05,raw,23.19780508483728,240.0,1000,0.24,0.0,nan,0.0,0.0,0.52,0.52,5.362116273492575
starv2_resume_300k_SafetyPointButton1_v0_selected_star_v2_star_v2_s14,SafetyPointButton1-v0,14,800010,results/star_v2_final/resume_300k/SafetyPointButton1-v0/star_v2/starv2_resume_300k_SafetyPointButton1_v0_selected_star_v2_star_v2_s14/checkpoint/final.torch,32,0.05,star_exec,28.87918496332074,120.0,1000,0.12,0.0,-0.24491023429613015,0.644,0.29796875,0.557,0.557,8.635785549879074
starv2_resume_300k_SafetyPointButton1_v0_selected_star_v2_star_v2_s14,SafetyPointButton1-v0,14,800011,results/star_v2_final/resume_300k/SafetyPointButton1-v0/star_v2/starv2_resume_300k_SafetyPointButton1_v0_selected_star_v2_star_v2_s14/checkpoint/final.torch,32,0.05,raw,26.50782742892594,130.0,1000,0.13,0.0,nan,0.0,0.0,0.5,0.5,5.373722400516272
starv2_resume_300k_SafetyPointButton1_v0_selected_star_v2_star_v2_s14,SafetyPointButton1-v0,14,800011,results/star_v2_final/resume_300k/SafetyPointButton1-v0/star_v2/starv2_resume_300k_SafetyPointButton1_v0_selected_star_v2_star_v2_s14/checkpoint/final.torch,32,0.05,star_exec,22.041945543720527,77.0,1000,0.077,0.0,0.16847408174734613,0.701,0.2535625,0.645,0.645,8.626567553728819
starv2_resume_300k_SafetyPointButton1_v0_selected_star_v2_star_v2_s14,SafetyPointButton1-v0,14,800012,results/star_v2_final/resume_300k/SafetyPointButton1-v0/star_v2/starv2_resume_300k_SafetyPointButton1_v0_selected_star_v2_star_v2_s14/checkpoint/final.torch,32,0.05,raw,26.296208591903635,213.0,1000,0.213,0.0,nan,0.0,0.0,0.51,0.51,5.259124793112278
starv2_resume_300k_SafetyPointButton1_v0_selected_star_v2_star_v2_s14,SafetyPointButton1-v0,14,800012,results/star_v2_final/resume_300k/SafetyPointButton1-v0/star_v2/starv2_resume_300k_SafetyPointButton1_v0_selected_star_v2_star_v2_s14/checkpoint/final.torch,32,0.05,star_exec,15.91495887013816,305.0,1000,0.305,0.0,0.39478123568588397,0.83,0.1435,0.536,0.536,8.609373096376657
starv2_resume_300k_SafetyPointButton1_v0_selected_star_v2_star_v2_s14,SafetyPointButton1-v0,14,800013,results/star_v2_final/resume_300k/SafetyPointButton1-v0/star_v2/starv2_resume_300k_SafetyPointButton1_v0_selected_star_v2_star_v2_s14/checkpoint/final.torch,32,0.05,raw,26.044852819204234,198.0,1000,0.198,0.0,nan,0.0,0.0,0.501,0.501,5.3010643273591995
starv2_resume_300k_SafetyPointButton1_v0_selected_star_v2_star_v2_s14,SafetyPointButton1-v0,14,800013,results/star_v2_final/resume_300k/SafetyPointButton1-v0/star_v2/starv2_resume_300k_SafetyPointButton1_v0_selected_star_v2_star_v2_s14/checkpoint/final.torch,32,0.05,star_exec,30.732113875467828,185.0,1000,0.185,0.0,-0.17996880569075172,0.64,0.2965625,0.539,0.539,8.545914314687252
starv2_resume_300k_SafetyPointButton1_v0_selected_star_v2_star_v2_s14,SafetyPointButton1-v0,14,800014,results/star_v2_final/resume_300k/SafetyPointButton1-v0/star_v2/starv2_resume_300k_SafetyPointButton1_v0_selected_star_v2_star_v2_s14/checkpoint/final.torch,32,0.05,raw,37.31956180607535,68.0,1000,0.068,0.0,nan,0.0,0.0,0.683,0.683,5.317673243582249
starv2_resume_300k_SafetyPointButton1_v0_selected_star_v2_star_v2_s14,SafetyPointButton1-v0,14,800014,results/star_v2_final/resume_300k/SafetyPointButton1-v0/star_v2/starv2_resume_300k_SafetyPointButton1_v0_selected_star_v2_star_v2_s14/checkpoint/final.torch,32,0.05,star_exec,36.566285967570494,28.0,1000,0.028,0.0,0.020184477042338358,0.844,0.11646875,0.818,0.818,8.599471285939217
starv2_resume_300k_SafetyPointButton1_v0_selected_star_v2_star_v2_s14,SafetyPointButton1-v0,14,800015,results/star_v2_final/resume_300k/SafetyPointButton1-v0/star_v2/starv2_resume_300k_SafetyPointButton1_v0_selected_star_v2_star_v2_s14/checkpoint/final.torch,32,0.05,raw,25.24275970966266,184.0,1000,0.184,0.0,nan,0.0,0.0,0.576,0.576,5.257220841944218
starv2_resume_300k_SafetyPointButton1_v0_selected_star_v2_star_v2_s14,SafetyPointButton1-v0,14,800015,results/star_v2_final/resume_300k/SafetyPointButton1-v0/star_v2/starv2_resume_300k_SafetyPointButton1_v0_selected_star_v2_star_v2_s14/checkpoint/final.torch,32,0.05,star_exec,23.036670891459963,107.0,1000,0.107,0.0,0.08739491416852613,0.665,0.29575,0.589,0.589,7.202875602990389
starv2_resume_300k_SafetyPointButton1_v0_selected_star_v2_star_v2_s14,SafetyPointButton1-v0,14,800016,results/star_v2_final/resume_300k/SafetyPointButton1-v0/star_v2/starv2_resume_300k_SafetyPointButton1_v0_selected_star_v2_star_v2_s14/checkpoint/final.torch,32,0.05,raw,29.37832283929847,69.0,1000,0.069,0.0,nan,0.0,0.0,0.524,0.524,5.190917003899813
starv2_resume_300k_SafetyPointButton1_v0_selected_star_v2_star_v2_s14,SafetyPointButton1-v0,14,800016,results/star_v2_final/resume_300k/SafetyPointButton1-v0/star_v2/starv2_resume_300k_SafetyPointButton1_v0_selected_star_v2_star_v2_s14/checkpoint/final.torch,32,0.05,star_exec,30.61814963980309,132.0,1000,0.132,0.0,-0.042202095990522034,0.732,0.2371875,0.629,0.629,5.257819969207048
starv2_resume_300k_SafetyPointButton1_v0_selected_star_v2_star_v2_s14,SafetyPointButton1-v0,14,800017,results/star_v2_final/resume_300k/SafetyPointButton1-v0/star_v2/starv2_resume_300k_SafetyPointButton1_v0_selected_star_v2_star_v2_s14/checkpoint/final.torch,32,0.05,raw,37.1093054416955,69.0,1000,0.069,0.0,nan,0.0,0.0,0.202,0.202,3.975404314696789
starv2_resume_300k_SafetyPointButton1_v0_selected_star_v2_star_v2_s14,SafetyPointButton1-v0,14,800017,results/star_v2_final/resume_300k/SafetyPointButton1-v0/star_v2/starv2_resume_300k_SafetyPointButton1_v0_selected_star_v2_star_v2_s14/checkpoint/final.torch,32,0.05,star_exec,31.07858932629045,26.0,1000,0.026,0.0,0.16251223361968442,0.427,0.48071875,0.47,0.47,5.204092189669609
starv2_resume_300k_SafetyPointButton1_v0_selected_star_v2_star_v2_s14,SafetyPointButton1-v0,14,800018,results/star_v2_final/resume_300k/SafetyPointButton1-v0/star_v2/starv2_resume_300k_SafetyPointButton1_v0_selected_star_v2_star_v2_s14/checkpoint/final.torch,32,0.05,raw,36.65876577818241,225.0,1000,0.225,0.0,nan,0.0,0.0,0.578,0.578,5.7252573519945145
starv2_resume_300k_SafetyPointButton1_v0_selected_star_v2_star_v2_s14,SafetyPointButton1-v0,14,800018,results/star_v2_final/resume_300k/SafetyPointButton1-v0/star_v2/starv2_resume_300k_SafetyPointButton1_v0_selected_star_v2_star_v2_s14/checkpoint/final.torch,32,0.05,star_exec,24.51186557102571,184.0,1000,0.184,0.0,0.33135049555830853,0.784,0.15109375,0.649,0.649,5.4856483824551105
starv2_resume_300k_SafetyPointButton1_v0_selected_star_v2_star_v2_s14,SafetyPointButton1-v0,14,800019,results/star_v2_final/resume_300k/SafetyPointButton1-v0/star_v2/starv2_resume_300k_SafetyPointButton1_v0_selected_star_v2_star_v2_s14/checkpoint/final.torch,32,0.05,raw,21.69970688016224,87.0,1000,0.087,0.0,nan,0.0,0.0,0.659,0.659,5.381076667457819
starv2_resume_300k_SafetyPointButton1_v0_selected_star_v2_star_v2_s14,SafetyPointButton1-v0,14,800019,results/star_v2_final/resume_300k/SafetyPointButton1-v0/star_v2/starv2_resume_300k_SafetyPointButton1_v0_selected_star_v2_star_v2_s14/checkpoint/final.torch,32,0.05,star_exec,21.096420454620194,95.0,1000,0.095,0.0,0.027801593306016788,0.683,0.217125,0.662,0.662,4.869947671890259
starv2_core_100k_SafetyPointGoal1_v0_selected_star_v2_star_v2_s10,SafetyPointGoal1-v0,10,800000,results/star_v2_final/resume_300k/SafetyPointGoal1-v0/star_v2/starv2_core_100k_SafetyPointGoal1_v0_selected_star_v2_star_v2_s10/checkpoint/final.torch,32,0.05,raw,26.192815045278792,106.0,1000,0.106,0.0,nan,0.0,0.0,0.225,0.225,5.679343856871128
starv2_core_100k_SafetyPointGoal1_v0_selected_star_v2_star_v2_s10,SafetyPointGoal1-v0,10,800000,results/star_v2_final/resume_300k/SafetyPointGoal1-v0/star_v2/starv2_core_100k_SafetyPointGoal1_v0_selected_star_v2_star_v2_s10/checkpoint/final.torch,32,0.05,star_exec,25.32508070374609,51.0,1000,0.051,0.0,0.03312871640687245,0.201,0.7655,0.202,0.202,5.849108338356018
starv2_core_100k_SafetyPointGoal1_v0_selected_star_v2_star_v2_s10,SafetyPointGoal1-v0,10,800001,results/star_v2_final/resume_300k/SafetyPointGoal1-v0/star_v2/starv2_core_100k_SafetyPointGoal1_v0_selected_star_v2_star_v2_s10/checkpoint/final.torch,32,0.05,raw,27.958384037332703,97.0,1000,0.097,0.0,nan,0.0,0.0,0.179,0.179,5.268932037055492
starv2_core_100k_SafetyPointGoal1_v0_selected_star_v2_star_v2_s10,SafetyPointGoal1-v0,10,800001,results/star_v2_final/resume_300k/SafetyPointGoal1-v0/star_v2/starv2_core_100k_SafetyPointGoal1_v0_selected_star_v2_star_v2_s10/checkpoint/final.torch,32,0.05,star_exec,26.747636919891296,92.0,1000,0.092,0.0,0.04330533251938675,0.239,0.740625,0.219,0.219,6.94607201218605
starv2_core_100k_SafetyPointGoal1_v0_selected_star_v2_star_v2_s10,SafetyPointGoal1-v0,10,800002,results/star_v2_final/resume_300k/SafetyPointGoal1-v0/star_v2/starv2_core_100k_SafetyPointGoal1_v0_selected_star_v2_star_v2_s10/checkpoint/final.torch,32,0.05,raw,27.687406211140548,19.0,1000,0.019,0.0,nan,0.0,0.0,0.201,0.201,5.24710351228714
starv2_core_100k_SafetyPointGoal1_v0_selected_star_v2_star_v2_s10,SafetyPointGoal1-v0,10,800002,results/star_v2_final/resume_300k/SafetyPointGoal1-v0/star_v2/starv2_core_100k_SafetyPointGoal1_v0_selected_star_v2_star_v2_s10/checkpoint/final.torch,32,0.05,star_exec,27.198570974305905,17.0,1000,0.017,0.0,0.017655508540845202,0.207,0.72759375,0.259,0.259,7.612155821174383
starv2_core_100k_SafetyPointGoal1_v0_selected_star_v2_star_v2_s10,SafetyPointGoal1-v0,10,800003,results/star_v2_final/resume_300k/SafetyPointGoal1-v0/star_v2/starv2_core_100k_SafetyPointGoal1_v0_selected_star_v2_star_v2_s10/checkpoint/final.torch,32,0.05,raw,27.834090588657656,11.0,1000,0.011,0.0,nan,0.0,0.0,0.109,0.109,5.182278573513031
starv2_core_100k_SafetyPointGoal1_v0_selected_star_v2_star_v2_s10,SafetyPointGoal1-v0,10,800003,results/star_v2_final/resume_300k/SafetyPointGoal1-v0/star_v2/starv2_core_100k_SafetyPointGoal1_v0_selected_star_v2_star_v2_s10/checkpoint/final.torch,32,0.05,star_exec,27.053736338365663,49.0,1000,0.049,0.0,0.028035916884239266,0.144,0.828625,0.144,0.144,8.021083321422338
starv2_core_100k_SafetyPointGoal1_v0_selected_star_v2_star_v2_s10,SafetyPointGoal1-v0,10,800004,results/star_v2_final/resume_300k/SafetyPointGoal1-v0/star_v2/starv2_core_100k_SafetyPointGoal1_v0_selected_star_v2_star_v2_s10/checkpoint/final.torch,32,0.05,raw,26.19649032820261,51.0,1000,0.051,0.0,nan,0.0,0.0,0.137,0.137,5.202990740537643
starv2_core_100k_SafetyPointGoal1_v0_selected_star_v2_star_v2_s10,SafetyPointGoal1-v0,10,800004,results/star_v2_final/resume_300k/SafetyPointGoal1-v0/star_v2/starv2_core_100k_SafetyPointGoal1_v0_selected_star_v2_star_v2_s10/checkpoint/final.torch,32,0.05,star_exec,26.954142829501052,78.0,1000,0.078,0.0,-0.028921908691057284,0.283,0.6920625,0.23,0.23,8.323329504579306
starv2_core_100k_SafetyPointGoal1_v0_selected_star_v2_star_v2_s10,SafetyPointGoal1-v0,10,800005,results/star_v2_final/resume_300k/SafetyPointGoal1-v0/star_v2/starv2_core_100k_SafetyPointGoal1_v0_selected_star_v2_star_v2_s10/checkpoint/final.torch,32,0.05,raw,27.971208341824873,12.0,1000,0.012,0.0,nan,0.0,0.0,0.134,0.134,5.393960662186146
starv2_core_100k_SafetyPointGoal1_v0_selected_star_v2_star_v2_s10,SafetyPointGoal1-v0,10,800005,results/star_v2_final/resume_300k/SafetyPointGoal1-v0/star_v2/starv2_core_100k_SafetyPointGoal1_v0_selected_star_v2_star_v2_s10/checkpoint/final.torch,32,0.05,star_exec,26.44853191532137,23.0,1000,0.023,0.0,0.05443727735661206,0.166,0.80071875,0.172,0.172,8.313321270048618
starv2_core_100k_SafetyPointGoal1_v0_selected_star_v2_star_v2_s10,SafetyPointGoal1-v0,10,800006,results/star_v2_final/resume_300k/SafetyPointGoal1-v0/star_v2/starv2_core_100k_SafetyPointGoal1_v0_selected_star_v2_star_v2_s10/checkpoint/final.torch,32,0.05,raw,26.67713382768089,113.0,1000,0.113,0.0,nan,0.0,0.0,0.317,0.317,5.400083426386118
starv2_core_100k_SafetyPointGoal1_v0_selected_star_v2_star_v2_s10,SafetyPointGoal1-v0,10,800006,results/star_v2_final/resume_300k/SafetyPointGoal1-v0/star_v2/starv2_core_100k_SafetyPointGoal1_v0_selected_star_v2_star_v2_s10/checkpoint/final.torch,32,0.05,star_exec,26.054131786702918,85.0,1000,0.085,0.0,0.023353409890365714,0.318,0.63725,0.268,0.268,8.32280221581459
starv2_core_100k_SafetyPointGoal1_v0_selected_star_v2_star_v2_s10,SafetyPointGoal1-v0,10,800007,results/star_v2_final/resume_300k/SafetyPointGoal1-v0/star_v2/starv2_core_100k_SafetyPointGoal1_v0_selected_star_v2_star_v2_s10/checkpoint/final.torch,32,0.05,raw,26.112200961711647,9.0,1000,0.009,0.0,nan,0.0,0.0,0.199,0.199,5.330608054995537
starv2_core_100k_SafetyPointGoal1_v0_selected_star_v2_star_v2_s10,SafetyPointGoal1-v0,10,800007,results/star_v2_final/resume_300k/SafetyPointGoal1-v0/star_v2/starv2_core_100k_SafetyPointGoal1_v0_selected_star_v2_star_v2_s10/checkpoint/final.torch,32,0.05,star_exec,25.50044578470505,85.0,1000,0.085,0.0,0.023427943814602756,0.273,0.692625,0.226,0.226,8.455331299453974
starv2_core_100k_SafetyPointGoal1_v0_selected_star_v2_star_v2_s10,SafetyPointGoal1-v0,10,800008,results/star_v2_final/resume_300k/SafetyPointGoal1-v0/star_v2/starv2_core_100k_SafetyPointGoal1_v0_selected_star_v2_star_v2_s10/checkpoint/final.torch,32,0.05,raw,30.709070157013368,112.0,1000,0.112,0.0,nan,0.0,0.0,0.212,0.212,5.274001222103834
starv2_core_100k_SafetyPointGoal1_v0_selected_star_v2_star_v2_s10,SafetyPointGoal1-v0,10,800008,results/star_v2_final/resume_300k/SafetyPointGoal1-v0/star_v2/starv2_core_100k_SafetyPointGoal1_v0_selected_star_v2_star_v2_s10/checkpoint/final.torch,32,0.05,star_exec,28.22126479200123,66.0,1000,0.066,0.0,0.08101207077557743,0.153,0.80109375,0.137,0.137,8.283253360539675
starv2_core_100k_SafetyPointGoal1_v0_selected_star_v2_star_v2_s10,SafetyPointGoal1-v0,10,800009,results/star_v2_final/resume_300k/SafetyPointGoal1-v0/star_v2/starv2_core_100k_SafetyPointGoal1_v0_selected_star_v2_star_v2_s10/checkpoint/final.torch,32,0.05,raw,28.945757576581713,0.0,1000,0.0,0.0,nan,0.0,0.0,0.183,0.183,5.187196973711252
starv2_core_100k_SafetyPointGoal1_v0_selected_star_v2_star_v2_s10,SafetyPointGoal1-v0,10,800009,results/star_v2_final/resume_300k/SafetyPointGoal1-v0/star_v2/starv2_core_100k_SafetyPointGoal1_v0_selected_star_v2_star_v2_s10/checkpoint/final.torch,32,0.05,star_exec,27.859130749871355,21.0,1000,0.021,0.0,0.037540106657615445,0.242,0.72321875,0.256,0.256,8.329615794122219
starv2_core_100k_SafetyPointGoal1_v0_selected_star_v2_star_v2_s10,SafetyPointGoal1-v0,10,800010,results/star_v2_final/resume_300k/SafetyPointGoal1-v0/star_v2/starv2_core_100k_SafetyPointGoal1_v0_selected_star_v2_star_v2_s10/checkpoint/final.torch,32,0.05,raw,24.81131570446743,58.0,1000,0.058,0.0,nan,0.0,0.0,0.126,0.126,5.114912446588278
starv2_core_100k_SafetyPointGoal1_v0_selected_star_v2_star_v2_s10,SafetyPointGoal1-v0,10,800010,results/star_v2_final/resume_300k/SafetyPointGoal1-v0/star_v2/starv2_core_100k_SafetyPointGoal1_v0_selected_star_v2_star_v2_s10/checkpoint/final.torch,32,0.05,star_exec,27.258307144000284,33.0,1000,0.033,0.0,-0.09862400965267067,0.121,0.853375,0.129,0.129,8.348042342811823
starv2_core_100k_SafetyPointGoal1_v0_selected_star_v2_star_v2_s10,SafetyPointGoal1-v0,10,800011,results/star_v2_final/resume_300k/SafetyPointGoal1-v0/star_v2/starv2_core_100k_SafetyPointGoal1_v0_selected_star_v2_star_v2_s10/checkpoint/final.torch,32,0.05,raw,26.729042639345543,104.0,1000,0.104,0.0,nan,0.0,0.0,0.215,0.215,5.229026306420565
starv2_core_100k_SafetyPointGoal1_v0_selected_star_v2_star_v2_s10,SafetyPointGoal1-v0,10,800011,results/star_v2_final/resume_300k/SafetyPointGoal1-v0/star_v2/starv2_core_100k_SafetyPointGoal1_v0_selected_star_v2_star_v2_s10/checkpoint/final.torch,32,0.05,star_exec,27.250382168824178,96.0,1000,0.096,0.0,-0.01950460914418293,0.196,0.77203125,0.19,0.19,8.382063277065754
starv2_core_100k_SafetyPointGoal1_v0_selected_star_v2_star_v2_s10,SafetyPointGoal1-v0,10,800012,results/star_v2_final/resume_300k/SafetyPointGoal1-v0/star_v2/starv2_core_100k_SafetyPointGoal1_v0_selected_star_v2_star_v2_s10/checkpoint/final.torch,32,0.05,raw,27.45431647716361,112.0,1000,0.112,0.0,nan,0.0,0.0,0.24,0.24,5.187545504420996
starv2_core_100k_SafetyPointGoal1_v0_selected_star_v2_star_v2_s10,SafetyPointGoal1-v0,10,800012,results/star_v2_final/resume_300k/SafetyPointGoal1-v0/star_v2/starv2_core_100k_SafetyPointGoal1_v0_selected_star_v2_star_v2_s10/checkpoint/final.torch,32,0.05,star_exec,26.062989771333157,67.0,1000,0.067,0.0,0.05067788546066158,0.242,0.7064375,0.25,0.25,8.16295238956809
starv2_core_100k_SafetyPointGoal1_v0_selected_star_v2_star_v2_s10,SafetyPointGoal1-v0,10,800013,results/star_v2_final/resume_300k/SafetyPointGoal1-v0/star_v2/starv2_core_100k_SafetyPointGoal1_v0_selected_star_v2_star_v2_s10/checkpoint/final.torch,32,0.05,raw,27.92526153997609,0.0,1000,0.0,0.0,nan,0.0,0.0,0.205,0.205,5.072534240782261
starv2_core_100k_SafetyPointGoal1_v0_selected_star_v2_star_v2_s10,SafetyPointGoal1-v0,10,800013,results/star_v2_final/resume_300k/SafetyPointGoal1-v0/star_v2/starv2_core_100k_SafetyPointGoal1_v0_selected_star_v2_star_v2_s10/checkpoint/final.torch,32,0.05,star_exec,27.117201116165997,51.0,1000,0.051,0.0,0.02893653914944804,0.275,0.6970625,0.252,0.252,8.255430296063423
starv2_core_100k_SafetyPointGoal1_v0_selected_star_v2_star_v2_s10,SafetyPointGoal1-v0,10,800014,results/star_v2_final/resume_300k/SafetyPointGoal1-v0/star_v2/starv2_core_100k_SafetyPointGoal1_v0_selected_star_v2_star_v2_s10/checkpoint/final.torch,32,0.05,raw,28.314123118874537,0.0,1000,0.0,0.0,nan,0.0,0.0,0.06,0.06,5.012001842260361
starv2_core_100k_SafetyPointGoal1_v0_selected_star_v2_star_v2_s10,SafetyPointGoal1-v0,10,800014,results/star_v2_final/resume_300k/SafetyPointGoal1-v0/star_v2/starv2_core_100k_SafetyPointGoal1_v0_selected_star_v2_star_v2_s10/checkpoint/final.torch,32,0.05,star_exec,26.094186792490284,7.0,1000,0.007,0.0,0.07840385227767895,0.108,0.8530625,0.146,0.146,8.301919646561146
starv2_core_100k_SafetyPointGoal1_v0_selected_star_v2_star_v2_s10,SafetyPointGoal1-v0,10,800015,results/star_v2_final/resume_300k/SafetyPointGoal1-v0/star_v2/starv2_core_100k_SafetyPointGoal1_v0_selected_star_v2_star_v2_s10/checkpoint/final.torch,32,0.05,raw,25.53891452279809,38.0,1000,0.038,0.0,nan,0.0,0.0,0.176,0.176,5.067322671413422
starv2_core_100k_SafetyPointGoal1_v0_selected_star_v2_star_v2_s10,SafetyPointGoal1-v0,10,800015,results/star_v2_final/resume_300k/SafetyPointGoal1-v0/star_v2/starv2_core_100k_SafetyPointGoal1_v0_selected_star_v2_star_v2_s10/checkpoint/final.torch,32,0.05,star_exec,25.950753089412864,74.0,1000,0.074,0.0,-0.016125922902758147,0.247,0.71346875,0.26,0.26,8.192459613084793
starv2_core_100k_SafetyPointGoal1_v0_selected_star_v2_star_v2_s10,SafetyPointGoal1-v0,10,800016,results/star_v2_final/resume_300k/SafetyPointGoal1-v0/star_v2/starv2_core_100k_SafetyPointGoal1_v0_selected_star_v2_star_v2_s10/checkpoint/final.torch,32,0.05,raw,27.22837590979318,49.0,1000,0.049,0.0,nan,0.0,0.0,0.21,0.21,5.061004240065813
starv2_core_100k_SafetyPointGoal1_v0_selected_star_v2_star_v2_s10,SafetyPointGoal1-v0,10,800016,results/star_v2_final/resume_300k/SafetyPointGoal1-v0/star_v2/starv2_core_100k_SafetyPointGoal1_v0_selected_star_v2_star_v2_s10/checkpoint/final.torch,32,0.05,star_exec,27.698852223601655,51.0,1000,0.051,0.0,-0.017278897403471664,0.148,0.83115625,0.134,0.134,8.109895501285791
starv2_core_100k_SafetyPointGoal1_v0_selected_star_v2_star_v2_s10,SafetyPointGoal1-v0,10,800017,results/star_v2_final/resume_300k/SafetyPointGoal1-v0/star_v2/starv2_core_100k_SafetyPointGoal1_v0_selected_star_v2_star_v2_s10/checkpoint/final.torch,32,0.05,raw,27.75522684472032,93.0,1000,0.093,0.0,nan,0.0,0.0,0.202,0.202,5.242346711456776
starv2_core_100k_SafetyPointGoal1_v0_selected_star_v2_star_v2_s10,SafetyPointGoal1-v0,10,800017,results/star_v2_final/resume_300k/SafetyPointGoal1-v0/star_v2/starv2_core_100k_SafetyPointGoal1_v0_selected_star_v2_star_v2_s10/checkpoint/final.torch,32,0.05,star_exec,28.008372497172587,27.0,1000,0.027,0.0,-0.009120647936639806,0.232,0.739375,0.238,0.238,8.489735681563616
starv2_core_100k_SafetyPointGoal1_v0_selected_star_v2_star_v2_s10,SafetyPointGoal1-v0,10,800018,results/star_v2_final/resume_300k/SafetyPointGoal1-v0/star_v2/starv2_core_100k_SafetyPointGoal1_v0_selected_star_v2_star_v2_s10/checkpoint/final.torch,32,0.05,raw,26.809220273680083,0.0,1000,0.0,0.0,nan,0.0,0.0,0.095,0.095,5.308828216046095
starv2_core_100k_SafetyPointGoal1_v0_selected_star_v2_star_v2_s10,SafetyPointGoal1-v0,10,800018,results/star_v2_final/resume_300k/SafetyPointGoal1-v0/star_v2/starv2_core_100k_SafetyPointGoal1_v0_selected_star_v2_star_v2_s10/checkpoint/final.torch,32,0.05,star_exec,25.311105886439375,0.0,1000,0.0,0.0,0.05588056541545447,0.095,0.8801875,0.124,0.124,8.315755389630795
starv2_core_100k_SafetyPointGoal1_v0_selected_star_v2_star_v2_s10,SafetyPointGoal1-v0,10,800019,results/star_v2_final/resume_300k/SafetyPointGoal1-v0/star_v2/starv2_core_100k_SafetyPointGoal1_v0_selected_star_v2_star_v2_s10/checkpoint/final.torch,32,0.05,raw,27.06169305748952,110.0,1000,0.11,0.0,nan,0.0,0.0,0.255,0.255,5.090342361479998
starv2_core_100k_SafetyPointGoal1_v0_selected_star_v2_star_v2_s10,SafetyPointGoal1-v0,10,800019,results/star_v2_final/resume_300k/SafetyPointGoal1-v0/star_v2/starv2_core_100k_SafetyPointGoal1_v0_selected_star_v2_star_v2_s10/checkpoint/final.torch,32,0.05,star_exec,25.458113466263743,57.0,1000,0.057,0.0,0.05925644000983801,0.214,0.7758125,0.187,0.187,8.51231636106968
starv2_core_100k_SafetyPointGoal1_v0_selected_star_v2_star_v2_s11,SafetyPointGoal1-v0,11,800000,results/star_v2_final/resume_300k/SafetyPointGoal1-v0/star_v2/starv2_core_100k_SafetyPointGoal1_v0_selected_star_v2_star_v2_s11/checkpoint/final.torch,32,0.05,raw,28.671577617393172,115.0,1000,0.115,0.0,nan,0.0,0.0,0.158,0.158,5.494231194257736
starv2_core_100k_SafetyPointGoal1_v0_selected_star_v2_star_v2_s11,SafetyPointGoal1-v0,11,800000,results/star_v2_final/resume_300k/SafetyPointGoal1-v0/star_v2/starv2_core_100k_SafetyPointGoal1_v0_selected_star_v2_star_v2_s11/checkpoint/final.torch,32,0.05,star_exec,25.707858703432716,194.0,1000,0.194,0.0,0.10336783533538668,0.328,0.65825,0.198,0.198,7.152362380176783
starv2_core_100k_SafetyPointGoal1_v0_selected_star_v2_star_v2_s11,SafetyPointGoal1-v0,11,800001,results/star_v2_final/resume_300k/SafetyPointGoal1-v0/star_v2/starv2_core_100k_SafetyPointGoal1_v0_selected_star_v2_star_v2_s11/checkpoint/final.torch,32,0.05,raw,29.50154842981434,36.0,1000,0.036,0.0,nan,0.0,0.0,0.139,0.139,5.184494741261005
starv2_core_100k_SafetyPointGoal1_v0_selected_star_v2_star_v2_s11,SafetyPointGoal1-v0,11,800001,results/star_v2_final/resume_300k/SafetyPointGoal1-v0/star_v2/starv2_core_100k_SafetyPointGoal1_v0_selected_star_v2_star_v2_s11/checkpoint/final.torch,32,0.05,star_exec,26.69038794179467,121.0,1000,0.121,0.0,0.09528857424916397,0.262,0.70565625,0.225,0.225,6.994223780930042
starv2_core_100k_SafetyPointGoal1_v0_selected_star_v2_star_v2_s11,SafetyPointGoal1-v0,11,800002,results/star_v2_final/resume_300k/SafetyPointGoal1-v0/star_v2/starv2_core_100k_SafetyPointGoal1_v0_selected_star_v2_star_v2_s11/checkpoint/final.torch,32,0.05,raw,28.15499122555643,16.0,1000,0.016,0.0,nan,0.0,0.0,0.128,0.128,4.972785763442516
starv2_core_100k_SafetyPointGoal1_v0_selected_star_v2_star_v2_s11,SafetyPointGoal1-v0,11,800002,results/star_v2_final/resume_300k/SafetyPointGoal1-v0/star_v2/starv2_core_100k_SafetyPointGoal1_v0_selected_star_v2_star_v2_s11/checkpoint/final.torch,32,0.05,star_exec,26.490703191596847,29.0,1000,0.029,0.0,0.05911165166511932,0.272,0.70403125,0.277,0.277,6.298239629715681
starv2_core_100k_SafetyPointGoal1_v0_selected_star_v2_star_v2_s11,SafetyPointGoal1-v0,11,800003,results/star_v2_final/resume_300k/SafetyPointGoal1-v0/star_v2/starv2_core_100k_SafetyPointGoal1_v0_selected_star_v2_star_v2_s11/checkpoint/final.torch,32,0.05,raw,28.355064481769134,72.0,1000,0.072,0.0,nan,0.0,0.0,0.221,0.221,4.784341067075729
starv2_core_100k_SafetyPointGoal1_v0_selected_star_v2_star_v2_s11,SafetyPointGoal1-v0,11,800003,results/star_v2_final/resume_300k/SafetyPointGoal1-v0/star_v2/starv2_core_100k_SafetyPointGoal1_v0_selected_star_v2_star_v2_s11/checkpoint/final.torch,32,0.05,star_exec,26.364365022989844,53.0,1000,0.053,0.0,0.07020613407736061,0.232,0.73915625,0.21,0.21,8.357617355883121
starv2_core_100k_SafetyPointGoal1_v0_selected_star_v2_star_v2_s11,SafetyPointGoal1-v0,11,800004,results/star_v2_final/resume_300k/SafetyPointGoal1-v0/star_v2/starv2_core_100k_SafetyPointGoal1_v0_selected_star_v2_star_v2_s11/checkpoint/final.torch,32,0.05,raw,27.200366932379456,151.0,1000,0.151,0.0,nan,0.0,0.0,0.241,0.241,4.971095334738493
starv2_core_100k_SafetyPointGoal1_v0_selected_star_v2_star_v2_s11,SafetyPointGoal1-v0,11,800004,results/star_v2_final/resume_300k/SafetyPointGoal1-v0/star_v2/starv2_core_100k_SafetyPointGoal1_v0_selected_star_v2_star_v2_s11/checkpoint/final.torch,32,0.05,star_exec,25.115032671584753,169.0,1000,0.169,0.0,0.07666566653232572,0.341,0.63265625,0.262,0.262,8.268313832581043
starv2_core_100k_SafetyPointGoal1_v0_selected_star_v2_star_v2_s11,SafetyPointGoal1-v0,11,800005,results/star_v2_final/resume_300k/SafetyPointGoal1-v0/star_v2/starv2_core_100k_SafetyPointGoal1_v0_selected_star_v2_star_v2_s11/checkpoint/final.torch,32,0.05,raw,29.251125432255485,34.0,1000,0.034,0.0,nan,0.0,0.0,0.12,0.12,5.190431635826826
starv2_core_100k_SafetyPointGoal1_v0_selected_star_v2_star_v2_s11,SafetyPointGoal1-v0,11,800005,results/star_v2_final/resume_300k/SafetyPointGoal1-v0/star_v2/starv2_core_100k_SafetyPointGoal1_v0_selected_star_v2_star_v2_s11/checkpoint/final.torch,32,0.05,star_exec,27.85265274873764,12.0,1000,0.012,0.0,0.04780919239352535,0.078,0.903125,0.095,0.095,8.281095527112484
starv2_core_100k_SafetyPointGoal1_v0_selected_star_v2_star_v2_s11,SafetyPointGoal1-v0,11,800006,results/star_v2_final/resume_300k/SafetyPointGoal1-v0/star_v2/starv2_core_100k_SafetyPointGoal1_v0_selected_star_v2_star_v2_s11/checkpoint/final.torch,32,0.05,raw,26.39755541716874,149.0,1000,0.149,0.0,nan,0.0,0.0,0.249,0.249,5.296786490827799
starv2_core_100k_SafetyPointGoal1_v0_selected_star_v2_star_v2_s11,SafetyPointGoal1-v0,11,800006,results/star_v2_final/resume_300k/SafetyPointGoal1-v0/star_v2/starv2_core_100k_SafetyPointGoal1_v0_selected_star_v2_star_v2_s11/checkpoint/final.torch,32,0.05,star_exec,12.626410464157614,84.0,1000,0.084,0.0,0.5216825852008438,0.535,0.35409375,0.453,0.453,8.442358560860157
starv2_core_100k_SafetyPointGoal1_v0_selected_star_v2_star_v2_s11,SafetyPointGoal1-v0,11,800007,results/star_v2_final/resume_300k/SafetyPointGoal1-v0/star_v2/starv2_core_100k_SafetyPointGoal1_v0_selected_star_v2_star_v2_s11/checkpoint/final.torch,32,0.05,raw,27.053633563344764,52.0,1000,0.052,0.0,nan,0.0,0.0,0.165,0.165,5.079623997211456
starv2_core_100k_SafetyPointGoal1_v0_selected_star_v2_star_v2_s11,SafetyPointGoal1-v0,11,800007,results/star_v2_final/resume_300k/SafetyPointGoal1-v0/star_v2/starv2_core_100k_SafetyPointGoal1_v0_selected_star_v2_star_v2_s11/checkpoint/final.torch,32,0.05,star_exec,28.371836772529935,17.0,1000,0.017,0.0,-0.048725551268322696,0.217,0.748375,0.223,0.223,8.464074153453112
starv2_core_100k_SafetyPointGoal1_v0_selected_star_v2_star_v2_s11,SafetyPointGoal1-v0,11,800008,results/star_v2_final/resume_300k/SafetyPointGoal1-v0/star_v2/starv2_core_100k_SafetyPointGoal1_v0_selected_star_v2_star_v2_s11/checkpoint/final.torch,32,0.05,raw,28.477402464395453,60.0,1000,0.06,0.0,nan,0.0,0.0,0.294,0.294,4.840125042945147
starv2_core_100k_SafetyPointGoal1_v0_selected_star_v2_star_v2_s11,SafetyPointGoal1-v0,11,800008,results/star_v2_final/resume_300k/SafetyPointGoal1-v0/star_v2/starv2_core_100k_SafetyPointGoal1_v0_selected_star_v2_star_v2_s11/checkpoint/final.torch,32,0.05,star_exec,28.054392270789233,63.0,1000,0.063,0.0,0.01485424080146,0.313,0.64884375,0.305,0.305,8.218134239315987
starv2_core_100k_SafetyPointGoal1_v0_selected_star_v2_star_v2_s11,SafetyPointGoal1-v0,11,800009,results/star_v2_final/resume_300k/SafetyPointGoal1-v0/star_v2/starv2_core_100k_SafetyPointGoal1_v0_selected_star_v2_star_v2_s11/checkpoint/final.torch,32,0.05,raw,28.212433003099793,0.0,1000,0.0,0.0,nan,0.0,0.0,0.109,0.109,4.8035487197339535
starv2_core_100k_SafetyPointGoal1_v0_selected_star_v2_star_v2_s11,SafetyPointGoal1-v0,11,800009,results/star_v2_final/resume_300k/SafetyPointGoal1-v0/star_v2/starv2_core_100k_SafetyPointGoal1_v0_selected_star_v2_star_v2_s11/checkpoint/final.torch,32,0.05,star_exec,27.138632686448478,0.0,1000,0.0,0.0,0.03806124471906883,0.092,0.8845,0.116,0.116,8.170408811420202
starv2_core_100k_SafetyPointGoal1_v0_selected_star_v2_star_v2_s11,SafetyPointGoal1-v0,11,800010,results/star_v2_final/resume_300k/SafetyPointGoal1-v0/star_v2/starv2_core_100k_SafetyPointGoal1_v0_selected_star_v2_star_v2_s11/checkpoint/final.torch,32,0.05,raw,25.875217842088514,38.0,1000,0.038,0.0,nan,0.0,0.0,0.189,0.189,4.996867753565311
starv2_core_100k_SafetyPointGoal1_v0_selected_star_v2_star_v2_s11,SafetyPointGoal1-v0,11,800010,results/star_v2_final/resume_300k/SafetyPointGoal1-v0/star_v2/starv2_core_100k_SafetyPointGoal1_v0_selected_star_v2_star_v2_s11/checkpoint/final.torch,32,0.05,star_exec,25.282657067859866,60.0,1000,0.06,0.0,0.02290070668563769,0.203,0.76478125,0.199,0.199,8.417145881801844
starv2_core_100k_SafetyPointGoal1_v0_selected_star_v2_star_v2_s11,SafetyPointGoal1-v0,11,800011,results/star_v2_final/resume_300k/SafetyPointGoal1-v0/star_v2/starv2_core_100k_SafetyPointGoal1_v0_selected_star_v2_star_v2_s11/checkpoint/final.torch,32,0.05,raw,28.125053203402842,42.0,1000,0.042,0.0,nan,0.0,0.0,0.238,0.238,5.257000468671322
starv2_core_100k_SafetyPointGoal1_v0_selected_star_v2_star_v2_s11,SafetyPointGoal1-v0,11,800011,results/star_v2_final/resume_300k/SafetyPointGoal1-v0/star_v2/starv2_core_100k_SafetyPointGoal1_v0_selected_star_v2_star_v2_s11/checkpoint/final.torch,32,0.05,star_exec,27.937000777105183,76.0,1000,0.076,0.0,0.00668629584227442,0.31,0.6653125,0.267,0.267,8.395468313246965
starv2_core_100k_SafetyPointGoal1_v0_selected_star_v2_star_v2_s11,SafetyPointGoal1-v0,11,800012,results/star_v2_final/resume_300k/SafetyPointGoal1-v0/star_v2/starv2_core_100k_SafetyPointGoal1_v0_selected_star_v2_star_v2_s11/checkpoint/final.torch,32,0.05,raw,26.69718286231192,26.0,1000,0.026,0.0,nan,0.0,0.0,0.113,0.113,5.442271880805492
starv2_core_100k_SafetyPointGoal1_v0_selected_star_v2_star_v2_s11,SafetyPointGoal1-v0,11,800012,results/star_v2_final/resume_300k/SafetyPointGoal1-v0/star_v2/starv2_core_100k_SafetyPointGoal1_v0_selected_star_v2_star_v2_s11/checkpoint/final.torch,32,0.05,star_exec,24.762450482874414,127.0,1000,0.127,0.0,0.07246953318691701,0.389,0.56425,0.308,0.308,8.002051632851362
starv2_core_100k_SafetyPointGoal1_v0_selected_star_v2_star_v2_s11,SafetyPointGoal1-v0,11,800013,results/star_v2_final/resume_300k/SafetyPointGoal1-v0/star_v2/starv2_core_100k_SafetyPointGoal1_v0_selected_star_v2_star_v2_s11/checkpoint/final.torch,32,0.05,raw,27.202618738627063,33.0,1000,0.033,0.0,nan,0.0,0.0,0.112,0.112,5.275976791977882
starv2_core_100k_SafetyPointGoal1_v0_selected_star_v2_star_v2_s11,SafetyPointGoal1-v0,11,800013,results/star_v2_final/resume_300k/SafetyPointGoal1-v0/star_v2/starv2_core_100k_SafetyPointGoal1_v0_selected_star_v2_star_v2_s11/checkpoint/final.torch,32,0.05,star_exec,25.88212734740608,33.0,1000,0.033,0.0,0.04854280405532859,0.19,0.7663125,0.207,0.207,8.157645467668772
starv2_core_100k_SafetyPointGoal1_v0_selected_star_v2_star_v2_s11,SafetyPointGoal1-v0,11,800014,results/star_v2_final/resume_300k/SafetyPointGoal1-v0/star_v2/starv2_core_100k_SafetyPointGoal1_v0_selected_star_v2_star_v2_s11/checkpoint/final.torch,32,0.05,raw,28.803003987700496,0.0,1000,0.0,0.0,nan,0.0,0.0,0.094,0.094,5.001229472458363
starv2_core_100k_SafetyPointGoal1_v0_selected_star_v2_star_v2_s11,SafetyPointGoal1-v0,11,800014,results/star_v2_final/resume_300k/SafetyPointGoal1-v0/star_v2/starv2_core_100k_SafetyPointGoal1_v0_selected_star_v2_star_v2_s11/checkpoint/final.torch,32,0.05,star_exec,26.60396855626034,0.0,1000,0.0,0.0,0.07634743349614473,0.076,0.90540625,0.096,0.096,8.37803629040718
starv2_core_100k_SafetyPointGoal1_v0_selected_star_v2_star_v2_s11,SafetyPointGoal1-v0,11,800015,results/star_v2_final/resume_300k/SafetyPointGoal1-v0/star_v2/starv2_core_100k_SafetyPointGoal1_v0_selected_star_v2_star_v2_s11/checkpoint/final.torch,32,0.05,raw,26.60674129985401,146.0,1000,0.146,0.0,nan,0.0,0.0,0.182,0.182,4.826624184846878
starv2_core_100k_SafetyPointGoal1_v0_selected_star_v2_star_v2_s11,SafetyPointGoal1-v0,11,800015,results/star_v2_final/resume_300k/SafetyPointGoal1-v0/star_v2/starv2_core_100k_SafetyPointGoal1_v0_selected_star_v2_star_v2_s11/checkpoint/final.torch,32,0.05,star_exec,26.484556967701103,80.0,1000,0.08,0.0,0.004592232125531998,0.244,0.7195,0.221,0.221,8.5438819155097
starv2_core_100k_SafetyPointGoal1_v0_selected_star_v2_star_v2_s11,SafetyPointGoal1-v0,11,800016,results/star_v2_final/resume_300k/SafetyPointGoal1-v0/star_v2/starv2_core_100k_SafetyPointGoal1_v0_selected_star_v2_star_v2_s11/checkpoint/final.torch,32,0.05,raw,27.624034746466606,39.0,1000,0.039,0.0,nan,0.0,0.0,0.233,0.233,5.001871183514595
starv2_core_100k_SafetyPointGoal1_v0_selected_star_v2_star_v2_s11,SafetyPointGoal1-v0,11,800016,results/star_v2_final/resume_300k/SafetyPointGoal1-v0/star_v2/starv2_core_100k_SafetyPointGoal1_v0_selected_star_v2_star_v2_s11/checkpoint/final.torch,32,0.05,star_exec,26.274442183311727,48.0,1000,0.048,0.0,0.04885573651863094,0.357,0.600125,0.371,0.371,8.404391143471003
starv2_core_100k_SafetyPointGoal1_v0_selected_star_v2_star_v2_s11,SafetyPointGoal1-v0,11,800017,results/star_v2_final/resume_300k/SafetyPointGoal1-v0/star_v2/starv2_core_100k_SafetyPointGoal1_v0_selected_star_v2_star_v2_s11/checkpoint/final.torch,32,0.05,raw,28.393101513680822,58.0,1000,0.058,0.0,nan,0.0,0.0,0.214,0.214,5.153597056865692
starv2_core_100k_SafetyPointGoal1_v0_selected_star_v2_star_v2_s11,SafetyPointGoal1-v0,11,800017,results/star_v2_final/resume_300k/SafetyPointGoal1-v0/star_v2/starv2_core_100k_SafetyPointGoal1_v0_selected_star_v2_star_v2_s11/checkpoint/final.torch,32,0.05,star_exec,26.700604979888745,81.0,1000,0.081,0.0,0.05960942776809964,0.29,0.68325,0.261,0.261,8.374381091445684
starv2_core_100k_SafetyPointGoal1_v0_selected_star_v2_star_v2_s11,SafetyPointGoal1-v0,11,800018,results/star_v2_final/resume_300k/SafetyPointGoal1-v0/star_v2/starv2_core_100k_SafetyPointGoal1_v0_selected_star_v2_star_v2_s11/checkpoint/final.torch,32,0.05,raw,26.51590838370249,0.0,1000,0.0,0.0,nan,0.0,0.0,0.026,0.026,5.283361677080393
starv2_core_100k_SafetyPointGoal1_v0_selected_star_v2_star_v2_s11,SafetyPointGoal1-v0,11,800018,results/star_v2_final/resume_300k/SafetyPointGoal1-v0/star_v2/starv2_core_100k_SafetyPointGoal1_v0_selected_star_v2_star_v2_s11/checkpoint/final.torch,32,0.05,star_exec,27.43439654940726,0.0,1000,0.0,0.0,-0.034639136340857954,0.07,0.91890625,0.076,0.076,8.352790091186762
starv2_core_100k_SafetyPointGoal1_v0_selected_star_v2_star_v2_s11,SafetyPointGoal1-v0,11,800019,results/star_v2_final/resume_300k/SafetyPointGoal1-v0/star_v2/starv2_core_100k_SafetyPointGoal1_v0_selected_star_v2_star_v2_s11/checkpoint/final.torch,32,0.05,raw,27.01457031642322,140.0,1000,0.14,0.0,nan,0.0,0.0,0.244,0.244,4.946531727910042
starv2_core_100k_SafetyPointGoal1_v0_selected_star_v2_star_v2_s11,SafetyPointGoal1-v0,11,800019,results/star_v2_final/resume_300k/SafetyPointGoal1-v0/star_v2/starv2_core_100k_SafetyPointGoal1_v0_selected_star_v2_star_v2_s11/checkpoint/final.torch,32,0.05,star_exec,26.992836763399676,158.0,1000,0.158,0.0,0.0008045122601980396,0.319,0.6633125,0.23,0.23,7.865903165191412
starv2_core_100k_SafetyPointGoal1_v0_selected_star_v2_star_v2_s12,SafetyPointGoal1-v0,12,800000,results/star_v2_final/resume_300k/SafetyPointGoal1-v0/star_v2/starv2_core_100k_SafetyPointGoal1_v0_selected_star_v2_star_v2_s12/checkpoint/final.torch,32,0.05,raw,25.753936047363677,161.0,1000,0.161,0.0,nan,0.0,0.0,0.253,0.253,5.593277353793383
starv2_core_100k_SafetyPointGoal1_v0_selected_star_v2_star_v2_s12,SafetyPointGoal1-v0,12,800000,results/star_v2_final/resume_300k/SafetyPointGoal1-v0/star_v2/starv2_core_100k_SafetyPointGoal1_v0_selected_star_v2_star_v2_s12/checkpoint/final.torch,32,0.05,star_exec,26.485792383962295,155.0,1000,0.155,0.0,-0.028417261549949956,0.336,0.63321875,0.252,0.252,7.826067224144936
starv2_core_100k_SafetyPointGoal1_v0_selected_star_v2_star_v2_s12,SafetyPointGoal1-v0,12,800001,results/star_v2_final/resume_300k/SafetyPointGoal1-v0/star_v2/starv2_core_100k_SafetyPointGoal1_v0_selected_star_v2_star_v2_s12/checkpoint/final.torch,32,0.05,raw,25.97167243072142,42.0,1000,0.042,0.0,nan,0.0,0.0,0.128,0.128,5.457611355930567
starv2_core_100k_SafetyPointGoal1_v0_selected_star_v2_star_v2_s12,SafetyPointGoal1-v0,12,800001,results/star_v2_final/resume_300k/SafetyPointGoal1-v0/star_v2/starv2_core_100k_SafetyPointGoal1_v0_selected_star_v2_star_v2_s12/checkpoint/final.torch,32,0.05,star_exec,27.890544897630235,73.0,1000,0.073,0.0,-0.07388328464512037,0.189,0.76859375,0.2,0.2,7.415614984929562
starv2_core_100k_SafetyPointGoal1_v0_selected_star_v2_star_v2_s12,SafetyPointGoal1-v0,12,800002,results/star_v2_final/resume_300k/SafetyPointGoal1-v0/star_v2/starv2_core_100k_SafetyPointGoal1_v0_selected_star_v2_star_v2_s12/checkpoint/final.torch,32,0.05,raw,28.783568681386527,39.0,1000,0.039,0.0,nan,0.0,0.0,0.113,0.113,5.379717767238617
starv2_core_100k_SafetyPointGoal1_v0_selected_star_v2_star_v2_s12,SafetyPointGoal1-v0,12,800002,results/star_v2_final/resume_300k/SafetyPointGoal1-v0/star_v2/starv2_core_100k_SafetyPointGoal1_v0_selected_star_v2_star_v2_s12/checkpoint/final.torch,32,0.05,star_exec,26.895589885249663,27.0,1000,0.027,0.0,0.06559224177639109,0.079,0.90240625,0.082,0.082,7.861054662615061
starv2_core_100k_SafetyPointGoal1_v0_selected_star_v2_star_v2_s12,SafetyPointGoal1-v0,12,800003,results/star_v2_final/resume_300k/SafetyPointGoal1-v0/star_v2/starv2_core_100k_SafetyPointGoal1_v0_selected_star_v2_star_v2_s12/checkpoint/final.torch,32,0.05,raw,27.43593277481558,18.0,1000,0.018,0.0,nan,0.0,0.0,0.092,0.092,5.29709654673934
starv2_core_100k_SafetyPointGoal1_v0_selected_star_v2_star_v2_s12,SafetyPointGoal1-v0,12,800003,results/star_v2_final/resume_300k/SafetyPointGoal1-v0/star_v2/starv2_core_100k_SafetyPointGoal1_v0_selected_star_v2_star_v2_s12/checkpoint/final.torch,32,0.05,star_exec,27.169782255393308,53.0,1000,0.053,0.0,0.009700800829581453,0.298,0.6789375,0.273,0.273,8.259127777069807
starv2_core_100k_SafetyPointGoal1_v0_selected_star_v2_star_v2_s12,SafetyPointGoal1-v0,12,800004,results/star_v2_final/resume_300k/SafetyPointGoal1-v0/star_v2/starv2_core_100k_SafetyPointGoal1_v0_selected_star_v2_star_v2_s12/checkpoint/final.torch,32,0.05,raw,26.33162913146425,77.0,1000,0.077,0.0,nan,0.0,0.0,0.196,0.196,5.268927872180939
starv2_core_100k_SafetyPointGoal1_v0_selected_star_v2_star_v2_s12,SafetyPointGoal1-v0,12,800004,results/star_v2_final/resume_300k/SafetyPointGoal1-v0/star_v2/starv2_core_100k_SafetyPointGoal1_v0_selected_star_v2_star_v2_s12/checkpoint/final.torch,32,0.05,star_exec,26.530112819552844,75.0,1000,0.075,0.0,-0.007537843066892547,0.186,0.797125,0.173,0.173,8.245127737522125
starv2_core_100k_SafetyPointGoal1_v0_selected_star_v2_star_v2_s12,SafetyPointGoal1-v0,12,800005,results/star_v2_final/resume_300k/SafetyPointGoal1-v0/star_v2/starv2_core_100k_SafetyPointGoal1_v0_selected_star_v2_star_v2_s12/checkpoint/final.torch,32,0.05,raw,27.70888485433135,0.0,1000,0.0,0.0,nan,0.0,0.0,0.106,0.106,5.479003433138132
starv2_core_100k_SafetyPointGoal1_v0_selected_star_v2_star_v2_s12,SafetyPointGoal1-v0,12,800005,results/star_v2_final/resume_300k/SafetyPointGoal1-v0/star_v2/starv2_core_100k_SafetyPointGoal1_v0_selected_star_v2_star_v2_s12/checkpoint/final.torch,32,0.05,star_exec,28.080018034805118,34.0,1000,0.034,0.0,-0.01339401359617516,0.123,0.8625,0.126,0.126,8.179872799664736
starv2_core_100k_SafetyPointGoal1_v0_selected_star_v2_star_v2_s12,SafetyPointGoal1-v0,12,800006,results/star_v2_final/resume_300k/SafetyPointGoal1-v0/star_v2/starv2_core_100k_SafetyPointGoal1_v0_selected_star_v2_star_v2_s12/checkpoint/final.torch,32,0.05,raw,26.67094247786868,131.0,1000,0.131,0.0,nan,0.0,0.0,0.254,0.254,5.451396469026804
starv2_core_100k_SafetyPointGoal1_v0_selected_star_v2_star_v2_s12,SafetyPointGoal1-v0,12,800006,results/star_v2_final/resume_300k/SafetyPointGoal1-v0/star_v2/starv2_core_100k_SafetyPointGoal1_v0_selected_star_v2_star_v2_s12/checkpoint/final.torch,32,0.05,star_exec,25.475515305689854,176.0,1000,0.176,0.0,0.04482133217342369,0.331,0.63396875,0.25,0.25,8.14720257744193
starv2_core_100k_SafetyPointGoal1_v0_selected_star_v2_star_v2_s12,SafetyPointGoal1-v0,12,800007,results/star_v2_final/resume_300k/SafetyPointGoal1-v0/star_v2/starv2_core_100k_SafetyPointGoal1_v0_selected_star_v2_star_v2_s12/checkpoint/final.torch,32,0.05,raw,27.157867175946922,51.0,1000,0.051,0.0,nan,0.0,0.0,0.116,0.116,5.466134585440159
starv2_core_100k_SafetyPointGoal1_v0_selected_star_v2_star_v2_s12,SafetyPointGoal1-v0,12,800007,results/star_v2_final/resume_300k/SafetyPointGoal1-v0/star_v2/starv2_core_100k_SafetyPointGoal1_v0_selected_star_v2_star_v2_s12/checkpoint/final.torch,32,0.05,star_exec,25.362934566910663,103.0,1000,0.103,0.0,0.0660925468633998,0.254,0.70659375,0.206,0.206,8.25758596509695
starv2_core_100k_SafetyPointGoal1_v0_selected_star_v2_star_v2_s12,SafetyPointGoal1-v0,12,800008,results/star_v2_final/resume_300k/SafetyPointGoal1-v0/star_v2/starv2_core_100k_SafetyPointGoal1_v0_selected_star_v2_star_v2_s12/checkpoint/final.torch,32,0.05,raw,27.367794633411627,72.0,1000,0.072,0.0,nan,0.0,0.0,0.115,0.115,5.495155498385429
starv2_core_100k_SafetyPointGoal1_v0_selected_star_v2_star_v2_s12,SafetyPointGoal1-v0,12,800008,results/star_v2_final/resume_300k/SafetyPointGoal1-v0/star_v2/starv2_core_100k_SafetyPointGoal1_v0_selected_star_v2_star_v2_s12/checkpoint/final.torch,32,0.05,star_exec,26.47542591429125,98.0,1000,0.098,0.0,0.0326065264327488,0.254,0.70709375,0.236,0.236,8.391761742532253
starv2_core_100k_SafetyPointGoal1_v0_selected_star_v2_star_v2_s12,SafetyPointGoal1-v0,12,800009,results/star_v2_final/resume_300k/SafetyPointGoal1-v0/star_v2/starv2_core_100k_SafetyPointGoal1_v0_selected_star_v2_star_v2_s12/checkpoint/final.torch,32,0.05,raw,28.8271734875961,0.0,1000,0.0,0.0,nan,0.0,0.0,0.193,0.193,5.498047802597284
starv2_core_100k_SafetyPointGoal1_v0_selected_star_v2_star_v2_s12,SafetyPointGoal1-v0,12,800009,results/star_v2_final/resume_300k/SafetyPointGoal1-v0/star_v2/starv2_core_100k_SafetyPointGoal1_v0_selected_star_v2_star_v2_s12/checkpoint/final.torch,32,0.05,star_exec,27.909477563438298,8.0,1000,0.008,0.0,0.03183440528960191,0.237,0.7145625,0.275,0.275,8.302460987120867
starv2_core_100k_SafetyPointGoal1_v0_selected_star_v2_star_v2_s12,SafetyPointGoal1-v0,12,800010,results/star_v2_final/resume_300k/SafetyPointGoal1-v0/star_v2/starv2_core_100k_SafetyPointGoal1_v0_selected_star_v2_star_v2_s12/checkpoint/final.torch,32,0.05,raw,27.42649670986595,46.0,1000,0.046,0.0,nan,0.0,0.0,0.168,0.168,5.517340134829283
starv2_core_100k_SafetyPointGoal1_v0_selected_star_v2_star_v2_s12,SafetyPointGoal1-v0,12,800010,results/star_v2_final/resume_300k/SafetyPointGoal1-v0/star_v2/starv2_core_100k_SafetyPointGoal1_v0_selected_star_v2_star_v2_s12/checkpoint/final.torch,32,0.05,star_exec,25.83044466042025,40.0,1000,0.04,0.0,0.05819379946078077,0.224,0.74678125,0.218,0.218,8.233404107391834
starv2_core_100k_SafetyPointGoal1_v0_selected_star_v2_star_v2_s12,SafetyPointGoal1-v0,12,800011,results/star_v2_final/resume_300k/SafetyPointGoal1-v0/star_v2/starv2_core_100k_SafetyPointGoal1_v0_selected_star_v2_star_v2_s12/checkpoint/final.torch,32,0.05,raw,27.853576373060875,54.0,1000,0.054,0.0,nan,0.0,0.0,0.109,0.109,5.5513836145401
starv2_core_100k_SafetyPointGoal1_v0_selected_star_v2_star_v2_s12,SafetyPointGoal1-v0,12,800011,results/star_v2_final/resume_300k/SafetyPointGoal1-v0/star_v2/starv2_core_100k_SafetyPointGoal1_v0_selected_star_v2_star_v2_s12/checkpoint/final.torch,32,0.05,star_exec,28.310186735355845,115.0,1000,0.115,0.0,-0.016393239998314543,0.271,0.689625,0.257,0.257,8.315058391541243
starv2_core_100k_SafetyPointGoal1_v0_selected_star_v2_star_v2_s12,SafetyPointGoal1-v0,12,800012,results/star_v2_final/resume_300k/SafetyPointGoal1-v0/star_v2/starv2_core_100k_SafetyPointGoal1_v0_selected_star_v2_star_v2_s12/checkpoint/final.torch,32,0.05,raw,25.910997237661288,56.0,1000,0.056,0.0,nan,0.0,0.0,0.133,0.133,5.543790839612484
starv2_core_100k_SafetyPointGoal1_v0_selected_star_v2_star_v2_s12,SafetyPointGoal1-v0,12,800012,results/star_v2_final/resume_300k/SafetyPointGoal1-v0/star_v2/starv2_core_100k_SafetyPointGoal1_v0_selected_star_v2_star_v2_s12/checkpoint/final.torch,32,0.05,star_exec,24.90718932433958,76.0,1000,0.076,0.0,0.03874061288010509,0.249,0.717625,0.235,0.235,8.356201626360416
starv2_core_100k_SafetyPointGoal1_v0_selected_star_v2_star_v2_s12,SafetyPointGoal1-v0,12,800013,results/star_v2_final/resume_300k/SafetyPointGoal1-v0/star_v2/starv2_core_100k_SafetyPointGoal1_v0_selected_star_v2_star_v2_s12/checkpoint/final.torch,32,0.05,raw,28.145707271305653,45.0,1000,0.045,0.0,nan,0.0,0.0,0.17,0.17,5.529038731008768
starv2_core_100k_SafetyPointGoal1_v0_selected_star_v2_star_v2_s12,SafetyPointGoal1-v0,12,800013,results/star_v2_final/resume_300k/SafetyPointGoal1-v0/star_v2/starv2_core_100k_SafetyPointGoal1_v0_selected_star_v2_star_v2_s12/checkpoint/final.torch,32,0.05,star_exec,25.341132902275234,118.0,1000,0.118,0.0,0.09964483542716522,0.342,0.6333125,0.285,0.285,8.294564932584763
starv2_core_100k_SafetyPointGoal1_v0_selected_star_v2_star_v2_s12,SafetyPointGoal1-v0,12,800014,results/star_v2_final/resume_300k/SafetyPointGoal1-v0/star_v2/starv2_core_100k_SafetyPointGoal1_v0_selected_star_v2_star_v2_s12/checkpoint/final.torch,32,0.05,raw,25.895978064045945,0.0,1000,0.0,0.0,nan,0.0,0.0,0.046,0.046,5.675087220966816
starv2_core_100k_SafetyPointGoal1_v0_selected_star_v2_star_v2_s12,SafetyPointGoal1-v0,12,800014,results/star_v2_final/resume_300k/SafetyPointGoal1-v0/star_v2/starv2_core_100k_SafetyPointGoal1_v0_selected_star_v2_star_v2_s12/checkpoint/final.torch,32,0.05,star_exec,27.20220366959125,21.0,1000,0.021,0.0,-0.05044125393969466,0.119,0.83821875,0.151,0.151,8.248020436614752
starv2_core_100k_SafetyPointGoal1_v0_selected_star_v2_star_v2_s12,SafetyPointGoal1-v0,12,800015,results/star_v2_final/resume_300k/SafetyPointGoal1-v0/star_v2/starv2_core_100k_SafetyPointGoal1_v0_selected_star_v2_star_v2_s12/checkpoint/final.torch,32,0.05,raw,27.210038271495687,123.0,1000,0.123,0.0,nan,0.0,0.0,0.223,0.223,5.648019295185804
starv2_core_100k_SafetyPointGoal1_v0_selected_star_v2_star_v2_s12,SafetyPointGoal1-v0,12,800015,results/star_v2_final/resume_300k/SafetyPointGoal1-v0/star_v2/starv2_core_100k_SafetyPointGoal1_v0_selected_star_v2_star_v2_s12/checkpoint/final.torch,32,0.05,star_exec,27.52050803239364,51.0,1000,0.051,0.0,-0.011410118493776236,0.136,0.83334375,0.141,0.141,8.331292118877172
starv2_core_100k_SafetyPointGoal1_v0_selected_star_v2_star_v2_s12,SafetyPointGoal1-v0,12,800016,results/star_v2_final/resume_300k/SafetyPointGoal1-v0/star_v2/starv2_core_100k_SafetyPointGoal1_v0_selected_star_v2_star_v2_s12/checkpoint/final.torch,32,0.05,raw,29.55425110323245,74.0,1000,0.074,0.0,nan,0.0,0.0,0.117,0.117,5.534830752760172
starv2_core_100k_SafetyPointGoal1_v0_selected_star_v2_star_v2_s12,SafetyPointGoal1-v0,12,800016,results/star_v2_final/resume_300k/SafetyPointGoal1-v0/star_v2/starv2_core_100k_SafetyPointGoal1_v0_selected_star_v2_star_v2_s12/checkpoint/final.torch,32,0.05,star_exec,25.93779411753392,37.0,1000,0.037,0.0,0.12236672731331656,0.095,0.89146875,0.099,0.099,8.412048943340778
starv2_core_100k_SafetyPointGoal1_v0_selected_star_v2_star_v2_s12,SafetyPointGoal1-v0,12,800017,results/star_v2_final/resume_300k/SafetyPointGoal1-v0/star_v2/starv2_core_100k_SafetyPointGoal1_v0_selected_star_v2_star_v2_s12/checkpoint/final.torch,32,0.05,raw,27.604353347521876,49.0,1000,0.049,0.0,nan,0.0,0.0,0.116,0.116,5.329519219696522
starv2_core_100k_SafetyPointGoal1_v0_selected_star_v2_star_v2_s12,SafetyPointGoal1-v0,12,800017,results/star_v2_final/resume_300k/SafetyPointGoal1-v0/star_v2/starv2_core_100k_SafetyPointGoal1_v0_selected_star_v2_star_v2_s12/checkpoint/final.torch,32,0.05,star_exec,28.319288035763858,99.0,1000,0.099,0.0,-0.02589934563006758,0.204,0.76071875,0.17,0.17,8.408098720014095
starv2_core_100k_SafetyPointGoal1_v0_selected_star_v2_star_v2_s12,SafetyPointGoal1-v0,12,800018,results/star_v2_final/resume_300k/SafetyPointGoal1-v0/star_v2/starv2_core_100k_SafetyPointGoal1_v0_selected_star_v2_star_v2_s12/checkpoint/final.torch,32,0.05,raw,29.459733666962016,10.0,1000,0.01,0.0,nan,0.0,0.0,0.08,0.08,5.4298663176596165
starv2_core_100k_SafetyPointGoal1_v0_selected_star_v2_star_v2_s12,SafetyPointGoal1-v0,12,800018,results/star_v2_final/resume_300k/SafetyPointGoal1-v0/star_v2/starv2_core_100k_SafetyPointGoal1_v0_selected_star_v2_star_v2_s12/checkpoint/final.torch,32,0.05,star_exec,28.164754735516098,0.0,1000,0.0,0.0,0.043957591269679006,0.048,0.93615625,0.067,0.067,8.360664542764425
starv2_core_100k_SafetyPointGoal1_v0_selected_star_v2_star_v2_s12,SafetyPointGoal1-v0,12,800019,results/star_v2_final/resume_300k/SafetyPointGoal1-v0/star_v2/starv2_core_100k_SafetyPointGoal1_v0_selected_star_v2_star_v2_s12/checkpoint/final.torch,32,0.05,raw,25.962382173043835,140.0,1000,0.14,0.0,nan,0.0,0.0,0.164,0.164,4.307122174650431
starv2_core_100k_SafetyPointGoal1_v0_selected_star_v2_star_v2_s12,SafetyPointGoal1-v0,12,800019,results/star_v2_final/resume_300k/SafetyPointGoal1-v0/star_v2/starv2_core_100k_SafetyPointGoal1_v0_selected_star_v2_star_v2_s12/checkpoint/final.torch,32,0.05,star_exec,26.957719251073282,95.0,1000,0.095,0.0,-0.03833766375501873,0.277,0.6906875,0.23,0.23,7.109656795859337
starv2_resume_300k_SafetyPointGoal1_v0_selected_star_v2_star_v2_s13,SafetyPointGoal1-v0,13,800000,results/star_v2_final/resume_300k/SafetyPointGoal1-v0/star_v2/starv2_resume_300k_SafetyPointGoal1_v0_selected_star_v2_star_v2_s13/checkpoint/final.torch,32,0.05,raw,26.15785913193744,134.0,1000,0.134,0.0,nan,0.0,0.0,0.294,0.294,3.4438865296542645
starv2_resume_300k_SafetyPointGoal1_v0_selected_star_v2_star_v2_s13,SafetyPointGoal1-v0,13,800000,results/star_v2_final/resume_300k/SafetyPointGoal1-v0/star_v2/starv2_resume_300k_SafetyPointGoal1_v0_selected_star_v2_star_v2_s13/checkpoint/final.torch,32,0.05,star_exec,26.050392439725073,85.0,1000,0.085,0.0,0.0041083902038892275,0.43,0.54440625,0.374,0.374,5.908471129834652
starv2_resume_300k_SafetyPointGoal1_v0_selected_star_v2_star_v2_s13,SafetyPointGoal1-v0,13,800001,results/star_v2_final/resume_300k/SafetyPointGoal1-v0/star_v2/starv2_resume_300k_SafetyPointGoal1_v0_selected_star_v2_star_v2_s13/checkpoint/final.torch,32,0.05,raw,28.02233314424195,62.0,1000,0.062,0.0,nan,0.0,0.0,0.232,0.232,4.943952519446611
starv2_resume_300k_SafetyPointGoal1_v0_selected_star_v2_star_v2_s13,SafetyPointGoal1-v0,13,800001,results/star_v2_final/resume_300k/SafetyPointGoal1-v0/star_v2/starv2_resume_300k_SafetyPointGoal1_v0_selected_star_v2_star_v2_s13/checkpoint/final.torch,32,0.05,star_exec,26.036277151219032,74.0,1000,0.074,0.0,0.0708740411727999,0.253,0.71140625,0.237,0.237,7.602974068373442
starv2_resume_300k_SafetyPointGoal1_v0_selected_star_v2_star_v2_s13,SafetyPointGoal1-v0,13,800002,results/star_v2_final/resume_300k/SafetyPointGoal1-v0/star_v2/starv2_resume_300k_SafetyPointGoal1_v0_selected_star_v2_star_v2_s13/checkpoint/final.torch,32,0.05,raw,25.966362492922443,30.0,1000,0.03,0.0,nan,0.0,0.0,0.236,0.236,5.160407356917858
starv2_resume_300k_SafetyPointGoal1_v0_selected_star_v2_star_v2_s13,SafetyPointGoal1-v0,13,800002,results/star_v2_final/resume_300k/SafetyPointGoal1-v0/star_v2/starv2_resume_300k_SafetyPointGoal1_v0_selected_star_v2_star_v2_s13/checkpoint/final.torch,32,0.05,star_exec,25.98441974443883,40.0,1000,0.04,0.0,-0.0006954093597557462,0.263,0.6865625,0.288,0.288,6.038038071244955
starv2_resume_300k_SafetyPointGoal1_v0_selected_star_v2_star_v2_s13,SafetyPointGoal1-v0,13,800003,results/star_v2_final/resume_300k/SafetyPointGoal1-v0/star_v2/starv2_resume_300k_SafetyPointGoal1_v0_selected_star_v2_star_v2_s13/checkpoint/final.torch,32,0.05,raw,29.109753082403614,23.0,1000,0.023,0.0,nan,0.0,0.0,0.174,0.174,5.344255782663822
starv2_resume_300k_SafetyPointGoal1_v0_selected_star_v2_star_v2_s13,SafetyPointGoal1-v0,13,800003,results/star_v2_final/resume_300k/SafetyPointGoal1-v0/star_v2/starv2_resume_300k_SafetyPointGoal1_v0_selected_star_v2_star_v2_s13/checkpoint/final.torch,32,0.05,star_exec,25.404357499543757,11.0,1000,0.011,0.0,0.1272905191730984,0.176,0.787875,0.207,0.207,7.634042169898748
starv2_resume_300k_SafetyPointGoal1_v0_selected_star_v2_star_v2_s13,SafetyPointGoal1-v0,13,800004,results/star_v2_final/resume_300k/SafetyPointGoal1-v0/star_v2/starv2_resume_300k_SafetyPointGoal1_v0_selected_star_v2_star_v2_s13/checkpoint/final.torch,32,0.05,raw,26.90160141460988,98.0,1000,0.098,0.0,nan,0.0,0.0,0.299,0.299,5.2729493118822575
starv2_resume_300k_SafetyPointGoal1_v0_selected_star_v2_star_v2_s13,SafetyPointGoal1-v0,13,800004,results/star_v2_final/resume_300k/SafetyPointGoal1-v0/star_v2/starv2_resume_300k_SafetyPointGoal1_v0_selected_star_v2_star_v2_s13/checkpoint/final.torch,32,0.05,star_exec,25.216149054357828,123.0,1000,0.123,0.0,0.06265249173369675,0.397,0.58325,0.32,0.32,8.281929675489664
starv2_resume_300k_SafetyPointGoal1_v0_selected_star_v2_star_v2_s13,SafetyPointGoal1-v0,13,800005,results/star_v2_final/resume_300k/SafetyPointGoal1-v0/star_v2/starv2_resume_300k_SafetyPointGoal1_v0_selected_star_v2_star_v2_s13/checkpoint/final.torch,32,0.05,raw,28.159508749920906,51.0,1000,0.051,0.0,nan,0.0,0.0,0.121,0.121,5.061508182436228
starv2_resume_300k_SafetyPointGoal1_v0_selected_star_v2_star_v2_s13,SafetyPointGoal1-v0,13,800005,results/star_v2_final/resume_300k/SafetyPointGoal1-v0/star_v2/starv2_resume_300k_SafetyPointGoal1_v0_selected_star_v2_star_v2_s13/checkpoint/final.torch,32,0.05,star_exec,26.889510740467184,31.0,1000,0.031,0.0,0.04510014790145405,0.086,0.898625,0.066,0.066,8.324586641043425
starv2_resume_300k_SafetyPointGoal1_v0_selected_star_v2_star_v2_s13,SafetyPointGoal1-v0,13,800006,results/star_v2_final/resume_300k/SafetyPointGoal1-v0/star_v2/starv2_resume_300k_SafetyPointGoal1_v0_selected_star_v2_star_v2_s13/checkpoint/final.torch,32,0.05,raw,27.167965417269215,77.0,1000,0.077,0.0,nan,0.0,0.0,0.281,0.281,4.949423924088478
starv2_resume_300k_SafetyPointGoal1_v0_selected_star_v2_star_v2_s13,SafetyPointGoal1-v0,13,800006,results/star_v2_final/resume_300k/SafetyPointGoal1-v0/star_v2/starv2_resume_300k_SafetyPointGoal1_v0_selected_star_v2_star_v2_s13/checkpoint/final.torch,32,0.05,star_exec,26.90508667142797,89.0,1000,0.089,0.0,0.009676055670850768,0.336,0.61484375,0.299,0.299,8.505587138235569
starv2_resume_300k_SafetyPointGoal1_v0_selected_star_v2_star_v2_s13,SafetyPointGoal1-v0,13,800007,results/star_v2_final/resume_300k/SafetyPointGoal1-v0/star_v2/starv2_resume_300k_SafetyPointGoal1_v0_selected_star_v2_star_v2_s13/checkpoint/final.torch,32,0.05,raw,27.420812876211343,39.0,1000,0.039,0.0,nan,0.0,0.0,0.291,0.291,4.728573627769947
starv2_resume_300k_SafetyPointGoal1_v0_selected_star_v2_star_v2_s13,SafetyPointGoal1-v0,13,800007,results/star_v2_final/resume_300k/SafetyPointGoal1-v0/star_v2/starv2_resume_300k_SafetyPointGoal1_v0_selected_star_v2_star_v2_s13/checkpoint/final.torch,32,0.05,star_exec,25.92439337926752,6.0,1000,0.006,0.0,0.054572397386586105,0.298,0.65684375,0.328,0.328,8.495973087847233
starv2_resume_300k_SafetyPointGoal1_v0_selected_star_v2_star_v2_s13,SafetyPointGoal1-v0,13,800008,results/star_v2_final/resume_300k/SafetyPointGoal1-v0/star_v2/starv2_resume_300k_SafetyPointGoal1_v0_selected_star_v2_star_v2_s13/checkpoint/final.torch,32,0.05,raw,26.623268919202033,95.0,1000,0.095,0.0,nan,0.0,0.0,0.272,0.272,5.070964064449072
starv2_resume_300k_SafetyPointGoal1_v0_selected_star_v2_star_v2_s13,SafetyPointGoal1-v0,13,800008,results/star_v2_final/resume_300k/SafetyPointGoal1-v0/star_v2/starv2_resume_300k_SafetyPointGoal1_v0_selected_star_v2_star_v2_s13/checkpoint/final.torch,32,0.05,star_exec,26.691371204091023,143.0,1000,0.143,0.0,-0.002557998610000574,0.376,0.59153125,0.317,0.317,8.53537381440401
starv2_resume_300k_SafetyPointGoal1_v0_selected_star_v2_star_v2_s13,SafetyPointGoal1-v0,13,800009,results/star_v2_final/resume_300k/SafetyPointGoal1-v0/star_v2/starv2_resume_300k_SafetyPointGoal1_v0_selected_star_v2_star_v2_s13/checkpoint/final.torch,32,0.05,raw,28.726772449873593,0.0,1000,0.0,0.0,nan,0.0,0.0,0.309,0.309,5.402172930538654
starv2_resume_300k_SafetyPointGoal1_v0_selected_star_v2_star_v2_s13,SafetyPointGoal1-v0,13,800009,results/star_v2_final/resume_300k/SafetyPointGoal1-v0/star_v2/starv2_resume_300k_SafetyPointGoal1_v0_selected_star_v2_star_v2_s13/checkpoint/final.torch,32,0.05,star_exec,26.79762993136894,0.0,1000,0.0,0.0,0.06715486474754111,0.361,0.6089375,0.381,0.381,8.163164053112268
starv2_resume_300k_SafetyPointGoal1_v0_selected_star_v2_star_v2_s13,SafetyPointGoal1-v0,13,800010,results/star_v2_final/resume_300k/SafetyPointGoal1-v0/star_v2/starv2_resume_300k_SafetyPointGoal1_v0_selected_star_v2_star_v2_s13/checkpoint/final.torch,32,0.05,raw,26.6224415953234,16.0,1000,0.016,0.0,nan,0.0,0.0,0.159,0.159,5.459481228142977
starv2_resume_300k_SafetyPointGoal1_v0_selected_star_v2_star_v2_s13,SafetyPointGoal1-v0,13,800010,results/star_v2_final/resume_300k/SafetyPointGoal1-v0/star_v2/starv2_resume_300k_SafetyPointGoal1_v0_selected_star_v2_star_v2_s13/checkpoint/final.torch,32,0.05,star_exec,25.956030211890205,49.0,1000,0.049,0.0,0.025031940855126552,0.218,0.75621875,0.199,0.199,8.14174610376358
starv2_resume_300k_SafetyPointGoal1_v0_selected_star_v2_star_v2_s13,SafetyPointGoal1-v0,13,800011,results/star_v2_final/resume_300k/SafetyPointGoal1-v0/star_v2/starv2_resume_300k_SafetyPointGoal1_v0_selected_star_v2_star_v2_s13/checkpoint/final.torch,32,0.05,raw,28.19325888967032,109.0,1000,0.109,0.0,nan,0.0,0.0,0.293,0.293,5.1405269876122475
starv2_resume_300k_SafetyPointGoal1_v0_selected_star_v2_star_v2_s13,SafetyPointGoal1-v0,13,800011,results/star_v2_final/resume_300k/SafetyPointGoal1-v0/star_v2/starv2_resume_300k_SafetyPointGoal1_v0_selected_star_v2_star_v2_s13/checkpoint/final.torch,32,0.05,star_exec,26.14646545154974,102.0,1000,0.102,0.0,0.07259868205127935,0.291,0.6624375,0.229,0.229,8.283787693828344
starv2_resume_300k_SafetyPointGoal1_v0_selected_star_v2_star_v2_s13,SafetyPointGoal1-v0,13,800012,results/star_v2_final/resume_300k/SafetyPointGoal1-v0/star_v2/starv2_resume_300k_SafetyPointGoal1_v0_selected_star_v2_star_v2_s13/checkpoint/final.torch,32,0.05,raw,26.874675720497844,53.0,1000,0.053,0.0,nan,0.0,0.0,0.3,0.3,5.022161450237036
starv2_resume_300k_SafetyPointGoal1_v0_selected_star_v2_star_v2_s13,SafetyPointGoal1-v0,13,800012,results/star_v2_final/resume_300k/SafetyPointGoal1-v0/star_v2/starv2_resume_300k_SafetyPointGoal1_v0_selected_star_v2_star_v2_s13/checkpoint/final.torch,32,0.05,star_exec,27.646788501749416,67.0,1000,0.067,0.0,-0.028730124570867516,0.272,0.688875,0.282,0.282,8.564050536602736
starv2_resume_300k_SafetyPointGoal1_v0_selected_star_v2_star_v2_s13,SafetyPointGoal1-v0,13,800013,results/star_v2_final/resume_300k/SafetyPointGoal1-v0/star_v2/starv2_resume_300k_SafetyPointGoal1_v0_selected_star_v2_star_v2_s13/checkpoint/final.torch,32,0.05,raw,29.409781200834047,54.0,1000,0.054,0.0,nan,0.0,0.0,0.209,0.209,4.891446407884359
starv2_resume_300k_SafetyPointGoal1_v0_selected_star_v2_star_v2_s13,SafetyPointGoal1-v0,13,800013,results/star_v2_final/resume_300k/SafetyPointGoal1-v0/star_v2/starv2_resume_300k_SafetyPointGoal1_v0_selected_star_v2_star_v2_s13/checkpoint/final.torch,32,0.05,star_exec,27.14843139749515,50.0,1000,0.05,0.0,0.07689107878418244,0.272,0.66715625,0.299,0.299,8.567181453108788
starv2_resume_300k_SafetyPointGoal1_v0_selected_star_v2_star_v2_s13,SafetyPointGoal1-v0,13,800014,results/star_v2_final/resume_300k/SafetyPointGoal1-v0/star_v2/starv2_resume_300k_SafetyPointGoal1_v0_selected_star_v2_star_v2_s13/checkpoint/final.torch,32,0.05,raw,28.67255188788278,46.0,1000,0.046,0.0,nan,0.0,0.0,0.051,0.051,5.022118795663118
starv2_resume_300k_SafetyPointGoal1_v0_selected_star_v2_star_v2_s13,SafetyPointGoal1-v0,13,800014,results/star_v2_final/resume_300k/SafetyPointGoal1-v0/star_v2/starv2_resume_300k_SafetyPointGoal1_v0_selected_star_v2_star_v2_s13/checkpoint/final.torch,32,0.05,star_exec,26.502154690825314,0.0,1000,0.0,0.0,0.07569598986320747,0.111,0.88128125,0.118,0.118,8.386232979595661
starv2_resume_300k_SafetyPointGoal1_v0_selected_star_v2_star_v2_s13,SafetyPointGoal1-v0,13,800015,results/star_v2_final/resume_300k/SafetyPointGoal1-v0/star_v2/starv2_resume_300k_SafetyPointGoal1_v0_selected_star_v2_star_v2_s13/checkpoint/final.torch,32,0.05,raw,26.98860576769484,92.0,1000,0.092,0.0,nan,0.0,0.0,0.22,0.22,5.327734563499689
starv2_resume_300k_SafetyPointGoal1_v0_selected_star_v2_star_v2_s13,SafetyPointGoal1-v0,13,800015,results/star_v2_final/resume_300k/SafetyPointGoal1-v0/star_v2/starv2_resume_300k_SafetyPointGoal1_v0_selected_star_v2_star_v2_s13/checkpoint/final.torch,32,0.05,star_exec,25.58810766172943,121.0,1000,0.121,0.0,0.051892199175468105,0.388,0.585875,0.332,0.332,8.318820048123598
starv2_resume_300k_SafetyPointGoal1_v0_selected_star_v2_star_v2_s13,SafetyPointGoal1-v0,13,800016,results/star_v2_final/resume_300k/SafetyPointGoal1-v0/star_v2/starv2_resume_300k_SafetyPointGoal1_v0_selected_star_v2_star_v2_s13/checkpoint/final.torch,32,0.05,raw,26.56939168927291,67.0,1000,0.067,0.0,nan,0.0,0.0,0.204,0.204,5.408235240727663
starv2_resume_300k_SafetyPointGoal1_v0_selected_star_v2_star_v2_s13,SafetyPointGoal1-v0,13,800016,results/star_v2_final/resume_300k/SafetyPointGoal1-v0/star_v2/starv2_resume_300k_SafetyPointGoal1_v0_selected_star_v2_star_v2_s13/checkpoint/final.torch,32,0.05,star_exec,28.313980392472736,15.0,1000,0.015,0.0,-0.06566159751049873,0.304,0.64884375,0.331,0.331,8.259666729718447
starv2_resume_300k_SafetyPointGoal1_v0_selected_star_v2_star_v2_s13,SafetyPointGoal1-v0,13,800017,results/star_v2_final/resume_300k/SafetyPointGoal1-v0/star_v2/starv2_resume_300k_SafetyPointGoal1_v0_selected_star_v2_star_v2_s13/checkpoint/final.torch,32,0.05,raw,27.81502650760857,72.0,1000,0.072,0.0,nan,0.0,0.0,0.366,0.366,5.185782019048929
starv2_resume_300k_SafetyPointGoal1_v0_selected_star_v2_star_v2_s13,SafetyPointGoal1-v0,13,800017,results/star_v2_final/resume_300k/SafetyPointGoal1-v0/star_v2/starv2_resume_300k_SafetyPointGoal1_v0_selected_star_v2_star_v2_s13/checkpoint/final.torch,32,0.05,star_exec,26.95431139906299,50.0,1000,0.05,0.0,0.03094424908457804,0.322,0.6431875,0.307,0.307,8.234055504202843
starv2_resume_300k_SafetyPointGoal1_v0_selected_star_v2_star_v2_s13,SafetyPointGoal1-v0,13,800018,results/star_v2_final/resume_300k/SafetyPointGoal1-v0/star_v2/starv2_resume_300k_SafetyPointGoal1_v0_selected_star_v2_star_v2_s13/checkpoint/final.torch,32,0.05,raw,26.916544307854775,0.0,1000,0.0,0.0,nan,0.0,0.0,0.069,0.069,5.10931034386158
starv2_resume_300k_SafetyPointGoal1_v0_selected_star_v2_star_v2_s13,SafetyPointGoal1-v0,13,800018,results/star_v2_final/resume_300k/SafetyPointGoal1-v0/star_v2/starv2_resume_300k_SafetyPointGoal1_v0_selected_star_v2_star_v2_s13/checkpoint/final.torch,32,0.05,star_exec,26.302141899468616,0.0,1000,0.0,0.0,0.02282619943180686,0.032,0.9425625,0.048,0.048,8.200909651815891
starv2_resume_300k_SafetyPointGoal1_v0_selected_star_v2_star_v2_s13,SafetyPointGoal1-v0,13,800019,results/star_v2_final/resume_300k/SafetyPointGoal1-v0/star_v2/starv2_resume_300k_SafetyPointGoal1_v0_selected_star_v2_star_v2_s13/checkpoint/final.torch,32,0.05,raw,27.652678068182304,120.0,1000,0.12,0.0,nan,0.0,0.0,0.299,0.299,4.935068644583225
starv2_resume_300k_SafetyPointGoal1_v0_selected_star_v2_star_v2_s13,SafetyPointGoal1-v0,13,800019,results/star_v2_final/resume_300k/SafetyPointGoal1-v0/star_v2/starv2_resume_300k_SafetyPointGoal1_v0_selected_star_v2_star_v2_s13/checkpoint/final.torch,32,0.05,star_exec,25.511821113885524,122.0,1000,0.122,0.0,0.07741951607790531,0.331,0.64375,0.253,0.253,8.260113298892975
starv2_resume_300k_SafetyPointGoal1_v0_selected_star_v2_star_v2_s14,SafetyPointGoal1-v0,14,800000,results/star_v2_final/resume_300k/SafetyPointGoal1-v0/star_v2/starv2_resume_300k_SafetyPointGoal1_v0_selected_star_v2_star_v2_s14/checkpoint/final.torch,32,0.05,raw,25.516849166386844,73.0,1000,0.073,0.0,nan,0.0,0.0,0.277,0.277,5.56085804104805
starv2_resume_300k_SafetyPointGoal1_v0_selected_star_v2_star_v2_s14,SafetyPointGoal1-v0,14,800000,results/star_v2_final/resume_300k/SafetyPointGoal1-v0/star_v2/starv2_resume_300k_SafetyPointGoal1_v0_selected_star_v2_star_v2_s14/checkpoint/final.torch,32,0.05,star_exec,21.936270922188847,109.0,1000,0.109,0.0,0.14032211504054612,0.299,0.6619375,0.209,0.209,7.819871082901955
starv2_resume_300k_SafetyPointGoal1_v0_selected_star_v2_star_v2_s14,SafetyPointGoal1-v0,14,800001,results/star_v2_final/resume_300k/SafetyPointGoal1-v0/star_v2/starv2_resume_300k_SafetyPointGoal1_v0_selected_star_v2_star_v2_s14/checkpoint/final.torch,32,0.05,raw,26.855316687577222,57.0,1000,0.057,0.0,nan,0.0,0.0,0.196,0.196,5.390807278454304
starv2_resume_300k_SafetyPointGoal1_v0_selected_star_v2_star_v2_s14,SafetyPointGoal1-v0,14,800001,results/star_v2_final/resume_300k/SafetyPointGoal1-v0/star_v2/starv2_resume_300k_SafetyPointGoal1_v0_selected_star_v2_star_v2_s14/checkpoint/final.torch,32,0.05,star_exec,25.37467145138208,23.0,1000,0.023,0.0,0.055134156614882156,0.151,0.8305,0.154,0.154,7.164078027009964
starv2_resume_300k_SafetyPointGoal1_v0_selected_star_v2_star_v2_s14,SafetyPointGoal1-v0,14,800002,results/star_v2_final/resume_300k/SafetyPointGoal1-v0/star_v2/starv2_resume_300k_SafetyPointGoal1_v0_selected_star_v2_star_v2_s14/checkpoint/final.torch,32,0.05,raw,26.527617367407906,46.0,1000,0.046,0.0,nan,0.0,0.0,0.158,0.158,5.3117907755076885
starv2_resume_300k_SafetyPointGoal1_v0_selected_star_v2_star_v2_s14,SafetyPointGoal1-v0,14,800002,results/star_v2_final/resume_300k/SafetyPointGoal1-v0/star_v2/starv2_resume_300k_SafetyPointGoal1_v0_selected_star_v2_star_v2_s14/checkpoint/final.torch,32,0.05,star_exec,25.88604949876071,80.0,1000,0.08,0.0,0.02418490359542933,0.178,0.78159375,0.175,0.175,7.6645688228309155
starv2_resume_300k_SafetyPointGoal1_v0_selected_star_v2_star_v2_s14,SafetyPointGoal1-v0,14,800003,results/star_v2_final/resume_300k/SafetyPointGoal1-v0/star_v2/starv2_resume_300k_SafetyPointGoal1_v0_selected_star_v2_star_v2_s14/checkpoint/final.torch,32,0.05,raw,21.899611608571128,56.0,1000,0.056,0.0,nan,0.0,0.0,0.088,0.088,5.213200248777866
starv2_resume_300k_SafetyPointGoal1_v0_selected_star_v2_star_v2_s14,SafetyPointGoal1-v0,14,800003,results/star_v2_final/resume_300k/SafetyPointGoal1-v0/star_v2/starv2_resume_300k_SafetyPointGoal1_v0_selected_star_v2_star_v2_s14/checkpoint/final.torch,32,0.05,star_exec,28.00448365177853,90.0,1000,0.09,0.0,-0.2787662243661919,0.123,0.84625,0.073,0.073,8.170894157141447
starv2_resume_300k_SafetyPointGoal1_v0_selected_star_v2_star_v2_s14,SafetyPointGoal1-v0,14,800004,results/star_v2_final/resume_300k/SafetyPointGoal1-v0/star_v2/starv2_resume_300k_SafetyPointGoal1_v0_selected_star_v2_star_v2_s14/checkpoint/final.torch,32,0.05,raw,26.836184071342416,90.0,1000,0.09,0.0,nan,0.0,0.0,0.244,0.244,5.204735938459635
starv2_resume_300k_SafetyPointGoal1_v0_selected_star_v2_star_v2_s14,SafetyPointGoal1-v0,14,800004,results/star_v2_final/resume_300k/SafetyPointGoal1-v0/star_v2/starv2_resume_300k_SafetyPointGoal1_v0_selected_star_v2_star_v2_s14/checkpoint/final.torch,32,0.05,star_exec,25.775004562517427,112.0,1000,0.112,0.0,0.03954286145913686,0.253,0.7104375,0.181,0.181,8.226031333208084
starv2_resume_300k_SafetyPointGoal1_v0_selected_star_v2_star_v2_s14,SafetyPointGoal1-v0,14,800005,results/star_v2_final/resume_300k/SafetyPointGoal1-v0/star_v2/starv2_resume_300k_SafetyPointGoal1_v0_selected_star_v2_star_v2_s14/checkpoint/final.torch,32,0.05,raw,25.706447526725388,36.0,1000,0.036,0.0,nan,0.0,0.0,0.129,0.129,5.296985346823931
starv2_resume_300k_SafetyPointGoal1_v0_selected_star_v2_star_v2_s14,SafetyPointGoal1-v0,14,800005,results/star_v2_final/resume_300k/SafetyPointGoal1-v0/star_v2/starv2_resume_300k_SafetyPointGoal1_v0_selected_star_v2_star_v2_s14/checkpoint/final.torch,32,0.05,star_exec,26.319832669131735,0.0,1000,0.0,0.0,-0.023861139963763916,0.069,0.88975,0.102,0.102,8.277592476457357
starv2_resume_300k_SafetyPointGoal1_v0_selected_star_v2_star_v2_s14,SafetyPointGoal1-v0,14,800006,results/star_v2_final/resume_300k/SafetyPointGoal1-v0/star_v2/starv2_resume_300k_SafetyPointGoal1_v0_selected_star_v2_star_v2_s14/checkpoint/final.torch,32,0.05,raw,26.344062227079476,113.0,1000,0.113,0.0,nan,0.0,0.0,0.228,0.228,5.309573985636234
starv2_resume_300k_SafetyPointGoal1_v0_selected_star_v2_star_v2_s14,SafetyPointGoal1-v0,14,800006,results/star_v2_final/resume_300k/SafetyPointGoal1-v0/star_v2/starv2_resume_300k_SafetyPointGoal1_v0_selected_star_v2_star_v2_s14/checkpoint/final.torch,32,0.05,star_exec,27.14073611737757,128.0,1000,0.128,0.0,-0.030241117843974017,0.367,0.609375,0.283,0.283,8.36720896884799
starv2_resume_300k_SafetyPointGoal1_v0_selected_star_v2_star_v2_s14,SafetyPointGoal1-v0,14,800007,results/star_v2_final/resume_300k/SafetyPointGoal1-v0/star_v2/starv2_resume_300k_SafetyPointGoal1_v0_selected_star_v2_star_v2_s14/checkpoint/final.torch,32,0.05,raw,26.96411489666967,15.0,1000,0.015,0.0,nan,0.0,0.0,0.129,0.129,5.346655759960413
starv2_resume_300k_SafetyPointGoal1_v0_selected_star_v2_star_v2_s14,SafetyPointGoal1-v0,14,800007,results/star_v2_final/resume_300k/SafetyPointGoal1-v0/star_v2/starv2_resume_300k_SafetyPointGoal1_v0_selected_star_v2_star_v2_s14/checkpoint/final.torch,32,0.05,star_exec,25.66922945266844,28.0,1000,0.028,0.0,0.04802254585264217,0.204,0.7479375,0.218,0.218,8.400427501648664
starv2_resume_300k_SafetyPointGoal1_v0_selected_star_v2_star_v2_s14,SafetyPointGoal1-v0,14,800008,results/star_v2_final/resume_300k/SafetyPointGoal1-v0/star_v2/starv2_resume_300k_SafetyPointGoal1_v0_selected_star_v2_star_v2_s14/checkpoint/final.torch,32,0.05,raw,28.045253963146145,60.0,1000,0.06,0.0,nan,0.0,0.0,0.243,0.243,5.383837573230267
starv2_resume_300k_SafetyPointGoal1_v0_selected_star_v2_star_v2_s14,SafetyPointGoal1-v0,14,800008,results/star_v2_final/resume_300k/SafetyPointGoal1-v0/star_v2/starv2_resume_300k_SafetyPointGoal1_v0_selected_star_v2_star_v2_s14/checkpoint/final.torch,32,0.05,star_exec,26.05754055690837,90.0,1000,0.09,0.0,0.07087521506668466,0.238,0.71484375,0.25,0.25,8.426234524697065
starv2_resume_300k_SafetyPointGoal1_v0_selected_star_v2_star_v2_s14,SafetyPointGoal1-v0,14,800009,results/star_v2_final/resume_300k/SafetyPointGoal1-v0/star_v2/starv2_resume_300k_SafetyPointGoal1_v0_selected_star_v2_star_v2_s14/checkpoint/final.torch,32,0.05,raw,27.16454634338505,0.0,1000,0.0,0.0,nan,0.0,0.0,0.17,0.17,5.416276324540377
starv2_resume_300k_SafetyPointGoal1_v0_selected_star_v2_star_v2_s14,SafetyPointGoal1-v0,14,800009,results/star_v2_final/resume_300k/SafetyPointGoal1-v0/star_v2/starv2_resume_300k_SafetyPointGoal1_v0_selected_star_v2_star_v2_s14/checkpoint/final.torch,32,0.05,star_exec,25.518217447601106,0.0,1000,0.0,0.0,0.06060579385250251,0.096,0.8885,0.106,0.106,8.225479830056429
starv2_resume_300k_SafetyPointGoal1_v0_selected_star_v2_star_v2_s14,SafetyPointGoal1-v0,14,800010,results/star_v2_final/resume_300k/SafetyPointGoal1-v0/star_v2/starv2_resume_300k_SafetyPointGoal1_v0_selected_star_v2_star_v2_s14/checkpoint/final.torch,32,0.05,raw,26.01535068633812,0.0,1000,0.0,0.0,nan,0.0,0.0,0.293,0.293,5.488549746572971
starv2_resume_300k_SafetyPointGoal1_v0_selected_star_v2_star_v2_s14,SafetyPointGoal1-v0,14,800010,results/star_v2_final/resume_300k/SafetyPointGoal1-v0/star_v2/starv2_resume_300k_SafetyPointGoal1_v0_selected_star_v2_star_v2_s14/checkpoint/final.torch,32,0.05,star_exec,25.372661238483246,40.0,1000,0.04,0.0,0.02470423926256663,0.241,0.73665625,0.225,0.225,8.244825534522533
starv2_resume_300k_SafetyPointGoal1_v0_selected_star_v2_star_v2_s14,SafetyPointGoal1-v0,14,800011,results/star_v2_final/resume_300k/SafetyPointGoal1-v0/star_v2/starv2_resume_300k_SafetyPointGoal1_v0_selected_star_v2_star_v2_s14/checkpoint/final.torch,32,0.05,raw,28.32174792366837,85.0,1000,0.085,0.0,nan,0.0,0.0,0.242,0.242,5.520890057086945
starv2_resume_300k_SafetyPointGoal1_v0_selected_star_v2_star_v2_s14,SafetyPointGoal1-v0,14,800011,results/star_v2_final/resume_300k/SafetyPointGoal1-v0/star_v2/starv2_resume_300k_SafetyPointGoal1_v0_selected_star_v2_star_v2_s14/checkpoint/final.torch,32,0.05,star_exec,26.620276778144444,97.0,1000,0.097,0.0,0.060076487867544805,0.185,0.77934375,0.196,0.196,8.264187589287758
starv2_resume_300k_SafetyPointGoal1_v0_selected_star_v2_star_v2_s14,SafetyPointGoal1-v0,14,800012,results/star_v2_final/resume_300k/SafetyPointGoal1-v0/star_v2/starv2_resume_300k_SafetyPointGoal1_v0_selected_star_v2_star_v2_s14/checkpoint/final.torch,32,0.05,raw,28.28227059996355,73.0,1000,0.073,0.0,nan,0.0,0.0,0.24,0.24,5.544965036213398
starv2_resume_300k_SafetyPointGoal1_v0_selected_star_v2_star_v2_s14,SafetyPointGoal1-v0,14,800012,results/star_v2_final/resume_300k/SafetyPointGoal1-v0/star_v2/starv2_resume_300k_SafetyPointGoal1_v0_selected_star_v2_star_v2_s14/checkpoint/final.torch,32,0.05,star_exec,27.223910025027056,58.0,1000,0.058,0.0,0.03742134391917803,0.244,0.7175625,0.202,0.202,8.198073856532574
starv2_resume_300k_SafetyPointGoal1_v0_selected_star_v2_star_v2_s14,SafetyPointGoal1-v0,14,800013,results/star_v2_final/resume_300k/SafetyPointGoal1-v0/star_v2/starv2_resume_300k_SafetyPointGoal1_v0_selected_star_v2_star_v2_s14/checkpoint/final.torch,32,0.05,raw,28.11392121176127,21.0,1000,0.021,0.0,nan,0.0,0.0,0.38,0.38,5.508296329528093
starv2_resume_300k_SafetyPointGoal1_v0_selected_star_v2_star_v2_s14,SafetyPointGoal1-v0,14,800013,results/star_v2_final/resume_300k/SafetyPointGoal1-v0/star_v2/starv2_resume_300k_SafetyPointGoal1_v0_selected_star_v2_star_v2_s14/checkpoint/final.torch,32,0.05,star_exec,24.96023401674046,68.0,1000,0.068,0.0,0.11217528751206304,0.333,0.60840625,0.303,0.303,8.19933957234025
starv2_resume_300k_SafetyPointGoal1_v0_selected_star_v2_star_v2_s14,SafetyPointGoal1-v0,14,800014,results/star_v2_final/resume_300k/SafetyPointGoal1-v0/star_v2/starv2_resume_300k_SafetyPointGoal1_v0_selected_star_v2_star_v2_s14/checkpoint/final.torch,32,0.05,raw,27.339567034559366,0.0,1000,0.0,0.0,nan,0.0,0.0,0.058,0.058,5.651146251708269
starv2_resume_300k_SafetyPointGoal1_v0_selected_star_v2_star_v2_s14,SafetyPointGoal1-v0,14,800014,results/star_v2_final/resume_300k/SafetyPointGoal1-v0/star_v2/starv2_resume_300k_SafetyPointGoal1_v0_selected_star_v2_star_v2_s14/checkpoint/final.torch,32,0.05,star_exec,26.67633497528728,15.0,1000,0.015,0.0,0.02425905495993075,0.05,0.9380625,0.048,0.048,8.301656391471624
starv2_resume_300k_SafetyPointGoal1_v0_selected_star_v2_star_v2_s14,SafetyPointGoal1-v0,14,800015,results/star_v2_final/resume_300k/SafetyPointGoal1-v0/star_v2/starv2_resume_300k_SafetyPointGoal1_v0_selected_star_v2_star_v2_s14/checkpoint/final.torch,32,0.05,raw,25.091702308297577,63.0,1000,0.063,0.0,nan,0.0,0.0,0.167,0.167,5.559776708483696
starv2_resume_300k_SafetyPointGoal1_v0_selected_star_v2_star_v2_s14,SafetyPointGoal1-v0,14,800015,results/star_v2_final/resume_300k/SafetyPointGoal1-v0/star_v2/starv2_resume_300k_SafetyPointGoal1_v0_selected_star_v2_star_v2_s14/checkpoint/final.torch,32,0.05,star_exec,25.976459826801754,71.0,1000,0.071,0.0,-0.03526096028214062,0.141,0.83078125,0.121,0.121,8.424000222235918
starv2_resume_300k_SafetyPointGoal1_v0_selected_star_v2_star_v2_s14,SafetyPointGoal1-v0,14,800016,results/star_v2_final/resume_300k/SafetyPointGoal1-v0/star_v2/starv2_resume_300k_SafetyPointGoal1_v0_selected_star_v2_star_v2_s14/checkpoint/final.torch,32,0.05,raw,26.02328427382389,15.0,1000,0.015,0.0,nan,0.0,0.0,0.065,0.065,5.402123101055622
starv2_resume_300k_SafetyPointGoal1_v0_selected_star_v2_star_v2_s14,SafetyPointGoal1-v0,14,800016,results/star_v2_final/resume_300k/SafetyPointGoal1-v0/star_v2/starv2_resume_300k_SafetyPointGoal1_v0_selected_star_v2_star_v2_s14/checkpoint/final.torch,32,0.05,star_exec,28.945668566698668,39.0,1000,0.039,0.0,-0.11229882677853711,0.154,0.80946875,0.156,0.156,8.41708404943347
starv2_resume_300k_SafetyPointGoal1_v0_selected_star_v2_star_v2_s14,SafetyPointGoal1-v0,14,800017,results/star_v2_final/resume_300k/SafetyPointGoal1-v0/star_v2/starv2_resume_300k_SafetyPointGoal1_v0_selected_star_v2_star_v2_s14/checkpoint/final.torch,32,0.05,raw,27.88699681913284,47.0,1000,0.047,0.0,nan,0.0,0.0,0.233,0.233,5.267320457845926
starv2_resume_300k_SafetyPointGoal1_v0_selected_star_v2_star_v2_s14,SafetyPointGoal1-v0,14,800017,results/star_v2_final/resume_300k/SafetyPointGoal1-v0/star_v2/starv2_resume_300k_SafetyPointGoal1_v0_selected_star_v2_star_v2_s14/checkpoint/final.torch,32,0.05,star_exec,25.859644487641486,72.0,1000,0.072,0.0,0.07269884041799793,0.327,0.64640625,0.287,0.287,8.369507074356079
starv2_resume_300k_SafetyPointGoal1_v0_selected_star_v2_star_v2_s14,SafetyPointGoal1-v0,14,800018,results/star_v2_final/resume_300k/SafetyPointGoal1-v0/star_v2/starv2_resume_300k_SafetyPointGoal1_v0_selected_star_v2_star_v2_s14/checkpoint/final.torch,32,0.05,raw,26.786953255054648,0.0,1000,0.0,0.0,nan,0.0,0.0,0.096,0.096,5.414220213890076
starv2_resume_300k_SafetyPointGoal1_v0_selected_star_v2_star_v2_s14,SafetyPointGoal1-v0,14,800018,results/star_v2_final/resume_300k/SafetyPointGoal1-v0/star_v2/starv2_resume_300k_SafetyPointGoal1_v0_selected_star_v2_star_v2_s14/checkpoint/final.torch,32,0.05,star_exec,26.50032104248193,0.0,1000,0.0,0.0,0.010700440988697827,0.04,0.94159375,0.065,0.065,8.334178119897842
starv2_resume_300k_SafetyPointGoal1_v0_selected_star_v2_star_v2_s14,SafetyPointGoal1-v0,14,800019,results/star_v2_final/resume_300k/SafetyPointGoal1-v0/star_v2/starv2_resume_300k_SafetyPointGoal1_v0_selected_star_v2_star_v2_s14/checkpoint/final.torch,32,0.05,raw,27.076441202128017,159.0,1000,0.159,0.0,nan,0.0,0.0,0.287,0.287,4.329613197594881
starv2_resume_300k_SafetyPointGoal1_v0_selected_star_v2_star_v2_s14,SafetyPointGoal1-v0,14,800019,results/star_v2_final/resume_300k/SafetyPointGoal1-v0/star_v2/starv2_resume_300k_SafetyPointGoal1_v0_selected_star_v2_star_v2_s14/checkpoint/final.torch,32,0.05,star_exec,26.81690468547495,127.0,1000,0.127,0.0,0.009585326029946281,0.366,0.6071875,0.292,0.292,7.276496104896069
