run_name,run_dir,phase,task,method,seed,ablation_group,ablation_name,star_algorithm_version,git_sha,final_step,expected_steps,completed,has_final_checkpoint,final_checkpoint,error_scan,train_latest_reward,train_latest_cost,train_avg_last10_reward,train_avg_last10_cost,train_total_cost,train_total_cost_rate,mechanism_rows,raw_eval_episodes,raw_return_mean,raw_cost_mean,raw_evr_mean,raw_constraint_satisfaction_rate,filtered_eval_episodes,filtered_return_mean,filtered_cost_mean,filtered_evr_mean,filtered_constraint_satisfaction_rate
starv2_core_100k_SafetyCarButton1_v0_selected_current_only_v2_current_only_v2_s10,/root/FLAC-Safe-star-v2/results/star_v2_final/core_100k/SafetyCarButton1-v0/current_only_v2/starv2_core_100k_SafetyCarButton1_v0_selected_current_only_v2_current_only_v2_s10,core_100k,SafetyCarButton1-v0,current_only_v2,10,core_100k,selected_current_only_v2,star_v2,57543f8eb582dda6e4a1c5e101d0dfbb4faf2f43,100000,100000,True,True,/root/FLAC-Safe-star-v2/results/star_v2_final/core_100k/SafetyCarButton1-v0/current_only_v2/starv2_core_100k_SafetyCarButton1_v0_selected_current_only_v2_current_only_v2_s10/checkpoint/final.torch,,18.37423950586279,163.0,14.236669130126762,187.3,23035.0,0.23035,19,10,19.524999490477875,273.8,0.27379999999999993,0.0,0,nan,nan,nan,nan
starv2_core_100k_SafetyCarButton1_v0_selected_current_only_v2_current_only_v2_s11,/root/FLAC-Safe-star-v2/results/star_v2_final/core_100k/SafetyCarButton1-v0/current_only_v2/starv2_core_100k_SafetyCarButton1_v0_selected_current_only_v2_current_only_v2_s11,core_100k,SafetyCarButton1-v0,current_only_v2,11,core_100k,selected_current_only_v2,star_v2,57543f8eb582dda6e4a1c5e101d0dfbb4faf2f43,100000,100000,True,True,/root/FLAC-Safe-star-v2/results/star_v2_final/core_100k/SafetyCarButton1-v0/current_only_v2/starv2_core_100k_SafetyCarButton1_v0_selected_current_only_v2_current_only_v2_s11/checkpoint/final.torch,,1.873209001147278,673.0,14.969162279553075,367.3,26801.0,0.26801,19,10,18.575849104589672,266.3,0.2663,0.0,0,nan,nan,nan,nan
starv2_core_100k_SafetyCarButton1_v0_selected_current_only_v2_current_only_v2_s12,/root/FLAC-Safe-star-v2/results/star_v2_final/core_100k/SafetyCarButton1-v0/current_only_v2/starv2_core_100k_SafetyCarButton1_v0_selected_current_only_v2_current_only_v2_s12,core_100k,SafetyCarButton1-v0,current_only_v2,12,core_100k,selected_current_only_v2,star_v2,57543f8eb582dda6e4a1c5e101d0dfbb4faf2f43,100000,100000,True,True,/root/FLAC-Safe-star-v2/results/star_v2_final/core_100k/SafetyCarButton1-v0/current_only_v2/starv2_core_100k_SafetyCarButton1_v0_selected_current_only_v2_current_only_v2_s12/checkpoint/final.torch,,15.856007270896875,251.0,14.3144466920353,233.6,24173.0,0.24173,19,10,17.347308166991734,263.6,0.2636,0.0,0,nan,nan,nan,nan
starv2_core_100k_SafetyCarButton1_v0_selected_pointwise_v2_pointwise_v2_s10,/root/FLAC-Safe-star-v2/results/star_v2_final/core_100k/SafetyCarButton1-v0/pointwise_v2/starv2_core_100k_SafetyCarButton1_v0_selected_pointwise_v2_pointwise_v2_s10,core_100k,SafetyCarButton1-v0,pointwise_v2,10,core_100k,selected_pointwise_v2,star_v2,57543f8eb582dda6e4a1c5e101d0dfbb4faf2f43,100000,100000,True,True,/root/FLAC-Safe-star-v2/results/star_v2_final/core_100k/SafetyCarButton1-v0/pointwise_v2/starv2_core_100k_SafetyCarButton1_v0_selected_pointwise_v2_pointwise_v2_s10/checkpoint/final.torch,,2.049185118569585,849.0,10.356485569529708,292.8,24124.0,0.24124,19,10,14.096237115786005,284.7,0.2847,0.0,0,nan,nan,nan,nan
starv2_core_100k_SafetyCarButton1_v0_selected_pointwise_v2_pointwise_v2_s11,/root/FLAC-Safe-star-v2/results/star_v2_final/core_100k/SafetyCarButton1-v0/pointwise_v2/starv2_core_100k_SafetyCarButton1_v0_selected_pointwise_v2_pointwise_v2_s11,core_100k,SafetyCarButton1-v0,pointwise_v2,11,core_100k,selected_pointwise_v2,star_v2,57543f8eb582dda6e4a1c5e101d0dfbb4faf2f43,100000,100000,True,True,/root/FLAC-Safe-star-v2/results/star_v2_final/core_100k/SafetyCarButton1-v0/pointwise_v2/starv2_core_100k_SafetyCarButton1_v0_selected_pointwise_v2_pointwise_v2_s11/checkpoint/final.torch,,15.714905234152527,263.0,13.319567125660678,321.5,23333.0,0.23333,19,10,18.449419379688827,243.6,0.24359999999999998,0.0,0,nan,nan,nan,nan
starv2_core_100k_SafetyCarButton1_v0_selected_pointwise_v2_pointwise_v2_s12,/root/FLAC-Safe-star-v2/results/star_v2_final/core_100k/SafetyCarButton1-v0/pointwise_v2/starv2_core_100k_SafetyCarButton1_v0_selected_pointwise_v2_pointwise_v2_s12,core_100k,SafetyCarButton1-v0,pointwise_v2,12,core_100k,selected_pointwise_v2,star_v2,57543f8eb582dda6e4a1c5e101d0dfbb4faf2f43,100000,100000,True,True,/root/FLAC-Safe-star-v2/results/star_v2_final/core_100k/SafetyCarButton1-v0/pointwise_v2/starv2_core_100k_SafetyCarButton1_v0_selected_pointwise_v2_pointwise_v2_s12/checkpoint/final.torch,,1.1565220529378157,396.0,12.146639158797516,243.8,21853.0,0.21853,19,10,13.864227942566242,248.1,0.2481,0.0,0,nan,nan,nan,nan
starv2_core_100k_SafetyCarButton1_v0_selected_sac_lag_sac_lag_s10,/root/FLAC-Safe-star-v2/results/star_v2_final/core_100k/SafetyCarButton1-v0/sac_lag/starv2_core_100k_SafetyCarButton1_v0_selected_sac_lag_sac_lag_s10,core_100k,SafetyCarButton1-v0,sac_lag,10,core_100k,selected_sac_lag,star_v2,57543f8eb582dda6e4a1c5e101d0dfbb4faf2f43,100000,100000,True,True,/root/FLAC-Safe-star-v2/results/star_v2_final/core_100k/SafetyCarButton1-v0/sac_lag/starv2_core_100k_SafetyCarButton1_v0_selected_sac_lag_sac_lag_s10/checkpoint/final.torch,,17.006307685504805,252.0,9.257355776095434,210.0,22834.0,0.22834,19,10,7.134037157727642,140.9,0.1409,0.1,0,nan,nan,nan,nan
starv2_core_100k_SafetyCarButton1_v0_selected_sac_lag_sac_lag_s11,/root/FLAC-Safe-star-v2/results/star_v2_final/core_100k/SafetyCarButton1-v0/sac_lag/starv2_core_100k_SafetyCarButton1_v0_selected_sac_lag_sac_lag_s11,core_100k,SafetyCarButton1-v0,sac_lag,11,core_100k,selected_sac_lag,star_v2,57543f8eb582dda6e4a1c5e101d0dfbb4faf2f43,100000,100000,True,True,/root/FLAC-Safe-star-v2/results/star_v2_final/core_100k/SafetyCarButton1-v0/sac_lag/starv2_core_100k_SafetyCarButton1_v0_selected_sac_lag_sac_lag_s11/checkpoint/final.torch,,8.640607722484653,397.0,10.715160384462138,275.1,23361.0,0.23361,19,10,9.235847319193173,290.7,0.2907,0.0,0,nan,nan,nan,nan
starv2_core_100k_SafetyCarButton1_v0_selected_sac_lag_sac_lag_s12,/root/FLAC-Safe-star-v2/results/star_v2_final/core_100k/SafetyCarButton1-v0/sac_lag/starv2_core_100k_SafetyCarButton1_v0_selected_sac_lag_sac_lag_s12,core_100k,SafetyCarButton1-v0,sac_lag,12,core_100k,selected_sac_lag,star_v2,57543f8eb582dda6e4a1c5e101d0dfbb4faf2f43,100000,100000,True,True,/root/FLAC-Safe-star-v2/results/star_v2_final/core_100k/SafetyCarButton1-v0/sac_lag/starv2_core_100k_SafetyCarButton1_v0_selected_sac_lag_sac_lag_s12/checkpoint/final.torch,,4.206730396908627,174.0,10.495857667086028,204.6,21648.0,0.21648,19,10,9.945149283274281,267.6,0.26759999999999995,0.1,0,nan,nan,nan,nan
starv2_core_100k_SafetyCarButton1_v0_selected_star_v2_star_v2_s10,/root/FLAC-Safe-star-v2/results/star_v2_final/core_100k/SafetyCarButton1-v0/star_v2/starv2_core_100k_SafetyCarButton1_v0_selected_star_v2_star_v2_s10,core_100k,SafetyCarButton1-v0,star_v2,10,core_100k,selected_star_v2,star_v2,57543f8eb582dda6e4a1c5e101d0dfbb4faf2f43,100000,100000,True,True,/root/FLAC-Safe-star-v2/results/star_v2_final/core_100k/SafetyCarButton1-v0/star_v2/starv2_core_100k_SafetyCarButton1_v0_selected_star_v2_star_v2_s10/checkpoint/final.torch,,1.0619249273181581,124.0,11.387637898484169,215.5,24949.0,0.24949,19,10,12.958773879464541,285.9,0.2859,0.0,0,nan,nan,nan,nan
starv2_core_100k_SafetyCarButton1_v0_selected_star_v2_star_v2_s11,/root/FLAC-Safe-star-v2/results/star_v2_final/core_100k/SafetyCarButton1-v0/star_v2/starv2_core_100k_SafetyCarButton1_v0_selected_star_v2_star_v2_s11,core_100k,SafetyCarButton1-v0,star_v2,11,core_100k,selected_star_v2,star_v2,57543f8eb582dda6e4a1c5e101d0dfbb4faf2f43,100000,100000,True,True,/root/FLAC-Safe-star-v2/results/star_v2_final/core_100k/SafetyCarButton1-v0/star_v2/starv2_core_100k_SafetyCarButton1_v0_selected_star_v2_star_v2_s11/checkpoint/final.torch,,23.393235063819656,201.0,20.284512913507765,251.9,26767.0,0.26767,19,10,17.353047208229537,334.8,0.3348,0.0,0,nan,nan,nan,nan
starv2_core_100k_SafetyCarButton1_v0_selected_star_v2_star_v2_s12,/root/FLAC-Safe-star-v2/results/star_v2_final/core_100k/SafetyCarButton1-v0/star_v2/starv2_core_100k_SafetyCarButton1_v0_selected_star_v2_star_v2_s12,core_100k,SafetyCarButton1-v0,star_v2,12,core_100k,selected_star_v2,star_v2,57543f8eb582dda6e4a1c5e101d0dfbb4faf2f43,100000,100000,True,True,/root/FLAC-Safe-star-v2/results/star_v2_final/core_100k/SafetyCarButton1-v0/star_v2/starv2_core_100k_SafetyCarButton1_v0_selected_star_v2_star_v2_s12/checkpoint/final.torch,,25.04908756898345,145.0,15.787640102897933,260.4,24211.0,0.24211,19,10,17.459760866930615,282.4,0.28239999999999993,0.0,0,nan,nan,nan,nan
starv2_core_100k_SafetyCarGoal1_v0_selected_current_only_v2_current_only_v2_s10,/root/FLAC-Safe-star-v2/results/star_v2_final/core_100k/SafetyCarGoal1-v0/current_only_v2/starv2_core_100k_SafetyCarGoal1_v0_selected_current_only_v2_current_only_v2_s10,core_100k,SafetyCarGoal1-v0,current_only_v2,10,core_100k,selected_current_only_v2,star_v2,57543f8eb582dda6e4a1c5e101d0dfbb4faf2f43,100000,100000,True,True,/root/FLAC-Safe-star-v2/results/star_v2_final/core_100k/SafetyCarGoal1-v0/current_only_v2/starv2_core_100k_SafetyCarGoal1_v0_selected_current_only_v2_current_only_v2_s10/checkpoint/final.torch,,32.95180135183456,87.0,29.62524385658598,121.4,5880.0,0.0588,19,10,32.9528435513308,52.7,0.052700000000000004,0.2,0,nan,nan,nan,nan
starv2_core_100k_SafetyCarGoal1_v0_selected_current_only_v2_current_only_v2_s11,/root/FLAC-Safe-star-v2/results/star_v2_final/core_100k/SafetyCarGoal1-v0/current_only_v2/starv2_core_100k_SafetyCarGoal1_v0_selected_current_only_v2_current_only_v2_s11,core_100k,SafetyCarGoal1-v0,current_only_v2,11,core_100k,selected_current_only_v2,star_v2,57543f8eb582dda6e4a1c5e101d0dfbb4faf2f43,100000,100000,True,True,/root/FLAC-Safe-star-v2/results/star_v2_final/core_100k/SafetyCarGoal1-v0/current_only_v2/starv2_core_100k_SafetyCarGoal1_v0_selected_current_only_v2_current_only_v2_s11/checkpoint/final.torch,,36.89559416159405,98.0,34.592467710590874,67.6,6335.0,0.06335,19,10,33.88254389263061,71.9,0.07189999999999999,0.2,0,nan,nan,nan,nan
starv2_core_100k_SafetyCarGoal1_v0_selected_current_only_v2_current_only_v2_s12,/root/FLAC-Safe-star-v2/results/star_v2_final/core_100k/SafetyCarGoal1-v0/current_only_v2/starv2_core_100k_SafetyCarGoal1_v0_selected_current_only_v2_current_only_v2_s12,core_100k,SafetyCarGoal1-v0,current_only_v2,12,core_100k,selected_current_only_v2,star_v2,57543f8eb582dda6e4a1c5e101d0dfbb4faf2f43,100000,100000,True,True,/root/FLAC-Safe-star-v2/results/star_v2_final/core_100k/SafetyCarGoal1-v0/current_only_v2/starv2_core_100k_SafetyCarGoal1_v0_selected_current_only_v2_current_only_v2_s12/checkpoint/final.torch,,35.946282701891256,0.0,33.654293216562536,39.3,5164.0,0.05164,19,10,33.4755961947469,71.4,0.07139999999999999,0.2,0,nan,nan,nan,nan
starv2_core_100k_SafetyCarGoal1_v0_selected_pointwise_v2_pointwise_v2_s10,/root/FLAC-Safe-star-v2/results/star_v2_final/core_100k/SafetyCarGoal1-v0/pointwise_v2/starv2_core_100k_SafetyCarGoal1_v0_selected_pointwise_v2_pointwise_v2_s10,core_100k,SafetyCarGoal1-v0,pointwise_v2,10,core_100k,selected_pointwise_v2,star_v2,57543f8eb582dda6e4a1c5e101d0dfbb4faf2f43,100000,100000,True,True,/root/FLAC-Safe-star-v2/results/star_v2_final/core_100k/SafetyCarGoal1-v0/pointwise_v2/starv2_core_100k_SafetyCarGoal1_v0_selected_pointwise_v2_pointwise_v2_s10/checkpoint/final.torch,,34.332696087064356,152.0,33.63584523405775,45.7,6122.0,0.06122,19,10,33.08607137144942,85.0,0.08499999999999999,0.1,0,nan,nan,nan,nan
starv2_core_100k_SafetyCarGoal1_v0_selected_pointwise_v2_pointwise_v2_s11,/root/FLAC-Safe-star-v2/results/star_v2_final/core_100k/SafetyCarGoal1-v0/pointwise_v2/starv2_core_100k_SafetyCarGoal1_v0_selected_pointwise_v2_pointwise_v2_s11,core_100k,SafetyCarGoal1-v0,pointwise_v2,11,core_100k,selected_pointwise_v2,star_v2,57543f8eb582dda6e4a1c5e101d0dfbb4faf2f43,100000,100000,True,True,/root/FLAC-Safe-star-v2/results/star_v2_final/core_100k/SafetyCarGoal1-v0/pointwise_v2/starv2_core_100k_SafetyCarGoal1_v0_selected_pointwise_v2_pointwise_v2_s11/checkpoint/final.torch,,33.01158207002565,46.0,34.45755702632484,55.0,5813.0,0.05813,19,10,34.43249385139021,63.8,0.06380000000000001,0.2,0,nan,nan,nan,nan
starv2_core_100k_SafetyCarGoal1_v0_selected_pointwise_v2_pointwise_v2_s12,/root/FLAC-Safe-star-v2/results/star_v2_final/core_100k/SafetyCarGoal1-v0/pointwise_v2/starv2_core_100k_SafetyCarGoal1_v0_selected_pointwise_v2_pointwise_v2_s12,core_100k,SafetyCarGoal1-v0,pointwise_v2,12,core_100k,selected_pointwise_v2,star_v2,57543f8eb582dda6e4a1c5e101d0dfbb4faf2f43,100000,100000,True,True,/root/FLAC-Safe-star-v2/results/star_v2_final/core_100k/SafetyCarGoal1-v0/pointwise_v2/starv2_core_100k_SafetyCarGoal1_v0_selected_pointwise_v2_pointwise_v2_s12/checkpoint/final.torch,,32.803598004064014,130.0,31.931174423391372,86.1,6460.0,0.0646,19,10,33.21527656607979,89.6,0.08959999999999999,0.1,0,nan,nan,nan,nan
starv2_core_100k_SafetyCarGoal1_v0_selected_sac_lag_sac_lag_s10,/root/FLAC-Safe-star-v2/results/star_v2_final/core_100k/SafetyCarGoal1-v0/sac_lag/starv2_core_100k_SafetyCarGoal1_v0_selected_sac_lag_sac_lag_s10,core_100k,SafetyCarGoal1-v0,sac_lag,10,core_100k,selected_sac_lag,star_v2,57543f8eb582dda6e4a1c5e101d0dfbb4faf2f43,100000,100000,True,True,/root/FLAC-Safe-star-v2/results/star_v2_final/core_100k/SafetyCarGoal1-v0/sac_lag/starv2_core_100k_SafetyCarGoal1_v0_selected_sac_lag_sac_lag_s10/checkpoint/final.torch,,22.038034495105347,0.0,29.757644996038795,45.2,5385.0,0.05385,19,10,29.992269109697894,64.6,0.0646,0.2,0,nan,nan,nan,nan
starv2_core_100k_SafetyCarGoal1_v0_selected_sac_lag_sac_lag_s11,/root/FLAC-Safe-star-v2/results/star_v2_final/core_100k/SafetyCarGoal1-v0/sac_lag/starv2_core_100k_SafetyCarGoal1_v0_selected_sac_lag_sac_lag_s11,core_100k,SafetyCarGoal1-v0,sac_lag,11,core_100k,selected_sac_lag,star_v2,57543f8eb582dda6e4a1c5e101d0dfbb4faf2f43,100000,100000,True,True,/root/FLAC-Safe-star-v2/results/star_v2_final/core_100k/SafetyCarGoal1-v0/sac_lag/starv2_core_100k_SafetyCarGoal1_v0_selected_sac_lag_sac_lag_s11/checkpoint/final.torch,,31.531991992944786,43.0,32.67421806461191,49.8,6169.0,0.06169,19,10,31.393550827524336,73.2,0.07320000000000002,0.3,0,nan,nan,nan,nan
starv2_core_100k_SafetyCarGoal1_v0_selected_sac_lag_sac_lag_s12,/root/FLAC-Safe-star-v2/results/star_v2_final/core_100k/SafetyCarGoal1-v0/sac_lag/starv2_core_100k_SafetyCarGoal1_v0_selected_sac_lag_sac_lag_s12,core_100k,SafetyCarGoal1-v0,sac_lag,12,core_100k,selected_sac_lag,star_v2,57543f8eb582dda6e4a1c5e101d0dfbb4faf2f43,100000,100000,True,True,/root/FLAC-Safe-star-v2/results/star_v2_final/core_100k/SafetyCarGoal1-v0/sac_lag/starv2_core_100k_SafetyCarGoal1_v0_selected_sac_lag_sac_lag_s12/checkpoint/final.torch,,31.38161660058372,88.0,32.02236612615782,84.1,6198.0,0.06198,19,10,30.501998008500493,69.8,0.0698,0.1,0,nan,nan,nan,nan
starv2_core_100k_SafetyCarGoal1_v0_selected_star_v2_star_v2_s10,/root/FLAC-Safe-star-v2/results/star_v2_final/core_100k/SafetyCarGoal1-v0/star_v2/starv2_core_100k_SafetyCarGoal1_v0_selected_star_v2_star_v2_s10,core_100k,SafetyCarGoal1-v0,star_v2,10,core_100k,selected_star_v2,star_v2,57543f8eb582dda6e4a1c5e101d0dfbb4faf2f43,100000,100000,True,True,/root/FLAC-Safe-star-v2/results/star_v2_final/core_100k/SafetyCarGoal1-v0/star_v2/starv2_core_100k_SafetyCarGoal1_v0_selected_star_v2_star_v2_s10/checkpoint/final.torch,,27.396331457534465,88.0,31.748474439809087,90.1,6293.0,0.06293,19,10,32.81817607688657,55.7,0.055700000000000006,0.4,0,nan,nan,nan,nan
starv2_core_100k_SafetyCarGoal1_v0_selected_star_v2_star_v2_s11,/root/FLAC-Safe-star-v2/results/star_v2_final/core_100k/SafetyCarGoal1-v0/star_v2/starv2_core_100k_SafetyCarGoal1_v0_selected_star_v2_star_v2_s11,core_100k,SafetyCarGoal1-v0,star_v2,11,core_100k,selected_star_v2,star_v2,57543f8eb582dda6e4a1c5e101d0dfbb4faf2f43,100000,100000,True,True,/root/FLAC-Safe-star-v2/results/star_v2_final/core_100k/SafetyCarGoal1-v0/star_v2/starv2_core_100k_SafetyCarGoal1_v0_selected_star_v2_star_v2_s11/checkpoint/final.torch,,36.973140573817886,58.0,33.91075857102728,69.7,6829.0,0.06829,19,10,33.11334409174972,67.7,0.06770000000000001,0.2,0,nan,nan,nan,nan
starv2_core_100k_SafetyCarGoal1_v0_selected_star_v2_star_v2_s12,/root/FLAC-Safe-star-v2/results/star_v2_final/core_100k/SafetyCarGoal1-v0/star_v2/starv2_core_100k_SafetyCarGoal1_v0_selected_star_v2_star_v2_s12,core_100k,SafetyCarGoal1-v0,star_v2,12,core_100k,selected_star_v2,star_v2,57543f8eb582dda6e4a1c5e101d0dfbb4faf2f43,100000,100000,True,True,/root/FLAC-Safe-star-v2/results/star_v2_final/core_100k/SafetyCarGoal1-v0/star_v2/starv2_core_100k_SafetyCarGoal1_v0_selected_star_v2_star_v2_s12/checkpoint/final.torch,,33.549161500009035,3.0,32.92906114844614,53.9,6126.0,0.06126,19,10,32.83473822537477,61.7,0.06169999999999999,0.1,0,nan,nan,nan,nan
starv2_core_100k_SafetyPointButton1_v0_selected_current_only_v2_current_only_v2_s10,/root/FLAC-Safe-star-v2/results/star_v2_final/core_100k/SafetyPointButton1-v0/current_only_v2/starv2_core_100k_SafetyPointButton1_v0_selected_current_only_v2_current_only_v2_s10,core_100k,SafetyPointButton1-v0,current_only_v2,10,core_100k,selected_current_only_v2,star_v2,57543f8eb582dda6e4a1c5e101d0dfbb4faf2f43,100000,100000,True,True,/root/FLAC-Safe-star-v2/results/star_v2_final/core_100k/SafetyPointButton1-v0/current_only_v2/starv2_core_100k_SafetyPointButton1_v0_selected_current_only_v2_current_only_v2_s10/checkpoint/final.torch,,30.714376829940587,95.0,24.331224808935282,153.8,13129.0,0.13129,19,10,24.85754064647818,155.0,0.15500000000000003,0.0,0,nan,nan,nan,nan
starv2_core_100k_SafetyPointButton1_v0_selected_current_only_v2_current_only_v2_s11,/root/FLAC-Safe-star-v2/results/star_v2_final/core_100k/SafetyPointButton1-v0/current_only_v2/starv2_core_100k_SafetyPointButton1_v0_selected_current_only_v2_current_only_v2_s11,core_100k,SafetyPointButton1-v0,current_only_v2,11,core_100k,selected_current_only_v2,star_v2,57543f8eb582dda6e4a1c5e101d0dfbb4faf2f43,100000,100000,True,True,/root/FLAC-Safe-star-v2/results/star_v2_final/core_100k/SafetyPointButton1-v0/current_only_v2/starv2_core_100k_SafetyPointButton1_v0_selected_current_only_v2_current_only_v2_s11/checkpoint/final.torch,,19.340408404847327,144.0,17.413699544335344,180.5,14271.0,0.14271,19,10,23.115269800627697,134.7,0.1347,0.0,0,nan,nan,nan,nan
starv2_core_100k_SafetyPointButton1_v0_selected_current_only_v2_current_only_v2_s12,/root/FLAC-Safe-star-v2/results/star_v2_final/core_100k/SafetyPointButton1-v0/current_only_v2/starv2_core_100k_SafetyPointButton1_v0_selected_current_only_v2_current_only_v2_s12,core_100k,SafetyPointButton1-v0,current_only_v2,12,core_100k,selected_current_only_v2,star_v2,57543f8eb582dda6e4a1c5e101d0dfbb4faf2f43,100000,100000,True,True,/root/FLAC-Safe-star-v2/results/star_v2_final/core_100k/SafetyPointButton1-v0/current_only_v2/starv2_core_100k_SafetyPointButton1_v0_selected_current_only_v2_current_only_v2_s12/checkpoint/final.torch,,19.782461474867866,94.0,23.105955534317207,186.5,12782.0,0.12782,19,10,20.991169301731713,108.9,0.1089,0.2,0,nan,nan,nan,nan
starv2_core_100k_SafetyPointButton1_v0_selected_pointwise_v2_pointwise_v2_s10,/root/FLAC-Safe-star-v2/results/star_v2_final/core_100k/SafetyPointButton1-v0/pointwise_v2/starv2_core_100k_SafetyPointButton1_v0_selected_pointwise_v2_pointwise_v2_s10,core_100k,SafetyPointButton1-v0,pointwise_v2,10,core_100k,selected_pointwise_v2,star_v2,57543f8eb582dda6e4a1c5e101d0dfbb4faf2f43,100000,100000,True,True,/root/FLAC-Safe-star-v2/results/star_v2_final/core_100k/SafetyPointButton1-v0/pointwise_v2/starv2_core_100k_SafetyPointButton1_v0_selected_pointwise_v2_pointwise_v2_s10/checkpoint/final.torch,,9.66046450996064,253.0,21.87740268342642,144.8,12987.0,0.12987,19,10,21.877293037156793,170.1,0.17010000000000003,0.0,0,nan,nan,nan,nan
starv2_core_100k_SafetyPointButton1_v0_selected_pointwise_v2_pointwise_v2_s11,/root/FLAC-Safe-star-v2/results/star_v2_final/core_100k/SafetyPointButton1-v0/pointwise_v2/starv2_core_100k_SafetyPointButton1_v0_selected_pointwise_v2_pointwise_v2_s11,core_100k,SafetyPointButton1-v0,pointwise_v2,11,core_100k,selected_pointwise_v2,star_v2,57543f8eb582dda6e4a1c5e101d0dfbb4faf2f43,100000,100000,True,True,/root/FLAC-Safe-star-v2/results/star_v2_final/core_100k/SafetyPointButton1-v0/pointwise_v2/starv2_core_100k_SafetyPointButton1_v0_selected_pointwise_v2_pointwise_v2_s11/checkpoint/final.torch,,19.383891901008397,312.0,19.54109767184126,132.6,10449.0,0.10449,19,10,16.87801064442285,125.4,0.1254,0.2,0,nan,nan,nan,nan
starv2_core_100k_SafetyPointButton1_v0_selected_pointwise_v2_pointwise_v2_s12,/root/FLAC-Safe-star-v2/results/star_v2_final/core_100k/SafetyPointButton1-v0/pointwise_v2/starv2_core_100k_SafetyPointButton1_v0_selected_pointwise_v2_pointwise_v2_s12,core_100k,SafetyPointButton1-v0,pointwise_v2,12,core_100k,selected_pointwise_v2,star_v2,57543f8eb582dda6e4a1c5e101d0dfbb4faf2f43,100000,100000,True,True,/root/FLAC-Safe-star-v2/results/star_v2_final/core_100k/SafetyPointButton1-v0/pointwise_v2/starv2_core_100k_SafetyPointButton1_v0_selected_pointwise_v2_pointwise_v2_s12/checkpoint/final.torch,,9.282556561392049,51.0,20.84790547800158,142.5,12512.0,0.12512,19,10,23.88109987717972,131.5,0.13149999999999998,0.1,0,nan,nan,nan,nan
starv2_core_100k_SafetyPointButton1_v0_selected_sac_lag_sac_lag_s10,/root/FLAC-Safe-star-v2/results/star_v2_final/core_100k/SafetyPointButton1-v0/sac_lag/starv2_core_100k_SafetyPointButton1_v0_selected_sac_lag_sac_lag_s10,core_100k,SafetyPointButton1-v0,sac_lag,10,core_100k,selected_sac_lag,star_v2,57543f8eb582dda6e4a1c5e101d0dfbb4faf2f43,100000,100000,True,True,/root/FLAC-Safe-star-v2/results/star_v2_final/core_100k/SafetyPointButton1-v0/sac_lag/starv2_core_100k_SafetyPointButton1_v0_selected_sac_lag_sac_lag_s10/checkpoint/final.torch,,17.82370317087326,89.0,18.93163032291141,143.7,11830.0,0.1183,19,10,16.08949240347553,130.4,0.1304,0.0,0,nan,nan,nan,nan
starv2_core_100k_SafetyPointButton1_v0_selected_sac_lag_sac_lag_s11,/root/FLAC-Safe-star-v2/results/star_v2_final/core_100k/SafetyPointButton1-v0/sac_lag/starv2_core_100k_SafetyPointButton1_v0_selected_sac_lag_sac_lag_s11,core_100k,SafetyPointButton1-v0,sac_lag,11,core_100k,selected_sac_lag,star_v2,57543f8eb582dda6e4a1c5e101d0dfbb4faf2f43,100000,100000,True,True,/root/FLAC-Safe-star-v2/results/star_v2_final/core_100k/SafetyPointButton1-v0/sac_lag/starv2_core_100k_SafetyPointButton1_v0_selected_sac_lag_sac_lag_s11/checkpoint/final.torch,,4.567738317945009,150.0,7.538445266739503,135.3,12547.0,0.12547,19,10,8.411768009872926,144.3,0.1443,0.1,0,nan,nan,nan,nan
starv2_core_100k_SafetyPointButton1_v0_selected_sac_lag_sac_lag_s12,/root/FLAC-Safe-star-v2/results/star_v2_final/core_100k/SafetyPointButton1-v0/sac_lag/starv2_core_100k_SafetyPointButton1_v0_selected_sac_lag_sac_lag_s12,core_100k,SafetyPointButton1-v0,sac_lag,12,core_100k,selected_sac_lag,star_v2,57543f8eb582dda6e4a1c5e101d0dfbb4faf2f43,100000,100000,True,True,/root/FLAC-Safe-star-v2/results/star_v2_final/core_100k/SafetyPointButton1-v0/sac_lag/starv2_core_100k_SafetyPointButton1_v0_selected_sac_lag_sac_lag_s12/checkpoint/final.torch,,23.348308676220572,178.0,20.782753844430474,121.0,12681.0,0.12681,19,10,14.31640346332848,209.4,0.20940000000000003,0.0,0,nan,nan,nan,nan
starv2_core_100k_SafetyPointButton1_v0_selected_star_v2_star_v2_s10,/root/FLAC-Safe-star-v2/results/star_v2_final/core_100k/SafetyPointButton1-v0/star_v2/starv2_core_100k_SafetyPointButton1_v0_selected_star_v2_star_v2_s10,core_100k,SafetyPointButton1-v0,star_v2,10,core_100k,selected_star_v2,star_v2,57543f8eb582dda6e4a1c5e101d0dfbb4faf2f43,100000,100000,True,True,/root/FLAC-Safe-star-v2/results/star_v2_final/core_100k/SafetyPointButton1-v0/star_v2/starv2_core_100k_SafetyPointButton1_v0_selected_star_v2_star_v2_s10/checkpoint/final.torch,,12.70469304852216,100.0,13.509344344968852,105.4,12201.0,0.12201,19,10,9.524309376854124,106.2,0.1062,0.3,0,nan,nan,nan,nan
starv2_core_100k_SafetyPointButton1_v0_selected_star_v2_star_v2_s11,/root/FLAC-Safe-star-v2/results/star_v2_final/core_100k/SafetyPointButton1-v0/star_v2/starv2_core_100k_SafetyPointButton1_v0_selected_star_v2_star_v2_s11,core_100k,SafetyPointButton1-v0,star_v2,11,core_100k,selected_star_v2,star_v2,57543f8eb582dda6e4a1c5e101d0dfbb4faf2f43,100000,100000,True,True,/root/FLAC-Safe-star-v2/results/star_v2_final/core_100k/SafetyPointButton1-v0/star_v2/starv2_core_100k_SafetyPointButton1_v0_selected_star_v2_star_v2_s11/checkpoint/final.torch,,24.63603394276014,154.0,21.253132898340123,150.2,13656.0,0.13656,19,10,19.29786366352626,142.4,0.1424,0.0,0,nan,nan,nan,nan
starv2_core_100k_SafetyPointButton1_v0_selected_star_v2_star_v2_s12,/root/FLAC-Safe-star-v2/results/star_v2_final/core_100k/SafetyPointButton1-v0/star_v2/starv2_core_100k_SafetyPointButton1_v0_selected_star_v2_star_v2_s12,core_100k,SafetyPointButton1-v0,star_v2,12,core_100k,selected_star_v2,star_v2,57543f8eb582dda6e4a1c5e101d0dfbb4faf2f43,100000,100000,True,True,/root/FLAC-Safe-star-v2/results/star_v2_final/core_100k/SafetyPointButton1-v0/star_v2/starv2_core_100k_SafetyPointButton1_v0_selected_star_v2_star_v2_s12/checkpoint/final.torch,,6.30591734804696,569.0,21.33283479507545,155.7,14283.0,0.14283,19,10,22.140392460436534,118.6,0.1186,0.3,0,nan,nan,nan,nan
starv2_core_100k_SafetyPointGoal1_v0_selected_current_only_v2_current_only_v2_s10,/root/FLAC-Safe-star-v2/results/star_v2_final/core_100k/SafetyPointGoal1-v0/current_only_v2/starv2_core_100k_SafetyPointGoal1_v0_selected_current_only_v2_current_only_v2_s10,core_100k,SafetyPointGoal1-v0,current_only_v2,10,core_100k,selected_current_only_v2,star_v2,57543f8eb582dda6e4a1c5e101d0dfbb4faf2f43,100000,100000,True,True,/root/FLAC-Safe-star-v2/results/star_v2_final/core_100k/SafetyPointGoal1-v0/current_only_v2/starv2_core_100k_SafetyPointGoal1_v0_selected_current_only_v2_current_only_v2_s10/checkpoint/final.torch,,26.599577644228518,75.0,25.274320946701305,46.5,7283.0,0.07283,19,10,25.25228972236661,58.5,0.058499999999999996,0.2,0,nan,nan,nan,nan
starv2_core_100k_SafetyPointGoal1_v0_selected_current_only_v2_current_only_v2_s11,/root/FLAC-Safe-star-v2/results/star_v2_final/core_100k/SafetyPointGoal1-v0/current_only_v2/starv2_core_100k_SafetyPointGoal1_v0_selected_current_only_v2_current_only_v2_s11,core_100k,SafetyPointGoal1-v0,current_only_v2,11,core_100k,selected_current_only_v2,star_v2,57543f8eb582dda6e4a1c5e101d0dfbb4faf2f43,100000,100000,True,True,/root/FLAC-Safe-star-v2/results/star_v2_final/core_100k/SafetyPointGoal1-v0/current_only_v2/starv2_core_100k_SafetyPointGoal1_v0_selected_current_only_v2_current_only_v2_s11/checkpoint/final.torch,,25.44006210106319,71.0,25.45430918535872,80.9,6679.0,0.06679,19,10,25.683090220621004,44.1,0.04410000000000001,0.2,0,nan,nan,nan,nan
starv2_core_100k_SafetyPointGoal1_v0_selected_current_only_v2_current_only_v2_s12,/root/FLAC-Safe-star-v2/results/star_v2_final/core_100k/SafetyPointGoal1-v0/current_only_v2/starv2_core_100k_SafetyPointGoal1_v0_selected_current_only_v2_current_only_v2_s12,core_100k,SafetyPointGoal1-v0,current_only_v2,12,core_100k,selected_current_only_v2,star_v2,57543f8eb582dda6e4a1c5e101d0dfbb4faf2f43,100000,100000,True,True,/root/FLAC-Safe-star-v2/results/star_v2_final/core_100k/SafetyPointGoal1-v0/current_only_v2/starv2_core_100k_SafetyPointGoal1_v0_selected_current_only_v2_current_only_v2_s12/checkpoint/final.torch,,24.897191042710304,30.0,25.72519381015178,42.1,6543.0,0.06543,19,10,26.293861074817574,44.8,0.04479999999999999,0.2,0,nan,nan,nan,nan
starv2_core_100k_SafetyPointGoal1_v0_selected_pointwise_v2_pointwise_v2_s10,/root/FLAC-Safe-star-v2/results/star_v2_final/core_100k/SafetyPointGoal1-v0/pointwise_v2/starv2_core_100k_SafetyPointGoal1_v0_selected_pointwise_v2_pointwise_v2_s10,core_100k,SafetyPointGoal1-v0,pointwise_v2,10,core_100k,selected_pointwise_v2,star_v2,57543f8eb582dda6e4a1c5e101d0dfbb4faf2f43,100000,100000,True,True,/root/FLAC-Safe-star-v2/results/star_v2_final/core_100k/SafetyPointGoal1-v0/pointwise_v2/starv2_core_100k_SafetyPointGoal1_v0_selected_pointwise_v2_pointwise_v2_s10/checkpoint/final.torch,,27.56947876361262,38.0,24.94956520951307,56.8,8623.0,0.08623,19,10,24.360247267884606,35.7,0.035699999999999996,0.5,0,nan,nan,nan,nan
starv2_core_100k_SafetyPointGoal1_v0_selected_pointwise_v2_pointwise_v2_s11,/root/FLAC-Safe-star-v2/results/star_v2_final/core_100k/SafetyPointGoal1-v0/pointwise_v2/starv2_core_100k_SafetyPointGoal1_v0_selected_pointwise_v2_pointwise_v2_s11,core_100k,SafetyPointGoal1-v0,pointwise_v2,11,core_100k,selected_pointwise_v2,star_v2,57543f8eb582dda6e4a1c5e101d0dfbb4faf2f43,100000,100000,True,True,/root/FLAC-Safe-star-v2/results/star_v2_final/core_100k/SafetyPointGoal1-v0/pointwise_v2/starv2_core_100k_SafetyPointGoal1_v0_selected_pointwise_v2_pointwise_v2_s11/checkpoint/final.torch,,26.07166905353122,23.0,25.958439811522062,43.3,6464.0,0.06464,19,10,26.487397663574278,58.8,0.0588,0.3,0,nan,nan,nan,nan
starv2_core_100k_SafetyPointGoal1_v0_selected_pointwise_v2_pointwise_v2_s12,/root/FLAC-Safe-star-v2/results/star_v2_final/core_100k/SafetyPointGoal1-v0/pointwise_v2/starv2_core_100k_SafetyPointGoal1_v0_selected_pointwise_v2_pointwise_v2_s12,core_100k,SafetyPointGoal1-v0,pointwise_v2,12,core_100k,selected_pointwise_v2,star_v2,57543f8eb582dda6e4a1c5e101d0dfbb4faf2f43,100000,100000,True,True,/root/FLAC-Safe-star-v2/results/star_v2_final/core_100k/SafetyPointGoal1-v0/pointwise_v2/starv2_core_100k_SafetyPointGoal1_v0_selected_pointwise_v2_pointwise_v2_s12/checkpoint/final.torch,,28.427995051385842,31.0,26.427948066536647,47.3,6671.0,0.06671,19,10,26.199901361672538,58.7,0.05870000000000001,0.3,0,nan,nan,nan,nan
starv2_core_100k_SafetyPointGoal1_v0_selected_sac_lag_sac_lag_s10,/root/FLAC-Safe-star-v2/results/star_v2_final/core_100k/SafetyPointGoal1-v0/sac_lag/starv2_core_100k_SafetyPointGoal1_v0_selected_sac_lag_sac_lag_s10,core_100k,SafetyPointGoal1-v0,sac_lag,10,core_100k,selected_sac_lag,star_v2,57543f8eb582dda6e4a1c5e101d0dfbb4faf2f43,100000,100000,True,True,/root/FLAC-Safe-star-v2/results/star_v2_final/core_100k/SafetyPointGoal1-v0/sac_lag/starv2_core_100k_SafetyPointGoal1_v0_selected_sac_lag_sac_lag_s10/checkpoint/final.torch,,26.531871086264072,54.0,25.505431928693117,54.3,6673.0,0.06673,19,10,26.41280963781917,52.4,0.05239999999999999,0.2,0,nan,nan,nan,nan
starv2_core_100k_SafetyPointGoal1_v0_selected_sac_lag_sac_lag_s11,/root/FLAC-Safe-star-v2/results/star_v2_final/core_100k/SafetyPointGoal1-v0/sac_lag/starv2_core_100k_SafetyPointGoal1_v0_selected_sac_lag_sac_lag_s11,core_100k,SafetyPointGoal1-v0,sac_lag,11,core_100k,selected_sac_lag,star_v2,57543f8eb582dda6e4a1c5e101d0dfbb4faf2f43,100000,100000,True,True,/root/FLAC-Safe-star-v2/results/star_v2_final/core_100k/SafetyPointGoal1-v0/sac_lag/starv2_core_100k_SafetyPointGoal1_v0_selected_sac_lag_sac_lag_s11/checkpoint/final.torch,,25.315663361803043,59.0,25.249415807613463,54.9,6023.0,0.06023,19,10,25.767110238723156,55.5,0.05550000000000001,0.2,0,nan,nan,nan,nan
starv2_core_100k_SafetyPointGoal1_v0_selected_sac_lag_sac_lag_s12,/root/FLAC-Safe-star-v2/results/star_v2_final/core_100k/SafetyPointGoal1-v0/sac_lag/starv2_core_100k_SafetyPointGoal1_v0_selected_sac_lag_sac_lag_s12,core_100k,SafetyPointGoal1-v0,sac_lag,12,core_100k,selected_sac_lag,star_v2,57543f8eb582dda6e4a1c5e101d0dfbb4faf2f43,100000,100000,True,True,/root/FLAC-Safe-star-v2/results/star_v2_final/core_100k/SafetyPointGoal1-v0/sac_lag/starv2_core_100k_SafetyPointGoal1_v0_selected_sac_lag_sac_lag_s12/checkpoint/final.torch,,23.102546945315158,65.0,25.18075638007986,49.1,5606.0,0.05606,19,10,25.93578502621756,38.7,0.038700000000000005,0.3,0,nan,nan,nan,nan
starv2_core_100k_SafetyPointGoal1_v0_selected_star_v2_star_v2_s10,/root/FLAC-Safe-star-v2/results/star_v2_final/core_100k/SafetyPointGoal1-v0/star_v2/starv2_core_100k_SafetyPointGoal1_v0_selected_star_v2_star_v2_s10,core_100k,SafetyPointGoal1-v0,star_v2,10,core_100k,selected_star_v2,star_v2,57543f8eb582dda6e4a1c5e101d0dfbb4faf2f43,100000,100000,True,True,/root/FLAC-Safe-star-v2/results/star_v2_final/core_100k/SafetyPointGoal1-v0/star_v2/starv2_core_100k_SafetyPointGoal1_v0_selected_star_v2_star_v2_s10/checkpoint/final.torch,,26.29374399307725,13.0,26.5555723097804,63.8,6926.0,0.06926,19,10,26.72256899953438,53.7,0.053700000000000005,0.2,0,nan,nan,nan,nan
starv2_core_100k_SafetyPointGoal1_v0_selected_star_v2_star_v2_s11,/root/FLAC-Safe-star-v2/results/star_v2_final/core_100k/SafetyPointGoal1-v0/star_v2/starv2_core_100k_SafetyPointGoal1_v0_selected_star_v2_star_v2_s11,core_100k,SafetyPointGoal1-v0,star_v2,11,core_100k,selected_star_v2,star_v2,57543f8eb582dda6e4a1c5e101d0dfbb4faf2f43,100000,100000,True,True,/root/FLAC-Safe-star-v2/results/star_v2_final/core_100k/SafetyPointGoal1-v0/star_v2/starv2_core_100k_SafetyPointGoal1_v0_selected_star_v2_star_v2_s11/checkpoint/final.torch,,26.335927530442287,0.0,25.869024032514186,56.3,6470.0,0.0647,19,10,27.483756641212096,33.9,0.0339,0.4,0,nan,nan,nan,nan
starv2_core_100k_SafetyPointGoal1_v0_selected_star_v2_star_v2_s12,/root/FLAC-Safe-star-v2/results/star_v2_final/core_100k/SafetyPointGoal1-v0/star_v2/starv2_core_100k_SafetyPointGoal1_v0_selected_star_v2_star_v2_s12,core_100k,SafetyPointGoal1-v0,star_v2,12,core_100k,selected_star_v2,star_v2,57543f8eb582dda6e4a1c5e101d0dfbb4faf2f43,100000,100000,True,True,/root/FLAC-Safe-star-v2/results/star_v2_final/core_100k/SafetyPointGoal1-v0/star_v2/starv2_core_100k_SafetyPointGoal1_v0_selected_star_v2_star_v2_s12/checkpoint/final.torch,,26.11720265647515,47.0,25.53120538375265,53.0,7068.0,0.07068,19,10,26.438270379820665,41.1,0.0411,0.3,0,nan,nan,nan,nan
starv2_core_100k_SafetyCarButton1_v0_selected_current_only_v2_current_only_v2_s10,/root/FLAC-Safe-star-v2/results/star_v2_final/resume_300k/SafetyCarButton1-v0/current_only_v2/starv2_core_100k_SafetyCarButton1_v0_selected_current_only_v2_current_only_v2_s10,resume_300k,SafetyCarButton1-v0,current_only_v2,10,resume_300k,selected_current_only_v2,star_v2,9317416f8f25da31b7135cbb5de0a3a44f4a7fd6,300000,300000,True,True,/root/FLAC-Safe-star-v2/results/star_v2_final/resume_300k/SafetyCarButton1-v0/current_only_v2/starv2_core_100k_SafetyCarButton1_v0_selected_current_only_v2_current_only_v2_s10/checkpoint/final.torch,missing_log,31.403270250798304,182.0,21.7095776422538,245.2,75451.0,0.25150333333333336,40,40,16.8457518618538,262.25,0.26225,0.0,0,nan,nan,nan,nan
starv2_core_100k_SafetyCarButton1_v0_selected_current_only_v2_current_only_v2_s11,/root/FLAC-Safe-star-v2/results/star_v2_final/resume_300k/SafetyCarButton1-v0/current_only_v2/starv2_core_100k_SafetyCarButton1_v0_selected_current_only_v2_current_only_v2_s11,resume_300k,SafetyCarButton1-v0,current_only_v2,11,resume_300k,selected_current_only_v2,star_v2,9317416f8f25da31b7135cbb5de0a3a44f4a7fd6,300000,300000,True,True,/root/FLAC-Safe-star-v2/results/star_v2_final/resume_300k/SafetyCarButton1-v0/current_only_v2/starv2_core_100k_SafetyCarButton1_v0_selected_current_only_v2_current_only_v2_s11/checkpoint/final.torch,missing_log,25.26768154125222,292.0,19.36866294749649,207.1,77057.0,0.2568566666666667,40,40,19.086581825463988,288.4,0.28840000000000005,0.0,0,nan,nan,nan,nan
starv2_core_100k_SafetyCarButton1_v0_selected_current_only_v2_current_only_v2_s12,/root/FLAC-Safe-star-v2/results/star_v2_final/resume_300k/SafetyCarButton1-v0/current_only_v2/starv2_core_100k_SafetyCarButton1_v0_selected_current_only_v2_current_only_v2_s12,resume_300k,SafetyCarButton1-v0,current_only_v2,12,resume_300k,selected_current_only_v2,star_v2,9317416f8f25da31b7135cbb5de0a3a44f4a7fd6,300000,300000,True,True,/root/FLAC-Safe-star-v2/results/star_v2_final/resume_300k/SafetyCarButton1-v0/current_only_v2/starv2_core_100k_SafetyCarButton1_v0_selected_current_only_v2_current_only_v2_s12/checkpoint/final.torch,missing_log,32.54618356112644,420.0,22.038220669005455,243.2,76342.0,0.25447333333333333,40,40,16.868869181734183,326.15,0.32615000000000005,0.0,0,nan,nan,nan,nan
starv2_resume_300k_SafetyCarButton1_v0_selected_current_only_v2_current_only_v2_s13,/root/FLAC-Safe-star-v2/results/star_v2_final/resume_300k/SafetyCarButton1-v0/current_only_v2/starv2_resume_300k_SafetyCarButton1_v0_selected_current_only_v2_current_only_v2_s13,resume_300k,SafetyCarButton1-v0,current_only_v2,13,resume_300k,selected_current_only_v2,star_v2,9317416f8f25da31b7135cbb5de0a3a44f4a7fd6,300000,300000,True,True,/root/FLAC-Safe-star-v2/results/star_v2_final/resume_300k/SafetyCarButton1-v0/current_only_v2/starv2_resume_300k_SafetyCarButton1_v0_selected_current_only_v2_current_only_v2_s13/checkpoint/final.torch,,18.63377188553921,221.0,25.490722422175544,218.4,78447.0,0.26149,59,40,19.098011305118696,334.35,0.33435000000000004,0.0,0,nan,nan,nan,nan
starv2_resume_300k_SafetyCarButton1_v0_selected_current_only_v2_current_only_v2_s14,/root/FLAC-Safe-star-v2/results/star_v2_final/resume_300k/SafetyCarButton1-v0/current_only_v2/starv2_resume_300k_SafetyCarButton1_v0_selected_current_only_v2_current_only_v2_s14,resume_300k,SafetyCarButton1-v0,current_only_v2,14,resume_300k,selected_current_only_v2,star_v2,9317416f8f25da31b7135cbb5de0a3a44f4a7fd6,300000,300000,True,True,/root/FLAC-Safe-star-v2/results/star_v2_final/resume_300k/SafetyCarButton1-v0/current_only_v2/starv2_resume_300k_SafetyCarButton1_v0_selected_current_only_v2_current_only_v2_s14/checkpoint/final.torch,,12.635181505190102,307.0,19.64897997088898,273.3,75250.0,0.25083333333333335,59,40,19.775710253590628,305.2,0.3052,0.0,0,nan,nan,nan,nan
starv2_core_100k_SafetyCarButton1_v0_selected_pointwise_v2_pointwise_v2_s10,/root/FLAC-Safe-star-v2/results/star_v2_final/resume_300k/SafetyCarButton1-v0/pointwise_v2/starv2_core_100k_SafetyCarButton1_v0_selected_pointwise_v2_pointwise_v2_s10,resume_300k,SafetyCarButton1-v0,pointwise_v2,10,resume_300k,selected_pointwise_v2,star_v2,9317416f8f25da31b7135cbb5de0a3a44f4a7fd6,300000,300000,True,True,/root/FLAC-Safe-star-v2/results/star_v2_final/resume_300k/SafetyCarButton1-v0/pointwise_v2/starv2_core_100k_SafetyCarButton1_v0_selected_pointwise_v2_pointwise_v2_s10/checkpoint/final.torch,missing_log,9.930280303199334,475.0,15.734705276203462,198.8,74119.0,0.24706333333333333,40,40,18.651425239411886,313.7,0.3137000000000001,0.05,0,nan,nan,nan,nan
starv2_core_100k_SafetyCarButton1_v0_selected_pointwise_v2_pointwise_v2_s11,/root/FLAC-Safe-star-v2/results/star_v2_final/resume_300k/SafetyCarButton1-v0/pointwise_v2/starv2_core_100k_SafetyCarButton1_v0_selected_pointwise_v2_pointwise_v2_s11,resume_300k,SafetyCarButton1-v0,pointwise_v2,11,resume_300k,selected_pointwise_v2,star_v2,9317416f8f25da31b7135cbb5de0a3a44f4a7fd6,300000,300000,True,True,/root/FLAC-Safe-star-v2/results/star_v2_final/resume_300k/SafetyCarButton1-v0/pointwise_v2/starv2_core_100k_SafetyCarButton1_v0_selected_pointwise_v2_pointwise_v2_s11/checkpoint/final.torch,missing_log,28.692835474817024,42.0,21.533878839622126,186.9,71417.0,0.23805666666666667,40,40,18.581319002574272,276.55,0.27655,0.0,0,nan,nan,nan,nan
starv2_core_100k_SafetyCarButton1_v0_selected_pointwise_v2_pointwise_v2_s12,/root/FLAC-Safe-star-v2/results/star_v2_final/resume_300k/SafetyCarButton1-v0/pointwise_v2/starv2_core_100k_SafetyCarButton1_v0_selected_pointwise_v2_pointwise_v2_s12,resume_300k,SafetyCarButton1-v0,pointwise_v2,12,resume_300k,selected_pointwise_v2,star_v2,9317416f8f25da31b7135cbb5de0a3a44f4a7fd6,300000,300000,True,True,/root/FLAC-Safe-star-v2/results/star_v2_final/resume_300k/SafetyCarButton1-v0/pointwise_v2/starv2_core_100k_SafetyCarButton1_v0_selected_pointwise_v2_pointwise_v2_s12/checkpoint/final.torch,missing_log,6.881981881231428,273.0,18.393539832242073,203.7,66379.0,0.22126333333333334,40,40,20.188370560769425,254.05,0.2540499999999999,0.0,0,nan,nan,nan,nan
starv2_resume_300k_SafetyCarButton1_v0_selected_pointwise_v2_pointwise_v2_s13,/root/FLAC-Safe-star-v2/results/star_v2_final/resume_300k/SafetyCarButton1-v0/pointwise_v2/starv2_resume_300k_SafetyCarButton1_v0_selected_pointwise_v2_pointwise_v2_s13,resume_300k,SafetyCarButton1-v0,pointwise_v2,13,resume_300k,selected_pointwise_v2,star_v2,9317416f8f25da31b7135cbb5de0a3a44f4a7fd6,300000,300000,True,True,/root/FLAC-Safe-star-v2/results/star_v2_final/resume_300k/SafetyCarButton1-v0/pointwise_v2/starv2_resume_300k_SafetyCarButton1_v0_selected_pointwise_v2_pointwise_v2_s13/checkpoint/final.torch,,25.075113211320748,321.0,21.416287982313214,202.9,70827.0,0.23609,59,40,20.19234222916331,317.85,0.31785,0.0,0,nan,nan,nan,nan
starv2_resume_300k_SafetyCarButton1_v0_selected_pointwise_v2_pointwise_v2_s14,/root/FLAC-Safe-star-v2/results/star_v2_final/resume_300k/SafetyCarButton1-v0/pointwise_v2/starv2_resume_300k_SafetyCarButton1_v0_selected_pointwise_v2_pointwise_v2_s14,resume_300k,SafetyCarButton1-v0,pointwise_v2,14,resume_300k,selected_pointwise_v2,star_v2,9317416f8f25da31b7135cbb5de0a3a44f4a7fd6,300000,300000,True,True,/root/FLAC-Safe-star-v2/results/star_v2_final/resume_300k/SafetyCarButton1-v0/pointwise_v2/starv2_resume_300k_SafetyCarButton1_v0_selected_pointwise_v2_pointwise_v2_s14/checkpoint/final.torch,,26.542422810467,82.0,20.420600698292645,251.2,72208.0,0.24069333333333334,59,40,16.4691670321603,334.9,0.33490000000000003,0.0,0,nan,nan,nan,nan
starv2_core_100k_SafetyCarButton1_v0_selected_sac_lag_sac_lag_s10,/root/FLAC-Safe-star-v2/results/star_v2_final/resume_300k/SafetyCarButton1-v0/sac_lag/starv2_core_100k_SafetyCarButton1_v0_selected_sac_lag_sac_lag_s10,resume_300k,SafetyCarButton1-v0,sac_lag,10,resume_300k,selected_sac_lag,star_v2,9317416f8f25da31b7135cbb5de0a3a44f4a7fd6,300000,300000,True,True,/root/FLAC-Safe-star-v2/results/star_v2_final/resume_300k/SafetyCarButton1-v0/sac_lag/starv2_core_100k_SafetyCarButton1_v0_selected_sac_lag_sac_lag_s10/checkpoint/final.torch,missing_log,8.656277553754752,116.0,5.834569648182226,127.6,60706.0,0.20235333333333333,40,40,6.294199516105442,222.5,0.22250000000000006,0.15,0,nan,nan,nan,nan
starv2_core_100k_SafetyCarButton1_v0_selected_sac_lag_sac_lag_s11,/root/FLAC-Safe-star-v2/results/star_v2_final/resume_300k/SafetyCarButton1-v0/sac_lag/starv2_core_100k_SafetyCarButton1_v0_selected_sac_lag_sac_lag_s11,resume_300k,SafetyCarButton1-v0,sac_lag,11,resume_300k,selected_sac_lag,star_v2,9317416f8f25da31b7135cbb5de0a3a44f4a7fd6,300000,300000,True,True,/root/FLAC-Safe-star-v2/results/star_v2_final/resume_300k/SafetyCarButton1-v0/sac_lag/starv2_core_100k_SafetyCarButton1_v0_selected_sac_lag_sac_lag_s11/checkpoint/final.torch,missing_log,14.700446676802787,208.0,11.853425767432203,183.3,64595.0,0.21531666666666666,40,40,7.660435474622169,169.0,0.16900000000000004,0.15,0,nan,nan,nan,nan
starv2_core_100k_SafetyCarButton1_v0_selected_sac_lag_sac_lag_s12,/root/FLAC-Safe-star-v2/results/star_v2_final/resume_300k/SafetyCarButton1-v0/sac_lag/starv2_core_100k_SafetyCarButton1_v0_selected_sac_lag_sac_lag_s12,resume_300k,SafetyCarButton1-v0,sac_lag,12,resume_300k,selected_sac_lag,star_v2,9317416f8f25da31b7135cbb5de0a3a44f4a7fd6,300000,300000,True,True,/root/FLAC-Safe-star-v2/results/star_v2_final/resume_300k/SafetyCarButton1-v0/sac_lag/starv2_core_100k_SafetyCarButton1_v0_selected_sac_lag_sac_lag_s12/checkpoint/final.torch,missing_log,9.713135119319258,75.0,7.801845728001444,253.0,61389.0,0.20463,40,40,10.744335057493995,207.35,0.20734999999999998,0.0,0,nan,nan,nan,nan
starv2_resume_300k_SafetyCarButton1_v0_selected_sac_lag_sac_lag_s13,/root/FLAC-Safe-star-v2/results/star_v2_final/resume_300k/SafetyCarButton1-v0/sac_lag/starv2_resume_300k_SafetyCarButton1_v0_selected_sac_lag_sac_lag_s13,resume_300k,SafetyCarButton1-v0,sac_lag,13,resume_300k,selected_sac_lag,star_v2,9317416f8f25da31b7135cbb5de0a3a44f4a7fd6,300000,300000,True,True,/root/FLAC-Safe-star-v2/results/star_v2_final/resume_300k/SafetyCarButton1-v0/sac_lag/starv2_resume_300k_SafetyCarButton1_v0_selected_sac_lag_sac_lag_s13/checkpoint/final.torch,,15.710175596398061,202.0,9.484177057560368,235.8,63235.0,0.21078333333333332,59,40,12.348589858552817,219.9,0.21990000000000004,0.0,0,nan,nan,nan,nan
starv2_resume_300k_SafetyCarButton1_v0_selected_sac_lag_sac_lag_s14,/root/FLAC-Safe-star-v2/results/star_v2_final/resume_300k/SafetyCarButton1-v0/sac_lag/starv2_resume_300k_SafetyCarButton1_v0_selected_sac_lag_sac_lag_s14,resume_300k,SafetyCarButton1-v0,sac_lag,14,resume_300k,selected_sac_lag,star_v2,9317416f8f25da31b7135cbb5de0a3a44f4a7fd6,300000,300000,True,True,/root/FLAC-Safe-star-v2/results/star_v2_final/resume_300k/SafetyCarButton1-v0/sac_lag/starv2_resume_300k_SafetyCarButton1_v0_selected_sac_lag_sac_lag_s14/checkpoint/final.torch,,5.172637595105359,214.0,4.017385040653579,146.3,57527.0,0.19175666666666666,59,40,7.924839764238091,197.1,0.19709999999999997,0.0,0,nan,nan,nan,nan
starv2_core_100k_SafetyCarButton1_v0_selected_star_v2_star_v2_s10,/root/FLAC-Safe-star-v2/results/star_v2_final/resume_300k/SafetyCarButton1-v0/star_v2/starv2_core_100k_SafetyCarButton1_v0_selected_star_v2_star_v2_s10,resume_300k,SafetyCarButton1-v0,star_v2,10,resume_300k,selected_star_v2,star_v2,9317416f8f25da31b7135cbb5de0a3a44f4a7fd6,300000,300000,True,True,/root/FLAC-Safe-star-v2/results/star_v2_final/resume_300k/SafetyCarButton1-v0/star_v2/starv2_core_100k_SafetyCarButton1_v0_selected_star_v2_star_v2_s10/checkpoint/final.torch,missing_log,18.883690704030165,226.0,18.108597522616172,277.4,76717.0,0.25572333333333336,40,40,16.720091894046057,289.15,0.2891499999999999,0.0,0,nan,nan,nan,nan
starv2_core_100k_SafetyCarButton1_v0_selected_star_v2_star_v2_s11,/root/FLAC-Safe-star-v2/results/star_v2_final/resume_300k/SafetyCarButton1-v0/star_v2/starv2_core_100k_SafetyCarButton1_v0_selected_star_v2_star_v2_s11,resume_300k,SafetyCarButton1-v0,star_v2,11,resume_300k,selected_star_v2,star_v2,9317416f8f25da31b7135cbb5de0a3a44f4a7fd6,300000,300000,True,True,/root/FLAC-Safe-star-v2/results/star_v2_final/resume_300k/SafetyCarButton1-v0/star_v2/starv2_core_100k_SafetyCarButton1_v0_selected_star_v2_star_v2_s11/checkpoint/final.torch,missing_log,35.02350060037655,126.0,20.845273526027615,261.8,75879.0,0.25293,40,40,18.73733065332933,281.25,0.28124999999999994,0.0,0,nan,nan,nan,nan
starv2_core_100k_SafetyCarButton1_v0_selected_star_v2_star_v2_s12,/root/FLAC-Safe-star-v2/results/star_v2_final/resume_300k/SafetyCarButton1-v0/star_v2/starv2_core_100k_SafetyCarButton1_v0_selected_star_v2_star_v2_s12,resume_300k,SafetyCarButton1-v0,star_v2,12,resume_300k,selected_star_v2,star_v2,9317416f8f25da31b7135cbb5de0a3a44f4a7fd6,300000,300000,True,True,/root/FLAC-Safe-star-v2/results/star_v2_final/resume_300k/SafetyCarButton1-v0/star_v2/starv2_core_100k_SafetyCarButton1_v0_selected_star_v2_star_v2_s12/checkpoint/final.torch,missing_log,28.451052409944648,204.0,18.764000682819315,242.8,77139.0,0.25713,40,40,20.46388913814065,233.05,0.23304999999999998,0.0,0,nan,nan,nan,nan
starv2_resume_300k_SafetyCarButton1_v0_selected_star_v2_star_v2_s13,/root/FLAC-Safe-star-v2/results/star_v2_final/resume_300k/SafetyCarButton1-v0/star_v2/starv2_resume_300k_SafetyCarButton1_v0_selected_star_v2_star_v2_s13,resume_300k,SafetyCarButton1-v0,star_v2,13,resume_300k,selected_star_v2,star_v2,9317416f8f25da31b7135cbb5de0a3a44f4a7fd6,300000,300000,True,True,/root/FLAC-Safe-star-v2/results/star_v2_final/resume_300k/SafetyCarButton1-v0/star_v2/starv2_resume_300k_SafetyCarButton1_v0_selected_star_v2_star_v2_s13/checkpoint/final.torch,,23.5658756795631,253.0,20.188281100556786,297.9,76604.0,0.25534666666666667,59,40,22.001671942593813,290.55,0.29055,0.0,0,nan,nan,nan,nan
starv2_resume_300k_SafetyCarButton1_v0_selected_star_v2_star_v2_s14,/root/FLAC-Safe-star-v2/results/star_v2_final/resume_300k/SafetyCarButton1-v0/star_v2/starv2_resume_300k_SafetyCarButton1_v0_selected_star_v2_star_v2_s14,resume_300k,SafetyCarButton1-v0,star_v2,14,resume_300k,selected_star_v2,star_v2,9317416f8f25da31b7135cbb5de0a3a44f4a7fd6,300000,300000,True,True,/root/FLAC-Safe-star-v2/results/star_v2_final/resume_300k/SafetyCarButton1-v0/star_v2/starv2_resume_300k_SafetyCarButton1_v0_selected_star_v2_star_v2_s14/checkpoint/final.torch,,20.442762205457164,249.0,20.49523548021077,275.9,77616.0,0.25872,59,40,18.900343603759797,266.9,0.2669,0.0,0,nan,nan,nan,nan
starv2_core_100k_SafetyCarGoal1_v0_selected_current_only_v2_current_only_v2_s10,/root/FLAC-Safe-star-v2/results/star_v2_final/resume_300k/SafetyCarGoal1-v0/current_only_v2/starv2_core_100k_SafetyCarGoal1_v0_selected_current_only_v2_current_only_v2_s10,resume_300k,SafetyCarGoal1-v0,current_only_v2,10,resume_300k,selected_current_only_v2,star_v2,9317416f8f25da31b7135cbb5de0a3a44f4a7fd6,300000,300000,True,True,/root/FLAC-Safe-star-v2/results/star_v2_final/resume_300k/SafetyCarGoal1-v0/current_only_v2/starv2_core_100k_SafetyCarGoal1_v0_selected_current_only_v2_current_only_v2_s10/checkpoint/final.torch,missing_log,36.16291984515534,10.0,34.489650461976154,71.3,17838.0,0.05946,40,40,34.69501221478331,75.2,0.0752,0.2,0,nan,nan,nan,nan
starv2_core_100k_SafetyCarGoal1_v0_selected_current_only_v2_current_only_v2_s11,/root/FLAC-Safe-star-v2/results/star_v2_final/resume_300k/SafetyCarGoal1-v0/current_only_v2/starv2_core_100k_SafetyCarGoal1_v0_selected_current_only_v2_current_only_v2_s11,resume_300k,SafetyCarGoal1-v0,current_only_v2,11,resume_300k,selected_current_only_v2,star_v2,9317416f8f25da31b7135cbb5de0a3a44f4a7fd6,300000,300000,True,True,/root/FLAC-Safe-star-v2/results/star_v2_final/resume_300k/SafetyCarGoal1-v0/current_only_v2/starv2_core_100k_SafetyCarGoal1_v0_selected_current_only_v2_current_only_v2_s11/checkpoint/final.torch,missing_log,35.60173637338214,6.0,35.25266744572831,43.3,17965.0,0.05988333333333333,40,40,34.84491983761025,61.95,0.06195000000000002,0.3,0,nan,nan,nan,nan
starv2_core_100k_SafetyCarGoal1_v0_selected_current_only_v2_current_only_v2_s12,/root/FLAC-Safe-star-v2/results/star_v2_final/resume_300k/SafetyCarGoal1-v0/current_only_v2/starv2_core_100k_SafetyCarGoal1_v0_selected_current_only_v2_current_only_v2_s12,resume_300k,SafetyCarGoal1-v0,current_only_v2,12,resume_300k,selected_current_only_v2,star_v2,9317416f8f25da31b7135cbb5de0a3a44f4a7fd6,300000,300000,True,True,/root/FLAC-Safe-star-v2/results/star_v2_final/resume_300k/SafetyCarGoal1-v0/current_only_v2/starv2_core_100k_SafetyCarGoal1_v0_selected_current_only_v2_current_only_v2_s12/checkpoint/final.torch,missing_log,36.18892094757197,80.0,34.99704124650786,68.5,17235.0,0.05745,40,40,34.76367400794862,55.9,0.05589999999999999,0.3,0,nan,nan,nan,nan
starv2_resume_300k_SafetyCarGoal1_v0_selected_current_only_v2_current_only_v2_s13,/root/FLAC-Safe-star-v2/results/star_v2_final/resume_300k/SafetyCarGoal1-v0/current_only_v2/starv2_resume_300k_SafetyCarGoal1_v0_selected_current_only_v2_current_only_v2_s13,resume_300k,SafetyCarGoal1-v0,current_only_v2,13,resume_300k,selected_current_only_v2,star_v2,9317416f8f25da31b7135cbb5de0a3a44f4a7fd6,300000,300000,True,True,/root/FLAC-Safe-star-v2/results/star_v2_final/resume_300k/SafetyCarGoal1-v0/current_only_v2/starv2_resume_300k_SafetyCarGoal1_v0_selected_current_only_v2_current_only_v2_s13/checkpoint/final.torch,,34.137580073045456,48.0,34.59738975817778,35.8,16982.0,0.056606666666666666,59,40,34.96463720076866,61.25,0.06124999999999999,0.2,0,nan,nan,nan,nan
starv2_resume_300k_SafetyCarGoal1_v0_selected_current_only_v2_current_only_v2_s14,/root/FLAC-Safe-star-v2/results/star_v2_final/resume_300k/SafetyCarGoal1-v0/current_only_v2/starv2_resume_300k_SafetyCarGoal1_v0_selected_current_only_v2_current_only_v2_s14,resume_300k,SafetyCarGoal1-v0,current_only_v2,14,resume_300k,selected_current_only_v2,star_v2,9317416f8f25da31b7135cbb5de0a3a44f4a7fd6,300000,300000,True,True,/root/FLAC-Safe-star-v2/results/star_v2_final/resume_300k/SafetyCarGoal1-v0/current_only_v2/starv2_resume_300k_SafetyCarGoal1_v0_selected_current_only_v2_current_only_v2_s14/checkpoint/final.torch,,33.420270667811565,131.0,35.796488331532025,59.1,18969.0,0.06323,59,40,35.37119099719876,67.0,0.067,0.35,0,nan,nan,nan,nan
starv2_core_100k_SafetyCarGoal1_v0_selected_pointwise_v2_pointwise_v2_s10,/root/FLAC-Safe-star-v2/results/star_v2_final/resume_300k/SafetyCarGoal1-v0/pointwise_v2/starv2_core_100k_SafetyCarGoal1_v0_selected_pointwise_v2_pointwise_v2_s10,resume_300k,SafetyCarGoal1-v0,pointwise_v2,10,resume_300k,selected_pointwise_v2,star_v2,41dc8d5e6b5c863bf21a01f315198cea6472dd4e,300000,300000,True,True,/root/FLAC-Safe-star-v2/results/star_v2_final/resume_300k/SafetyCarGoal1-v0/pointwise_v2/starv2_core_100k_SafetyCarGoal1_v0_selected_pointwise_v2_pointwise_v2_s10/checkpoint/final.torch,missing_log,38.23739162847212,0.0,35.8986606913424,42.9,18717.0,0.06239,48,40,35.015225821364425,57.0,0.05699999999999998,0.3,0,nan,nan,nan,nan
starv2_core_100k_SafetyCarGoal1_v0_selected_pointwise_v2_pointwise_v2_s11,/root/FLAC-Safe-star-v2/results/star_v2_final/resume_300k/SafetyCarGoal1-v0/pointwise_v2/starv2_core_100k_SafetyCarGoal1_v0_selected_pointwise_v2_pointwise_v2_s11,resume_300k,SafetyCarGoal1-v0,pointwise_v2,11,resume_300k,selected_pointwise_v2,star_v2,41dc8d5e6b5c863bf21a01f315198cea6472dd4e,300000,300000,True,True,/root/FLAC-Safe-star-v2/results/star_v2_final/resume_300k/SafetyCarGoal1-v0/pointwise_v2/starv2_core_100k_SafetyCarGoal1_v0_selected_pointwise_v2_pointwise_v2_s11/checkpoint/final.torch,missing_log,35.41610742434112,66.0,35.47788094910129,47.5,17302.0,0.05767333333333333,48,40,34.78413727748573,61.85,0.06185,0.15,0,nan,nan,nan,nan
starv2_core_100k_SafetyCarGoal1_v0_selected_pointwise_v2_pointwise_v2_s12,/root/FLAC-Safe-star-v2/results/star_v2_final/resume_300k/SafetyCarGoal1-v0/pointwise_v2/starv2_core_100k_SafetyCarGoal1_v0_selected_pointwise_v2_pointwise_v2_s12,resume_300k,SafetyCarGoal1-v0,pointwise_v2,12,resume_300k,selected_pointwise_v2,star_v2,41dc8d5e6b5c863bf21a01f315198cea6472dd4e,300000,300000,True,True,/root/FLAC-Safe-star-v2/results/star_v2_final/resume_300k/SafetyCarGoal1-v0/pointwise_v2/starv2_core_100k_SafetyCarGoal1_v0_selected_pointwise_v2_pointwise_v2_s12/checkpoint/final.torch,missing_log,33.14142171726933,116.0,35.08194775588298,75.5,16944.0,0.05648,45,40,34.506295006361185,63.3,0.06330000000000001,0.4,0,nan,nan,nan,nan
starv2_resume_300k_SafetyCarGoal1_v0_selected_pointwise_v2_pointwise_v2_s13,/root/FLAC-Safe-star-v2/results/star_v2_final/resume_300k/SafetyCarGoal1-v0/pointwise_v2/starv2_resume_300k_SafetyCarGoal1_v0_selected_pointwise_v2_pointwise_v2_s13,resume_300k,SafetyCarGoal1-v0,pointwise_v2,13,resume_300k,selected_pointwise_v2,star_v2,9317416f8f25da31b7135cbb5de0a3a44f4a7fd6,300000,300000,True,True,/root/FLAC-Safe-star-v2/results/star_v2_final/resume_300k/SafetyCarGoal1-v0/pointwise_v2/starv2_resume_300k_SafetyCarGoal1_v0_selected_pointwise_v2_pointwise_v2_s13/checkpoint/final.torch,,35.78615786417504,34.0,35.24492654168228,27.1,18299.0,0.060996666666666664,59,40,34.828609588562635,55.05,0.05504999999999999,0.3,0,nan,nan,nan,nan
starv2_resume_300k_SafetyCarGoal1_v0_selected_pointwise_v2_pointwise_v2_s14,/root/FLAC-Safe-star-v2/results/star_v2_final/resume_300k/SafetyCarGoal1-v0/pointwise_v2/starv2_resume_300k_SafetyCarGoal1_v0_selected_pointwise_v2_pointwise_v2_s14,resume_300k,SafetyCarGoal1-v0,pointwise_v2,14,resume_300k,selected_pointwise_v2,star_v2,9317416f8f25da31b7135cbb5de0a3a44f4a7fd6,300000,300000,True,True,/root/FLAC-Safe-star-v2/results/star_v2_final/resume_300k/SafetyCarGoal1-v0/pointwise_v2/starv2_resume_300k_SafetyCarGoal1_v0_selected_pointwise_v2_pointwise_v2_s14/checkpoint/final.torch,,35.02619893055208,120.0,34.800611604911744,93.0,17905.0,0.05968333333333333,59,40,34.10400572951414,66.05,0.06605,0.3,0,nan,nan,nan,nan
starv2_core_100k_SafetyCarGoal1_v0_selected_sac_lag_sac_lag_s10,/root/FLAC-Safe-star-v2/results/star_v2_final/resume_300k/SafetyCarGoal1-v0/sac_lag/starv2_core_100k_SafetyCarGoal1_v0_selected_sac_lag_sac_lag_s10,resume_300k,SafetyCarGoal1-v0,sac_lag,10,resume_300k,selected_sac_lag,star_v2,9317416f8f25da31b7135cbb5de0a3a44f4a7fd6,300000,300000,True,True,/root/FLAC-Safe-star-v2/results/star_v2_final/resume_300k/SafetyCarGoal1-v0/sac_lag/starv2_core_100k_SafetyCarGoal1_v0_selected_sac_lag_sac_lag_s10/checkpoint/final.torch,missing_log,34.23688420221516,15.0,33.31188416226109,55.3,18158.0,0.060526666666666666,40,40,33.83463315204175,67.1,0.06709999999999998,0.35,0,nan,nan,nan,nan
starv2_core_100k_SafetyCarGoal1_v0_selected_sac_lag_sac_lag_s11,/root/FLAC-Safe-star-v2/results/star_v2_final/resume_300k/SafetyCarGoal1-v0/sac_lag/starv2_core_100k_SafetyCarGoal1_v0_selected_sac_lag_sac_lag_s11,resume_300k,SafetyCarGoal1-v0,sac_lag,11,resume_300k,selected_sac_lag,star_v2,9317416f8f25da31b7135cbb5de0a3a44f4a7fd6,300000,300000,True,True,/root/FLAC-Safe-star-v2/results/star_v2_final/resume_300k/SafetyCarGoal1-v0/sac_lag/starv2_core_100k_SafetyCarGoal1_v0_selected_sac_lag_sac_lag_s11/checkpoint/final.torch,missing_log,36.09516759076999,90.0,35.64139433078444,36.0,17874.0,0.05958,40,40,34.27146692260256,61.95,0.06194999999999999,0.25,0,nan,nan,nan,nan
starv2_core_100k_SafetyCarGoal1_v0_selected_sac_lag_sac_lag_s12,/root/FLAC-Safe-star-v2/results/star_v2_final/resume_300k/SafetyCarGoal1-v0/sac_lag/starv2_core_100k_SafetyCarGoal1_v0_selected_sac_lag_sac_lag_s12,resume_300k,SafetyCarGoal1-v0,sac_lag,12,resume_300k,selected_sac_lag,star_v2,9317416f8f25da31b7135cbb5de0a3a44f4a7fd6,300000,300000,True,True,/root/FLAC-Safe-star-v2/results/star_v2_final/resume_300k/SafetyCarGoal1-v0/sac_lag/starv2_core_100k_SafetyCarGoal1_v0_selected_sac_lag_sac_lag_s12/checkpoint/final.torch,missing_log,37.455923682444215,16.0,33.656209611969494,51.1,18022.0,0.06007333333333333,40,40,33.241248113615114,64.95,0.06495,0.25,0,nan,nan,nan,nan
starv2_resume_300k_SafetyCarGoal1_v0_selected_sac_lag_sac_lag_s13,/root/FLAC-Safe-star-v2/results/star_v2_final/resume_300k/SafetyCarGoal1-v0/sac_lag/starv2_resume_300k_SafetyCarGoal1_v0_selected_sac_lag_sac_lag_s13,resume_300k,SafetyCarGoal1-v0,sac_lag,13,resume_300k,selected_sac_lag,star_v2,9317416f8f25da31b7135cbb5de0a3a44f4a7fd6,300000,300000,True,True,/root/FLAC-Safe-star-v2/results/star_v2_final/resume_300k/SafetyCarGoal1-v0/sac_lag/starv2_resume_300k_SafetyCarGoal1_v0_selected_sac_lag_sac_lag_s13/checkpoint/final.torch,,34.34387593419234,74.0,35.04106727486428,48.9,18874.0,0.06291333333333333,59,40,33.90328787542894,67.3,0.06729999999999998,0.2,0,nan,nan,nan,nan
starv2_resume_300k_SafetyCarGoal1_v0_selected_sac_lag_sac_lag_s14,/root/FLAC-Safe-star-v2/results/star_v2_final/resume_300k/SafetyCarGoal1-v0/sac_lag/starv2_resume_300k_SafetyCarGoal1_v0_selected_sac_lag_sac_lag_s14,resume_300k,SafetyCarGoal1-v0,sac_lag,14,resume_300k,selected_sac_lag,star_v2,9317416f8f25da31b7135cbb5de0a3a44f4a7fd6,300000,300000,True,True,/root/FLAC-Safe-star-v2/results/star_v2_final/resume_300k/SafetyCarGoal1-v0/sac_lag/starv2_resume_300k_SafetyCarGoal1_v0_selected_sac_lag_sac_lag_s14/checkpoint/final.torch,,30.018047258302193,79.0,34.522591495891604,65.5,17400.0,0.058,59,40,33.54223172705637,62.7,0.0627,0.25,0,nan,nan,nan,nan
starv2_core_100k_SafetyCarGoal1_v0_selected_star_v2_star_v2_s10,/root/FLAC-Safe-star-v2/results/star_v2_final/resume_300k/SafetyCarGoal1-v0/star_v2/starv2_core_100k_SafetyCarGoal1_v0_selected_star_v2_star_v2_s10,resume_300k,SafetyCarGoal1-v0,star_v2,10,resume_300k,selected_star_v2,star_v2,9317416f8f25da31b7135cbb5de0a3a44f4a7fd6,300000,300000,True,True,/root/FLAC-Safe-star-v2/results/star_v2_final/resume_300k/SafetyCarGoal1-v0/star_v2/starv2_core_100k_SafetyCarGoal1_v0_selected_star_v2_star_v2_s10/checkpoint/final.torch,missing_log,34.89140906310375,46.0,35.22799678569855,61.0,18176.0,0.060586666666666664,40,40,34.00729521886303,70.05,0.07005,0.15,0,nan,nan,nan,nan
starv2_core_100k_SafetyCarGoal1_v0_selected_star_v2_star_v2_s11,/root/FLAC-Safe-star-v2/results/star_v2_final/resume_300k/SafetyCarGoal1-v0/star_v2/starv2_core_100k_SafetyCarGoal1_v0_selected_star_v2_star_v2_s11,resume_300k,SafetyCarGoal1-v0,star_v2,11,resume_300k,selected_star_v2,star_v2,9317416f8f25da31b7135cbb5de0a3a44f4a7fd6,300000,300000,True,True,/root/FLAC-Safe-star-v2/results/star_v2_final/resume_300k/SafetyCarGoal1-v0/star_v2/starv2_core_100k_SafetyCarGoal1_v0_selected_star_v2_star_v2_s11/checkpoint/final.torch,missing_log,36.31567390645643,6.0,35.655403663738355,49.4,18874.0,0.06291333333333333,40,40,34.25185417020476,67.9,0.0679,0.35,0,nan,nan,nan,nan
starv2_core_100k_SafetyCarGoal1_v0_selected_star_v2_star_v2_s12,/root/FLAC-Safe-star-v2/results/star_v2_final/resume_300k/SafetyCarGoal1-v0/star_v2/starv2_core_100k_SafetyCarGoal1_v0_selected_star_v2_star_v2_s12,resume_300k,SafetyCarGoal1-v0,star_v2,12,resume_300k,selected_star_v2,star_v2,9317416f8f25da31b7135cbb5de0a3a44f4a7fd6,300000,300000,True,True,/root/FLAC-Safe-star-v2/results/star_v2_final/resume_300k/SafetyCarGoal1-v0/star_v2/starv2_core_100k_SafetyCarGoal1_v0_selected_star_v2_star_v2_s12/checkpoint/final.torch,missing_log,33.69803773877272,35.0,35.24456921045628,58.5,18293.0,0.060976666666666665,40,40,34.882753270855034,67.35,0.06735,0.25,0,nan,nan,nan,nan
starv2_resume_300k_SafetyCarGoal1_v0_selected_star_v2_star_v2_s13,/root/FLAC-Safe-star-v2/results/star_v2_final/resume_300k/SafetyCarGoal1-v0/star_v2/starv2_resume_300k_SafetyCarGoal1_v0_selected_star_v2_star_v2_s13,resume_300k,SafetyCarGoal1-v0,star_v2,13,resume_300k,selected_star_v2,star_v2,9317416f8f25da31b7135cbb5de0a3a44f4a7fd6,300000,300000,True,True,/root/FLAC-Safe-star-v2/results/star_v2_final/resume_300k/SafetyCarGoal1-v0/star_v2/starv2_resume_300k_SafetyCarGoal1_v0_selected_star_v2_star_v2_s13/checkpoint/final.torch,,36.75475906602434,16.0,35.915877750116636,49.1,17247.0,0.05749,59,40,34.69227548926516,66.35,0.06635,0.25,0,nan,nan,nan,nan
starv2_resume_300k_SafetyCarGoal1_v0_selected_star_v2_star_v2_s14,/root/FLAC-Safe-star-v2/results/star_v2_final/resume_300k/SafetyCarGoal1-v0/star_v2/starv2_resume_300k_SafetyCarGoal1_v0_selected_star_v2_star_v2_s14,resume_300k,SafetyCarGoal1-v0,star_v2,14,resume_300k,selected_star_v2,star_v2,9317416f8f25da31b7135cbb5de0a3a44f4a7fd6,300000,300000,True,True,/root/FLAC-Safe-star-v2/results/star_v2_final/resume_300k/SafetyCarGoal1-v0/star_v2/starv2_resume_300k_SafetyCarGoal1_v0_selected_star_v2_star_v2_s14/checkpoint/final.torch,,37.846147119167036,0.0,34.90355218220107,52.6,18340.0,0.06113333333333333,59,40,34.6635761801768,60.95,0.06094999999999998,0.25,0,nan,nan,nan,nan
starv2_core_100k_SafetyPointButton1_v0_selected_current_only_v2_current_only_v2_s10,/root/FLAC-Safe-star-v2/results/star_v2_final/resume_300k/SafetyPointButton1-v0/current_only_v2/starv2_core_100k_SafetyPointButton1_v0_selected_current_only_v2_current_only_v2_s10,resume_300k,SafetyPointButton1-v0,current_only_v2,10,resume_300k,selected_current_only_v2,star_v2,9317416f8f25da31b7135cbb5de0a3a44f4a7fd6,300000,300000,True,True,/root/FLAC-Safe-star-v2/results/star_v2_final/resume_300k/SafetyPointButton1-v0/current_only_v2/starv2_core_100k_SafetyPointButton1_v0_selected_current_only_v2_current_only_v2_s10/checkpoint/final.torch,missing_log,38.184408763742745,144.0,25.33054059353201,97.8,43199.0,0.14399666666666666,40,40,23.85483491069062,171.2,0.1712,0.0,0,nan,nan,nan,nan
starv2_core_100k_SafetyPointButton1_v0_selected_current_only_v2_current_only_v2_s11,/root/FLAC-Safe-star-v2/results/star_v2_final/resume_300k/SafetyPointButton1-v0/current_only_v2/starv2_core_100k_SafetyPointButton1_v0_selected_current_only_v2_current_only_v2_s11,resume_300k,SafetyPointButton1-v0,current_only_v2,11,resume_300k,selected_current_only_v2,star_v2,9317416f8f25da31b7135cbb5de0a3a44f4a7fd6,300000,300000,True,True,/root/FLAC-Safe-star-v2/results/star_v2_final/resume_300k/SafetyPointButton1-v0/current_only_v2/starv2_core_100k_SafetyPointButton1_v0_selected_current_only_v2_current_only_v2_s11/checkpoint/final.torch,missing_log,32.21286845618636,91.0,26.343921226960493,138.4,43758.0,0.14586,40,40,24.2608186270168,167.0,0.167,0.05,0,nan,nan,nan,nan
starv2_core_100k_SafetyPointButton1_v0_selected_current_only_v2_current_only_v2_s12,/root/FLAC-Safe-star-v2/results/star_v2_final/resume_300k/SafetyPointButton1-v0/current_only_v2/starv2_core_100k_SafetyPointButton1_v0_selected_current_only_v2_current_only_v2_s12,resume_300k,SafetyPointButton1-v0,current_only_v2,12,resume_300k,selected_current_only_v2,star_v2,9317416f8f25da31b7135cbb5de0a3a44f4a7fd6,300000,300000,True,True,/root/FLAC-Safe-star-v2/results/star_v2_final/resume_300k/SafetyPointButton1-v0/current_only_v2/starv2_core_100k_SafetyPointButton1_v0_selected_current_only_v2_current_only_v2_s12/checkpoint/final.torch,missing_log,15.483287302829806,238.0,24.57446598674858,161.9,42940.0,0.14313333333333333,40,40,25.841834000931716,154.9,0.15489999999999995,0.1,0,nan,nan,nan,nan
starv2_resume_300k_SafetyPointButton1_v0_selected_current_only_v2_current_only_v2_s13,/root/FLAC-Safe-star-v2/results/star_v2_final/resume_300k/SafetyPointButton1-v0/current_only_v2/starv2_resume_300k_SafetyPointButton1_v0_selected_current_only_v2_current_only_v2_s13,resume_300k,SafetyPointButton1-v0,current_only_v2,13,resume_300k,selected_current_only_v2,star_v2,9317416f8f25da31b7135cbb5de0a3a44f4a7fd6,300000,300000,True,True,/root/FLAC-Safe-star-v2/results/star_v2_final/resume_300k/SafetyPointButton1-v0/current_only_v2/starv2_resume_300k_SafetyPointButton1_v0_selected_current_only_v2_current_only_v2_s13/checkpoint/final.torch,,29.682485083112905,190.0,21.70535713859747,167.2,41745.0,0.13915,59,40,23.632403458373012,185.65,0.18565000000000004,0.05,0,nan,nan,nan,nan
starv2_resume_300k_SafetyPointButton1_v0_selected_current_only_v2_current_only_v2_s14,/root/FLAC-Safe-star-v2/results/star_v2_final/resume_300k/SafetyPointButton1-v0/current_only_v2/starv2_resume_300k_SafetyPointButton1_v0_selected_current_only_v2_current_only_v2_s14,resume_300k,SafetyPointButton1-v0,current_only_v2,14,resume_300k,selected_current_only_v2,star_v2,9317416f8f25da31b7135cbb5de0a3a44f4a7fd6,300000,300000,True,True,/root/FLAC-Safe-star-v2/results/star_v2_final/resume_300k/SafetyPointButton1-v0/current_only_v2/starv2_resume_300k_SafetyPointButton1_v0_selected_current_only_v2_current_only_v2_s14/checkpoint/final.torch,,8.56775441589293,62.0,20.683393417590946,119.8,40547.0,0.13515666666666667,59,40,20.34105509002721,146.15,0.14614999999999997,0.05,0,nan,nan,nan,nan
starv2_core_100k_SafetyPointButton1_v0_selected_pointwise_v2_pointwise_v2_s10,/root/FLAC-Safe-star-v2/results/star_v2_final/resume_300k/SafetyPointButton1-v0/pointwise_v2/starv2_core_100k_SafetyPointButton1_v0_selected_pointwise_v2_pointwise_v2_s10,resume_300k,SafetyPointButton1-v0,pointwise_v2,10,resume_300k,selected_pointwise_v2,star_v2,9317416f8f25da31b7135cbb5de0a3a44f4a7fd6,300000,300000,True,True,/root/FLAC-Safe-star-v2/results/star_v2_final/resume_300k/SafetyPointButton1-v0/pointwise_v2/starv2_core_100k_SafetyPointButton1_v0_selected_pointwise_v2_pointwise_v2_s10/checkpoint/final.torch,missing_log,27.579445721837747,121.0,24.028928837813012,159.0,43938.0,0.14646,40,40,28.291148850745163,128.45,0.12845,0.05,0,nan,nan,nan,nan
starv2_core_100k_SafetyPointButton1_v0_selected_pointwise_v2_pointwise_v2_s11,/root/FLAC-Safe-star-v2/results/star_v2_final/resume_300k/SafetyPointButton1-v0/pointwise_v2/starv2_core_100k_SafetyPointButton1_v0_selected_pointwise_v2_pointwise_v2_s11,resume_300k,SafetyPointButton1-v0,pointwise_v2,11,resume_300k,selected_pointwise_v2,star_v2,9317416f8f25da31b7135cbb5de0a3a44f4a7fd6,300000,300000,True,True,/root/FLAC-Safe-star-v2/results/star_v2_final/resume_300k/SafetyPointButton1-v0/pointwise_v2/starv2_core_100k_SafetyPointButton1_v0_selected_pointwise_v2_pointwise_v2_s11/checkpoint/final.torch,missing_log,25.610594375888436,195.0,22.185022230315944,144.2,37432.0,0.12477333333333333,40,40,25.72054771244849,138.55,0.13854999999999998,0.0,0,nan,nan,nan,nan
starv2_core_100k_SafetyPointButton1_v0_selected_pointwise_v2_pointwise_v2_s12,/root/FLAC-Safe-star-v2/results/star_v2_final/resume_300k/SafetyPointButton1-v0/pointwise_v2/starv2_core_100k_SafetyPointButton1_v0_selected_pointwise_v2_pointwise_v2_s12,resume_300k,SafetyPointButton1-v0,pointwise_v2,12,resume_300k,selected_pointwise_v2,star_v2,9317416f8f25da31b7135cbb5de0a3a44f4a7fd6,300000,300000,True,True,/root/FLAC-Safe-star-v2/results/star_v2_final/resume_300k/SafetyPointButton1-v0/pointwise_v2/starv2_core_100k_SafetyPointButton1_v0_selected_pointwise_v2_pointwise_v2_s12/checkpoint/final.torch,missing_log,32.68461584347119,118.0,23.795952937535247,163.6,41153.0,0.13717666666666667,40,40,22.50665535495031,199.25,0.19924999999999998,0.05,0,nan,nan,nan,nan
starv2_resume_300k_SafetyPointButton1_v0_selected_pointwise_v2_pointwise_v2_s13,/root/FLAC-Safe-star-v2/results/star_v2_final/resume_300k/SafetyPointButton1-v0/pointwise_v2/starv2_resume_300k_SafetyPointButton1_v0_selected_pointwise_v2_pointwise_v2_s13,resume_300k,SafetyPointButton1-v0,pointwise_v2,13,resume_300k,selected_pointwise_v2,star_v2,9317416f8f25da31b7135cbb5de0a3a44f4a7fd6,300000,300000,True,True,/root/FLAC-Safe-star-v2/results/star_v2_final/resume_300k/SafetyPointButton1-v0/pointwise_v2/starv2_resume_300k_SafetyPointButton1_v0_selected_pointwise_v2_pointwise_v2_s13/checkpoint/final.torch,,24.539802089577023,132.0,23.449940754421654,135.1,39107.0,0.13035666666666668,59,40,20.136369990206525,178.15,0.17815,0.1,0,nan,nan,nan,nan
starv2_resume_300k_SafetyPointButton1_v0_selected_pointwise_v2_pointwise_v2_s14,/root/FLAC-Safe-star-v2/results/star_v2_final/resume_300k/SafetyPointButton1-v0/pointwise_v2/starv2_resume_300k_SafetyPointButton1_v0_selected_pointwise_v2_pointwise_v2_s14,resume_300k,SafetyPointButton1-v0,pointwise_v2,14,resume_300k,selected_pointwise_v2,star_v2,9317416f8f25da31b7135cbb5de0a3a44f4a7fd6,300000,300000,True,True,/root/FLAC-Safe-star-v2/results/star_v2_final/resume_300k/SafetyPointButton1-v0/pointwise_v2/starv2_resume_300k_SafetyPointButton1_v0_selected_pointwise_v2_pointwise_v2_s14/checkpoint/final.torch,,4.375039274876439,8.0,18.87812985450524,138.1,41367.0,0.13789,59,40,16.459017441662475,187.6,0.18760000000000004,0.05,0,nan,nan,nan,nan
starv2_core_100k_SafetyPointButton1_v0_selected_sac_lag_sac_lag_s10,/root/FLAC-Safe-star-v2/results/star_v2_final/resume_300k/SafetyPointButton1-v0/sac_lag/starv2_core_100k_SafetyPointButton1_v0_selected_sac_lag_sac_lag_s10,resume_300k,SafetyPointButton1-v0,sac_lag,10,resume_300k,selected_sac_lag,star_v2,9317416f8f25da31b7135cbb5de0a3a44f4a7fd6,300000,300000,True,True,/root/FLAC-Safe-star-v2/results/star_v2_final/resume_300k/SafetyPointButton1-v0/sac_lag/starv2_core_100k_SafetyPointButton1_v0_selected_sac_lag_sac_lag_s10/checkpoint/final.torch,missing_log,23.275623255412125,73.0,16.406016540915967,133.1,38218.0,0.12739333333333333,40,40,19.188918528907482,159.1,0.15910000000000005,0.05,0,nan,nan,nan,nan
starv2_core_100k_SafetyPointButton1_v0_selected_sac_lag_sac_lag_s11,/root/FLAC-Safe-star-v2/results/star_v2_final/resume_300k/SafetyPointButton1-v0/sac_lag/starv2_core_100k_SafetyPointButton1_v0_selected_sac_lag_sac_lag_s11,resume_300k,SafetyPointButton1-v0,sac_lag,11,resume_300k,selected_sac_lag,star_v2,9317416f8f25da31b7135cbb5de0a3a44f4a7fd6,300000,300000,True,True,/root/FLAC-Safe-star-v2/results/star_v2_final/resume_300k/SafetyPointButton1-v0/sac_lag/starv2_core_100k_SafetyPointButton1_v0_selected_sac_lag_sac_lag_s11/checkpoint/final.torch,missing_log,10.850317363464704,105.0,13.123405107697616,121.1,37290.0,0.1243,40,40,9.773993912158003,118.95,0.11895,0.15,0,nan,nan,nan,nan
starv2_core_100k_SafetyPointButton1_v0_selected_sac_lag_sac_lag_s12,/root/FLAC-Safe-star-v2/results/star_v2_final/resume_300k/SafetyPointButton1-v0/sac_lag/starv2_core_100k_SafetyPointButton1_v0_selected_sac_lag_sac_lag_s12,resume_300k,SafetyPointButton1-v0,sac_lag,12,resume_300k,selected_sac_lag,star_v2,9317416f8f25da31b7135cbb5de0a3a44f4a7fd6,300000,300000,True,True,/root/FLAC-Safe-star-v2/results/star_v2_final/resume_300k/SafetyPointButton1-v0/sac_lag/starv2_core_100k_SafetyPointButton1_v0_selected_sac_lag_sac_lag_s12/checkpoint/final.torch,missing_log,27.142214432621664,54.0,19.877970205596423,129.0,37026.0,0.12342,40,40,14.819455417581839,123.85,0.12384999999999999,0.15,0,nan,nan,nan,nan
starv2_resume_300k_SafetyPointButton1_v0_selected_sac_lag_sac_lag_s13,/root/FLAC-Safe-star-v2/results/star_v2_final/resume_300k/SafetyPointButton1-v0/sac_lag/starv2_resume_300k_SafetyPointButton1_v0_selected_sac_lag_sac_lag_s13,resume_300k,SafetyPointButton1-v0,sac_lag,13,resume_300k,selected_sac_lag,star_v2,9317416f8f25da31b7135cbb5de0a3a44f4a7fd6,300000,300000,True,True,/root/FLAC-Safe-star-v2/results/star_v2_final/resume_300k/SafetyPointButton1-v0/sac_lag/starv2_resume_300k_SafetyPointButton1_v0_selected_sac_lag_sac_lag_s13/checkpoint/final.torch,,10.333604874704877,83.0,9.86366659101917,61.6,33297.0,0.11099,59,40,9.674921248788177,105.0,0.10499999999999995,0.2,0,nan,nan,nan,nan
starv2_resume_300k_SafetyPointButton1_v0_selected_sac_lag_sac_lag_s14,/root/FLAC-Safe-star-v2/results/star_v2_final/resume_300k/SafetyPointButton1-v0/sac_lag/starv2_resume_300k_SafetyPointButton1_v0_selected_sac_lag_sac_lag_s14,resume_300k,SafetyPointButton1-v0,sac_lag,14,resume_300k,selected_sac_lag,star_v2,9317416f8f25da31b7135cbb5de0a3a44f4a7fd6,300000,300000,True,True,/root/FLAC-Safe-star-v2/results/star_v2_final/resume_300k/SafetyPointButton1-v0/sac_lag/starv2_resume_300k_SafetyPointButton1_v0_selected_sac_lag_sac_lag_s14/checkpoint/final.torch,,10.97190738982816,95.0,11.09542312600212,130.1,35679.0,0.11893,59,40,10.507379363321238,119.75,0.11974999999999998,0.15,0,nan,nan,nan,nan
starv2_core_100k_SafetyPointButton1_v0_selected_star_v2_star_v2_s10,/root/FLAC-Safe-star-v2/results/star_v2_final/resume_300k/SafetyPointButton1-v0/star_v2/starv2_core_100k_SafetyPointButton1_v0_selected_star_v2_star_v2_s10,resume_300k,SafetyPointButton1-v0,star_v2,10,resume_300k,selected_star_v2,star_v2,9317416f8f25da31b7135cbb5de0a3a44f4a7fd6,300000,300000,True,True,/root/FLAC-Safe-star-v2/results/star_v2_final/resume_300k/SafetyPointButton1-v0/star_v2/starv2_core_100k_SafetyPointButton1_v0_selected_star_v2_star_v2_s10/checkpoint/final.torch,missing_log,21.594248978274685,115.0,24.79244252096275,110.3,40326.0,0.13442,40,40,24.89969728580136,171.1,0.17109999999999997,0.05,0,nan,nan,nan,nan
starv2_core_100k_SafetyPointButton1_v0_selected_star_v2_star_v2_s11,/root/FLAC-Safe-star-v2/results/star_v2_final/resume_300k/SafetyPointButton1-v0/star_v2/starv2_core_100k_SafetyPointButton1_v0_selected_star_v2_star_v2_s11,resume_300k,SafetyPointButton1-v0,star_v2,11,resume_300k,selected_star_v2,star_v2,9317416f8f25da31b7135cbb5de0a3a44f4a7fd6,300000,300000,True,True,/root/FLAC-Safe-star-v2/results/star_v2_final/resume_300k/SafetyPointButton1-v0/star_v2/starv2_core_100k_SafetyPointButton1_v0_selected_star_v2_star_v2_s11/checkpoint/final.torch,missing_log,22.040399165064464,173.0,19.144876458514517,120.2,43436.0,0.14478666666666667,40,40,22.14553996853781,166.9,0.1669,0.05,0,nan,nan,nan,nan
starv2_core_100k_SafetyPointButton1_v0_selected_star_v2_star_v2_s12,/root/FLAC-Safe-star-v2/results/star_v2_final/resume_300k/SafetyPointButton1-v0/star_v2/starv2_core_100k_SafetyPointButton1_v0_selected_star_v2_star_v2_s12,resume_300k,SafetyPointButton1-v0,star_v2,12,resume_300k,selected_star_v2,star_v2,9317416f8f25da31b7135cbb5de0a3a44f4a7fd6,300000,300000,True,True,/root/FLAC-Safe-star-v2/results/star_v2_final/resume_300k/SafetyPointButton1-v0/star_v2/starv2_core_100k_SafetyPointButton1_v0_selected_star_v2_star_v2_s12/checkpoint/final.torch,missing_log,27.238000637343067,127.0,25.71287096153293,195.1,46229.0,0.15409666666666666,40,40,25.761280140948855,172.85,0.17285,0.0,0,nan,nan,nan,nan
starv2_resume_300k_SafetyPointButton1_v0_selected_star_v2_star_v2_s13,/root/FLAC-Safe-star-v2/results/star_v2_final/resume_300k/SafetyPointButton1-v0/star_v2/starv2_resume_300k_SafetyPointButton1_v0_selected_star_v2_star_v2_s13,resume_300k,SafetyPointButton1-v0,star_v2,13,resume_300k,selected_star_v2,star_v2,9317416f8f25da31b7135cbb5de0a3a44f4a7fd6,300000,300000,True,True,/root/FLAC-Safe-star-v2/results/star_v2_final/resume_300k/SafetyPointButton1-v0/star_v2/starv2_resume_300k_SafetyPointButton1_v0_selected_star_v2_star_v2_s13/checkpoint/final.torch,,36.07562323120756,231.0,26.64342665428537,139.8,42878.0,0.14292666666666667,59,40,22.589828784765015,175.8,0.17579999999999998,0.05,0,nan,nan,nan,nan
starv2_resume_300k_SafetyPointButton1_v0_selected_star_v2_star_v2_s14,/root/FLAC-Safe-star-v2/results/star_v2_final/resume_300k/SafetyPointButton1-v0/star_v2/starv2_resume_300k_SafetyPointButton1_v0_selected_star_v2_star_v2_s14,resume_300k,SafetyPointButton1-v0,star_v2,14,resume_300k,selected_star_v2,star_v2,9317416f8f25da31b7135cbb5de0a3a44f4a7fd6,300000,300000,True,True,/root/FLAC-Safe-star-v2/results/star_v2_final/resume_300k/SafetyPointButton1-v0/star_v2/starv2_resume_300k_SafetyPointButton1_v0_selected_star_v2_star_v2_s14/checkpoint/final.torch,,25.88868197483663,260.0,23.115470239324456,198.3,41676.0,0.13892,59,40,26.424004484375125,149.45,0.14945000000000003,0.05,0,nan,nan,nan,nan
starv2_core_100k_SafetyPointGoal1_v0_selected_current_only_v2_current_only_v2_s10,/root/FLAC-Safe-star-v2/results/star_v2_final/resume_300k/SafetyPointGoal1-v0/current_only_v2/starv2_core_100k_SafetyPointGoal1_v0_selected_current_only_v2_current_only_v2_s10,resume_300k,SafetyPointGoal1-v0,current_only_v2,10,resume_300k,selected_current_only_v2,star_v2,57543f8eb582dda6e4a1c5e101d0dfbb4faf2f43,300000,300000,True,True,/root/FLAC-Safe-star-v2/results/star_v2_final/resume_300k/SafetyPointGoal1-v0/current_only_v2/starv2_core_100k_SafetyPointGoal1_v0_selected_current_only_v2_current_only_v2_s10/checkpoint/final.torch,missing_log,29.689711529173643,0.0,27.343451163078687,39.7,17719.0,0.059063333333333336,40,40,26.977997595923313,40.0,0.039999999999999994,0.45,0,nan,nan,nan,nan
starv2_core_100k_SafetyPointGoal1_v0_selected_current_only_v2_current_only_v2_s11,/root/FLAC-Safe-star-v2/results/star_v2_final/resume_300k/SafetyPointGoal1-v0/current_only_v2/starv2_core_100k_SafetyPointGoal1_v0_selected_current_only_v2_current_only_v2_s11,resume_300k,SafetyPointGoal1-v0,current_only_v2,11,resume_300k,selected_current_only_v2,star_v2,57543f8eb582dda6e4a1c5e101d0dfbb4faf2f43,300000,300000,True,True,/root/FLAC-Safe-star-v2/results/star_v2_final/resume_300k/SafetyPointGoal1-v0/current_only_v2/starv2_core_100k_SafetyPointGoal1_v0_selected_current_only_v2_current_only_v2_s11/checkpoint/final.torch,missing_log,27.202172706884095,0.0,27.2945219899541,39.4,17336.0,0.05778666666666667,40,40,27.65723402559426,56.85,0.05684999999999998,0.15,0,nan,nan,nan,nan
starv2_core_100k_SafetyPointGoal1_v0_selected_current_only_v2_current_only_v2_s12,/root/FLAC-Safe-star-v2/results/star_v2_final/resume_300k/SafetyPointGoal1-v0/current_only_v2/starv2_core_100k_SafetyPointGoal1_v0_selected_current_only_v2_current_only_v2_s12,resume_300k,SafetyPointGoal1-v0,current_only_v2,12,resume_300k,selected_current_only_v2,star_v2,57543f8eb582dda6e4a1c5e101d0dfbb4faf2f43,300000,300000,True,True,/root/FLAC-Safe-star-v2/results/star_v2_final/resume_300k/SafetyPointGoal1-v0/current_only_v2/starv2_core_100k_SafetyPointGoal1_v0_selected_current_only_v2_current_only_v2_s12/checkpoint/final.torch,missing_log,27.196710738526782,4.0,27.076470696071787,49.5,16748.0,0.05582666666666666,40,40,27.651860878680083,48.1,0.04809999999999999,0.35,0,nan,nan,nan,nan
starv2_resume_300k_SafetyPointGoal1_v0_selected_current_only_v2_current_only_v2_s13,/root/FLAC-Safe-star-v2/results/star_v2_final/resume_300k/SafetyPointGoal1-v0/current_only_v2/starv2_resume_300k_SafetyPointGoal1_v0_selected_current_only_v2_current_only_v2_s13,resume_300k,SafetyPointGoal1-v0,current_only_v2,13,resume_300k,selected_current_only_v2,star_v2,9317416f8f25da31b7135cbb5de0a3a44f4a7fd6,300000,300000,True,True,/root/FLAC-Safe-star-v2/results/star_v2_final/resume_300k/SafetyPointGoal1-v0/current_only_v2/starv2_resume_300k_SafetyPointGoal1_v0_selected_current_only_v2_current_only_v2_s13/checkpoint/final.torch,,26.340016501187915,80.0,27.284522757491583,68.4,16702.0,0.05567333333333333,59,40,27.387821757247803,50.8,0.05079999999999999,0.35,0,nan,nan,nan,nan
starv2_resume_300k_SafetyPointGoal1_v0_selected_current_only_v2_current_only_v2_s14,/root/FLAC-Safe-star-v2/results/star_v2_final/resume_300k/SafetyPointGoal1-v0/current_only_v2/starv2_resume_300k_SafetyPointGoal1_v0_selected_current_only_v2_current_only_v2_s14,resume_300k,SafetyPointGoal1-v0,current_only_v2,14,resume_300k,selected_current_only_v2,star_v2,9317416f8f25da31b7135cbb5de0a3a44f4a7fd6,300000,300000,True,True,/root/FLAC-Safe-star-v2/results/star_v2_final/resume_300k/SafetyPointGoal1-v0/current_only_v2/starv2_resume_300k_SafetyPointGoal1_v0_selected_current_only_v2_current_only_v2_s14/checkpoint/final.torch,,25.926690527387912,89.0,27.257781874400344,54.9,14753.0,0.04917666666666667,59,40,27.59719214080057,63.0,0.06300000000000001,0.15,0,nan,nan,nan,nan
starv2_core_100k_SafetyPointGoal1_v0_selected_pointwise_v2_pointwise_v2_s10,/root/FLAC-Safe-star-v2/results/star_v2_final/resume_300k/SafetyPointGoal1-v0/pointwise_v2/starv2_core_100k_SafetyPointGoal1_v0_selected_pointwise_v2_pointwise_v2_s10,resume_300k,SafetyPointGoal1-v0,pointwise_v2,10,resume_300k,selected_pointwise_v2,star_v2,57543f8eb582dda6e4a1c5e101d0dfbb4faf2f43,300000,300000,True,True,/root/FLAC-Safe-star-v2/results/star_v2_final/resume_300k/SafetyPointGoal1-v0/pointwise_v2/starv2_core_100k_SafetyPointGoal1_v0_selected_pointwise_v2_pointwise_v2_s10/checkpoint/final.torch,missing_log,26.637992433659058,35.0,27.195968081227097,53.5,19878.0,0.06626,40,40,27.22721726334222,56.9,0.056900000000000006,0.1,0,nan,nan,nan,nan
starv2_core_100k_SafetyPointGoal1_v0_selected_pointwise_v2_pointwise_v2_s11,/root/FLAC-Safe-star-v2/results/star_v2_final/resume_300k/SafetyPointGoal1-v0/pointwise_v2/starv2_core_100k_SafetyPointGoal1_v0_selected_pointwise_v2_pointwise_v2_s11,resume_300k,SafetyPointGoal1-v0,pointwise_v2,11,resume_300k,selected_pointwise_v2,star_v2,57543f8eb582dda6e4a1c5e101d0dfbb4faf2f43,300000,300000,True,True,/root/FLAC-Safe-star-v2/results/star_v2_final/resume_300k/SafetyPointGoal1-v0/pointwise_v2/starv2_core_100k_SafetyPointGoal1_v0_selected_pointwise_v2_pointwise_v2_s11/checkpoint/final.torch,missing_log,27.599170939532108,40.0,27.220565683443727,79.0,17493.0,0.05831,40,40,27.779572977984817,56.9,0.05689999999999999,0.2,0,nan,nan,nan,nan
starv2_core_100k_SafetyPointGoal1_v0_selected_pointwise_v2_pointwise_v2_s12,/root/FLAC-Safe-star-v2/results/star_v2_final/resume_300k/SafetyPointGoal1-v0/pointwise_v2/starv2_core_100k_SafetyPointGoal1_v0_selected_pointwise_v2_pointwise_v2_s12,resume_300k,SafetyPointGoal1-v0,pointwise_v2,12,resume_300k,selected_pointwise_v2,star_v2,57543f8eb582dda6e4a1c5e101d0dfbb4faf2f43,300000,300000,True,True,/root/FLAC-Safe-star-v2/results/star_v2_final/resume_300k/SafetyPointGoal1-v0/pointwise_v2/starv2_core_100k_SafetyPointGoal1_v0_selected_pointwise_v2_pointwise_v2_s12/checkpoint/final.torch,missing_log,27.182038944428353,137.0,27.56974353815059,75.4,17800.0,0.059333333333333335,40,40,27.458244485002545,54.95,0.05494999999999998,0.3,0,nan,nan,nan,nan
starv2_resume_300k_SafetyPointGoal1_v0_selected_pointwise_v2_pointwise_v2_s13,/root/FLAC-Safe-star-v2/results/star_v2_final/resume_300k/SafetyPointGoal1-v0/pointwise_v2/starv2_resume_300k_SafetyPointGoal1_v0_selected_pointwise_v2_pointwise_v2_s13,resume_300k,SafetyPointGoal1-v0,pointwise_v2,13,resume_300k,selected_pointwise_v2,star_v2,9317416f8f25da31b7135cbb5de0a3a44f4a7fd6,300000,300000,True,True,/root/FLAC-Safe-star-v2/results/star_v2_final/resume_300k/SafetyPointGoal1-v0/pointwise_v2/starv2_resume_300k_SafetyPointGoal1_v0_selected_pointwise_v2_pointwise_v2_s13/checkpoint/final.torch,,26.448630616853045,88.0,27.058397723578064,70.6,17173.0,0.057243333333333334,59,40,27.334292668889958,49.75,0.04975000000000001,0.3,0,nan,nan,nan,nan
starv2_resume_300k_SafetyPointGoal1_v0_selected_pointwise_v2_pointwise_v2_s14,/root/FLAC-Safe-star-v2/results/star_v2_final/resume_300k/SafetyPointGoal1-v0/pointwise_v2/starv2_resume_300k_SafetyPointGoal1_v0_selected_pointwise_v2_pointwise_v2_s14,resume_300k,SafetyPointGoal1-v0,pointwise_v2,14,resume_300k,selected_pointwise_v2,star_v2,9317416f8f25da31b7135cbb5de0a3a44f4a7fd6,300000,300000,True,True,/root/FLAC-Safe-star-v2/results/star_v2_final/resume_300k/SafetyPointGoal1-v0/pointwise_v2/starv2_resume_300k_SafetyPointGoal1_v0_selected_pointwise_v2_pointwise_v2_s14/checkpoint/final.torch,,26.75111911433084,78.0,26.972912127300127,55.9,15672.0,0.05224,59,40,27.28191518767706,58.9,0.058899999999999994,0.35,0,nan,nan,nan,nan
starv2_core_100k_SafetyPointGoal1_v0_selected_sac_lag_sac_lag_s10,/root/FLAC-Safe-star-v2/results/star_v2_final/resume_300k/SafetyPointGoal1-v0/sac_lag/starv2_core_100k_SafetyPointGoal1_v0_selected_sac_lag_sac_lag_s10,resume_300k,SafetyPointGoal1-v0,sac_lag,10,resume_300k,selected_sac_lag,star_v2,41dc8d5e6b5c863bf21a01f315198cea6472dd4e,300000,300000,True,True,/root/FLAC-Safe-star-v2/results/star_v2_final/resume_300k/SafetyPointGoal1-v0/sac_lag/starv2_core_100k_SafetyPointGoal1_v0_selected_sac_lag_sac_lag_s10/checkpoint/final.torch,missing_log,27.270166232588263,109.0,26.469224118508436,51.6,17216.0,0.05738666666666667,40,40,25.697545793358454,43.3,0.0433,0.35,0,nan,nan,nan,nan
starv2_core_100k_SafetyPointGoal1_v0_selected_sac_lag_sac_lag_s11,/root/FLAC-Safe-star-v2/results/star_v2_final/resume_300k/SafetyPointGoal1-v0/sac_lag/starv2_core_100k_SafetyPointGoal1_v0_selected_sac_lag_sac_lag_s11,resume_300k,SafetyPointGoal1-v0,sac_lag,11,resume_300k,selected_sac_lag,star_v2,41dc8d5e6b5c863bf21a01f315198cea6472dd4e,300000,300000,True,True,/root/FLAC-Safe-star-v2/results/star_v2_final/resume_300k/SafetyPointGoal1-v0/sac_lag/starv2_core_100k_SafetyPointGoal1_v0_selected_sac_lag_sac_lag_s11/checkpoint/final.torch,missing_log,25.68642934031638,112.0,26.552103545953525,50.9,15987.0,0.05329,40,40,27.017965356746164,55.2,0.055200000000000006,0.25,0,nan,nan,nan,nan
starv2_core_100k_SafetyPointGoal1_v0_selected_sac_lag_sac_lag_s12,/root/FLAC-Safe-star-v2/results/star_v2_final/resume_300k/SafetyPointGoal1-v0/sac_lag/starv2_core_100k_SafetyPointGoal1_v0_selected_sac_lag_sac_lag_s12,resume_300k,SafetyPointGoal1-v0,sac_lag,12,resume_300k,selected_sac_lag,star_v2,41dc8d5e6b5c863bf21a01f315198cea6472dd4e,300000,300000,True,True,/root/FLAC-Safe-star-v2/results/star_v2_final/resume_300k/SafetyPointGoal1-v0/sac_lag/starv2_core_100k_SafetyPointGoal1_v0_selected_sac_lag_sac_lag_s12/checkpoint/final.torch,missing_log,26.24196791895966,73.0,26.85583833502767,35.6,14950.0,0.049833333333333334,40,40,26.635551668761615,55.9,0.05589999999999999,0.2,0,nan,nan,nan,nan
starv2_resume_300k_SafetyPointGoal1_v0_selected_sac_lag_sac_lag_s13,/root/FLAC-Safe-star-v2/results/star_v2_final/resume_300k/SafetyPointGoal1-v0/sac_lag/starv2_resume_300k_SafetyPointGoal1_v0_selected_sac_lag_sac_lag_s13,resume_300k,SafetyPointGoal1-v0,sac_lag,13,resume_300k,selected_sac_lag,star_v2,9317416f8f25da31b7135cbb5de0a3a44f4a7fd6,300000,300000,True,True,/root/FLAC-Safe-star-v2/results/star_v2_final/resume_300k/SafetyPointGoal1-v0/sac_lag/starv2_resume_300k_SafetyPointGoal1_v0_selected_sac_lag_sac_lag_s13/checkpoint/final.torch,,25.62989062746282,93.0,26.1461640601375,55.9,17863.0,0.05954333333333333,59,40,26.80977654659218,52.95,0.05295000000000001,0.25,0,nan,nan,nan,nan
starv2_resume_300k_SafetyPointGoal1_v0_selected_sac_lag_sac_lag_s14,/root/FLAC-Safe-star-v2/results/star_v2_final/resume_300k/SafetyPointGoal1-v0/sac_lag/starv2_resume_300k_SafetyPointGoal1_v0_selected_sac_lag_sac_lag_s14,resume_300k,SafetyPointGoal1-v0,sac_lag,14,resume_300k,selected_sac_lag,star_v2,9317416f8f25da31b7135cbb5de0a3a44f4a7fd6,300000,300000,True,True,/root/FLAC-Safe-star-v2/results/star_v2_final/resume_300k/SafetyPointGoal1-v0/sac_lag/starv2_resume_300k_SafetyPointGoal1_v0_selected_sac_lag_sac_lag_s14/checkpoint/final.torch,,26.693234546665447,62.0,26.189704593367445,55.7,17810.0,0.059366666666666665,59,40,26.92678179128068,55.85,0.05584999999999999,0.15,0,nan,nan,nan,nan
starv2_core_100k_SafetyPointGoal1_v0_selected_star_v2_star_v2_s10,/root/FLAC-Safe-star-v2/results/star_v2_final/resume_300k/SafetyPointGoal1-v0/star_v2/starv2_core_100k_SafetyPointGoal1_v0_selected_star_v2_star_v2_s10,resume_300k,SafetyPointGoal1-v0,star_v2,10,resume_300k,selected_star_v2,star_v2,41dc8d5e6b5c863bf21a01f315198cea6472dd4e,300000,300000,True,True,/root/FLAC-Safe-star-v2/results/star_v2_final/resume_300k/SafetyPointGoal1-v0/star_v2/starv2_core_100k_SafetyPointGoal1_v0_selected_star_v2_star_v2_s10/checkpoint/final.torch,missing_log,26.66114584201344,39.0,26.510874375925464,57.8,17426.0,0.05808666666666667,74,40,27.467183134718347,51.2,0.0512,0.2,0,nan,nan,nan,nan
starv2_core_100k_SafetyPointGoal1_v0_selected_star_v2_star_v2_s11,/root/FLAC-Safe-star-v2/results/star_v2_final/resume_300k/SafetyPointGoal1-v0/star_v2/starv2_core_100k_SafetyPointGoal1_v0_selected_star_v2_star_v2_s11,resume_300k,SafetyPointGoal1-v0,star_v2,11,resume_300k,selected_star_v2,star_v2,41dc8d5e6b5c863bf21a01f315198cea6472dd4e,300000,300000,True,True,/root/FLAC-Safe-star-v2/results/star_v2_final/resume_300k/SafetyPointGoal1-v0/star_v2/starv2_core_100k_SafetyPointGoal1_v0_selected_star_v2_star_v2_s11/checkpoint/final.torch,missing_log,27.631306092755317,73.0,26.748693059769458,37.5,16438.0,0.05479333333333333,73,40,27.101672028928988,55.55,0.05554999999999999,0.25,0,nan,nan,nan,nan
starv2_core_100k_SafetyPointGoal1_v0_selected_star_v2_star_v2_s12,/root/FLAC-Safe-star-v2/results/star_v2_final/resume_300k/SafetyPointGoal1-v0/star_v2/starv2_core_100k_SafetyPointGoal1_v0_selected_star_v2_star_v2_s12,resume_300k,SafetyPointGoal1-v0,star_v2,12,resume_300k,selected_star_v2,star_v2,41dc8d5e6b5c863bf21a01f315198cea6472dd4e,300000,300000,True,True,/root/FLAC-Safe-star-v2/results/star_v2_final/resume_300k/SafetyPointGoal1-v0/star_v2/starv2_core_100k_SafetyPointGoal1_v0_selected_star_v2_star_v2_s12/checkpoint/final.torch,missing_log,26.87746129556235,71.0,27.2839640664196,33.3,17322.0,0.05774,72,40,26.94609556634693,61.1,0.06109999999999999,0.2,0,nan,nan,nan,nan
starv2_resume_300k_SafetyPointGoal1_v0_selected_star_v2_star_v2_s13,/root/FLAC-Safe-star-v2/results/star_v2_final/resume_300k/SafetyPointGoal1-v0/star_v2/starv2_resume_300k_SafetyPointGoal1_v0_selected_star_v2_star_v2_s13,resume_300k,SafetyPointGoal1-v0,star_v2,13,resume_300k,selected_star_v2,star_v2,9317416f8f25da31b7135cbb5de0a3a44f4a7fd6,300000,300000,True,True,/root/FLAC-Safe-star-v2/results/star_v2_final/resume_300k/SafetyPointGoal1-v0/star_v2/starv2_resume_300k_SafetyPointGoal1_v0_selected_star_v2_star_v2_s13/checkpoint/final.torch,,27.987871361843073,125.0,26.697440282432968,53.4,16185.0,0.05395,59,40,27.038794494598257,62.85,0.06284999999999999,0.15,0,nan,nan,nan,nan
starv2_resume_300k_SafetyPointGoal1_v0_selected_star_v2_star_v2_s14,/root/FLAC-Safe-star-v2/results/star_v2_final/resume_300k/SafetyPointGoal1-v0/star_v2/starv2_resume_300k_SafetyPointGoal1_v0_selected_star_v2_star_v2_s14,resume_300k,SafetyPointGoal1-v0,star_v2,14,resume_300k,selected_star_v2,star_v2,9317416f8f25da31b7135cbb5de0a3a44f4a7fd6,300000,300000,True,True,/root/FLAC-Safe-star-v2/results/star_v2_final/resume_300k/SafetyPointGoal1-v0/star_v2/starv2_resume_300k_SafetyPointGoal1_v0_selected_star_v2_star_v2_s14/checkpoint/final.torch,,24.702300581042014,50.0,27.15210026153843,48.6,16303.0,0.054343333333333334,59,40,27.049750294054157,51.1,0.05109999999999999,0.35,0,nan,nan,nan,nan
starv2_ablation_100k_SafetyCarGoal1_v0_endpoint_fix_positive_linear_star_v2_s20,/root/FLAC-Safe-star-v2/results/star_v2_final/ablation_100k/SafetyCarGoal1-v0/star_v2/starv2_ablation_100k_SafetyCarGoal1_v0_endpoint_fix_positive_linear_star_v2_s20,ablation_100k,SafetyCarGoal1-v0,star_v2,20,ablation_100k,endpoint_fix_positive_linear,star_v2,9317416f8f25da31b7135cbb5de0a3a44f4a7fd6,100000,100000,True,True,/root/FLAC-Safe-star-v2/results/star_v2_final/ablation_100k/SafetyCarGoal1-v0/star_v2/starv2_ablation_100k_SafetyCarGoal1_v0_endpoint_fix_positive_linear_star_v2_s20/checkpoint/final.torch,,34.03395046455548,45.0,33.313548722317826,49.2,5988.0,0.05988,19,10,32.205640182075214,53.2,0.053200000000000004,0.2,0,nan,nan,nan,nan
starv2_ablation_100k_SafetyCarGoal1_v0_endpoint_fix_positive_linear_star_v2_s21,/root/FLAC-Safe-star-v2/results/star_v2_final/ablation_100k/SafetyCarGoal1-v0/star_v2/starv2_ablation_100k_SafetyCarGoal1_v0_endpoint_fix_positive_linear_star_v2_s21,ablation_100k,SafetyCarGoal1-v0,star_v2,21,ablation_100k,endpoint_fix_positive_linear,star_v2,9317416f8f25da31b7135cbb5de0a3a44f4a7fd6,100000,100000,True,True,/root/FLAC-Safe-star-v2/results/star_v2_final/ablation_100k/SafetyCarGoal1-v0/star_v2/starv2_ablation_100k_SafetyCarGoal1_v0_endpoint_fix_positive_linear_star_v2_s21/checkpoint/final.torch,,32.29764747912031,60.0,33.416078721302135,45.9,6785.0,0.06785,19,10,34.29245132712189,77.9,0.07790000000000001,0.1,0,nan,nan,nan,nan
starv2_ablation_100k_SafetyCarGoal1_v0_endpoint_fix_positive_linear_star_v2_s22,/root/FLAC-Safe-star-v2/results/star_v2_final/ablation_100k/SafetyCarGoal1-v0/star_v2/starv2_ablation_100k_SafetyCarGoal1_v0_endpoint_fix_positive_linear_star_v2_s22,ablation_100k,SafetyCarGoal1-v0,star_v2,22,ablation_100k,endpoint_fix_positive_linear,star_v2,9317416f8f25da31b7135cbb5de0a3a44f4a7fd6,100000,100000,True,True,/root/FLAC-Safe-star-v2/results/star_v2_final/ablation_100k/SafetyCarGoal1-v0/star_v2/starv2_ablation_100k_SafetyCarGoal1_v0_endpoint_fix_positive_linear_star_v2_s22/checkpoint/final.torch,,35.724800969920615,27.0,34.03371040844414,46.2,6428.0,0.06428,19,10,34.259160861621226,48.4,0.04839999999999999,0.2,0,nan,nan,nan,nan
starv2_ablation_100k_SafetyCarGoal1_v0_original_legacy_linear_star_v2_s20,/root/FLAC-Safe-star-v2/results/star_v2_final/ablation_100k/SafetyCarGoal1-v0/star_v2/starv2_ablation_100k_SafetyCarGoal1_v0_original_legacy_linear_star_v2_s20,ablation_100k,SafetyCarGoal1-v0,star_v2,20,ablation_100k,original_legacy_linear,star_v2,9317416f8f25da31b7135cbb5de0a3a44f4a7fd6,100000,100000,True,True,/root/FLAC-Safe-star-v2/results/star_v2_final/ablation_100k/SafetyCarGoal1-v0/star_v2/starv2_ablation_100k_SafetyCarGoal1_v0_original_legacy_linear_star_v2_s20/checkpoint/final.torch,,34.81176395784408,59.0,32.48037108830307,82.5,7234.0,0.07234,19,10,35.27415122980318,54.2,0.054200000000000005,0.2,0,nan,nan,nan,nan
starv2_ablation_100k_SafetyCarGoal1_v0_original_legacy_linear_star_v2_s21,/root/FLAC-Safe-star-v2/results/star_v2_final/ablation_100k/SafetyCarGoal1-v0/star_v2/starv2_ablation_100k_SafetyCarGoal1_v0_original_legacy_linear_star_v2_s21,ablation_100k,SafetyCarGoal1-v0,star_v2,21,ablation_100k,original_legacy_linear,star_v2,9317416f8f25da31b7135cbb5de0a3a44f4a7fd6,100000,100000,True,True,/root/FLAC-Safe-star-v2/results/star_v2_final/ablation_100k/SafetyCarGoal1-v0/star_v2/starv2_ablation_100k_SafetyCarGoal1_v0_original_legacy_linear_star_v2_s21/checkpoint/final.torch,,33.59492284231297,20.0,33.83094599981058,47.7,8266.0,0.08266,19,10,33.56948945419231,53.0,0.053000000000000005,0.3,0,nan,nan,nan,nan
starv2_ablation_100k_SafetyCarGoal1_v0_original_legacy_linear_star_v2_s22,/root/FLAC-Safe-star-v2/results/star_v2_final/ablation_100k/SafetyCarGoal1-v0/star_v2/starv2_ablation_100k_SafetyCarGoal1_v0_original_legacy_linear_star_v2_s22,ablation_100k,SafetyCarGoal1-v0,star_v2,22,ablation_100k,original_legacy_linear,star_v2,9317416f8f25da31b7135cbb5de0a3a44f4a7fd6,100000,100000,True,True,/root/FLAC-Safe-star-v2/results/star_v2_final/ablation_100k/SafetyCarGoal1-v0/star_v2/starv2_ablation_100k_SafetyCarGoal1_v0_original_legacy_linear_star_v2_s22/checkpoint/final.torch,,35.58898487700516,89.0,34.38175616718123,67.8,6446.0,0.06446,19,10,33.09007438336653,59.2,0.059199999999999996,0.4,0,nan,nan,nan,nan
starv2_ablation_100k_SafetyCarGoal1_v0_penalty_fix_legacy_squared_star_v2_s20,/root/FLAC-Safe-star-v2/results/star_v2_final/ablation_100k/SafetyCarGoal1-v0/star_v2/starv2_ablation_100k_SafetyCarGoal1_v0_penalty_fix_legacy_squared_star_v2_s20,ablation_100k,SafetyCarGoal1-v0,star_v2,20,ablation_100k,penalty_fix_legacy_squared,star_v2,9317416f8f25da31b7135cbb5de0a3a44f4a7fd6,100000,100000,True,True,/root/FLAC-Safe-star-v2/results/star_v2_final/ablation_100k/SafetyCarGoal1-v0/star_v2/starv2_ablation_100k_SafetyCarGoal1_v0_penalty_fix_legacy_squared_star_v2_s20/checkpoint/final.torch,,35.02407808362589,18.0,33.35468421079575,83.3,5388.0,0.05388,19,10,34.00844763919044,52.7,0.052700000000000004,0.3,0,nan,nan,nan,nan
starv2_ablation_100k_SafetyCarGoal1_v0_penalty_fix_legacy_squared_star_v2_s21,/root/FLAC-Safe-star-v2/results/star_v2_final/ablation_100k/SafetyCarGoal1-v0/star_v2/starv2_ablation_100k_SafetyCarGoal1_v0_penalty_fix_legacy_squared_star_v2_s21,ablation_100k,SafetyCarGoal1-v0,star_v2,21,ablation_100k,penalty_fix_legacy_squared,star_v2,9317416f8f25da31b7135cbb5de0a3a44f4a7fd6,100000,100000,True,True,/root/FLAC-Safe-star-v2/results/star_v2_final/ablation_100k/SafetyCarGoal1-v0/star_v2/starv2_ablation_100k_SafetyCarGoal1_v0_penalty_fix_legacy_squared_star_v2_s21/checkpoint/final.torch,,36.59803747045535,0.0,34.534058317850885,41.6,5649.0,0.05649,19,10,33.02822554063302,56.3,0.056299999999999996,0.1,0,nan,nan,nan,nan
starv2_ablation_100k_SafetyCarGoal1_v0_penalty_fix_legacy_squared_star_v2_s22,/root/FLAC-Safe-star-v2/results/star_v2_final/ablation_100k/SafetyCarGoal1-v0/star_v2/starv2_ablation_100k_SafetyCarGoal1_v0_penalty_fix_legacy_squared_star_v2_s22,ablation_100k,SafetyCarGoal1-v0,star_v2,22,ablation_100k,penalty_fix_legacy_squared,star_v2,9317416f8f25da31b7135cbb5de0a3a44f4a7fd6,100000,100000,True,True,/root/FLAC-Safe-star-v2/results/star_v2_final/ablation_100k/SafetyCarGoal1-v0/star_v2/starv2_ablation_100k_SafetyCarGoal1_v0_penalty_fix_legacy_squared_star_v2_s22/checkpoint/final.torch,,32.408261575575715,0.0,33.80910168337164,54.0,6731.0,0.06731,19,10,33.40474177701617,65.3,0.0653,0.2,0,nan,nan,nan,nan
starv2_ablation_100k_SafetyCarGoal1_v0_star_v2_positive_squared_star_v2_s20,/root/FLAC-Safe-star-v2/results/star_v2_final/ablation_100k/SafetyCarGoal1-v0/star_v2/starv2_ablation_100k_SafetyCarGoal1_v0_star_v2_positive_squared_star_v2_s20,ablation_100k,SafetyCarGoal1-v0,star_v2,20,ablation_100k,star_v2_positive_squared,star_v2,9317416f8f25da31b7135cbb5de0a3a44f4a7fd6,100000,100000,True,True,/root/FLAC-Safe-star-v2/results/star_v2_final/ablation_100k/SafetyCarGoal1-v0/star_v2/starv2_ablation_100k_SafetyCarGoal1_v0_star_v2_positive_squared_star_v2_s20/checkpoint/final.torch,,34.96046945350349,39.0,33.35953645830666,64.1,5155.0,0.05155,19,10,33.84020723904766,57.0,0.056999999999999995,0.3,0,nan,nan,nan,nan
starv2_ablation_100k_SafetyCarGoal1_v0_star_v2_positive_squared_star_v2_s21,/root/FLAC-Safe-star-v2/results/star_v2_final/ablation_100k/SafetyCarGoal1-v0/star_v2/starv2_ablation_100k_SafetyCarGoal1_v0_star_v2_positive_squared_star_v2_s21,ablation_100k,SafetyCarGoal1-v0,star_v2,21,ablation_100k,star_v2_positive_squared,star_v2,9317416f8f25da31b7135cbb5de0a3a44f4a7fd6,100000,100000,True,True,/root/FLAC-Safe-star-v2/results/star_v2_final/ablation_100k/SafetyCarGoal1-v0/star_v2/starv2_ablation_100k_SafetyCarGoal1_v0_star_v2_positive_squared_star_v2_s21/checkpoint/final.torch,,34.61568349954532,0.0,32.661159294962395,27.1,6335.0,0.06335,19,10,33.04138567429038,72.5,0.07250000000000001,0.1,0,nan,nan,nan,nan
starv2_ablation_100k_SafetyCarGoal1_v0_star_v2_positive_squared_star_v2_s22,/root/FLAC-Safe-star-v2/results/star_v2_final/ablation_100k/SafetyCarGoal1-v0/star_v2/starv2_ablation_100k_SafetyCarGoal1_v0_star_v2_positive_squared_star_v2_s22,ablation_100k,SafetyCarGoal1-v0,star_v2,22,ablation_100k,star_v2_positive_squared,star_v2,9317416f8f25da31b7135cbb5de0a3a44f4a7fd6,100000,100000,True,True,/root/FLAC-Safe-star-v2/results/star_v2_final/ablation_100k/SafetyCarGoal1-v0/star_v2/starv2_ablation_100k_SafetyCarGoal1_v0_star_v2_positive_squared_star_v2_s22/checkpoint/final.torch,,35.47447028657514,68.0,34.1543866944984,79.6,6528.0,0.06528,19,10,33.49152796150685,59.3,0.0593,0.2,0,nan,nan,nan,nan
starv2_ablation_100k_SafetyPointGoal1_v0_endpoint_fix_positive_linear_star_v2_s20,/root/FLAC-Safe-star-v2/results/star_v2_final/ablation_100k/SafetyPointGoal1-v0/star_v2/starv2_ablation_100k_SafetyPointGoal1_v0_endpoint_fix_positive_linear_star_v2_s20,ablation_100k,SafetyPointGoal1-v0,star_v2,20,ablation_100k,endpoint_fix_positive_linear,star_v2,9317416f8f25da31b7135cbb5de0a3a44f4a7fd6,100000,100000,True,True,/root/FLAC-Safe-star-v2/results/star_v2_final/ablation_100k/SafetyPointGoal1-v0/star_v2/starv2_ablation_100k_SafetyPointGoal1_v0_endpoint_fix_positive_linear_star_v2_s20/checkpoint/final.torch,,26.062154324630065,91.0,25.161634720544825,60.1,5969.0,0.05969,19,10,25.72051844830304,55.7,0.055700000000000006,0.1,0,nan,nan,nan,nan
starv2_ablation_100k_SafetyPointGoal1_v0_endpoint_fix_positive_linear_star_v2_s21,/root/FLAC-Safe-star-v2/results/star_v2_final/ablation_100k/SafetyPointGoal1-v0/star_v2/starv2_ablation_100k_SafetyPointGoal1_v0_endpoint_fix_positive_linear_star_v2_s21,ablation_100k,SafetyPointGoal1-v0,star_v2,21,ablation_100k,endpoint_fix_positive_linear,star_v2,9317416f8f25da31b7135cbb5de0a3a44f4a7fd6,100000,100000,True,True,/root/FLAC-Safe-star-v2/results/star_v2_final/ablation_100k/SafetyPointGoal1-v0/star_v2/starv2_ablation_100k_SafetyPointGoal1_v0_endpoint_fix_positive_linear_star_v2_s21/checkpoint/final.torch,,23.957610075023442,23.0,25.970185743028786,49.4,6126.0,0.06126,19,10,27.110816692232454,39.9,0.039900000000000005,0.3,0,nan,nan,nan,nan
starv2_ablation_100k_SafetyPointGoal1_v0_endpoint_fix_positive_linear_star_v2_s22,/root/FLAC-Safe-star-v2/results/star_v2_final/ablation_100k/SafetyPointGoal1-v0/star_v2/starv2_ablation_100k_SafetyPointGoal1_v0_endpoint_fix_positive_linear_star_v2_s22,ablation_100k,SafetyPointGoal1-v0,star_v2,22,ablation_100k,endpoint_fix_positive_linear,star_v2,9317416f8f25da31b7135cbb5de0a3a44f4a7fd6,100000,100000,True,True,/root/FLAC-Safe-star-v2/results/star_v2_final/ablation_100k/SafetyPointGoal1-v0/star_v2/starv2_ablation_100k_SafetyPointGoal1_v0_endpoint_fix_positive_linear_star_v2_s22/checkpoint/final.torch,,25.846585967111455,105.0,25.149197901971,48.0,5701.0,0.05701,19,10,26.81455876115524,57.5,0.057499999999999996,0.3,0,nan,nan,nan,nan
starv2_ablation_100k_SafetyPointGoal1_v0_original_legacy_linear_star_v2_s20,/root/FLAC-Safe-star-v2/results/star_v2_final/ablation_100k/SafetyPointGoal1-v0/star_v2/starv2_ablation_100k_SafetyPointGoal1_v0_original_legacy_linear_star_v2_s20,ablation_100k,SafetyPointGoal1-v0,star_v2,20,ablation_100k,original_legacy_linear,star_v2,9317416f8f25da31b7135cbb5de0a3a44f4a7fd6,100000,100000,True,True,/root/FLAC-Safe-star-v2/results/star_v2_final/ablation_100k/SafetyPointGoal1-v0/star_v2/starv2_ablation_100k_SafetyPointGoal1_v0_original_legacy_linear_star_v2_s20/checkpoint/final.torch,,27.3051131818146,67.0,25.839455877505724,55.7,4810.0,0.0481,19,10,25.955624127189445,60.3,0.060300000000000006,0.1,0,nan,nan,nan,nan
starv2_ablation_100k_SafetyPointGoal1_v0_original_legacy_linear_star_v2_s21,/root/FLAC-Safe-star-v2/results/star_v2_final/ablation_100k/SafetyPointGoal1-v0/star_v2/starv2_ablation_100k_SafetyPointGoal1_v0_original_legacy_linear_star_v2_s21,ablation_100k,SafetyPointGoal1-v0,star_v2,21,ablation_100k,original_legacy_linear,star_v2,9317416f8f25da31b7135cbb5de0a3a44f4a7fd6,100000,100000,True,True,/root/FLAC-Safe-star-v2/results/star_v2_final/ablation_100k/SafetyPointGoal1-v0/star_v2/starv2_ablation_100k_SafetyPointGoal1_v0_original_legacy_linear_star_v2_s21/checkpoint/final.torch,,25.18832577764396,120.0,25.517988286876705,66.1,6447.0,0.06447,19,10,26.107767996280604,58.7,0.05870000000000001,0.1,0,nan,nan,nan,nan
starv2_ablation_100k_SafetyPointGoal1_v0_original_legacy_linear_star_v2_s22,/root/FLAC-Safe-star-v2/results/star_v2_final/ablation_100k/SafetyPointGoal1-v0/star_v2/starv2_ablation_100k_SafetyPointGoal1_v0_original_legacy_linear_star_v2_s22,ablation_100k,SafetyPointGoal1-v0,star_v2,22,ablation_100k,original_legacy_linear,star_v2,9317416f8f25da31b7135cbb5de0a3a44f4a7fd6,100000,100000,True,True,/root/FLAC-Safe-star-v2/results/star_v2_final/ablation_100k/SafetyPointGoal1-v0/star_v2/starv2_ablation_100k_SafetyPointGoal1_v0_original_legacy_linear_star_v2_s22/checkpoint/final.torch,,25.541820530435196,95.0,23.07933712514899,78.8,6683.0,0.06683,19,10,26.26669474928965,44.2,0.044199999999999996,0.3,0,nan,nan,nan,nan
starv2_ablation_100k_SafetyPointGoal1_v0_penalty_fix_legacy_squared_star_v2_s20,/root/FLAC-Safe-star-v2/results/star_v2_final/ablation_100k/SafetyPointGoal1-v0/star_v2/starv2_ablation_100k_SafetyPointGoal1_v0_penalty_fix_legacy_squared_star_v2_s20,ablation_100k,SafetyPointGoal1-v0,star_v2,20,ablation_100k,penalty_fix_legacy_squared,star_v2,9317416f8f25da31b7135cbb5de0a3a44f4a7fd6,100000,100000,True,True,/root/FLAC-Safe-star-v2/results/star_v2_final/ablation_100k/SafetyPointGoal1-v0/star_v2/starv2_ablation_100k_SafetyPointGoal1_v0_penalty_fix_legacy_squared_star_v2_s20/checkpoint/final.torch,,26.05704120643764,75.0,25.291658186508492,56.9,5847.0,0.05847,19,10,26.561312644548543,55.5,0.05550000000000001,0.4,0,nan,nan,nan,nan
starv2_ablation_100k_SafetyPointGoal1_v0_penalty_fix_legacy_squared_star_v2_s21,/root/FLAC-Safe-star-v2/results/star_v2_final/ablation_100k/SafetyPointGoal1-v0/star_v2/starv2_ablation_100k_SafetyPointGoal1_v0_penalty_fix_legacy_squared_star_v2_s21,ablation_100k,SafetyPointGoal1-v0,star_v2,21,ablation_100k,penalty_fix_legacy_squared,star_v2,9317416f8f25da31b7135cbb5de0a3a44f4a7fd6,100000,100000,True,True,/root/FLAC-Safe-star-v2/results/star_v2_final/ablation_100k/SafetyPointGoal1-v0/star_v2/starv2_ablation_100k_SafetyPointGoal1_v0_penalty_fix_legacy_squared_star_v2_s21/checkpoint/final.torch,,28.149795553730353,16.0,26.13844392208237,52.5,6313.0,0.06313,19,10,26.357500388724212,50.4,0.0504,0.2,0,nan,nan,nan,nan
starv2_ablation_100k_SafetyPointGoal1_v0_penalty_fix_legacy_squared_star_v2_s22,/root/FLAC-Safe-star-v2/results/star_v2_final/ablation_100k/SafetyPointGoal1-v0/star_v2/starv2_ablation_100k_SafetyPointGoal1_v0_penalty_fix_legacy_squared_star_v2_s22,ablation_100k,SafetyPointGoal1-v0,star_v2,22,ablation_100k,penalty_fix_legacy_squared,star_v2,9317416f8f25da31b7135cbb5de0a3a44f4a7fd6,100000,100000,True,True,/root/FLAC-Safe-star-v2/results/star_v2_final/ablation_100k/SafetyPointGoal1-v0/star_v2/starv2_ablation_100k_SafetyPointGoal1_v0_penalty_fix_legacy_squared_star_v2_s22/checkpoint/final.torch,,27.459497294961064,49.0,25.918846209279923,46.3,5599.0,0.05599,19,10,26.5268022448428,54.6,0.0546,0.2,0,nan,nan,nan,nan
starv2_ablation_100k_SafetyPointGoal1_v0_star_v2_positive_squared_star_v2_s20,/root/FLAC-Safe-star-v2/results/star_v2_final/ablation_100k/SafetyPointGoal1-v0/star_v2/starv2_ablation_100k_SafetyPointGoal1_v0_star_v2_positive_squared_star_v2_s20,ablation_100k,SafetyPointGoal1-v0,star_v2,20,ablation_100k,star_v2_positive_squared,star_v2,9317416f8f25da31b7135cbb5de0a3a44f4a7fd6,100000,100000,True,True,/root/FLAC-Safe-star-v2/results/star_v2_final/ablation_100k/SafetyPointGoal1-v0/star_v2/starv2_ablation_100k_SafetyPointGoal1_v0_star_v2_positive_squared_star_v2_s20/checkpoint/final.torch,,25.420741174743362,18.0,25.97271587537845,47.4,5904.0,0.05904,19,10,26.72071389984298,59.1,0.05910000000000001,0.2,0,nan,nan,nan,nan
starv2_ablation_100k_SafetyPointGoal1_v0_star_v2_positive_squared_star_v2_s21,/root/FLAC-Safe-star-v2/results/star_v2_final/ablation_100k/SafetyPointGoal1-v0/star_v2/starv2_ablation_100k_SafetyPointGoal1_v0_star_v2_positive_squared_star_v2_s21,ablation_100k,SafetyPointGoal1-v0,star_v2,21,ablation_100k,star_v2_positive_squared,star_v2,9317416f8f25da31b7135cbb5de0a3a44f4a7fd6,100000,100000,True,True,/root/FLAC-Safe-star-v2/results/star_v2_final/ablation_100k/SafetyPointGoal1-v0/star_v2/starv2_ablation_100k_SafetyPointGoal1_v0_star_v2_positive_squared_star_v2_s21/checkpoint/final.torch,,25.21193121092637,24.0,25.973443046766214,54.1,6887.0,0.06887,19,10,26.21364576364608,53.5,0.053500000000000006,0.3,0,nan,nan,nan,nan
starv2_ablation_100k_SafetyPointGoal1_v0_star_v2_positive_squared_star_v2_s22,/root/FLAC-Safe-star-v2/results/star_v2_final/ablation_100k/SafetyPointGoal1-v0/star_v2/starv2_ablation_100k_SafetyPointGoal1_v0_star_v2_positive_squared_star_v2_s22,ablation_100k,SafetyPointGoal1-v0,star_v2,22,ablation_100k,star_v2_positive_squared,star_v2,9317416f8f25da31b7135cbb5de0a3a44f4a7fd6,100000,100000,True,True,/root/FLAC-Safe-star-v2/results/star_v2_final/ablation_100k/SafetyPointGoal1-v0/star_v2/starv2_ablation_100k_SafetyPointGoal1_v0_star_v2_positive_squared_star_v2_s22/checkpoint/final.torch,,25.4707829726492,0.0,24.671297336415606,54.9,5044.0,0.05044,19,10,25.748683910648595,47.4,0.0474,0.2,0,nan,nan,nan,nan
