method_label,method,mode,train_seed,run_name,checkpoint_path,eval_seed,episode_rng_seed,episode_return,episode_cost,episode_length,success,violation_rate,min_clearance,path_length,start_pos,goal_pos,obstacle_pos,obstacle_radius,safe_margin,action_scale
SAC-Lag,sac_lag,raw,11,panda_final_star_cfg2_sac_lag_s11,/root/autodl-tmp/star_v2_storage/results/star_arm_panda/final/SafetyPandaReachObstacle-v0/sac_lag/panda_final_star_cfg2_sac_lag_s11/checkpoint/final.torch,910000,1483642967,-14.834108345443386,6.0,100,0.0,0.06,-0.0180118802189827,0.6684660288278792,"[0.4591338038444519, -0.16681917011737823, 0.2489236295223236]","[0.5657281875610352, 0.15428900718688965, 0.23395906388759613]","[0.4945596754550934, 0.008381843566894531, 0.27797478437423706]",0.07,0.13,0.03
Current-only-N,current_only_v2,raw,11,panda_final_star_cfg2_current_only_v2_s11,/root/autodl-tmp/star_v2_storage/results/star_arm_panda/final/SafetyPandaReachObstacle-v0/current_only_v2/panda_final_star_cfg2_current_only_v2_s11/checkpoint/final.torch,910000,737377352,-0.7444957520067691,10.0,10,1.0,1.0,-0.04818042099475861,0.33166668377816677,"[0.4591338038444519, -0.16681917011737823, 0.2489236295223236]","[0.5657281875610352, 0.15428900718688965, 0.23395906388759613]","[0.4945596754550934, 0.008381843566894531, 0.27797478437423706]",0.07,0.13,0.03
STAR,star_v2,raw,30,panda_showcase_refcorridor_star_v2_s30,/root/autodl-tmp/star_v2_storage/results/star_arm_panda/showcase_mechanism/SafetyPandaReachObstacle-v0/star_v2/panda_showcase_refcorridor_star_v2_s30/checkpoint/final.torch,910000,753346961,-2.272126229032875,23.0,23,1.0,1.0,-0.03194039046764374,0.4529565437696874,"[0.4591338038444519, -0.16681917011737823, 0.2489236295223236]","[0.5657281875610352, 0.15428900718688965, 0.23395906388759613]","[0.4945596754550934, 0.008381843566894531, 0.27797478437423706]",0.07,0.13,0.03
STAR+Exec,star_v2,star_exec,30,panda_showcase_refcorridor_star_v2_s30,/root/autodl-tmp/star_v2_storage/results/star_arm_panda/showcase_mechanism/SafetyPandaReachObstacle-v0/star_v2/panda_showcase_refcorridor_star_v2_s30/checkpoint/final.torch,910000,215997921,-50.83739271640779,0.0,100,0.0,0.0,0.07857968926429748,1.5830147672970725,"[0.4591338038444519, -0.16681917011737823, 0.2489236295223236]","[0.5657281875610352, 0.15428900718688965, 0.23395906388759613]","[0.4945596754550934, 0.008381843566894531, 0.27797478437423706]",0.07,0.13,0.03
SAC-Lag,sac_lag,raw,11,panda_final_star_cfg2_sac_lag_s11,/root/autodl-tmp/star_v2_storage/results/star_arm_panda/final/SafetyPandaReachObstacle-v0/sac_lag/panda_final_star_cfg2_sac_lag_s11/checkpoint/final.torch,910001,795453633,-1.5094536298513408,12.0,12,1.0,1.0,-0.08419784635305405,0.4269265253096819,"[0.44560709595680237, -0.1797521859407425, 0.2538333833217621]","[0.5601881742477417, 0.16514451801776886, 0.2537815570831299]","[0.48083993792533875, 0.005526252090930939, 0.22157403826713562]",0.07,0.13,0.03
Current-only-N,current_only_v2,raw,11,panda_final_star_cfg2_current_only_v2_s11,/root/autodl-tmp/star_v2_storage/results/star_arm_panda/final/SafetyPandaReachObstacle-v0/current_only_v2/panda_final_star_cfg2_current_only_v2_s11/checkpoint/final.torch,910001,1559514334,-1.043197204321623,10.0,11,1.0,0.9090909090909091,-0.06737403303384781,0.35940326750278473,"[0.44560709595680237, -0.1797521859407425, 0.2538333833217621]","[0.5601881742477417, 0.16514451801776886, 0.2537815570831299]","[0.48083993792533875, 0.005526252090930939, 0.22157403826713562]",0.07,0.13,0.03
STAR,star_v2,raw,30,panda_showcase_refcorridor_star_v2_s30,/root/autodl-tmp/star_v2_storage/results/star_arm_panda/showcase_mechanism/SafetyPandaReachObstacle-v0/star_v2/panda_showcase_refcorridor_star_v2_s30/checkpoint/final.torch,910001,1541413127,-2.2097610480338337,15.0,20,1.0,0.75,-0.03857376158237458,0.41215212456882,"[0.44560709595680237, -0.1797521859407425, 0.2538333833217621]","[0.5601881742477417, 0.16514451801776886, 0.2537815570831299]","[0.48083993792533875, 0.005526252090930939, 0.22157403826713562]",0.07,0.13,0.03
STAR+Exec,star_v2,star_exec,30,panda_showcase_refcorridor_star_v2_s30,/root/autodl-tmp/star_v2_storage/results/star_arm_panda/showcase_mechanism/SafetyPandaReachObstacle-v0/star_v2/panda_showcase_refcorridor_star_v2_s30/checkpoint/final.torch,910001,2077814135,-48.35784162342549,0.0,100,0.0,0.0,0.08986293792724609,0.9132679261950898,"[0.44560709595680237, -0.1797521859407425, 0.2538333833217621]","[0.5601881742477417, 0.16514451801776886, 0.2537815570831299]","[0.48083993792533875, 0.005526252090930939, 0.22157403826713562]",0.07,0.13,0.03
SAC-Lag,sac_lag,raw,11,panda_final_star_cfg2_sac_lag_s11,/root/autodl-tmp/star_v2_storage/results/star_arm_panda/final/SafetyPandaReachObstacle-v0/sac_lag/panda_final_star_cfg2_sac_lag_s11/checkpoint/final.torch,910002,912324987,-9.847232810676061,2.0,100,0.0,0.02,0.002529079914093013,0.6183746415786686,"[0.4555407762527466, -0.1825667917728424, 0.24598293006420135]","[0.5469568371772766, 0.1639651507139206, 0.2792972922325134]","[0.48671770095825195, -0.01778930053114891, 0.2616688907146454]",0.07,0.13,0.03
Current-only-N,current_only_v2,raw,11,panda_final_star_cfg2_current_only_v2_s11,/root/autodl-tmp/star_v2_storage/results/star_arm_panda/final/SafetyPandaReachObstacle-v0/current_only_v2/panda_final_star_cfg2_current_only_v2_s11/checkpoint/final.torch,910002,1174216036,-1.028015041872859,10.0,11,1.0,0.9090909090909091,-0.08556918531656266,0.35515490360558033,"[0.4555407762527466, -0.1825667917728424, 0.24598293006420135]","[0.5469568371772766, 0.1639651507139206, 0.2792972922325134]","[0.48671770095825195, -0.01778930053114891, 0.2616688907146454]",0.07,0.13,0.03
STAR,star_v2,raw,30,panda_showcase_refcorridor_star_v2_s30,/root/autodl-tmp/star_v2_storage/results/star_arm_panda/showcase_mechanism/SafetyPandaReachObstacle-v0/star_v2/panda_showcase_refcorridor_star_v2_s30/checkpoint/final.torch,910002,1122584765,-10.745463918309863,13.0,100,0.0,0.13,-0.04609052568674088,0.5665663060253792,"[0.4555407762527466, -0.1825667917728424, 0.24598293006420135]","[0.5469568371772766, 0.1639651507139206, 0.2792972922325134]","[0.48671770095825195, -0.01778930053114891, 0.2616688907146454]",0.07,0.13,0.03
STAR+Exec,star_v2,star_exec,30,panda_showcase_refcorridor_star_v2_s30,/root/autodl-tmp/star_v2_storage/results/star_arm_panda/showcase_mechanism/SafetyPandaReachObstacle-v0/star_v2/panda_showcase_refcorridor_star_v2_s30/checkpoint/final.torch,910002,1657912525,-46.801260006427746,0.0,100,0.0,0.0,0.038614849448204036,1.8733429329099636,"[0.4555407762527466, -0.1825667917728424, 0.24598293006420135]","[0.5469568371772766, 0.1639651507139206, 0.2792972922325134]","[0.48671770095825195, -0.01778930053114891, 0.2616688907146454]",0.07,0.13,0.03
SAC-Lag,sac_lag,raw,11,panda_final_star_cfg2_sac_lag_s11,/root/autodl-tmp/star_v2_storage/results/star_arm_panda/final/SafetyPandaReachObstacle-v0/sac_lag/panda_final_star_cfg2_sac_lag_s11/checkpoint/final.torch,910003,1097320941,-1.8482511839270597,11.0,13,1.0,0.8461538461538461,-0.08847355574369431,0.5085769798606634,"[0.43050119280815125, -0.1893039047718048, 0.2501784861087799]","[0.5882497429847717, 0.1926158368587494, 0.22692404687404633]","[0.5151283740997314, 0.014773422852158546, 0.24537335336208344]",0.07,0.13,0.03
Current-only-N,current_only_v2,raw,11,panda_final_star_cfg2_current_only_v2_s11,/root/autodl-tmp/star_v2_storage/results/star_arm_panda/final/SafetyPandaReachObstacle-v0/current_only_v2/panda_final_star_cfg2_current_only_v2_s11/checkpoint/final.torch,910003,855256562,-1.5332977391034364,10.0,12,1.0,0.8333333333333334,-0.07293328002095223,0.42668623477220535,"[0.43050119280815125, -0.1893039047718048, 0.2501784861087799]","[0.5882497429847717, 0.1926158368587494, 0.22692404687404633]","[0.5151283740997314, 0.014773422852158546, 0.24537335336208344]",0.07,0.13,0.03
STAR,star_v2,raw,30,panda_showcase_refcorridor_star_v2_s30,/root/autodl-tmp/star_v2_storage/results/star_arm_panda/showcase_mechanism/SafetyPandaReachObstacle-v0/star_v2/panda_showcase_refcorridor_star_v2_s30/checkpoint/final.torch,910003,904820779,-10.139415057250302,17.0,100,0.0,0.17,-0.06626640737056733,0.4761014040482223,"[0.43050119280815125, -0.1893039047718048, 0.2501784861087799]","[0.5882497429847717, 0.1926158368587494, 0.22692404687404633]","[0.5151283740997314, 0.014773422852158546, 0.24537335336208344]",0.07,0.13,0.03
STAR+Exec,star_v2,star_exec,30,panda_showcase_refcorridor_star_v2_s30,/root/autodl-tmp/star_v2_storage/results/star_arm_panda/showcase_mechanism/SafetyPandaReachObstacle-v0/star_v2/panda_showcase_refcorridor_star_v2_s30/checkpoint/final.torch,910003,366382171,-56.090150836706144,0.0,100,0.0,0.0,0.1315290880203247,0.6779077450307014,"[0.43050119280815125, -0.1893039047718048, 0.2501784861087799]","[0.5882497429847717, 0.1926158368587494, 0.22692404687404633]","[0.5151283740997314, 0.014773422852158546, 0.24537335336208344]",0.07,0.13,0.03
SAC-Lag,sac_lag,raw,11,panda_final_star_cfg2_sac_lag_s11,/root/autodl-tmp/star_v2_storage/results/star_arm_panda/final/SafetyPandaReachObstacle-v0/sac_lag/panda_final_star_cfg2_sac_lag_s11/checkpoint/final.torch,910004,1594055758,-12.225000545495316,11.0,100,0.0,0.11,-0.053181779682636265,0.5580031857468981,"[0.46119484305381775, -0.1933443546295166, 0.24988995492458344]","[0.5822731852531433, 0.15862852334976196, 0.21623492240905762]","[0.4956565201282501, 0.0034014566335827112, 0.26382455229759216]",0.07,0.13,0.03
Current-only-N,current_only_v2,raw,11,panda_final_star_cfg2_current_only_v2_s11,/root/autodl-tmp/star_v2_storage/results/star_arm_panda/final/SafetyPandaReachObstacle-v0/current_only_v2/panda_final_star_cfg2_current_only_v2_s11/checkpoint/final.torch,910004,748599377,-1.104602169394493,11.0,11,1.0,1.0,-0.040576470196247105,0.36890861950814724,"[0.46119484305381775, -0.1933443546295166, 0.24988995492458344]","[0.5822731852531433, 0.15862852334976196, 0.21623492240905762]","[0.4956565201282501, 0.0034014566335827112, 0.26382455229759216]",0.07,0.13,0.03
STAR,star_v2,raw,30,panda_showcase_refcorridor_star_v2_s30,/root/autodl-tmp/star_v2_storage/results/star_arm_panda/showcase_mechanism/SafetyPandaReachObstacle-v0/star_v2/panda_showcase_refcorridor_star_v2_s30/checkpoint/final.torch,910004,730525064,-3.196011454630643,23.0,28,1.0,0.8214285714285714,-0.02031828194856644,0.4950950895436108,"[0.46119484305381775, -0.1933443546295166, 0.24988995492458344]","[0.5822731852531433, 0.15862852334976196, 0.21623492240905762]","[0.4956565201282501, 0.0034014566335827112, 0.26382455229759216]",0.07,0.13,0.03
STAR+Exec,star_v2,star_exec,30,panda_showcase_refcorridor_star_v2_s30,/root/autodl-tmp/star_v2_storage/results/star_arm_panda/showcase_mechanism/SafetyPandaReachObstacle-v0/star_v2/panda_showcase_refcorridor_star_v2_s30/checkpoint/final.torch,910004,196221432,-49.3758400273323,0.0,100,0.0,0.0,0.0961609137058258,1.0453434511980504,"[0.46119484305381775, -0.1933443546295166, 0.24988995492458344]","[0.5822731852531433, 0.15862852334976196, 0.21623492240905762]","[0.4956565201282501, 0.0034014566335827112, 0.26382455229759216]",0.07,0.13,0.03
SAC-Lag,sac_lag,raw,11,panda_final_star_cfg2_sac_lag_s11,/root/autodl-tmp/star_v2_storage/results/star_arm_panda/final/SafetyPandaReachObstacle-v0/sac_lag/panda_final_star_cfg2_sac_lag_s11/checkpoint/final.torch,910005,671378648,-1.8430894269049163,10.0,13,1.0,0.7692307692307693,-0.08124556496739388,0.474954916164279,"[0.4361231029033661, -0.1772453933954239, 0.2361660897731781]","[0.5844542980194092, 0.20250603556632996, 0.23440320789813995]","[0.5019171833992004, -0.02361295372247696, 0.261642187833786]",0.07,0.13,0.03
Current-only-N,current_only_v2,raw,11,panda_final_star_cfg2_current_only_v2_s11,/root/autodl-tmp/star_v2_storage/results/star_arm_panda/final/SafetyPandaReachObstacle-v0/current_only_v2/panda_final_star_cfg2_current_only_v2_s11/checkpoint/final.torch,910005,1536788679,-7.4932114586853205,10.0,100,0.0,0.1,-0.07330483302474022,0.44715663408686623,"[0.4361231029033661, -0.1772453933954239, 0.2361660897731781]","[0.5844542980194092, 0.20250603556632996, 0.23440320789813995]","[0.5019171833992004, -0.02361295372247696, 0.261642187833786]",0.07,0.13,0.03
STAR,star_v2,raw,30,panda_showcase_refcorridor_star_v2_s30,/root/autodl-tmp/star_v2_storage/results/star_arm_panda/showcase_mechanism/SafetyPandaReachObstacle-v0/star_v2/panda_showcase_refcorridor_star_v2_s30/checkpoint/final.torch,910005,1552801054,-3.4161909098178147,13.0,30,1.0,0.43333333333333335,-0.0851662988960743,0.5229900842532516,"[0.4361231029033661, -0.1772453933954239, 0.2361660897731781]","[0.5844542980194092, 0.20250603556632996, 0.23440320789813995]","[0.5019171833992004, -0.02361295372247696, 0.261642187833786]",0.07,0.13,0.03
STAR+Exec,star_v2,star_exec,30,panda_showcase_refcorridor_star_v2_s30,/root/autodl-tmp/star_v2_storage/results/star_arm_panda/showcase_mechanism/SafetyPandaReachObstacle-v0/star_v2/panda_showcase_refcorridor_star_v2_s30/checkpoint/final.torch,910005,2092247406,-50.07322657227517,1.0,100,0.0,0.01,0.031067277193069454,3.813857449218631,"[0.4361231029033661, -0.1772453933954239, 0.2361660897731781]","[0.5844542980194092, 0.20250603556632996, 0.23440320789813995]","[0.5019171833992004, -0.02361295372247696, 0.261642187833786]",0.07,0.13,0.03
SAC-Lag,sac_lag,raw,11,panda_final_star_cfg2_sac_lag_s11,/root/autodl-tmp/star_v2_storage/results/star_arm_panda/final/SafetyPandaReachObstacle-v0/sac_lag/panda_final_star_cfg2_sac_lag_s11/checkpoint/final.torch,910006,822951266,-1.4959187339246274,10.0,12,1.0,0.8333333333333334,-0.09220153942704201,0.41546780429780483,"[0.45562171936035156, -0.17386271059513092, 0.23175284266471863]","[0.5712635517120361, 0.19125740230083466, 0.2765040695667267]","[0.47548437118530273, -0.011572698131203651, 0.23856733739376068]",0.07,0.13,0.03
Current-only-N,current_only_v2,raw,11,panda_final_star_cfg2_current_only_v2_s11,/root/autodl-tmp/star_v2_storage/results/star_arm_panda/final/SafetyPandaReachObstacle-v0/current_only_v2/panda_final_star_cfg2_current_only_v2_s11/checkpoint/final.torch,910006,1116789117,-1.2792719015479088,9.0,11,1.0,0.8181818181818182,-0.06790675699710846,0.3690242301672697,"[0.45562171936035156, -0.17386271059513092, 0.23175284266471863]","[0.5712635517120361, 0.19125740230083466, 0.2765040695667267]","[0.47548437118530273, -0.011572698131203651, 0.23856733739376068]",0.07,0.13,0.03
STAR,star_v2,raw,30,panda_showcase_refcorridor_star_v2_s30,/root/autodl-tmp/star_v2_storage/results/star_arm_panda/showcase_mechanism/SafetyPandaReachObstacle-v0/star_v2/panda_showcase_refcorridor_star_v2_s30/checkpoint/final.torch,910006,1166314660,-9.259697213572894,17.0,100,0.0,0.17,-0.027919379174709325,0.5693999666093532,"[0.45562171936035156, -0.17386271059513092, 0.23175284266471863]","[0.5712635517120361, 0.19125740230083466, 0.2765040695667267]","[0.47548437118530273, -0.011572698131203651, 0.23856733739376068]",0.07,0.13,0.03
STAR+Exec,star_v2,star_exec,30,panda_showcase_refcorridor_star_v2_s30,/root/autodl-tmp/star_v2_storage/results/star_arm_panda/showcase_mechanism/SafetyPandaReachObstacle-v0/star_v2/panda_showcase_refcorridor_star_v2_s30/checkpoint/final.torch,910006,1706850516,-49.864295852184284,0.0,100,0.0,0.0,0.06058562815189361,1.7807903475168132,"[0.45562171936035156, -0.17386271059513092, 0.23175284266471863]","[0.5712635517120361, 0.19125740230083466, 0.2765040695667267]","[0.47548437118530273, -0.011572698131203651, 0.23856733739376068]",0.07,0.13,0.03
SAC-Lag,sac_lag,raw,11,panda_final_star_cfg2_sac_lag_s11,/root/autodl-tmp/star_v2_storage/results/star_arm_panda/final/SafetyPandaReachObstacle-v0/sac_lag/panda_final_star_cfg2_sac_lag_s11/checkpoint/final.torch,910007,1175064052,-1.9016775384545326,11.0,13,1.0,0.8461538461538461,-0.09346748992800713,0.43433182314038277,"[0.46897536516189575, -0.1990162432193756, 0.25112536549568176]","[0.5407417416572571, 0.21002939343452454, 0.2852194011211395]","[0.49719566106796265, -0.01871640793979168, 0.22137270867824554]",0.07,0.13,0.03
Current-only-N,current_only_v2,raw,11,panda_final_star_cfg2_current_only_v2_s11,/root/autodl-tmp/star_v2_storage/results/star_arm_panda/final/SafetyPandaReachObstacle-v0/current_only_v2/panda_final_star_cfg2_current_only_v2_s11/checkpoint/final.torch,910007,899148267,-1.8372467529773706,11.0,13,1.0,0.8461538461538461,-0.06235086649656296,0.41959884762763977,"[0.46897536516189575, -0.1990162432193756, 0.25112536549568176]","[0.5407417416572571, 0.21002939343452454, 0.2852194011211395]","[0.49719566106796265, -0.01871640793979168, 0.22137270867824554]",0.07,0.13,0.03
STAR,star_v2,raw,30,panda_showcase_refcorridor_star_v2_s30,/root/autodl-tmp/star_v2_storage/results/star_arm_panda/showcase_mechanism/SafetyPandaReachObstacle-v0/star_v2/panda_showcase_refcorridor_star_v2_s30/checkpoint/final.torch,910007,847494194,-8.988205401764441,11.0,100,0.0,0.11,-0.03493039041757584,0.4900467691031736,"[0.46897536516189575, -0.1990162432193756, 0.25112536549568176]","[0.5407417416572571, 0.21002939343452454, 0.2852194011211395]","[0.49719566106796265, -0.01871640793979168, 0.22137270867824554]",0.07,0.13,0.03
STAR+Exec,star_v2,star_exec,30,panda_showcase_refcorridor_star_v2_s30,/root/autodl-tmp/star_v2_storage/results/star_arm_panda/showcase_mechanism/SafetyPandaReachObstacle-v0/star_v2/panda_showcase_refcorridor_star_v2_s30/checkpoint/final.torch,910007,314263618,-51.12858874082565,0.0,100,0.0,0.0,0.07021186769008636,2.3497617932152934,"[0.46897536516189575, -0.1990162432193756, 0.25112536549568176]","[0.5407417416572571, 0.21002939343452454, 0.2852194011211395]","[0.49719566106796265, -0.01871640793979168, 0.22137270867824554]",0.07,0.13,0.03
SAC-Lag,sac_lag,raw,11,panda_final_star_cfg2_sac_lag_s11,/root/autodl-tmp/star_v2_storage/results/star_arm_panda/final/SafetyPandaReachObstacle-v0/sac_lag/panda_final_star_cfg2_sac_lag_s11/checkpoint/final.torch,910008,1454706789,-1.3653508069366214,12.0,12,1.0,1.0,-0.12243054958060384,0.4676410034298897,"[0.46329838037490845, -0.1779516041278839, 0.2653532326221466]","[0.5869941711425781, 0.17438237369060516, 0.21584270894527435]","[0.5099503993988037, 0.022165726870298386, 0.22229884564876556]",0.07,0.13,0.03
Current-only-N,current_only_v2,raw,11,panda_final_star_cfg2_current_only_v2_s11,/root/autodl-tmp/star_v2_storage/results/star_arm_panda/final/SafetyPandaReachObstacle-v0/current_only_v2/panda_final_star_cfg2_current_only_v2_s11/checkpoint/final.torch,910008,623441018,-1.1224780881404879,11.0,11,1.0,1.0,-0.06493392318487168,0.3668758384883404,"[0.46329838037490845, -0.1779516041278839, 0.2653532326221466]","[0.5869941711425781, 0.17438237369060516, 0.21584270894527435]","[0.5099503993988037, 0.022165726870298386, 0.22229884564876556]",0.07,0.13,0.03
STAR,star_v2,raw,30,panda_showcase_refcorridor_star_v2_s30,/root/autodl-tmp/star_v2_storage/results/star_arm_panda/showcase_mechanism/SafetyPandaReachObstacle-v0/star_v2/panda_showcase_refcorridor_star_v2_s30/checkpoint/final.torch,910008,574398883,-11.78376921191812,99.0,100,0.0,0.99,-0.045346637368202214,0.3802670186632895,"[0.46329838037490845, -0.1779516041278839, 0.2653532326221466]","[0.5869941711425781, 0.17438237369060516, 0.21584270894527435]","[0.5099503993988037, 0.022165726870298386, 0.22229884564876556]",0.07,0.13,0.03
STAR+Exec,star_v2,star_exec,30,panda_showcase_refcorridor_star_v2_s30,/root/autodl-tmp/star_v2_storage/results/star_arm_panda/showcase_mechanism/SafetyPandaReachObstacle-v0/star_v2/panda_showcase_refcorridor_star_v2_s30/checkpoint/final.torch,910008,33838547,-50.587638239860524,0.0,100,0.0,0.0,0.10520329594612121,1.4008765403223151,"[0.46329838037490845, -0.1779516041278839, 0.2653532326221466]","[0.5869941711425781, 0.17438237369060516, 0.21584270894527435]","[0.5099503993988037, 0.022165726870298386, 0.22229884564876556]",0.07,0.13,0.03
SAC-Lag,sac_lag,raw,11,panda_final_star_cfg2_sac_lag_s11,/root/autodl-tmp/star_v2_storage/results/star_arm_panda/final/SafetyPandaReachObstacle-v0/sac_lag/panda_final_star_cfg2_sac_lag_s11/checkpoint/final.torch,910009,565321971,-1.0578519988059996,11.0,11,1.0,1.0,-0.09407216787338257,0.363421518355608,"[0.4692404270172119, -0.17034973204135895, 0.24742722511291504]","[0.5364141464233398, 0.15847492218017578, 0.24610121548175812]","[0.4742928743362427, -0.01769094541668892, 0.22137343883514404]",0.07,0.13,0.03
Current-only-N,current_only_v2,raw,11,panda_final_star_cfg2_current_only_v2_s11,/root/autodl-tmp/star_v2_storage/results/star_arm_panda/final/SafetyPandaReachObstacle-v0/current_only_v2/panda_final_star_cfg2_current_only_v2_s11/checkpoint/final.torch,910009,1378862316,-0.7951359196007252,10.0,10,1.0,1.0,-0.08131136849522591,0.3136943746358156,"[0.4692404270172119, -0.17034973204135895, 0.24742722511291504]","[0.5364141464233398, 0.15847492218017578, 0.24610121548175812]","[0.4742928743362427, -0.01769094541668892, 0.22137343883514404]",0.07,0.13,0.03
STAR,star_v2,raw,30,panda_showcase_refcorridor_star_v2_s30,/root/autodl-tmp/star_v2_storage/results/star_arm_panda/showcase_mechanism/SafetyPandaReachObstacle-v0/star_v2/panda_showcase_refcorridor_star_v2_s30/checkpoint/final.torch,910009,1429967157,-1.365557587593794,10.0,14,1.0,0.7142857142857143,-0.044973251521587376,0.3342886995524168,"[0.4692404270172119, -0.17034973204135895, 0.24742722511291504]","[0.5364141464233398, 0.15847492218017578, 0.24610121548175812]","[0.4742928743362427, -0.01769094541668892, 0.22137343883514404]",0.07,0.13,0.03
STAR+Exec,star_v2,star_exec,30,panda_showcase_refcorridor_star_v2_s30,/root/autodl-tmp/star_v2_storage/results/star_arm_panda/showcase_mechanism/SafetyPandaReachObstacle-v0/star_v2/panda_showcase_refcorridor_star_v2_s30/checkpoint/final.torch,910009,1963156805,-50.20237908780576,0.0,100,0.0,0.0,0.051590899825096126,0.6897818752859166,"[0.4692404270172119, -0.17034973204135895, 0.24742722511291504]","[0.5364141464233398, 0.15847492218017578, 0.24610121548175812]","[0.4742928743362427, -0.01769094541668892, 0.22137343883514404]",0.07,0.13,0.03
SAC-Lag,sac_lag,raw,11,panda_final_star_cfg2_sac_lag_s11,/root/autodl-tmp/star_v2_storage/results/star_arm_panda/final/SafetyPandaReachObstacle-v0/sac_lag/panda_final_star_cfg2_sac_lag_s11/checkpoint/final.torch,910010,1098230038,-1.8309132370352743,11.0,15,1.0,0.7333333333333333,-0.04275233775377274,0.43835387844592333,"[0.4330595135688782, -0.16502629220485687, 0.25957995653152466]","[0.5202191472053528, 0.2055962085723877, 0.2875972390174866]","[0.49345359206199646, -0.015004286542534828, 0.24830104410648346]",0.07,0.13,0.03
Current-only-N,current_only_v2,raw,11,panda_final_star_cfg2_current_only_v2_s11,/root/autodl-tmp/star_v2_storage/results/star_arm_panda/final/SafetyPandaReachObstacle-v0/current_only_v2/panda_final_star_cfg2_current_only_v2_s11/checkpoint/final.torch,910010,854084873,-1.3478874368965625,10.0,12,1.0,0.8333333333333334,-0.0900292518734932,0.3909296225756407,"[0.4330595135688782, -0.16502629220485687, 0.25957995653152466]","[0.5202191472053528, 0.2055962085723877, 0.2875972390174866]","[0.49345359206199646, -0.015004286542534828, 0.24830104410648346]",0.07,0.13,0.03
STAR,star_v2,raw,30,panda_showcase_refcorridor_star_v2_s30,/root/autodl-tmp/star_v2_storage/results/star_arm_panda/showcase_mechanism/SafetyPandaReachObstacle-v0/star_v2/panda_showcase_refcorridor_star_v2_s30/checkpoint/final.torch,910010,905713872,-8.971476070694628,10.0,100,0.0,0.1,-0.07397680833935738,0.4823431770487332,"[0.4330595135688782, -0.16502629220485687, 0.25957995653152466]","[0.5202191472053528, 0.2055962085723877, 0.2875972390174866]","[0.49345359206199646, -0.015004286542534828, 0.24830104410648346]",0.07,0.13,0.03
STAR+Exec,star_v2,star_exec,30,panda_showcase_refcorridor_star_v2_s30,/root/autodl-tmp/star_v2_storage/results/star_arm_panda/showcase_mechanism/SafetyPandaReachObstacle-v0/star_v2/panda_showcase_refcorridor_star_v2_s30/checkpoint/final.torch,910010,365227168,-51.06943791985511,0.0,100,0.0,0.0,0.024829293489456172,1.8425174116900962,"[0.4330595135688782, -0.16502629220485687, 0.25957995653152466]","[0.5202191472053528, 0.2055962085723877, 0.2875972390174866]","[0.49345359206199646, -0.015004286542534828, 0.24830104410648346]",0.07,0.13,0.03
SAC-Lag,sac_lag,raw,11,panda_final_star_cfg2_sac_lag_s11,/root/autodl-tmp/star_v2_storage/results/star_arm_panda/final/SafetyPandaReachObstacle-v0/sac_lag/panda_final_star_cfg2_sac_lag_s11/checkpoint/final.torch,910011,913480064,-1.4363229340314867,12.0,13,1.0,0.9230769230769231,-0.06629755079746247,0.42300716787576675,"[0.43166741728782654, -0.18421749770641327, 0.2655019164085388]","[0.5830144882202148, 0.15170632302761078, 0.2722437083721161]","[0.5263761281967163, 0.010029367171227932, 0.23295922577381134]",0.07,0.13,0.03
Current-only-N,current_only_v2,raw,11,panda_final_star_cfg2_current_only_v2_s11,/root/autodl-tmp/star_v2_storage/results/star_arm_panda/final/SafetyPandaReachObstacle-v0/current_only_v2/panda_final_star_cfg2_current_only_v2_s11/checkpoint/final.torch,910011,1173323167,-0.9408961766958237,9.0,10,1.0,0.9,-0.07665692374110222,0.3364311344921589,"[0.43166741728782654, -0.18421749770641327, 0.2655019164085388]","[0.5830144882202148, 0.15170632302761078, 0.2722437083721161]","[0.5263761281967163, 0.010029367171227932, 0.23295922577381134]",0.07,0.13,0.03
STAR,star_v2,raw,30,panda_showcase_refcorridor_star_v2_s30,/root/autodl-tmp/star_v2_storage/results/star_arm_panda/showcase_mechanism/SafetyPandaReachObstacle-v0/star_v2/panda_showcase_refcorridor_star_v2_s30/checkpoint/final.torch,910011,1123756102,-2.814593878868035,25.0,33,1.0,0.7575757575757576,-0.06968123570084572,0.41582901030778885,"[0.43166741728782654, -0.18421749770641327, 0.2655019164085388]","[0.5830144882202148, 0.15170632302761078, 0.2722437083721161]","[0.5263761281967163, 0.010029367171227932, 0.23295922577381134]",0.07,0.13,0.03
STAR+Exec,star_v2,star_exec,30,panda_showcase_refcorridor_star_v2_s30,/root/autodl-tmp/star_v2_storage/results/star_arm_panda/showcase_mechanism/SafetyPandaReachObstacle-v0/star_v2/panda_showcase_refcorridor_star_v2_s30/checkpoint/final.torch,910011,1657003062,-51.23543515682219,0.0,100,0.0,0.0,0.13210027933120727,0.9146133542076171,"[0.43166741728782654, -0.18421749770641327, 0.2655019164085388]","[0.5830144882202148, 0.15170632302761078, 0.2722437083721161]","[0.5263761281967163, 0.010029367171227932, 0.23295922577381134]",0.07,0.13,0.03
SAC-Lag,sac_lag,raw,11,panda_final_star_cfg2_sac_lag_s11,/root/autodl-tmp/star_v2_storage/results/star_arm_panda/final/SafetyPandaReachObstacle-v0/sac_lag/panda_final_star_cfg2_sac_lag_s11/checkpoint/final.torch,910012,796641338,-1.6026145935058596,11.0,12,1.0,0.9166666666666666,-0.07322247058153153,0.45071888715028763,"[0.4674699008464813, -0.16327178478240967, 0.2496587187051773]","[0.5236610174179077, 0.21743391454219818, 0.23713073134422302]","[0.49853143095970154, 0.01895977184176445, 0.24679584801197052]",0.07,0.13,0.03
Current-only-N,current_only_v2,raw,11,panda_final_star_cfg2_current_only_v2_s11,/root/autodl-tmp/star_v2_storage/results/star_arm_panda/final/SafetyPandaReachObstacle-v0/current_only_v2/panda_final_star_cfg2_current_only_v2_s11/checkpoint/final.torch,910012,1558588453,-1.4142341186106209,11.0,12,1.0,0.9166666666666666,-0.12342693062499166,0.36518197506666183,"[0.4674699008464813, -0.16327178478240967, 0.2496587187051773]","[0.5236610174179077, 0.21743391454219818, 0.23713073134422302]","[0.49853143095970154, 0.01895977184176445, 0.24679584801197052]",0.07,0.13,0.03
STAR,star_v2,raw,30,panda_showcase_refcorridor_star_v2_s30,/root/autodl-tmp/star_v2_storage/results/star_arm_panda/showcase_mechanism/SafetyPandaReachObstacle-v0/star_v2/panda_showcase_refcorridor_star_v2_s30/checkpoint/final.torch,910012,1542617596,-8.497563500397378,15.0,100,0.0,0.15,-0.06490894138813019,0.5374561359940344,"[0.4674699008464813, -0.16327178478240967, 0.2496587187051773]","[0.5236610174179077, 0.21743391454219818, 0.23713073134422302]","[0.49853143095970154, 0.01895977184176445, 0.24679584801197052]",0.07,0.13,0.03
STAR+Exec,star_v2,star_exec,30,panda_showcase_refcorridor_star_v2_s30,/root/autodl-tmp/star_v2_storage/results/star_arm_panda/showcase_mechanism/SafetyPandaReachObstacle-v0/star_v2/panda_showcase_refcorridor_star_v2_s30/checkpoint/final.torch,910012,2076872076,-55.07475735843182,0.0,100,0.0,0.0,0.08649989485740661,1.1236213376882915,"[0.4674699008464813, -0.16327178478240967, 0.2496587187051773]","[0.5236610174179077, 0.21743391454219818, 0.23713073134422302]","[0.49853143095970154, 0.01895977184176445, 0.24679584801197052]",0.07,0.13,0.03
SAC-Lag,sac_lag,raw,11,panda_final_star_cfg2_sac_lag_s11,/root/autodl-tmp/star_v2_storage/results/star_arm_panda/final/SafetyPandaReachObstacle-v0/sac_lag/panda_final_star_cfg2_sac_lag_s11/checkpoint/final.torch,910013,1484585132,-10.564698093524846,5.0,100,0.0,0.05,-0.019487542212009434,0.5056483763950865,"[0.435813844203949, -0.19050408899784088, 0.2605939507484436]","[0.5179325938224792, 0.16356699168682098, 0.25617092847824097]","[0.5228843092918396, -0.013941570185124874, 0.268226683139801]",0.07,0.13,0.03
Current-only-N,current_only_v2,raw,11,panda_final_star_cfg2_current_only_v2_s11,/root/autodl-tmp/star_v2_storage/results/star_arm_panda/final/SafetyPandaReachObstacle-v0/current_only_v2/panda_final_star_cfg2_current_only_v2_s11/checkpoint/final.torch,910013,736173235,-1.0947406549751761,10.0,11,1.0,0.9090909090909091,-0.11228284344077111,0.34246207773685455,"[0.435813844203949, -0.19050408899784088, 0.2605939507484436]","[0.5179325938224792, 0.16356699168682098, 0.25617092847824097]","[0.5228843092918396, -0.013941570185124874, 0.268226683139801]",0.07,0.13,0.03
STAR,star_v2,raw,30,panda_showcase_refcorridor_star_v2_s30,/root/autodl-tmp/star_v2_storage/results/star_arm_panda/showcase_mechanism/SafetyPandaReachObstacle-v0/star_v2/panda_showcase_refcorridor_star_v2_s30/checkpoint/final.torch,910013,754272618,-9.427683824388234,11.0,100,0.0,0.11,-0.10460834309458733,0.5144002825300049,"[0.435813844203949, -0.19050408899784088, 0.2605939507484436]","[0.5179325938224792, 0.16356699168682098, 0.25617092847824097]","[0.5228843092918396, -0.013941570185124874, 0.268226683139801]",0.07,0.13,0.03
STAR+Exec,star_v2,star_exec,30,panda_showcase_refcorridor_star_v2_s30,/root/autodl-tmp/star_v2_storage/results/star_arm_panda/showcase_mechanism/SafetyPandaReachObstacle-v0/star_v2/panda_showcase_refcorridor_star_v2_s30/checkpoint/final.torch,910013,214809882,-48.25093597918748,0.0,100,0.0,0.0,0.08671046316623687,1.6182509374912115,"[0.435813844203949, -0.19050408899784088, 0.2605939507484436]","[0.5179325938224792, 0.16356699168682098, 0.25617092847824097]","[0.5228843092918396, -0.013941570185124874, 0.268226683139801]",0.07,0.13,0.03
SAC-Lag,sac_lag,raw,11,panda_final_star_cfg2_sac_lag_s11,/root/autodl-tmp/star_v2_storage/results/star_arm_panda/final/SafetyPandaReachObstacle-v0/sac_lag/panda_final_star_cfg2_sac_lag_s11/checkpoint/final.torch,910014,1176005903,-2.478448199970881,9.0,26,1.0,0.34615384615384615,-0.05106116563081742,0.50703224982135,"[0.4364795982837677, -0.19794340431690216, 0.24517467617988586]","[0.5535084009170532, 0.1662493199110031, 0.2887518107891083]","[0.4839707016944885, -0.02394518442451954, 0.22346214950084686]",0.07,0.13,0.03
Current-only-N,current_only_v2,raw,11,panda_final_star_cfg2_current_only_v2_s11,/root/autodl-tmp/star_v2_storage/results/star_arm_panda/final/SafetyPandaReachObstacle-v0/current_only_v2/panda_final_star_cfg2_current_only_v2_s11/checkpoint/final.torch,910014,897943824,-1.2573706537485116,10.0,11,1.0,0.9090909090909091,-0.053376925289630894,0.3699532188475132,"[0.4364795982837677, -0.19794340431690216, 0.24517467617988586]","[0.5535084009170532, 0.1662493199110031, 0.2887518107891083]","[0.4839707016944885, -0.02394518442451954, 0.22346214950084686]",0.07,0.13,0.03
STAR,star_v2,raw,30,panda_showcase_refcorridor_star_v2_s30,/root/autodl-tmp/star_v2_storage/results/star_arm_panda/showcase_mechanism/SafetyPandaReachObstacle-v0/star_v2/panda_showcase_refcorridor_star_v2_s30/checkpoint/final.torch,910014,848420041,-2.091397701054812,14.0,17,1.0,0.8235294117647058,-0.04924691200256348,0.39864124171435833,"[0.4364795982837677, -0.19794340431690216, 0.24517467617988586]","[0.5535084009170532, 0.1662493199110031, 0.2887518107891083]","[0.4839707016944885, -0.02394518442451954, 0.22346214950084686]",0.07,0.13,0.03
STAR+Exec,star_v2,star_exec,30,panda_showcase_refcorridor_star_v2_s30,/root/autodl-tmp/star_v2_storage/results/star_arm_panda/showcase_mechanism/SafetyPandaReachObstacle-v0/star_v2/panda_showcase_refcorridor_star_v2_s30/checkpoint/final.torch,910014,313075897,-50.14248447239399,0.0,100,0.0,0.0,0.06926680624485015,0.7527107173436889,"[0.4364795982837677, -0.19794340431690216, 0.24517467617988586]","[0.5535084009170532, 0.1662493199110031, 0.2887518107891083]","[0.4839707016944885, -0.02394518442451954, 0.22346214950084686]",0.07,0.13,0.03
SAC-Lag,sac_lag,raw,11,panda_final_star_cfg2_sac_lag_s11,/root/autodl-tmp/star_v2_storage/results/star_arm_panda/final/SafetyPandaReachObstacle-v0/sac_lag/panda_final_star_cfg2_sac_lag_s11/checkpoint/final.torch,910015,824139161,-1.8900973743200304,10.0,13,1.0,0.7692307692307693,-0.07077825546264649,0.4282102882862091,"[0.4432466924190521, -0.1977342665195465, 0.2393081784248352]","[0.5265074372291565, 0.20666563510894775, 0.26566779613494873]","[0.5167279839515686, -0.008998537436127663, 0.26135143637657166]",0.07,0.13,0.03
Current-only-N,current_only_v2,raw,11,panda_final_star_cfg2_current_only_v2_s11,/root/autodl-tmp/star_v2_storage/results/star_arm_panda/final/SafetyPandaReachObstacle-v0/current_only_v2/panda_final_star_cfg2_current_only_v2_s11/checkpoint/final.torch,910015,1115863430,-1.7659538400173185,11.0,13,1.0,0.8461538461538461,-0.11839643225073815,0.41665345802903175,"[0.4432466924190521, -0.1977342665195465, 0.2393081784248352]","[0.5265074372291565, 0.20666563510894775, 0.26566779613494873]","[0.5167279839515686, -0.008998537436127663, 0.26135143637657166]",0.07,0.13,0.03
STAR,star_v2,raw,30,panda_showcase_refcorridor_star_v2_s30,/root/autodl-tmp/star_v2_storage/results/star_arm_panda/showcase_mechanism/SafetyPandaReachObstacle-v0/star_v2/panda_showcase_refcorridor_star_v2_s30/checkpoint/final.torch,910015,1167518815,-8.843075033575294,12.0,100,0.0,0.12,-0.08108646154403687,0.5299886883419731,"[0.4432466924190521, -0.1977342665195465, 0.2393081784248352]","[0.5265074372291565, 0.20666563510894775, 0.26566779613494873]","[0.5167279839515686, -0.008998537436127663, 0.26135143637657166]",0.07,0.13,0.03
STAR+Exec,star_v2,star_exec,30,panda_showcase_refcorridor_star_v2_s30,/root/autodl-tmp/star_v2_storage/results/star_arm_panda/showcase_mechanism/SafetyPandaReachObstacle-v0/star_v2/panda_showcase_refcorridor_star_v2_s30/checkpoint/final.torch,910015,1705908271,-35.70705007866025,1.0,100,0.0,0.01,0.03926009953022003,2.264105426950664,"[0.4432466924190521, -0.1977342665195465, 0.2393081784248352]","[0.5265074372291565, 0.20666563510894775, 0.26566779613494873]","[0.5167279839515686, -0.008998537436127663, 0.26135143637657166]",0.07,0.13,0.03
SAC-Lag,sac_lag,raw,11,panda_final_star_cfg2_sac_lag_s11,/root/autodl-tmp/star_v2_storage/results/star_arm_panda/final/SafetyPandaReachObstacle-v0/sac_lag/panda_final_star_cfg2_sac_lag_s11/checkpoint/final.torch,910016,672533539,-2.1368969646096234,11.0,14,1.0,0.7857142857142857,-0.10450602054595948,0.5100610423833132,"[0.45195505023002625, -0.19822993874549866, 0.2578319311141968]","[0.5760295391082764, 0.21496331691741943, 0.2400263100862503]","[0.4939251244068146, -0.015510350465774536, 0.271635502576828]",0.07,0.13,0.03
Current-only-N,current_only_v2,raw,11,panda_final_star_cfg2_current_only_v2_s11,/root/autodl-tmp/star_v2_storage/results/star_arm_panda/final/SafetyPandaReachObstacle-v0/current_only_v2/panda_final_star_cfg2_current_only_v2_s11/checkpoint/final.torch,910016,1535895612,-1.9695216497778896,10.0,14,1.0,0.7142857142857143,-0.05936544865369797,0.45646056719124317,"[0.45195505023002625, -0.19822993874549866, 0.2578319311141968]","[0.5760295391082764, 0.21496331691741943, 0.2400263100862503]","[0.4939251244068146, -0.015510350465774536, 0.271635502576828]",0.07,0.13,0.03
STAR,star_v2,raw,30,panda_showcase_refcorridor_star_v2_s30,/root/autodl-tmp/star_v2_storage/results/star_arm_panda/showcase_mechanism/SafetyPandaReachObstacle-v0/star_v2/panda_showcase_refcorridor_star_v2_s30/checkpoint/final.torch,910016,1553972709,-5.645063889101148,16.0,45,1.0,0.35555555555555557,-0.035053541064262395,0.6286994102993049,"[0.45195505023002625, -0.19822993874549866, 0.2578319311141968]","[0.5760295391082764, 0.21496331691741943, 0.2400263100862503]","[0.4939251244068146, -0.015510350465774536, 0.271635502576828]",0.07,0.13,0.03
STAR+Exec,star_v2,star_exec,30,panda_showcase_refcorridor_star_v2_s30,/root/autodl-tmp/star_v2_storage/results/star_arm_panda/showcase_mechanism/SafetyPandaReachObstacle-v0/star_v2/panda_showcase_refcorridor_star_v2_s30/checkpoint/final.torch,910016,2091338133,-55.61746238648892,0.0,100,0.0,0.0,0.09429762780666351,1.8381883386250593,"[0.45195505023002625, -0.19822993874549866, 0.2578319311141968]","[0.5760295391082764, 0.21496331691741943, 0.2400263100862503]","[0.4939251244068146, -0.015510350465774536, 0.271635502576828]",0.07,0.13,0.03
SAC-Lag,sac_lag,raw,11,panda_final_star_cfg2_sac_lag_s11,/root/autodl-tmp/star_v2_storage/results/star_arm_panda/final/SafetyPandaReachObstacle-v0/sac_lag/panda_final_star_cfg2_sac_lag_s11/checkpoint/final.torch,910017,1594965173,-1.704721326828003,11.0,12,1.0,0.9166666666666666,-0.08056544989347458,0.44056924991309643,"[0.43836238980293274, -0.18054668605327606, 0.2413732260465622]","[0.5523107647895813, 0.1880369633436203, 0.2537473142147064]","[0.49219685792922974, -0.021981339901685715, 0.2641586363315582]",0.07,0.13,0.03
Current-only-N,current_only_v2,raw,11,panda_final_star_cfg2_current_only_v2_s11,/root/autodl-tmp/star_v2_storage/results/star_arm_panda/final/SafetyPandaReachObstacle-v0/current_only_v2/panda_final_star_cfg2_current_only_v2_s11/checkpoint/final.torch,910017,747428010,-1.278298611193895,10.0,11,1.0,0.9090909090909091,-0.08165445283055306,0.37056854739785194,"[0.43836238980293274, -0.18054668605327606, 0.2413732260465622]","[0.5523107647895813, 0.1880369633436203, 0.2537473142147064]","[0.49219685792922974, -0.021981339901685715, 0.2641586363315582]",0.07,0.13,0.03
STAR,star_v2,raw,30,panda_showcase_refcorridor_star_v2_s30,/root/autodl-tmp/star_v2_storage/results/star_arm_panda/showcase_mechanism/SafetyPandaReachObstacle-v0/star_v2/panda_showcase_refcorridor_star_v2_s30/checkpoint/final.torch,910017,731417971,-9.834176226059789,13.0,100,0.0,0.13,-0.06475622683763504,0.5934443344576721,"[0.43836238980293274, -0.18054668605327606, 0.2413732260465622]","[0.5523107647895813, 0.1880369633436203, 0.2537473142147064]","[0.49219685792922974, -0.021981339901685715, 0.2641586363315582]",0.07,0.13,0.03
STAR+Exec,star_v2,star_exec,30,panda_showcase_refcorridor_star_v2_s30,/root/autodl-tmp/star_v2_storage/results/star_arm_panda/showcase_mechanism/SafetyPandaReachObstacle-v0/star_v2/panda_showcase_refcorridor_star_v2_s30/checkpoint/final.torch,910017,195066115,-52.627464152276495,0.0,100,0.0,0.0,0.07032548904418945,1.4360483540854148,"[0.43836238980293274, -0.18054668605327606, 0.2413732260465622]","[0.5523107647895813, 0.1880369633436203, 0.2537473142147064]","[0.49219685792922974, -0.021981339901685715, 0.2641586363315582]",0.07,0.13,0.03
SAC-Lag,sac_lag,raw,11,panda_final_star_cfg2_sac_lag_s11,/root/autodl-tmp/star_v2_storage/results/star_arm_panda/final/SafetyPandaReachObstacle-v0/sac_lag/panda_final_star_cfg2_sac_lag_s11/checkpoint/final.torch,910018,1336811812,-1.2149075394868851,11.0,11,1.0,1.0,-0.10365856729447842,0.39981329441070557,"[0.456320196390152, -0.165841206908226, 0.24563956260681152]","[0.5862439274787903, 0.18217654526233673, 0.2716946303844452]","[0.5023888349533081, -0.0025761183351278305, 0.26659712195396423]",0.07,0.13,0.03
Current-only-N,current_only_v2,raw,11,panda_final_star_cfg2_current_only_v2_s11,/root/autodl-tmp/star_v2_storage/results/star_arm_panda/final/SafetyPandaReachObstacle-v0/current_only_v2/panda_final_star_cfg2_current_only_v2_s11/checkpoint/final.torch,910018,1010025787,-1.0796048592031005,10.0,11,1.0,0.9090909090909091,-0.07086821377277375,0.36966321989893913,"[0.456320196390152, -0.165841206908226, 0.24563956260681152]","[0.5862439274787903, 0.18217654526233673, 0.2716946303844452]","[0.5023888349533081, -0.0025761183351278305, 0.26659712195396423]",0.07,0.13,0.03
STAR,star_v2,raw,30,panda_showcase_refcorridor_star_v2_s30,/root/autodl-tmp/star_v2_storage/results/star_arm_panda/showcase_mechanism/SafetyPandaReachObstacle-v0/star_v2/panda_showcase_refcorridor_star_v2_s30/checkpoint/final.torch,910018,992448738,-7.9898562848267884,14.0,100,0.0,0.14,-0.052363713383674626,0.5214583362410394,"[0.456320196390152, -0.165841206908226, 0.24563956260681152]","[0.5862439274787903, 0.18217654526233673, 0.2716946303844452]","[0.5023888349533081, -0.0025761183351278305, 0.26659712195396423]",0.07,0.13,0.03
STAR+Exec,star_v2,star_exec,30,panda_showcase_refcorridor_star_v2_s30,/root/autodl-tmp/star_v2_storage/results/star_arm_panda/showcase_mechanism/SafetyPandaReachObstacle-v0/star_v2/panda_showcase_refcorridor_star_v2_s30/checkpoint/final.torch,910018,455042194,-53.30627169549463,0.0,100,0.0,0.0,0.07636704564094543,1.2979899009214932,"[0.456320196390152, -0.165841206908226, 0.24563956260681152]","[0.5862439274787903, 0.18217654526233673, 0.2716946303844452]","[0.5023888349533081, -0.0025761183351278305, 0.26659712195396423]",0.07,0.13,0.03
SAC-Lag,sac_lag,raw,11,panda_final_star_cfg2_sac_lag_s11,/root/autodl-tmp/star_v2_storage/results/star_arm_panda/final/SafetyPandaReachObstacle-v0/sac_lag/panda_final_star_cfg2_sac_lag_s11/checkpoint/final.torch,910019,950604210,-1.2433076657354831,11.0,11,1.0,1.0,-0.09669721975922585,0.38887705840170383,"[0.4441775679588318, -0.16219496726989746, 0.23068195581436157]","[0.566687285900116, 0.19476956129074097, 0.2706456184387207]","[0.5009355545043945, 0.0005436352221295238, 0.23627261817455292]",0.07,0.13,0.03
Current-only-N,current_only_v2,raw,11,panda_final_star_cfg2_current_only_v2_s11,/root/autodl-tmp/star_v2_storage/results/star_arm_panda/final/SafetyPandaReachObstacle-v0/current_only_v2/panda_final_star_cfg2_current_only_v2_s11/checkpoint/final.torch,910019,1261761965,-1.1692477016150948,10.0,11,1.0,0.9090909090909091,-0.08172523334622384,0.37009076960384846,"[0.4441775679588318, -0.16219496726989746, 0.23068195581436157]","[0.566687285900116, 0.19476956129074097, 0.2706456184387207]","[0.5009355545043945, 0.0005436352221295238, 0.23627261817455292]",0.07,0.13,0.03
STAR,star_v2,raw,30,panda_showcase_refcorridor_star_v2_s30,/root/autodl-tmp/star_v2_storage/results/star_arm_panda/showcase_mechanism/SafetyPandaReachObstacle-v0/star_v2/panda_showcase_refcorridor_star_v2_s30/checkpoint/final.torch,910019,1277206644,-2.472154974881559,11.0,22,1.0,0.5,-0.06407345563173295,0.44670262234285474,"[0.4441775679588318, -0.16219496726989746, 0.23068195581436157]","[0.566687285900116, 0.19476956129074097, 0.2706456184387207]","[0.5009355545043945, 0.0005436352221295238, 0.23627261817455292]",0.07,0.13,0.03
STAR+Exec,star_v2,star_exec,30,panda_showcase_refcorridor_star_v2_s30,/root/autodl-tmp/star_v2_storage/results/star_arm_panda/showcase_mechanism/SafetyPandaReachObstacle-v0/star_v2/panda_showcase_refcorridor_star_v2_s30/checkpoint/final.torch,910019,1813533700,-51.75294263601303,0.0,100,0.0,0.0,0.05492284417152404,1.1576441709817118,"[0.4441775679588318, -0.16219496726989746, 0.23068195581436157]","[0.566687285900116, 0.19476956129074097, 0.2706456184387207]","[0.5009355545043945, 0.0005436352221295238, 0.23627261817455292]",0.07,0.13,0.03
SAC-Lag,sac_lag,raw,11,panda_final_star_cfg2_sac_lag_s11,/root/autodl-tmp/star_v2_storage/results/star_arm_panda/final/SafetyPandaReachObstacle-v0/sac_lag/panda_final_star_cfg2_sac_lag_s11/checkpoint/final.torch,910020,1784216277,-1.6736986449360851,12.0,12,1.0,1.0,-0.10552313841879368,0.4119800664484501,"[0.45129284262657166, -0.1855560839176178, 0.23811985552310944]","[0.540400505065918, 0.19972512125968933, 0.2735091745853424]","[0.4940098226070404, -0.0011359733762219548, 0.24193638563156128]",0.07,0.13,0.03
Current-only-N,current_only_v2,raw,11,panda_final_star_cfg2_current_only_v2_s11,/root/autodl-tmp/star_v2_storage/results/star_arm_panda/final/SafetyPandaReachObstacle-v0/current_only_v2/panda_final_star_cfg2_current_only_v2_s11/checkpoint/final.torch,910020,432348874,-1.49310872554779,11.0,12,1.0,0.9166666666666666,-0.08773456618189812,0.39041844569146633,"[0.45129284262657166, -0.1855560839176178, 0.23811985552310944]","[0.540400505065918, 0.19972512125968933, 0.2735091745853424]","[0.4940098226070404, -0.0011359733762219548, 0.24193638563156128]",0.07,0.13,0.03
STAR,star_v2,raw,30,panda_showcase_refcorridor_star_v2_s30,/root/autodl-tmp/star_v2_storage/results/star_arm_panda/showcase_mechanism/SafetyPandaReachObstacle-v0/star_v2/panda_showcase_refcorridor_star_v2_s30/checkpoint/final.torch,910020,517032723,-8.926594519269884,12.0,100,0.0,0.12,-0.06107150495052338,0.514339626252422,"[0.45129284262657166, -0.1855560839176178, 0.23811985552310944]","[0.540400505065918, 0.19972512125968933, 0.2735091745853424]","[0.4940098226070404, -0.0011359733762219548, 0.24193638563156128]",0.07,0.13,0.03
STAR+Exec,star_v2,star_exec,30,panda_showcase_refcorridor_star_v2_s30,/root/autodl-tmp/star_v2_storage/results/star_arm_panda/showcase_mechanism/SafetyPandaReachObstacle-v0/star_v2/panda_showcase_refcorridor_star_v2_s30/checkpoint/final.torch,910020,1055506275,-53.21249542713164,0.0,100,0.0,0.0,0.08615360677242279,0.8585978151370455,"[0.45129284262657166, -0.1855560839176178, 0.23811985552310944]","[0.540400505065918, 0.19972512125968933, 0.2735091745853424]","[0.4940098226070404, -0.0011359733762219548, 0.24193638563156128]",0.07,0.13,0.03
SAC-Lag,sac_lag,raw,11,panda_final_star_cfg2_sac_lag_s11,/root/autodl-tmp/star_v2_storage/results/star_arm_panda/final/SafetyPandaReachObstacle-v0/sac_lag/panda_final_star_cfg2_sac_lag_s11/checkpoint/final.torch,910021,492816963,-6.700396061828586,9.0,100,0.0,0.09,-0.1017012420296669,0.45425073460370413,"[0.45262986421585083, -0.17562024295330048, 0.23637793958187103]","[0.5572359561920166, 0.14695818722248077, 0.2198355495929718]","[0.4734369218349457, -0.023895854130387306, 0.22234521806240082]",0.07,0.13,0.03
Current-only-N,current_only_v2,raw,11,panda_final_star_cfg2_current_only_v2_s11,/root/autodl-tmp/star_v2_storage/results/star_arm_panda/final/SafetyPandaReachObstacle-v0/current_only_v2/panda_final_star_cfg2_current_only_v2_s11/checkpoint/final.torch,910021,1858219612,-0.7593849396705626,9.0,10,1.0,0.9,-0.0625043335556984,0.33825174160301685,"[0.45262986421585083, -0.17562024295330048, 0.23637793958187103]","[0.5572359561920166, 0.14695818722248077, 0.2198355495929718]","[0.4734369218349457, -0.023895854130387306, 0.22234521806240082]",0.07,0.13,0.03
STAR,star_v2,raw,30,panda_showcase_refcorridor_star_v2_s30,/root/autodl-tmp/star_v2_storage/results/star_arm_panda/showcase_mechanism/SafetyPandaReachObstacle-v0/star_v2/panda_showcase_refcorridor_star_v2_s30/checkpoint/final.torch,910021,1775664005,-1.585054179877043,11.0,15,1.0,0.7333333333333333,-0.04711056977510453,0.3376233270391822,"[0.45262986421585083, -0.17562024295330048, 0.23637793958187103]","[0.5572359561920166, 0.14695818722248077, 0.2198355495929718]","[0.4734369218349457, -0.023895854130387306, 0.22234521806240082]",0.07,0.13,0.03
STAR+Exec,star_v2,star_exec,30,panda_showcase_refcorridor_star_v2_s30,/root/autodl-tmp/star_v2_storage/results/star_arm_panda/showcase_mechanism/SafetyPandaReachObstacle-v0/star_v2/panda_showcase_refcorridor_star_v2_s30/checkpoint/final.torch,910021,1240371189,-51.49300209760668,0.0,100,0.0,0.0,0.05644428253173828,0.9358603595435397,"[0.45262986421585083, -0.17562024295330048, 0.23637793958187103]","[0.5572359561920166, 0.14695818722248077, 0.2198355495929718]","[0.4734369218349457, -0.023895854130387306, 0.22234521806240082]",0.07,0.13,0.03
SAC-Lag,sac_lag,raw,11,panda_final_star_cfg2_sac_lag_s11,/root/autodl-tmp/star_v2_storage/results/star_arm_panda/final/SafetyPandaReachObstacle-v0/sac_lag/panda_final_star_cfg2_sac_lag_s11/checkpoint/final.torch,910022,72784889,-1.5442078298330313,11.0,12,1.0,0.9166666666666666,-0.09286710724234581,0.39752071164548397,"[0.46148476004600525, -0.19746391475200653, 0.25405436754226685]","[0.5286864638328552, 0.1762753129005432, 0.25190865993499756]","[0.5081645250320435, 0.015889519825577736, 0.27196869254112244]",0.07,0.13,0.03
Current-only-N,current_only_v2,raw,11,panda_final_star_cfg2_current_only_v2_s11,/root/autodl-tmp/star_v2_storage/results/star_arm_panda/final/SafetyPandaReachObstacle-v0/current_only_v2/panda_final_star_cfg2_current_only_v2_s11/checkpoint/final.torch,910022,2009825254,-1.3173929442465306,11.0,12,1.0,0.9166666666666666,-0.10794244810938836,0.3641403988003731,"[0.46148476004600525, -0.19746391475200653, 0.25405436754226685]","[0.5286864638328552, 0.1762753129005432, 0.25190865993499756]","[0.5081645250320435, 0.015889519825577736, 0.27196869254112244]",0.07,0.13,0.03
STAR,star_v2,raw,30,panda_showcase_refcorridor_star_v2_s30,/root/autodl-tmp/star_v2_storage/results/star_arm_panda/showcase_mechanism/SafetyPandaReachObstacle-v0/star_v2/panda_showcase_refcorridor_star_v2_s30/checkpoint/final.torch,910022,1893673535,-9.426058702567857,14.0,100,0.0,0.14,-0.03211519598960877,0.5655654078398129,"[0.46148476004600525, -0.19746391475200653, 0.25405436754226685]","[0.5286864638328552, 0.1762753129005432, 0.25190865993499756]","[0.5081645250320435, 0.015889519825577736, 0.27196869254112244]",0.07,0.13,0.03
STAR+Exec,star_v2,star_exec,30,panda_showcase_refcorridor_star_v2_s30,/root/autodl-tmp/star_v2_storage/results/star_arm_panda/showcase_mechanism/SafetyPandaReachObstacle-v0/star_v2/panda_showcase_refcorridor_star_v2_s30/checkpoint/final.torch,910022,1357373007,-51.53442310154439,0.0,100,0.0,0.0,0.12370875000953674,0.917782149506138,"[0.46148476004600525, -0.19746391475200653, 0.25405436754226685]","[0.5286864638328552, 0.1762753129005432, 0.25190865993499756]","[0.5081645250320435, 0.015889519825577736, 0.27196869254112244]",0.07,0.13,0.03
SAC-Lag,sac_lag,raw,11,panda_final_star_cfg2_sac_lag_s11,/root/autodl-tmp/star_v2_storage/results/star_arm_panda/final/SafetyPandaReachObstacle-v0/sac_lag/panda_final_star_cfg2_sac_lag_s11/checkpoint/final.torch,910023,1934732143,-1.1561179666221142,11.0,11,1.0,1.0,-0.11021720349788666,0.41000025905668736,"[0.44355252385139465, -0.1710173785686493, 0.26827481389045715]","[0.5581579804420471, 0.17124034464359283, 0.25110307335853577]","[0.5263766050338745, -0.018526969477534294, 0.22285203635692596]",0.07,0.13,0.03
Current-only-N,current_only_v2,raw,11,panda_final_star_cfg2_current_only_v2_s11,/root/autodl-tmp/star_v2_storage/results/star_arm_panda/final/SafetyPandaReachObstacle-v0/current_only_v2/panda_final_star_cfg2_current_only_v2_s11/checkpoint/final.torch,910023,13389680,-0.9473713217675688,10.0,10,1.0,1.0,-0.10162224352359772,0.32836533337831497,"[0.44355252385139465, -0.1710173785686493, 0.26827481389045715]","[0.5581579804420471, 0.17124034464359283, 0.25110307335853577]","[0.5263766050338745, -0.018526969477534294, 0.22285203635692596]",0.07,0.13,0.03
STAR,star_v2,raw,30,panda_showcase_refcorridor_star_v2_s30,/root/autodl-tmp/star_v2_storage/results/star_arm_panda/showcase_mechanism/SafetyPandaReachObstacle-v0/star_v2/panda_showcase_refcorridor_star_v2_s30/checkpoint/final.torch,910023,131603113,-1.9445018927007918,19.0,19,1.0,1.0,-0.08700370147824288,0.3905963087454438,"[0.44355252385139465, -0.1710173785686493, 0.26827481389045715]","[0.5581579804420471, 0.17124034464359283, 0.25110307335853577]","[0.5263766050338745, -0.018526969477534294, 0.22285203635692596]",0.07,0.13,0.03
STAR+Exec,star_v2,star_exec,30,panda_showcase_refcorridor_star_v2_s30,/root/autodl-tmp/star_v2_storage/results/star_arm_panda/showcase_mechanism/SafetyPandaReachObstacle-v0/star_v2/panda_showcase_refcorridor_star_v2_s30/checkpoint/final.torch,910023,669052633,-27.317483357787136,0.0,100,0.0,0.0,0.06710849225521087,2.708160829055714,"[0.44355252385139465, -0.1710173785686493, 0.26827481389045715]","[0.5581579804420471, 0.17124034464359283, 0.25110307335853577]","[0.5263766050338745, -0.018526969477534294, 0.22285203635692596]",0.07,0.13,0.03
SAC-Lag,sac_lag,raw,11,panda_final_star_cfg2_sac_lag_s11,/root/autodl-tmp/star_v2_storage/results/star_arm_panda/final/SafetyPandaReachObstacle-v0/sac_lag/panda_final_star_cfg2_sac_lag_s11/checkpoint/final.torch,910024,1832206028,-1.5211307923495765,10.0,13,1.0,0.7692307692307693,-0.10513059712946415,0.45673939399421215,"[0.45936959981918335, -0.17425842583179474, 0.2539544701576233]","[0.5334426760673523, 0.19426919519901276, 0.2520904242992401]","[0.4734681248664856, -0.011999311856925488, 0.2447812855243683]",0.07,0.13,0.03
Current-only-N,current_only_v2,raw,11,panda_final_star_cfg2_current_only_v2_s11,/root/autodl-tmp/star_v2_storage/results/star_arm_panda/final/SafetyPandaReachObstacle-v0/current_only_v2/panda_final_star_cfg2_current_only_v2_s11/checkpoint/final.torch,910024,514382547,-1.2464067335426807,10.0,11,1.0,0.9090909090909091,-0.0924614641070366,0.34766929410398006,"[0.45936959981918335, -0.17425842583179474, 0.2539544701576233]","[0.5334426760673523, 0.19426919519901276, 0.2520904242992401]","[0.4734681248664856, -0.011999311856925488, 0.2447812855243683]",0.07,0.13,0.03
STAR,star_v2,raw,30,panda_showcase_refcorridor_star_v2_s30,/root/autodl-tmp/star_v2_storage/results/star_arm_panda/showcase_mechanism/SafetyPandaReachObstacle-v0/star_v2/panda_showcase_refcorridor_star_v2_s30/checkpoint/final.torch,910024,431787786,-9.660197846617082,14.0,100,0.0,0.14,-0.035023507773876195,0.5750447064574473,"[0.45936959981918335, -0.17425842583179474, 0.2539544701576233]","[0.5334426760673523, 0.19426919519901276, 0.2520904242992401]","[0.4734681248664856, -0.011999311856925488, 0.2447812855243683]",0.07,0.13,0.03
STAR+Exec,star_v2,star_exec,30,panda_showcase_refcorridor_star_v2_s30,/root/autodl-tmp/star_v2_storage/results/star_arm_panda/showcase_mechanism/SafetyPandaReachObstacle-v0/star_v2/panda_showcase_refcorridor_star_v2_s30/checkpoint/final.torch,910024,964983674,-52.56924443587663,1.0,100,0.0,0.01,0.04041249573230743,1.1572359668280114,"[0.45936959981918335, -0.17425842583179474, 0.2539544701576233]","[0.5334426760673523, 0.19426919519901276, 0.2520904242992401]","[0.4734681248664856, -0.011999311856925488, 0.2447812855243683]",0.07,0.13,0.03
SAC-Lag,sac_lag,raw,11,panda_final_star_cfg2_sac_lag_s11,/root/autodl-tmp/star_v2_storage/results/star_arm_panda/final/SafetyPandaReachObstacle-v0/sac_lag/panda_final_star_cfg2_sac_lag_s11/checkpoint/final.torch,910025,439488090,-1.5203090634942051,11.0,12,1.0,0.9166666666666666,-0.09186133846640587,0.3948422335088253,"[0.44816580414772034, -0.1785944253206253, 0.2455197274684906]","[0.5179629921913147, 0.2044963240623474, 0.2613467276096344]","[0.5201730132102966, 0.01055330503731966, 0.26036861538887024]",0.07,0.13,0.03
Current-only-N,current_only_v2,raw,11,panda_final_star_cfg2_current_only_v2_s11,/root/autodl-tmp/star_v2_storage/results/star_arm_panda/final/SafetyPandaReachObstacle-v0/current_only_v2/panda_final_star_cfg2_current_only_v2_s11/checkpoint/final.torch,910025,1773136453,-1.4493869039416316,11.0,12,1.0,0.9166666666666666,-0.11747641127556563,0.3836108520627022,"[0.44816580414772034, -0.1785944253206253, 0.2455197274684906]","[0.5179629921913147, 0.2044963240623474, 0.2613467276096344]","[0.5201730132102966, 0.01055330503731966, 0.26036861538887024]",0.07,0.13,0.03
STAR,star_v2,raw,30,panda_showcase_refcorridor_star_v2_s30,/root/autodl-tmp/star_v2_storage/results/star_arm_panda/showcase_mechanism/SafetyPandaReachObstacle-v0/star_v2/panda_showcase_refcorridor_star_v2_s30/checkpoint/final.torch,910025,1857798044,-8.994898882689887,13.0,100,0.0,0.13,-0.09311960741877556,0.5179073998792774,"[0.44816580414772034, -0.1785944253206253, 0.2455197274684906]","[0.5179629921913147, 0.2044963240623474, 0.2613467276096344]","[0.5201730132102966, 0.01055330503731966, 0.26036861538887024]",0.07,0.13,0.03
STAR+Exec,star_v2,star_exec,30,panda_showcase_refcorridor_star_v2_s30,/root/autodl-tmp/star_v2_storage/results/star_arm_panda/showcase_mechanism/SafetyPandaReachObstacle-v0/star_v2/panda_showcase_refcorridor_star_v2_s30/checkpoint/final.torch,910025,1317227500,-53.01524077296259,0.0,100,0.0,0.0,0.11109947681427002,1.0387760905239247,"[0.44816580414772034, -0.1785944253206253, 0.2455197274684906]","[0.5179629921913147, 0.2044963240623474, 0.2613467276096344]","[0.5201730132102966, 0.01055330503731966, 0.26036861538887024]",0.07,0.13,0.03
SAC-Lag,sac_lag,raw,11,panda_final_star_cfg2_sac_lag_s11,/root/autodl-tmp/star_v2_storage/results/star_arm_panda/final/SafetyPandaReachObstacle-v0/sac_lag/panda_final_star_cfg2_sac_lag_s11/checkpoint/final.torch,910026,54222816,-1.4721443393826485,11.0,12,1.0,0.9166666666666666,-0.07925646483898163,0.4247833024710417,"[0.4613631069660187, -0.1757473647594452, 0.2616739273071289]","[0.5744734406471252, 0.20005543529987335, 0.21099883317947388]","[0.48884743452072144, 0.010897502303123474, 0.22659967839717865]",0.07,0.13,0.03
Current-only-N,current_only_v2,raw,11,panda_final_star_cfg2_current_only_v2_s11,/root/autodl-tmp/star_v2_storage/results/star_arm_panda/final/SafetyPandaReachObstacle-v0/current_only_v2/panda_final_star_cfg2_current_only_v2_s11/checkpoint/final.torch,910026,1889975295,-1.4107501940429215,10.0,12,1.0,0.8333333333333334,-0.06372268974781037,0.40983052365481853,"[0.4613631069660187, -0.1757473647594452, 0.2616739273071289]","[0.5744734406471252, 0.20005543529987335, 0.21099883317947388]","[0.48884743452072144, 0.010897502303123474, 0.22659967839717865]",0.07,0.13,0.03
STAR,star_v2,raw,30,panda_showcase_refcorridor_star_v2_s30,/root/autodl-tmp/star_v2_storage/results/star_arm_panda/showcase_mechanism/SafetyPandaReachObstacle-v0/star_v2/panda_showcase_refcorridor_star_v2_s30/checkpoint/final.torch,910026,2008215078,-13.707497928664084,28.0,100,0.0,0.28,-0.031818990707397465,0.4654352950728935,"[0.4613631069660187, -0.1757473647594452, 0.2616739273071289]","[0.5744734406471252, 0.20005543529987335, 0.21099883317947388]","[0.48884743452072144, 0.010897502303123474, 0.22659967839717865]",0.07,0.13,0.03
STAR+Exec,star_v2,star_exec,30,panda_showcase_refcorridor_star_v2_s30,/root/autodl-tmp/star_v2_storage/results/star_arm_panda/showcase_mechanism/SafetyPandaReachObstacle-v0/star_v2/panda_showcase_refcorridor_star_v2_s30/checkpoint/final.torch,910026,1468668502,-53.180453726649276,0.0,100,0.0,0.0,0.07927363634109497,1.5036743194036717,"[0.4613631069660187, -0.1757473647594452, 0.2616739273071289]","[0.5744734406471252, 0.20005543529987335, 0.21099883317947388]","[0.48884743452072144, 0.010897502303123474, 0.22659967839717865]",0.07,0.13,0.03
SAC-Lag,sac_lag,raw,11,panda_final_star_cfg2_sac_lag_s11,/root/autodl-tmp/star_v2_storage/results/star_arm_panda/final/SafetyPandaReachObstacle-v0/sac_lag/panda_final_star_cfg2_sac_lag_s11/checkpoint/final.torch,910027,1950117750,-1.509133921414614,11.0,14,1.0,0.7857142857142857,-0.10091036289930344,0.474141588434577,"[0.45906898379325867, -0.1684325784444809, 0.24022527039051056]","[0.5405729413032532, 0.20160655677318573, 0.23283399641513824]","[0.4961945712566376, 0.004849702585488558, 0.22507430613040924]",0.07,0.13,0.03
Current-only-N,current_only_v2,raw,11,panda_final_star_cfg2_current_only_v2_s11,/root/autodl-tmp/star_v2_storage/results/star_arm_panda/final/SafetyPandaReachObstacle-v0/current_only_v2/panda_final_star_cfg2_current_only_v2_s11/checkpoint/final.torch,910027,128027497,-1.2571873787045478,11.0,11,1.0,1.0,-0.10169428691267968,0.35120200365781784,"[0.45906898379325867, -0.1684325784444809, 0.24022527039051056]","[0.5405729413032532, 0.20160655677318573, 0.23283399641513824]","[0.4961945712566376, 0.004849702585488558, 0.22507430613040924]",0.07,0.13,0.03
STAR,star_v2,raw,30,panda_showcase_refcorridor_star_v2_s30,/root/autodl-tmp/star_v2_storage/results/star_arm_panda/showcase_mechanism/SafetyPandaReachObstacle-v0/star_v2/panda_showcase_refcorridor_star_v2_s30/checkpoint/final.torch,910027,11919024,-2.649377836510538,11.0,22,1.0,0.5,-0.0602535429596901,0.42720301542431116,"[0.45906898379325867, -0.1684325784444809, 0.24022527039051056]","[0.5405729413032532, 0.20160655677318573, 0.23283399641513824]","[0.4961945712566376, 0.004849702585488558, 0.22507430613040924]",0.07,0.13,0.03
STAR+Exec,star_v2,star_exec,30,panda_showcase_refcorridor_star_v2_s30,/root/autodl-tmp/star_v2_storage/results/star_arm_panda/showcase_mechanism/SafetyPandaReachObstacle-v0/star_v2/panda_showcase_refcorridor_star_v2_s30/checkpoint/final.torch,910027,546122432,-54.70089145034551,0.0,100,0.0,0.0,0.06561810791492462,0.9123077775864203,"[0.45906898379325867, -0.1684325784444809, 0.24022527039051056]","[0.5405729413032532, 0.20160655677318573, 0.23283399641513824]","[0.4961945712566376, 0.004849702585488558, 0.22507430613040924]",0.07,0.13,0.03
SAC-Lag,sac_lag,raw,11,panda_final_star_cfg2_sac_lag_s11,/root/autodl-tmp/star_v2_storage/results/star_arm_panda/final/SafetyPandaReachObstacle-v0/sac_lag/panda_final_star_cfg2_sac_lag_s11/checkpoint/final.torch,910028,1686336231,-1.10826559022069,10.0,11,1.0,0.9090909090909091,-0.09753137931227684,0.3640092555433512,"[0.4482738971710205, -0.16040609776973724, 0.26875048875808716]","[0.5274152159690857, 0.1870468705892563, 0.23784032464027405]","[0.5144673585891724, -0.016952041536569595, 0.27229177951812744]",0.07,0.13,0.03
Current-only-N,current_only_v2,raw,11,panda_final_star_cfg2_current_only_v2_s11,/root/autodl-tmp/star_v2_storage/results/star_arm_panda/final/SafetyPandaReachObstacle-v0/current_only_v2/panda_final_star_cfg2_current_only_v2_s11/checkpoint/final.torch,910028,387880696,-1.022164319679141,10.0,11,1.0,0.9090909090909091,-0.09081695333123208,0.35105734318494797,"[0.4482738971710205, -0.16040609776973724, 0.26875048875808716]","[0.5274152159690857, 0.1870468705892563, 0.23784032464027405]","[0.5144673585891724, -0.016952041536569595, 0.27229177951812744]",0.07,0.13,0.03
STAR,star_v2,raw,30,panda_showcase_refcorridor_star_v2_s30,/root/autodl-tmp/star_v2_storage/results/star_arm_panda/showcase_mechanism/SafetyPandaReachObstacle-v0/star_v2/panda_showcase_refcorridor_star_v2_s30/checkpoint/final.torch,910028,269140769,-1.680637166649103,10.0,15,1.0,0.6666666666666666,-0.10946937195956707,0.419774416834116,"[0.4482738971710205, -0.16040609776973724, 0.26875048875808716]","[0.5274152159690857, 0.1870468705892563, 0.23784032464027405]","[0.5144673585891724, -0.016952041536569595, 0.27229177951812744]",0.07,0.13,0.03
STAR+Exec,star_v2,star_exec,30,panda_showcase_refcorridor_star_v2_s30,/root/autodl-tmp/star_v2_storage/results/star_arm_panda/showcase_mechanism/SafetyPandaReachObstacle-v0/star_v2/panda_showcase_refcorridor_star_v2_s30/checkpoint/final.torch,910028,808597329,-51.513975782394404,0.0,100,0.0,0.0,0.05769252300262451,1.4002192112736793,"[0.4482738971710205, -0.16040609776973724, 0.26875048875808716]","[0.5274152159690857, 0.1870468705892563, 0.23784032464027405]","[0.5144673585891724, -0.016952041536569595, 0.27229177951812744]",0.07,0.13,0.03
SAC-Lag,sac_lag,raw,11,panda_final_star_cfg2_sac_lag_s11,/root/autodl-tmp/star_v2_storage/results/star_arm_panda/final/SafetyPandaReachObstacle-v0/sac_lag/panda_final_star_cfg2_sac_lag_s11/checkpoint/final.torch,910029,327434865,-1.1201053403317927,10.0,11,1.0,0.9090909090909091,-0.10094061598181725,0.37476455233991146,"[0.4507441222667694, -0.17399713397026062, 0.2556416690349579]","[0.5581778883934021, 0.16882464289665222, 0.260489284992218]","[0.5055462121963501, 0.023747483268380165, 0.2562338411808014]",0.07,0.13,0.03
Current-only-N,current_only_v2,raw,11,panda_final_star_cfg2_current_only_v2_s11,/root/autodl-tmp/star_v2_storage/results/star_arm_panda/final/SafetyPandaReachObstacle-v0/current_only_v2/panda_final_star_cfg2_current_only_v2_s11/checkpoint/final.torch,910029,1612293742,-0.9425765697658065,10.0,10,1.0,1.0,-0.08083440095186234,0.32468210346996784,"[0.4507441222667694, -0.17399713397026062, 0.2556416690349579]","[0.5581778883934021, 0.16882464289665222, 0.260489284992218]","[0.5055462121963501, 0.023747483268380165, 0.2562338411808014]",0.07,0.13,0.03
STAR,star_v2,raw,30,panda_showcase_refcorridor_star_v2_s30,/root/autodl-tmp/star_v2_storage/results/star_arm_panda/showcase_mechanism/SafetyPandaReachObstacle-v0/star_v2/panda_showcase_refcorridor_star_v2_s30/checkpoint/final.torch,910029,1728967607,-8.570045753563676,20.0,100,0.0,0.2,-0.05837203294038773,0.5288678713847048,"[0.4507441222667694, -0.17399713397026062, 0.2556416690349579]","[0.5581778883934021, 0.16882464289665222, 0.260489284992218]","[0.5055462121963501, 0.023747483268380165, 0.2562338411808014]",0.07,0.13,0.03
STAR+Exec,star_v2,star_exec,30,panda_showcase_refcorridor_star_v2_s30,/root/autodl-tmp/star_v2_storage/results/star_arm_panda/showcase_mechanism/SafetyPandaReachObstacle-v0/star_v2/panda_showcase_refcorridor_star_v2_s30/checkpoint/final.torch,910029,1194657735,-48.67811572432516,0.0,100,0.0,0.0,0.11214214086532592,1.6127442249696742,"[0.4507441222667694, -0.17399713397026062, 0.2556416690349579]","[0.5581778883934021, 0.16882464289665222, 0.260489284992218]","[0.5055462121963501, 0.023747483268380165, 0.2562338411808014]",0.07,0.13,0.03
SAC-Lag,sac_lag,raw,11,panda_final_star_cfg2_sac_lag_s11,/root/autodl-tmp/star_v2_storage/results/star_arm_panda/final/SafetyPandaReachObstacle-v0/sac_lag/panda_final_star_cfg2_sac_lag_s11/checkpoint/final.torch,910030,1933822868,-1.0258598670363428,12.0,12,1.0,1.0,-0.08828207954764367,0.3880722336471081,"[0.4620875120162964, -0.1730879694223404, 0.23531873524188995]","[0.5835778713226318, 0.15360355377197266, 0.21282564103603363]","[0.49389374256134033, 0.020708587020635605, 0.2374187409877777]",0.07,0.13,0.03
Current-only-N,current_only_v2,raw,11,panda_final_star_cfg2_current_only_v2_s11,/root/autodl-tmp/star_v2_storage/results/star_arm_panda/final/SafetyPandaReachObstacle-v0/current_only_v2/panda_final_star_cfg2_current_only_v2_s11/checkpoint/final.torch,910030,14561163,-0.8050973419845104,10.0,10,1.0,1.0,-0.043152664899826054,0.33731475099921227,"[0.4620875120162964, -0.1730879694223404, 0.23531873524188995]","[0.5835778713226318, 0.15360355377197266, 0.21282564103603363]","[0.49389374256134033, 0.020708587020635605, 0.2374187409877777]",0.07,0.13,0.03
STAR,star_v2,raw,30,panda_showcase_refcorridor_star_v2_s30,/root/autodl-tmp/star_v2_storage/results/star_arm_panda/showcase_mechanism/SafetyPandaReachObstacle-v0/star_v2/panda_showcase_refcorridor_star_v2_s30/checkpoint/final.torch,910030,130710098,-12.269896639287476,100.0,100,0.0,1.0,-0.020020482242107396,0.4236054527445958,"[0.4620875120162964, -0.1730879694223404, 0.23531873524188995]","[0.5835778713226318, 0.15360355377197266, 0.21282564103603363]","[0.49389374256134033, 0.020708587020635605, 0.2374187409877777]",0.07,0.13,0.03
STAR+Exec,star_v2,star_exec,30,panda_showcase_refcorridor_star_v2_s30,/root/autodl-tmp/star_v2_storage/results/star_arm_panda/showcase_mechanism/SafetyPandaReachObstacle-v0/star_v2/panda_showcase_refcorridor_star_v2_s30/checkpoint/final.torch,910030,670207522,-48.98759079575538,0.0,100,0.0,0.0,0.09476942837238311,1.2690203530289637,"[0.4620875120162964, -0.1730879694223404, 0.23531873524188995]","[0.5835778713226318, 0.15360355377197266, 0.21282564103603363]","[0.49389374256134033, 0.020708587020635605, 0.2374187409877777]",0.07,0.13,0.03
SAC-Lag,sac_lag,raw,11,panda_final_star_cfg2_sac_lag_s11,/root/autodl-tmp/star_v2_storage/results/star_arm_panda/final/SafetyPandaReachObstacle-v0/sac_lag/panda_final_star_cfg2_sac_lag_s11/checkpoint/final.torch,910031,71629570,-1.7948473378270857,8.0,13,1.0,0.6153846153846154,-0.06400248885154725,0.4263412933796644,"[0.4370020925998688, -0.18921628594398499, 0.25308695435523987]","[0.5181028842926025, 0.20566128194332123, 0.2302408665418625]","[0.5120555758476257, -0.013645663857460022, 0.26889607310295105]",0.07,0.13,0.03
Current-only-N,current_only_v2,raw,11,panda_final_star_cfg2_current_only_v2_s11,/root/autodl-tmp/star_v2_storage/results/star_arm_panda/final/SafetyPandaReachObstacle-v0/current_only_v2/panda_final_star_cfg2_current_only_v2_s11/checkpoint/final.torch,910031,2010717981,-1.5927140334248542,10.0,12,1.0,0.8333333333333334,-0.08608842372894288,0.3795383535325527,"[0.4370020925998688, -0.18921628594398499, 0.25308695435523987]","[0.5181028842926025, 0.20566128194332123, 0.2302408665418625]","[0.5120555758476257, -0.013645663857460022, 0.26889607310295105]",0.07,0.13,0.03
STAR,star_v2,raw,30,panda_showcase_refcorridor_star_v2_s30,/root/autodl-tmp/star_v2_storage/results/star_arm_panda/showcase_mechanism/SafetyPandaReachObstacle-v0/star_v2/panda_showcase_refcorridor_star_v2_s30/checkpoint/final.torch,910031,1892502212,-2.2655518102645873,12.0,16,1.0,0.75,-0.10467427141964436,0.45635885559022427,"[0.4370020925998688, -0.18921628594398499, 0.25308695435523987]","[0.5181028842926025, 0.20566128194332123, 0.2302408665418625]","[0.5120555758476257, -0.013645663857460022, 0.26889607310295105]",0.07,0.13,0.03
STAR+Exec,star_v2,star_exec,30,panda_showcase_refcorridor_star_v2_s30,/root/autodl-tmp/star_v2_storage/results/star_arm_panda/showcase_mechanism/SafetyPandaReachObstacle-v0/star_v2/panda_showcase_refcorridor_star_v2_s30/checkpoint/final.torch,910031,1358282420,-54.06098880290984,0.0,100,0.0,0.0,0.0986844253540039,1.1525453532381107,"[0.4370020925998688, -0.18921628594398499, 0.25308695435523987]","[0.5181028842926025, 0.20566128194332123, 0.2302408665418625]","[0.5120555758476257, -0.013645663857460022, 0.26889607310295105]",0.07,0.13,0.03
SAC-Lag,sac_lag,raw,11,panda_final_star_cfg2_sac_lag_s11,/root/autodl-tmp/star_v2_storage/results/star_arm_panda/final/SafetyPandaReachObstacle-v0/sac_lag/panda_final_star_cfg2_sac_lag_s11/checkpoint/final.torch,910032,491629240,-1.1474490998685356,11.0,11,1.0,1.0,-0.09455841511487961,0.3488357700407505,"[0.46016666293144226, -0.1858198642730713, 0.25253552198410034]","[0.5445712208747864, 0.16416844725608826, 0.27773579955101013]","[0.4734044075012207, -0.005817780736833811, 0.22005167603492737]",0.07,0.13,0.03
Current-only-N,current_only_v2,raw,11,panda_final_star_cfg2_current_only_v2_s11,/root/autodl-tmp/star_v2_storage/results/star_arm_panda/final/SafetyPandaReachObstacle-v0/current_only_v2/panda_final_star_cfg2_current_only_v2_s11/checkpoint/final.torch,910032,1859145383,-1.0657669290900227,10.0,11,1.0,0.9090909090909091,-0.05561428993940354,0.35521130077540874,"[0.46016666293144226, -0.1858198642730713, 0.25253552198410034]","[0.5445712208747864, 0.16416844725608826, 0.27773579955101013]","[0.4734044075012207, -0.005817780736833811, 0.22005167603492737]",0.07,0.13,0.03
STAR,star_v2,raw,30,panda_showcase_refcorridor_star_v2_s30,/root/autodl-tmp/star_v2_storage/results/star_arm_panda/showcase_mechanism/SafetyPandaReachObstacle-v0/star_v2/panda_showcase_refcorridor_star_v2_s30/checkpoint/final.torch,910032,1774459774,-7.759178028076902,16.0,100,0.0,0.16,-0.0502316552400589,0.4048873520066536,"[0.46016666293144226, -0.1858198642730713, 0.25253552198410034]","[0.5445712208747864, 0.16416844725608826, 0.27773579955101013]","[0.4734044075012207, -0.005817780736833811, 0.22005167603492737]",0.07,0.13,0.03
STAR+Exec,star_v2,star_exec,30,panda_showcase_refcorridor_star_v2_s30,/root/autodl-tmp/star_v2_storage/results/star_arm_panda/showcase_mechanism/SafetyPandaReachObstacle-v0/star_v2/panda_showcase_refcorridor_star_v2_s30/checkpoint/final.torch,910032,1241313038,-50.091659047603606,0.0,100,0.0,0.0,0.08083027124404907,0.6654106454724342,"[0.46016666293144226, -0.1858198642730713, 0.25253552198410034]","[0.5445712208747864, 0.16416844725608826, 0.27773579955101013]","[0.4734044075012207, -0.005817780736833811, 0.22005167603492737]",0.07,0.13,0.03
SAC-Lag,sac_lag,raw,11,panda_final_star_cfg2_sac_lag_s11,/root/autodl-tmp/star_v2_storage/results/star_arm_panda/final/SafetyPandaReachObstacle-v0/sac_lag/panda_final_star_cfg2_sac_lag_s11/checkpoint/final.torch,910033,1783274030,-2.074982615560294,11.0,15,1.0,0.7333333333333333,-0.10580746747553349,0.5223696120083332,"[0.4606775641441345, -0.19280393421649933, 0.24227911233901978]","[0.522141695022583, 0.21484489738941193, 0.25504687428474426]","[0.5080236792564392, 0.006806007120758295, 0.24034923315048218]",0.07,0.13,0.03
Current-only-N,current_only_v2,raw,11,panda_final_star_cfg2_current_only_v2_s11,/root/autodl-tmp/star_v2_storage/results/star_arm_panda/final/SafetyPandaReachObstacle-v0/current_only_v2/panda_final_star_cfg2_current_only_v2_s11/checkpoint/final.torch,910033,433552945,-1.7699094934761526,11.0,13,1.0,0.8461538461538461,-0.11300540447235108,0.4091395828872919,"[0.4606775641441345, -0.19280393421649933, 0.24227911233901978]","[0.522141695022583, 0.21484489738941193, 0.25504687428474426]","[0.5080236792564392, 0.006806007120758295, 0.24034923315048218]",0.07,0.13,0.03
STAR,star_v2,raw,30,panda_showcase_refcorridor_star_v2_s30,/root/autodl-tmp/star_v2_storage/results/star_arm_panda/showcase_mechanism/SafetyPandaReachObstacle-v0/star_v2/panda_showcase_refcorridor_star_v2_s30/checkpoint/final.torch,910033,516107240,-8.39251643373064,14.0,100,0.0,0.14,-0.07863682985305787,0.5137208196263146,"[0.4606775641441345, -0.19280393421649933, 0.24227911233901978]","[0.522141695022583, 0.21484489738941193, 0.25504687428474426]","[0.5080236792564392, 0.006806007120758295, 0.24034923315048218]",0.07,0.13,0.03
STAR+Exec,star_v2,star_exec,30,panda_showcase_refcorridor_star_v2_s30,/root/autodl-tmp/star_v2_storage/results/star_arm_panda/showcase_mechanism/SafetyPandaReachObstacle-v0/star_v2/panda_showcase_refcorridor_star_v2_s30/checkpoint/final.torch,910033,1056694168,-53.34773341283202,0.0,100,0.0,0.0,0.1011362475156784,1.3248249809139452,"[0.4606775641441345, -0.19280393421649933, 0.24227911233901978]","[0.522141695022583, 0.21484489738941193, 0.25504687428474426]","[0.5080236792564392, 0.006806007120758295, 0.24034923315048218]",0.07,0.13,0.03
SAC-Lag,sac_lag,raw,11,panda_final_star_cfg2_sac_lag_s11,/root/autodl-tmp/star_v2_storage/results/star_arm_panda/final/SafetyPandaReachObstacle-v0/sac_lag/panda_final_star_cfg2_sac_lag_s11/checkpoint/final.torch,910034,1949175693,-1.6043334676325323,12.0,12,1.0,1.0,-0.0904666717350483,0.41850276105105877,"[0.4606262445449829, -0.1947198361158371, 0.24531076848506927]","[0.5714643597602844, 0.1863311529159546, 0.2820541262626648]","[0.5229114890098572, -0.00554652651771903, 0.22920455038547516]",0.07,0.13,0.03
Current-only-N,current_only_v2,raw,11,panda_final_star_cfg2_current_only_v2_s11,/root/autodl-tmp/star_v2_storage/results/star_arm_panda/final/SafetyPandaReachObstacle-v0/current_only_v2/panda_final_star_cfg2_current_only_v2_s11/checkpoint/final.torch,910034,129231762,-1.4581581693887709,11.0,12,1.0,0.9166666666666666,-0.06958606570959092,0.3963316045701504,"[0.4606262445449829, -0.1947198361158371, 0.24531076848506927]","[0.5714643597602844, 0.1863311529159546, 0.2820541262626648]","[0.5229114890098572, -0.00554652651771903, 0.22920455038547516]",0.07,0.13,0.03
STAR,star_v2,raw,30,panda_showcase_refcorridor_star_v2_s30,/root/autodl-tmp/star_v2_storage/results/star_arm_panda/showcase_mechanism/SafetyPandaReachObstacle-v0/star_v2/panda_showcase_refcorridor_star_v2_s30/checkpoint/final.torch,910034,10993227,-8.570361830785753,14.0,100,0.0,0.14,-0.0687977346777916,0.4492296471323698,"[0.4606262445449829, -0.1947198361158371, 0.24531076848506927]","[0.5714643597602844, 0.1863311529159546, 0.2820541262626648]","[0.5229114890098572, -0.00554652651771903, 0.22920455038547516]",0.07,0.13,0.03
STAR+Exec,star_v2,star_exec,30,panda_showcase_refcorridor_star_v2_s30,/root/autodl-tmp/star_v2_storage/results/star_arm_panda/showcase_mechanism/SafetyPandaReachObstacle-v0/star_v2/panda_showcase_refcorridor_star_v2_s30/checkpoint/final.torch,910034,547310139,-53.263459708690654,0.0,100,0.0,0.0,0.08468602120876312,0.6694044422226852,"[0.4606262445449829, -0.1947198361158371, 0.24531076848506927]","[0.5714643597602844, 0.1863311529159546, 0.2820541262626648]","[0.5229114890098572, -0.00554652651771903, 0.22920455038547516]",0.07,0.13,0.03
SAC-Lag,sac_lag,raw,11,panda_final_star_cfg2_sac_lag_s11,/root/autodl-tmp/star_v2_storage/results/star_arm_panda/final/SafetyPandaReachObstacle-v0/sac_lag/panda_final_star_cfg2_sac_lag_s11/checkpoint/final.torch,910035,53034779,-1.2276668903231622,11.0,11,1.0,1.0,-0.09773922815918923,0.3901139087975025,"[0.4587724208831787, -0.167140930891037, 0.26788413524627686]","[0.5590146780014038, 0.18455134332180023, 0.2899739742279053]","[0.5249868035316467, -0.011141895316541195, 0.2680155336856842]",0.07,0.13,0.03
Current-only-N,current_only_v2,raw,11,panda_final_star_cfg2_current_only_v2_s11,/root/autodl-tmp/star_v2_storage/results/star_arm_panda/final/SafetyPandaReachObstacle-v0/current_only_v2/panda_final_star_cfg2_current_only_v2_s11/checkpoint/final.torch,910035,1890900740,-1.0839424206316473,10.0,11,1.0,0.9090909090909091,-0.09913630515336991,0.3639818262308836,"[0.4587724208831787, -0.167140930891037, 0.26788413524627686]","[0.5590146780014038, 0.18455134332180023, 0.2899739742279053]","[0.5249868035316467, -0.011141895316541195, 0.2680155336856842]",0.07,0.13,0.03
STAR,star_v2,raw,30,panda_showcase_refcorridor_star_v2_s30,/root/autodl-tmp/star_v2_storage/results/star_arm_panda/showcase_mechanism/SafetyPandaReachObstacle-v0/star_v2/panda_showcase_refcorridor_star_v2_s30/checkpoint/final.torch,910035,2007011037,-8.754033323880625,10.0,100,0.0,0.1,-0.09599337831139565,0.46447436070047843,"[0.4587724208831787, -0.167140930891037, 0.26788413524627686]","[0.5590146780014038, 0.18455134332180023, 0.2899739742279053]","[0.5249868035316467, -0.011141895316541195, 0.2680155336856842]",0.07,0.13,0.03
STAR+Exec,star_v2,star_exec,30,panda_showcase_refcorridor_star_v2_s30,/root/autodl-tmp/star_v2_storage/results/star_arm_panda/showcase_mechanism/SafetyPandaReachObstacle-v0/star_v2/panda_showcase_refcorridor_star_v2_s30/checkpoint/final.torch,910035,1469610669,-24.839416669607157,1.0,100,0.0,0.01,0.01959160983562469,2.156519515963737,"[0.4587724208831787, -0.167140930891037, 0.26788413524627686]","[0.5590146780014038, 0.18455134332180023, 0.2899739742279053]","[0.5249868035316467, -0.011141895316541195, 0.2680155336856842]",0.07,0.13,0.03
SAC-Lag,sac_lag,raw,11,panda_final_star_cfg2_sac_lag_s11,/root/autodl-tmp/star_v2_storage/results/star_arm_panda/final/SafetyPandaReachObstacle-v0/sac_lag/panda_final_star_cfg2_sac_lag_s11/checkpoint/final.torch,910036,438333089,-1.263081882894039,11.0,11,1.0,1.0,-0.09472257375717164,0.3693204652518034,"[0.4516178369522095, -0.19031931459903717, 0.2505233585834503]","[0.5686736702919006, 0.172087162733078, 0.25979623198509216]","[0.5166937708854675, -0.021355876699090004, 0.22369027137756348]",0.07,0.13,0.03
Current-only-N,current_only_v2,raw,11,panda_final_star_cfg2_current_only_v2_s11,/root/autodl-tmp/star_v2_storage/results/star_arm_panda/final/SafetyPandaReachObstacle-v0/current_only_v2/panda_final_star_cfg2_current_only_v2_s11/checkpoint/final.torch,910036,1774029502,-1.208205909132957,11.0,11,1.0,1.0,-0.08151304453611374,0.36394064873456955,"[0.4516178369522095, -0.19031931459903717, 0.2505233585834503]","[0.5686736702919006, 0.172087162733078, 0.25979623198509216]","[0.5166937708854675, -0.021355876699090004, 0.22369027137756348]",0.07,0.13,0.03
STAR,star_v2,raw,30,panda_showcase_refcorridor_star_v2_s30,/root/autodl-tmp/star_v2_storage/results/star_arm_panda/showcase_mechanism/SafetyPandaReachObstacle-v0/star_v2/panda_showcase_refcorridor_star_v2_s30/checkpoint/final.torch,910036,1856626535,-2.7825722826295523,27.0,27,1.0,1.0,-0.07261142611503602,0.41081354615744203,"[0.4516178369522095, -0.19031931459903717, 0.2505233585834503]","[0.5686736702919006, 0.172087162733078, 0.25979623198509216]","[0.5166937708854675, -0.021355876699090004, 0.22369027137756348]",0.07,0.13,0.03
STAR+Exec,star_v2,star_exec,30,panda_showcase_refcorridor_star_v2_s30,/root/autodl-tmp/star_v2_storage/results/star_arm_panda/showcase_mechanism/SafetyPandaReachObstacle-v0/star_v2/panda_showcase_refcorridor_star_v2_s30/checkpoint/final.torch,910036,1318136599,-52.142330796718596,0.0,100,0.0,0.0,0.0856841903924942,1.205058648999966,"[0.4516178369522095, -0.19031931459903717, 0.2505233585834503]","[0.5686736702919006, 0.172087162733078, 0.25979623198509216]","[0.5166937708854675, -0.021355876699090004, 0.22369027137756348]",0.07,0.13,0.03
SAC-Lag,sac_lag,raw,11,panda_final_star_cfg2_sac_lag_s11,/root/autodl-tmp/star_v2_storage/results/star_arm_panda/final/SafetyPandaReachObstacle-v0/sac_lag/panda_final_star_cfg2_sac_lag_s11/checkpoint/final.torch,910037,1831296567,-1.6891668563336133,12.0,13,1.0,0.9230769230769231,-0.11576289415359498,0.46152954548597336,"[0.4692007899284363, -0.19724418222904205, 0.24363499879837036]","[0.5557568073272705, 0.18942363560199738, 0.28466126322746277]","[0.5277710556983948, 0.016823580488562584, 0.2794036865234375]",0.07,0.13,0.03
Current-only-N,current_only_v2,raw,11,panda_final_star_cfg2_current_only_v2_s11,/root/autodl-tmp/star_v2_storage/results/star_arm_panda/final/SafetyPandaReachObstacle-v0/current_only_v2/panda_final_star_cfg2_current_only_v2_s11/checkpoint/final.torch,910037,515553832,-1.4843323698639872,11.0,12,1.0,0.9166666666666666,-0.10701298631727696,0.3748579937964678,"[0.4692007899284363, -0.19724418222904205, 0.24363499879837036]","[0.5557568073272705, 0.18942363560199738, 0.28466126322746277]","[0.5277710556983948, 0.016823580488562584, 0.2794036865234375]",0.07,0.13,0.03
STAR,star_v2,raw,30,panda_showcase_refcorridor_star_v2_s30,/root/autodl-tmp/star_v2_storage/results/star_arm_panda/showcase_mechanism/SafetyPandaReachObstacle-v0/star_v2/panda_showcase_refcorridor_star_v2_s30/checkpoint/final.torch,910037,430895089,-11.275401273729921,15.0,100,0.0,0.15,-0.011211541593074803,0.5624197505526354,"[0.4692007899284363, -0.19724418222904205, 0.24363499879837036]","[0.5557568073272705, 0.18942363560199738, 0.28466126322746277]","[0.5277710556983948, 0.016823580488562584, 0.2794036865234375]",0.07,0.13,0.03
STAR+Exec,star_v2,star_exec,30,panda_showcase_refcorridor_star_v2_s30,/root/autodl-tmp/star_v2_storage/results/star_arm_panda/showcase_mechanism/SafetyPandaReachObstacle-v0/star_v2/panda_showcase_refcorridor_star_v2_s30/checkpoint/final.torch,910037,966138753,-52.6373194223642,0.0,100,0.0,0.0,0.11850578606128692,1.416837832571673,"[0.4692007899284363, -0.19724418222904205, 0.24363499879837036]","[0.5557568073272705, 0.18942363560199738, 0.28466126322746277]","[0.5277710556983948, 0.016823580488562584, 0.2794036865234375]",0.07,0.13,0.03
SAC-Lag,sac_lag,raw,11,panda_final_star_cfg2_sac_lag_s11,/root/autodl-tmp/star_v2_storage/results/star_arm_panda/final/SafetyPandaReachObstacle-v0/sac_lag/panda_final_star_cfg2_sac_lag_s11/checkpoint/final.torch,910038,2107130790,-1.3636284033954147,11.0,12,1.0,0.9166666666666666,-0.08967748016119004,0.4081554915755987,"[0.44564488530158997, -0.19054868817329407, 0.2371998131275177]","[0.5367621779441833, 0.16978991031646729, 0.281724750995636]","[0.5269274711608887, -0.018131066113710403, 0.25646889209747314]",0.07,0.13,0.03
Current-only-N,current_only_v2,raw,11,panda_final_star_cfg2_current_only_v2_s11,/root/autodl-tmp/star_v2_storage/results/star_arm_panda/final/SafetyPandaReachObstacle-v0/current_only_v2/panda_final_star_cfg2_current_only_v2_s11/checkpoint/final.torch,910038,235251641,-1.166189479678869,10.0,11,1.0,0.9090909090909091,-0.10943057678639889,0.35424722731113434,"[0.44564488530158997, -0.19054868817329407, 0.2371998131275177]","[0.5367621779441833, 0.16978991031646729, 0.281724750995636]","[0.5269274711608887, -0.018131066113710403, 0.25646889209747314]",0.07,0.13,0.03
STAR,star_v2,raw,30,panda_showcase_refcorridor_star_v2_s30,/root/autodl-tmp/star_v2_storage/results/star_arm_panda/showcase_mechanism/SafetyPandaReachObstacle-v0/star_v2/panda_showcase_refcorridor_star_v2_s30/checkpoint/final.torch,910038,152171104,-8.427067906952008,13.0,100,0.0,0.13,-0.10325258702039719,0.4839153093953428,"[0.44564488530158997, -0.19054868817329407, 0.2371998131275177]","[0.5367621779441833, 0.16978991031646729, 0.281724750995636]","[0.5269274711608887, -0.018131066113710403, 0.25646889209747314]",0.07,0.13,0.03
STAR+Exec,star_v2,star_exec,30,panda_showcase_refcorridor_star_v2_s30,/root/autodl-tmp/star_v2_storage/results/star_arm_panda/showcase_mechanism/SafetyPandaReachObstacle-v0/star_v2/panda_showcase_refcorridor_star_v2_s30/checkpoint/final.torch,910038,690554384,-49.29520965933798,0.0,100,0.0,0.0,0.09372345626354217,1.4418281699463478,"[0.44564488530158997, -0.19054868817329407, 0.2371998131275177]","[0.5367621779441833, 0.16978991031646729, 0.281724750995636]","[0.5269274711608887, -0.018131066113710403, 0.25646889209747314]",0.07,0.13,0.03
SAC-Lag,sac_lag,raw,11,panda_final_star_cfg2_sac_lag_s11,/root/autodl-tmp/star_v2_storage/results/star_arm_panda/final/SafetyPandaReachObstacle-v0/sac_lag/panda_final_star_cfg2_sac_lag_s11/checkpoint/final.torch,910039,178221872,-1.6025253474712369,11.0,12,1.0,0.9166666666666666,-0.09408925950527192,0.4253507200628519,"[0.45240145921707153, -0.17003382742404938, 0.23255912959575653]","[0.5762253403663635, 0.21505701541900635, 0.2728153467178345]","[0.51813143491745, 0.028385289013385773, 0.24552975594997406]",0.07,0.13,0.03
Current-only-N,current_only_v2,raw,11,panda_final_star_cfg2_current_only_v2_s11,/root/autodl-tmp/star_v2_storage/results/star_arm_panda/final/SafetyPandaReachObstacle-v0/current_only_v2/panda_final_star_cfg2_current_only_v2_s11/checkpoint/final.torch,910039,2030212911,-1.51983161225915,10.0,12,1.0,0.8333333333333334,-0.07938022643327713,0.4058677237480879,"[0.45240145921707153, -0.17003382742404938, 0.23255912959575653]","[0.5762253403663635, 0.21505701541900635, 0.2728153467178345]","[0.51813143491745, 0.028385289013385773, 0.24552975594997406]",0.07,0.13,0.03
STAR,star_v2,raw,30,panda_showcase_refcorridor_star_v2_s30,/root/autodl-tmp/star_v2_storage/results/star_arm_panda/showcase_mechanism/SafetyPandaReachObstacle-v0/star_v2/panda_showcase_refcorridor_star_v2_s30/checkpoint/final.torch,910039,2115420918,-10.437766730403826,15.0,100,0.0,0.15,-0.06714886903762818,0.5408435983763411,"[0.45240145921707153, -0.17003382742404938, 0.23255912959575653]","[0.5762253403663635, 0.21505701541900635, 0.2728153467178345]","[0.51813143491745, 0.028385289013385773, 0.24552975594997406]",0.07,0.13,0.03
STAR+Exec,star_v2,star_exec,30,panda_showcase_refcorridor_star_v2_s30,/root/autodl-tmp/star_v2_storage/results/star_arm_panda/showcase_mechanism/SafetyPandaReachObstacle-v0/star_v2/panda_showcase_refcorridor_star_v2_s30/checkpoint/final.torch,910039,1580086918,-52.356927719116214,0.0,100,0.0,0.0,0.08903076767921447,1.5374860309225369,"[0.45240145921707153, -0.17003382742404938, 0.23255912959575653]","[0.5762253403663635, 0.21505701541900635, 0.2728153467178345]","[0.51813143491745, 0.028385289013385773, 0.24552975594997406]",0.07,0.13,0.03
SAC-Lag,sac_lag,raw,11,panda_final_star_cfg2_sac_lag_s11,/root/autodl-tmp/star_v2_storage/results/star_arm_panda/final/SafetyPandaReachObstacle-v0/sac_lag/panda_final_star_cfg2_sac_lag_s11/checkpoint/final.torch,910040,1006787923,-1.6959313805401326,11.0,14,1.0,0.7857142857142857,-0.11193870671093464,0.4919676370918751,"[0.450673371553421, -0.17165319621562958, 0.24825267493724823]","[0.5557897090911865, 0.210845947265625, 0.24401873350143433]","[0.5045801401138306, 0.011538239195942879, 0.26442548632621765]",0.07,0.13,0.03
Current-only-N,current_only_v2,raw,11,panda_final_star_cfg2_current_only_v2_s11,/root/autodl-tmp/star_v2_storage/results/star_arm_panda/final/SafetyPandaReachObstacle-v0/current_only_v2/panda_final_star_cfg2_current_only_v2_s11/checkpoint/final.torch,910040,1335867724,-1.453849350959063,11.0,12,1.0,0.9166666666666666,-0.08416657999157906,0.39750763215124607,"[0.450673371553421, -0.17165319621562958, 0.24825267493724823]","[0.5557897090911865, 0.210845947265625, 0.24401873350143433]","[0.5045801401138306, 0.011538239195942879, 0.26442548632621765]",0.07,0.13,0.03
STAR,star_v2,raw,30,panda_showcase_refcorridor_star_v2_s30,/root/autodl-tmp/star_v2_storage/results/star_arm_panda/showcase_mechanism/SafetyPandaReachObstacle-v0/star_v2/panda_showcase_refcorridor_star_v2_s30/checkpoint/final.torch,910040,1217129621,-9.323455977133971,16.0,100,0.0,0.16,-0.029037241935729985,0.5938722694190801,"[0.450673371553421, -0.17165319621562958, 0.24825267493724823]","[0.5557897090911865, 0.210845947265625, 0.24401873350143433]","[0.5045801401138306, 0.011538239195942879, 0.26442548632621765]",0.07,0.13,0.03
STAR+Exec,star_v2,star_exec,30,panda_showcase_refcorridor_star_v2_s30,/root/autodl-tmp/star_v2_storage/results/star_arm_panda/showcase_mechanism/SafetyPandaReachObstacle-v0/star_v2/panda_showcase_refcorridor_star_v2_s30/checkpoint/final.torch,910040,1756567781,-55.86940534114835,0.0,100,0.0,0.0,0.0987672609090805,0.9669068252183024,"[0.450673371553421, -0.17165319621562958, 0.24825267493724823]","[0.5557897090911865, 0.210845947265625, 0.24401873350143433]","[0.5045801401138306, 0.011538239195942879, 0.26442548632621765]",0.07,0.13,0.03
SAC-Lag,sac_lag,raw,11,panda_final_star_cfg2_sac_lag_s11,/root/autodl-tmp/star_v2_storage/results/star_arm_panda/final/SafetyPandaReachObstacle-v0/sac_lag/panda_final_star_cfg2_sac_lag_s11/checkpoint/final.torch,910041,1258646981,-1.9367532080411916,11.0,16,1.0,0.6875,-0.09150237321853638,0.5432607689872384,"[0.4566062092781067, -0.17606504261493683, 0.25094014406204224]","[0.5288876891136169, 0.21547797322273254, 0.21651522815227509]","[0.5113444924354553, 0.004319455474615097, 0.2393305003643036]",0.07,0.13,0.03
Current-only-N,current_only_v2,raw,11,panda_final_star_cfg2_current_only_v2_s11,/root/autodl-tmp/star_v2_storage/results/star_arm_panda/final/SafetyPandaReachObstacle-v0/current_only_v2/panda_final_star_cfg2_current_only_v2_s11/checkpoint/final.torch,910041,949520858,-1.5420494599640366,11.0,12,1.0,0.9166666666666666,-0.10684599831700325,0.38552198000252247,"[0.4566062092781067, -0.17606504261493683, 0.25094014406204224]","[0.5288876891136169, 0.21547797322273254, 0.21651522815227509]","[0.5113444924354553, 0.004319455474615097, 0.2393305003643036]",0.07,0.13,0.03
STAR,star_v2,raw,30,panda_showcase_refcorridor_star_v2_s30,/root/autodl-tmp/star_v2_storage/results/star_arm_panda/showcase_mechanism/SafetyPandaReachObstacle-v0/star_v2/panda_showcase_refcorridor_star_v2_s30/checkpoint/final.torch,910041,1066195971,-3.260869398266077,14.0,24,1.0,0.5833333333333334,-0.09732104569673539,0.4867324619553983,"[0.4566062092781067, -0.17606504261493683, 0.25094014406204224]","[0.5288876891136169, 0.21547797322273254, 0.21651522815227509]","[0.5113444924354553, 0.004319455474615097, 0.2393305003643036]",0.07,0.13,0.03
STAR+Exec,star_v2,star_exec,30,panda_showcase_refcorridor_star_v2_s30,/root/autodl-tmp/star_v2_storage/results/star_arm_panda/showcase_mechanism/SafetyPandaReachObstacle-v0/star_v2/panda_showcase_refcorridor_star_v2_s30/checkpoint/final.torch,910041,531900531,-55.671340986490264,0.0,100,0.0,0.0,0.054576079249382015,1.5831193496585456,"[0.4566062092781067, -0.17606504261493683, 0.25094014406204224]","[0.5288876891136169, 0.21547797322273254, 0.21651522815227509]","[0.5113444924354553, 0.004319455474615097, 0.2393305003643036]",0.07,0.13,0.03
SAC-Lag,sac_lag,raw,11,panda_final_star_cfg2_sac_lag_s11,/root/autodl-tmp/star_v2_storage/results/star_arm_panda/final/SafetyPandaReachObstacle-v0/sac_lag/panda_final_star_cfg2_sac_lag_s11/checkpoint/final.torch,910042,1376533631,-1.4331020706892013,11.0,12,1.0,0.9166666666666666,-0.10603877820074559,0.43394162878394127,"[0.4486698508262634, -0.19291353225708008, 0.25017237663269043]","[0.5702539086341858, 0.16608472168445587, 0.27701637148857117]","[0.5274167656898499, -0.027107521891593933, 0.2696211040019989]",0.07,0.13,0.03
Current-only-N,current_only_v2,raw,11,panda_final_star_cfg2_current_only_v2_s11,/root/autodl-tmp/star_v2_storage/results/star_arm_panda/final/SafetyPandaReachObstacle-v0/current_only_v2/panda_final_star_cfg2_current_only_v2_s11/checkpoint/final.torch,910042,563206240,-1.1785159818828106,11.0,11,1.0,1.0,-0.10286451607942582,0.37272158451378345,"[0.4486698508262634, -0.19291353225708008, 0.25017237663269043]","[0.5702539086341858, 0.16608472168445587, 0.27701637148857117]","[0.5274167656898499, -0.027107521891593933, 0.2696211040019989]",0.07,0.13,0.03
STAR,star_v2,raw,30,panda_showcase_refcorridor_star_v2_s30,/root/autodl-tmp/star_v2_storage/results/star_arm_panda/showcase_mechanism/SafetyPandaReachObstacle-v0/star_v2/panda_showcase_refcorridor_star_v2_s30/checkpoint/final.torch,910042,646286777,-2.883620428768918,12.0,28,1.0,0.42857142857142855,-0.08153750851750374,0.48602720024064183,"[0.4486698508262634, -0.19291353225708008, 0.25017237663269043]","[0.5702539086341858, 0.16608472168445587, 0.27701637148857117]","[0.5274167656898499, -0.027107521891593933, 0.2696211040019989]",0.07,0.13,0.03
STAR+Exec,star_v2,star_exec,30,panda_showcase_refcorridor_star_v2_s30,/root/autodl-tmp/star_v2_storage/results/star_arm_panda/showcase_mechanism/SafetyPandaReachObstacle-v0/star_v2/panda_showcase_refcorridor_star_v2_s30/checkpoint/final.torch,910042,113080777,-50.55855924338101,0.0,100,0.0,0.0,0.09254285216331481,1.600237190568805,"[0.4486698508262634, -0.19291353225708008, 0.25017237663269043]","[0.5702539086341858, 0.16608472168445587, 0.27701637148857117]","[0.5274167656898499, -0.027107521891593933, 0.2696211040019989]",0.07,0.13,0.03
SAC-Lag,sac_lag,raw,11,panda_final_star_cfg2_sac_lag_s11,/root/autodl-tmp/star_v2_storage/results/star_arm_panda/final/SafetyPandaReachObstacle-v0/sac_lag/panda_final_star_cfg2_sac_lag_s11/checkpoint/final.torch,910043,621481193,-1.3717147728055716,12.0,13,1.0,0.9230769230769231,-0.10657352313399315,0.4546852372586727,"[0.4504508674144745, -0.1975434571504593, 0.25538724660873413]","[0.5623540878295898, 0.15519402921199799, 0.23298397660255432]","[0.48635295033454895, 0.014833270572125912, 0.23408493399620056]",0.07,0.13,0.03
Current-only-N,current_only_v2,raw,11,panda_final_star_cfg2_current_only_v2_s11,/root/autodl-tmp/star_v2_storage/results/star_arm_panda/final/SafetyPandaReachObstacle-v0/current_only_v2/panda_final_star_cfg2_current_only_v2_s11/checkpoint/final.torch,910043,1452730614,-1.0905432252585887,10.0,11,1.0,0.9090909090909091,-0.06576581776142121,0.3615809679031372,"[0.4504508674144745, -0.1975434571504593, 0.25538724660873413]","[0.5623540878295898, 0.15519402921199799, 0.23298397660255432]","[0.48635295033454895, 0.014833270572125912, 0.23408493399620056]",0.07,0.13,0.03
STAR,star_v2,raw,30,panda_showcase_refcorridor_star_v2_s30,/root/autodl-tmp/star_v2_storage/results/star_arm_panda/showcase_mechanism/SafetyPandaReachObstacle-v0/star_v2/panda_showcase_refcorridor_star_v2_s30/checkpoint/final.torch,910043,1367522607,-13.27150084105906,99.0,100,0.0,0.99,-0.017023493647575383,0.4445564099951298,"[0.4504508674144745, -0.1975434571504593, 0.25538724660873413]","[0.5623540878295898, 0.15519402921199799, 0.23298397660255432]","[0.48635295033454895, 0.014833270572125912, 0.23408493399620056]",0.07,0.13,0.03
STAR+Exec,star_v2,star_exec,30,panda_showcase_refcorridor_star_v2_s30,/root/autodl-tmp/star_v2_storage/results/star_arm_panda/showcase_mechanism/SafetyPandaReachObstacle-v0/star_v2/panda_showcase_refcorridor_star_v2_s30/checkpoint/final.torch,910043,1908033887,-48.420225599408155,0.0,100,0.0,0.0,0.11902582168579101,1.491682300130833,"[0.4504508674144745, -0.1975434571504593, 0.25538724660873413]","[0.5623540878295898, 0.15519402921199799, 0.23298397660255432]","[0.48635295033454895, 0.014833270572125912, 0.23408493399620056]",0.07,0.13,0.03
SAC-Lag,sac_lag,raw,11,panda_final_star_cfg2_sac_lag_s11,/root/autodl-tmp/star_v2_storage/results/star_arm_panda/final/SafetyPandaReachObstacle-v0/sac_lag/panda_final_star_cfg2_sac_lag_s11/checkpoint/final.torch,910044,997169482,-1.9307128790020944,12.0,14,1.0,0.8571428571428571,-0.11194360919296742,0.4696652702987194,"[0.447750985622406, -0.19501201808452606, 0.24723099172115326]","[0.5695381760597229, 0.1925896406173706, 0.28292837738990784]","[0.5009135007858276, 0.021694106981158257, 0.26386111974716187]",0.07,0.13,0.03
Current-only-N,current_only_v2,raw,11,panda_final_star_cfg2_current_only_v2_s11,/root/autodl-tmp/star_v2_storage/results/star_arm_panda/final/SafetyPandaReachObstacle-v0/current_only_v2/panda_final_star_cfg2_current_only_v2_s11/checkpoint/final.torch,910044,1223851349,-1.5385200339555738,11.0,12,1.0,0.9166666666666666,-0.07403928890824318,0.4012700729072094,"[0.447750985622406, -0.19501201808452606, 0.24723099172115326]","[0.5695381760597229, 0.1925896406173706, 0.28292837738990784]","[0.5009135007858276, 0.021694106981158257, 0.26386111974716187]",0.07,0.13,0.03
STAR,star_v2,raw,30,panda_showcase_refcorridor_star_v2_s30,/root/autodl-tmp/star_v2_storage/results/star_arm_panda/showcase_mechanism/SafetyPandaReachObstacle-v0/star_v2/panda_showcase_refcorridor_star_v2_s30/checkpoint/final.torch,910044,1340483724,-11.091291737549868,15.0,100,0.0,0.15,-0.011711192429065709,0.5940066900673173,"[0.447750985622406, -0.19501201808452606, 0.24723099172115326]","[0.5695381760597229, 0.1925896406173706, 0.28292837738990784]","[0.5009135007858276, 0.021694106981158257, 0.26386111974716187]",0.07,0.13,0.03
STAR+Exec,star_v2,star_exec,30,panda_showcase_refcorridor_star_v2_s30,/root/autodl-tmp/star_v2_storage/results/star_arm_panda/showcase_mechanism/SafetyPandaReachObstacle-v0/star_v2/panda_showcase_refcorridor_star_v2_s30/checkpoint/final.torch,910044,1876876540,-52.66476542413232,0.0,100,0.0,0.0,0.12974094867706298,1.1999308763590761,"[0.447750985622406, -0.19501201808452606, 0.24723099172115326]","[0.5695381760597229, 0.1925896406173706, 0.28292837738990784]","[0.5009135007858276, 0.021694106981158257, 0.26386111974716187]",0.07,0.13,0.03
SAC-Lag,sac_lag,raw,11,panda_final_star_cfg2_sac_lag_s11,/root/autodl-tmp/star_v2_storage/results/star_arm_panda/final/SafetyPandaReachObstacle-v0/sac_lag/panda_final_star_cfg2_sac_lag_s11/checkpoint/final.torch,910045,1281927644,-8.489930913541471,11.0,100,0.0,0.11,-0.10424719855189324,0.5353966171294147,"[0.4482976794242859, -0.17423555254936218, 0.2422688752412796]","[0.5451157689094543, 0.193374365568161, 0.2169121503829956]","[0.5299338698387146, 0.00027045985916629434, 0.22967630624771118]",0.07,0.13,0.03
Current-only-N,current_only_v2,raw,11,panda_final_star_cfg2_current_only_v2_s11,/root/autodl-tmp/star_v2_storage/results/star_arm_panda/final/SafetyPandaReachObstacle-v0/current_only_v2/panda_final_star_cfg2_current_only_v2_s11/checkpoint/final.torch,910045,1073040835,-1.2391375473141668,11.0,11,1.0,1.0,-0.11494438920170069,0.360173050314188,"[0.4482976794242859, -0.17423555254936218, 0.2422688752412796]","[0.5451157689094543, 0.193374365568161, 0.2169121503829956]","[0.5299338698387146, 0.00027045985916629434, 0.22967630624771118]",0.07,0.13,0.03
STAR,star_v2,raw,30,panda_showcase_refcorridor_star_v2_s30,/root/autodl-tmp/star_v2_storage/results/star_arm_panda/showcase_mechanism/SafetyPandaReachObstacle-v0/star_v2/panda_showcase_refcorridor_star_v2_s30/checkpoint/final.torch,910045,954275866,-7.632138222119496,25.0,100,0.0,0.25,-0.11214451409876347,0.47843646305227594,"[0.4482976794242859, -0.17423555254936218, 0.2422688752412796]","[0.5451157689094543, 0.193374365568161, 0.2169121503829956]","[0.5299338698387146, 0.00027045985916629434, 0.22967630624771118]",0.07,0.13,0.03
STAR+Exec,star_v2,star_exec,30,panda_showcase_refcorridor_star_v2_s30,/root/autodl-tmp/star_v2_storage/results/star_arm_panda/showcase_mechanism/SafetyPandaReachObstacle-v0/star_v2/panda_showcase_refcorridor_star_v2_s30/checkpoint/final.torch,910045,416935018,-55.07967226147651,0.0,100,0.0,0.0,0.10486474156379699,0.9926089241582758,"[0.4482976794242859, -0.17423555254936218, 0.2422688752412796]","[0.5451157689094543, 0.193374365568161, 0.2169121503829956]","[0.5299338698387146, 0.00027045985916629434, 0.22967630624771118]",0.07,0.13,0.03
SAC-Lag,sac_lag,raw,11,panda_final_star_cfg2_sac_lag_s11,/root/autodl-tmp/star_v2_storage/results/star_arm_panda/final/SafetyPandaReachObstacle-v0/sac_lag/panda_final_star_cfg2_sac_lag_s11/checkpoint/final.torch,910046,1432483942,-1.875525612235069,12.0,15,1.0,0.8,-0.08230064541101456,0.5004928633570671,"[0.43800967931747437, -0.19844956696033478, 0.24453476071357727]","[0.5472944378852844, 0.16671736538410187, 0.2818436026573181]","[0.4817841649055481, -0.02884618006646633, 0.24175237119197845]",0.07,0.13,0.03
Current-only-N,current_only_v2,raw,11,panda_final_star_cfg2_current_only_v2_s11,/root/autodl-tmp/star_v2_storage/results/star_arm_panda/final/SafetyPandaReachObstacle-v0/current_only_v2/panda_final_star_cfg2_current_only_v2_s11/checkpoint/final.torch,910046,654056569,-1.2464018735289573,11.0,11,1.0,1.0,-0.07306699931621552,0.3647709749639034,"[0.43800967931747437, -0.19844956696033478, 0.24453476071357727]","[0.5472944378852844, 0.16671736538410187, 0.2818436026573181]","[0.4817841649055481, -0.02884618006646633, 0.24175237119197845]",0.07,0.13,0.03
STAR,star_v2,raw,30,panda_showcase_refcorridor_star_v2_s30,/root/autodl-tmp/star_v2_storage/results/star_arm_panda/showcase_mechanism/SafetyPandaReachObstacle-v0/star_v2/panda_showcase_refcorridor_star_v2_s30/checkpoint/final.torch,910046,568871328,-9.923117545293566,14.0,100,0.0,0.14,-0.04665921360254288,0.5872855344252912,"[0.43800967931747437, -0.19844956696033478, 0.24453476071357727]","[0.5472944378852844, 0.16671736538410187, 0.2818436026573181]","[0.4817841649055481, -0.02884618006646633, 0.24175237119197845]",0.07,0.13,0.03
STAR+Exec,star_v2,star_exec,30,panda_showcase_refcorridor_star_v2_s30,/root/autodl-tmp/star_v2_storage/results/star_arm_panda/showcase_mechanism/SafetyPandaReachObstacle-v0/star_v2/panda_showcase_refcorridor_star_v2_s30/checkpoint/final.torch,910046,30457296,-47.48476318776608,0.0,100,0.0,0.0,0.0776280117034912,1.7539362227407764,"[0.43800967931747437, -0.19844956696033478, 0.24453476071357727]","[0.5472944378852844, 0.16671736538410187, 0.2818436026573181]","[0.4817841649055481, -0.02884618006646633, 0.24175237119197845]",0.07,0.13,0.03
SAC-Lag,sac_lag,raw,11,panda_final_star_cfg2_sac_lag_s11,/root/autodl-tmp/star_v2_storage/results/star_arm_panda/final/SafetyPandaReachObstacle-v0/sac_lag/panda_final_star_cfg2_sac_lag_s11/checkpoint/final.torch,910047,577161456,-1.6321092665940524,11.0,12,1.0,0.9166666666666666,-0.07847650825977326,0.43917321786284447,"[0.4686472713947296, -0.16304729878902435, 0.2660958766937256]","[0.5428414940834045, 0.2182387113571167, 0.24843652546405792]","[0.47660335898399353, 0.026477962732315063, 0.24211229383945465]",0.07,0.13,0.03
Current-only-N,current_only_v2,raw,11,panda_final_star_cfg2_current_only_v2_s11,/root/autodl-tmp/star_v2_storage/results/star_arm_panda/final/SafetyPandaReachObstacle-v0/current_only_v2/panda_final_star_cfg2_current_only_v2_s11/checkpoint/final.torch,910047,1375415535,-1.4280993980169292,11.0,12,1.0,0.9166666666666666,-0.08417162030935288,0.38072673231363297,"[0.4686472713947296, -0.16304729878902435, 0.2660958766937256]","[0.5428414940834045, 0.2182387113571167, 0.24843652546405792]","[0.47660335898399353, 0.026477962732315063, 0.24211229383945465]",0.07,0.13,0.03
STAR,star_v2,raw,30,panda_showcase_refcorridor_star_v2_s30,/root/autodl-tmp/star_v2_storage/results/star_arm_panda/showcase_mechanism/SafetyPandaReachObstacle-v0/star_v2/panda_showcase_refcorridor_star_v2_s30/checkpoint/final.torch,910047,1458534710,-11.268411316032237,18.0,100,0.0,0.18,-0.008148078918457036,0.5978976080218672,"[0.4686472713947296, -0.16304729878902435, 0.2660958766937256]","[0.5428414940834045, 0.2182387113571167, 0.24843652546405792]","[0.47660335898399353, 0.026477962732315063, 0.24211229383945465]",0.07,0.13,0.03
STAR+Exec,star_v2,star_exec,30,panda_showcase_refcorridor_star_v2_s30,/root/autodl-tmp/star_v2_storage/results/star_arm_panda/showcase_mechanism/SafetyPandaReachObstacle-v0/star_v2/panda_showcase_refcorridor_star_v2_s30/checkpoint/final.torch,910047,1993837894,-55.57487293541431,0.0,100,0.0,0.0,0.0842643928527832,0.8693398042464651,"[0.4686472713947296, -0.16304729878902435, 0.2660958766937256]","[0.5428414940834045, 0.2182387113571167, 0.24843652546405792]","[0.47660335898399353, 0.026477962732315063, 0.24211229383945465]",0.07,0.13,0.03
SAC-Lag,sac_lag,raw,11,panda_final_star_cfg2_sac_lag_s11,/root/autodl-tmp/star_v2_storage/results/star_arm_panda/final/SafetyPandaReachObstacle-v0/sac_lag/panda_final_star_cfg2_sac_lag_s11/checkpoint/final.torch,910048,853136737,-1.3237743798643349,11.0,12,1.0,0.9166666666666666,-0.08650594681501389,0.37838647700846195,"[0.4599461257457733, -0.19486255943775177, 0.2572898268699646]","[0.5356040596961975, 0.16205012798309326, 0.2809600830078125]","[0.523444652557373, 0.001801563543267548, 0.2654755413532257]",0.07,0.13,0.03
Current-only-N,current_only_v2,raw,11,panda_final_star_cfg2_current_only_v2_s11,/root/autodl-tmp/star_v2_storage/results/star_arm_panda/final/SafetyPandaReachObstacle-v0/current_only_v2/panda_final_star_cfg2_current_only_v2_s11/checkpoint/final.torch,910048,1094988158,-1.1105850286781789,10.0,11,1.0,0.9090909090909091,-0.10671644762158394,0.34165774658322334,"[0.4599461257457733, -0.19486255943775177, 0.2572898268699646]","[0.5356040596961975, 0.16205012798309326, 0.2809600830078125]","[0.523444652557373, 0.001801563543267548, 0.2654755413532257]",0.07,0.13,0.03
STAR,star_v2,raw,30,panda_showcase_refcorridor_star_v2_s30,/root/autodl-tmp/star_v2_storage/results/star_arm_panda/showcase_mechanism/SafetyPandaReachObstacle-v0/star_v2/panda_showcase_refcorridor_star_v2_s30/checkpoint/final.torch,910048,1179673767,-10.362466919473647,14.0,100,0.0,0.14,-0.04929984092712403,0.5274841886380273,"[0.4599461257457733, -0.19486255943775177, 0.2572898268699646]","[0.5356040596961975, 0.16205012798309326, 0.2809600830078125]","[0.523444652557373, 0.001801563543267548, 0.2654755413532257]",0.07,0.13,0.03
STAR+Exec,star_v2,star_exec,30,panda_showcase_refcorridor_star_v2_s30,/root/autodl-tmp/star_v2_storage/results/star_arm_panda/showcase_mechanism/SafetyPandaReachObstacle-v0/star_v2/panda_showcase_refcorridor_star_v2_s30/checkpoint/final.torch,910048,1718128855,-48.67333893656732,0.0,100,0.0,0.0,0.09104328870773315,1.4057550740203624,"[0.4599461257457733, -0.19486255943775177, 0.2572898268699646]","[0.5356040596961975, 0.16205012798309326, 0.2809600830078125]","[0.523444652557373, 0.001801563543267548, 0.2654755413532257]",0.07,0.13,0.03
SAC-Lag,sac_lag,raw,11,panda_final_star_cfg2_sac_lag_s11,/root/autodl-tmp/star_v2_storage/results/star_arm_panda/final/SafetyPandaReachObstacle-v0/sac_lag/panda_final_star_cfg2_sac_lag_s11/checkpoint/final.torch,910049,1172235767,-8.164060008078813,10.0,100,0.0,0.1,-0.09648781374096871,0.5511804669676508,"[0.43912485241889954, -0.17049762606620789, 0.2316882312297821]","[0.5574367642402649, 0.20482288300991058, 0.23597188293933868]","[0.49903008341789246, 0.014099013060331345, 0.26261481642723083]",0.07,0.13,0.03
Current-only-N,current_only_v2,raw,11,panda_final_star_cfg2_current_only_v2_s11,/root/autodl-tmp/star_v2_storage/results/star_arm_panda/final/SafetyPandaReachObstacle-v0/current_only_v2/panda_final_star_cfg2_current_only_v2_s11/checkpoint/final.torch,910049,910361064,-1.3423674203455447,11.0,11,1.0,1.0,-0.076508027613163,0.3704435173422098,"[0.43912485241889954, -0.17049762606620789, 0.2316882312297821]","[0.5574367642402649, 0.20482288300991058, 0.23597188293933868]","[0.49903008341789246, 0.014099013060331345, 0.26261481642723083]",0.07,0.13,0.03
STAR,star_v2,raw,30,panda_showcase_refcorridor_star_v2_s30,/root/autodl-tmp/star_v2_storage/results/star_arm_panda/showcase_mechanism/SafetyPandaReachObstacle-v0/star_v2/panda_showcase_refcorridor_star_v2_s30/checkpoint/final.torch,910049,827806769,-8.93621274061662,16.0,100,0.0,0.16,-0.022018847167491917,0.5733895167354603,"[0.43912485241889954, -0.17049762606620789, 0.2316882312297821]","[0.5574367642402649, 0.20482288300991058, 0.23597188293933868]","[0.49903008341789246, 0.014099013060331345, 0.26261481642723083]",0.07,0.13,0.03
STAR+Exec,star_v2,star_exec,30,panda_showcase_refcorridor_star_v2_s30,/root/autodl-tmp/star_v2_storage/results/star_arm_panda/showcase_mechanism/SafetyPandaReachObstacle-v0/star_v2/panda_showcase_refcorridor_star_v2_s30/checkpoint/final.torch,910049,292528193,-54.65213275909422,0.0,100,0.0,0.0,0.07720002055168151,0.840034702933508,"[0.43912485241889954, -0.17049762606620789, 0.2316882312297821]","[0.5574367642402649, 0.20482288300991058, 0.23597188293933868]","[0.49903008341789246, 0.014099013060331345, 0.26261481642723083]",0.07,0.13,0.03
