method_label,method,mode,train_seed,run_name,checkpoint_path,eval_seed,episode_rng_seed,step,start_pos,goal_pos,obstacle_pos,obstacle_radius,safe_margin,action_scale,ee_x,ee_y,ee_z,distance_to_obstacle,clearance_keepout,clearance_obstacle,distance_to_goal,cost,success,collision,has_action_diagnostics,execution_mode,candidate_count,safe_candidate_fraction,execution_fallback,selected_predicted_risk,selected_predicted_reward,mean_action_predicted_risk,any_shadow_predicted_unsafe,shadow_predicted_unsafe_fraction,selected_from_mean,action_candidate_spread,action_x,action_y,action_z,reward,step_cost_after,terminated,truncated
SAC-Lag,sac_lag,raw,11,panda_final_star_cfg2_sac_lag_s11,/root/autodl-tmp/star_v2_storage/results/star_arm_panda/final/SafetyPandaReachObstacle-v0/sac_lag/panda_final_star_cfg2_sac_lag_s11/checkpoint/final.torch,900078,613723922,0,"[0.44981759786605835, -0.1642124503850937, 0.2574579119682312]","[0.5354727506637573, 0.21935629844665527, 0.2566889226436615]","[0.5185362696647644, -0.014137590304017067, 0.23638781905174255]",0.07,0.13,0.03,0.4498244524002075,-0.16421523690223694,0.25746268033981323,0.16639940991052057,0.03639940991052057,0.09639940991052057,0.3930182456970215,0.0,0.0,0.0,1.0,raw,1.0,0.0,0.0,1.0022172927856445,-5.015503406524658,1.0022172927856445,1.0,1.0,1.0,0.0,0.6518768668174744,0.9840661287307739,-0.23421426117420197,-0.37472631216049196,1.0,0.0,0.0
SAC-Lag,sac_lag,raw,11,panda_final_star_cfg2_sac_lag_s11,/root/autodl-tmp/star_v2_storage/results/star_arm_panda/final/SafetyPandaReachObstacle-v0/sac_lag/panda_final_star_cfg2_sac_lag_s11/checkpoint/final.torch,900078,613723922,1,"[0.44981759786605835, -0.1642124503850937, 0.2574579119682312]","[0.5354727506637573, 0.21935629844665527, 0.2566889226436615]","[0.5185362696647644, -0.014137590304017067, 0.23638781905174255]",0.07,0.13,0.03,0.46931079030036926,-0.1347058266401291,0.25047051906585693,0.1309891975375931,0.0009891975375931061,0.060989197537593104,0.3602444529533386,1.0,0.0,1.0,1.0,raw,1.0,0.0,0.0,1.0037157535552979,-4.693068981170654,1.0037157535552979,1.0,1.0,1.0,0.0,-0.5273169875144958,0.9902360439300537,-0.5101491808891296,-0.35043339371681215,1.0,0.0,0.0
SAC-Lag,sac_lag,raw,11,panda_final_star_cfg2_sac_lag_s11,/root/autodl-tmp/star_v2_storage/results/star_arm_panda/final/SafetyPandaReachObstacle-v0/sac_lag/panda_final_star_cfg2_sac_lag_s11/checkpoint/final.torch,900078,613723922,2,"[0.44981759786605835, -0.1642124503850937, 0.2574579119682312]","[0.5354727506637573, 0.21935629844665527, 0.2566889226436615]","[0.5185362696647644, -0.014137590304017067, 0.23638781905174255]",0.07,0.13,0.03,0.45356035232543945,-0.10501736402511597,0.23521804809570312,0.11172453387584358,-0.018275466124156425,0.04172453387584357,0.3352445662021637,1.0,0.0,1.0,1.0,raw,1.0,0.0,0.0,1.021749496459961,-4.357621669769287,1.021749496459961,1.0,1.0,1.0,0.0,0.5109881162643433,0.9789336919784546,-0.4588415026664734,-0.31878377437591554,1.0,0.0,0.0
SAC-Lag,sac_lag,raw,11,panda_final_star_cfg2_sac_lag_s11,/root/autodl-tmp/star_v2_storage/results/star_arm_panda/final/SafetyPandaReachObstacle-v0/sac_lag/panda_final_star_cfg2_sac_lag_s11/checkpoint/final.torch,900078,613723922,3,"[0.44981759786605835, -0.1642124503850937, 0.2574579119682312]","[0.5354727506637573, 0.21935629844665527, 0.2566889226436615]","[0.5185362696647644, -0.014137590304017067, 0.23638781905174255]",0.07,0.13,0.03,0.46884551644325256,-0.0756601095199585,0.22152113914489746,0.08046868644292426,-0.04953131355707574,0.010468686442924258,0.30448421835899353,1.0,0.0,1.0,1.0,raw,1.0,0.0,0.0,1.0035927295684814,-3.9162817001342773,1.0035927295684814,1.0,1.0,1.0,0.0,0.5819909572601318,0.9868549704551697,0.7456910610198975,-0.2889250028133392,1.0,0.0,0.0
SAC-Lag,sac_lag,raw,11,panda_final_star_cfg2_sac_lag_s11,/root/autodl-tmp/star_v2_storage/results/star_arm_panda/final/SafetyPandaReachObstacle-v0/sac_lag/panda_final_star_cfg2_sac_lag_s11/checkpoint/final.torch,900078,613723922,4,"[0.44981759786605835, -0.1642124503850937, 0.2574579119682312]","[0.5354727506637573, 0.21935629844665527, 0.2566889226436615]","[0.5185362696647644, -0.014137590304017067, 0.23638781905174255]",0.07,0.13,0.03,0.486228883266449,-0.04604709520936012,0.2438468039035797,0.046017607219564396,-0.08398239278043561,-0.02398239278043561,0.2702384889125824,1.0,0.0,1.0,1.0,raw,1.0,0.0,0.0,1.0144531726837158,-3.6965975761413574,1.0144531726837158,1.0,1.0,1.0,0.0,-0.9467508792877197,0.9458261728286743,-0.9538296461105347,-0.2798249328136444,1.0,0.0,0.0
SAC-Lag,sac_lag,raw,11,panda_final_star_cfg2_sac_lag_s11,/root/autodl-tmp/star_v2_storage/results/star_arm_panda/final/SafetyPandaReachObstacle-v0/sac_lag/panda_final_star_cfg2_sac_lag_s11/checkpoint/final.torch,900078,613723922,5,"[0.44981759786605835, -0.1642124503850937, 0.2574579119682312]","[0.5354727506637573, 0.21935629844665527, 0.2566889226436615]","[0.5185362696647644, -0.014137590304017067, 0.23638781905174255]",0.07,0.13,0.03,0.45789390802383423,-0.017675502225756645,0.21528512239456177,0.06430658327387902,-0.06569341672612099,-0.0056934167261209895,0.2528177797794342,1.0,0.0,1.0,1.0,raw,1.0,0.0,0.0,1.016111135482788,-3.5345070362091064,1.016111135482788,1.0,1.0,1.0,0.0,0.6058543920516968,0.9733775854110718,-0.0435236319899559,-0.2335278695821762,1.0,0.0,0.0
SAC-Lag,sac_lag,raw,11,panda_final_star_cfg2_sac_lag_s11,/root/autodl-tmp/star_v2_storage/results/star_arm_panda/final/SafetyPandaReachObstacle-v0/sac_lag/panda_final_star_cfg2_sac_lag_s11/checkpoint/final.torch,900078,613723922,6,"[0.44981759786605835, -0.1642124503850937, 0.2574579119682312]","[0.5354727506637573, 0.21935629844665527, 0.2566889226436615]","[0.5185362696647644, -0.014137590304017067, 0.23638781905174255]",0.07,0.13,0.03,0.47598984837532043,0.011522626504302025,0.21394428610801697,0.054519325584464894,-0.0754806744155351,-0.015480674415535113,0.22036369144916534,1.0,0.0,1.0,1.0,raw,1.0,0.0,0.0,1.0182509422302246,-3.351689577102661,1.0182509422302246,1.0,1.0,1.0,0.0,0.6330584287643433,0.9912729859352112,0.5865554809570312,-0.20166889309883118,1.0,0.0,0.0
SAC-Lag,sac_lag,raw,11,panda_final_star_cfg2_sac_lag_s11,/root/autodl-tmp/star_v2_storage/results/star_arm_panda/final/SafetyPandaReachObstacle-v0/sac_lag/panda_final_star_cfg2_sac_lag_s11/checkpoint/final.torch,900078,613723922,7,"[0.44981759786605835, -0.1642124503850937, 0.2574579119682312]","[0.5354727506637573, 0.21935629844665527, 0.2566889226436615]","[0.5185362696647644, -0.014137590304017067, 0.23638781905174255]",0.07,0.13,0.03,0.4949021637439728,0.04125187546014786,0.23150575160980225,0.06041852747975947,-0.06958147252024054,-0.009581472520240539,0.18439456820487976,1.0,0.0,1.0,1.0,raw,1.0,0.0,0.0,1.0172557830810547,-3.2578887939453125,1.0172557830810547,1.0,1.0,1.0,0.0,0.7976741790771484,0.9945228099822998,0.3348943293094635,-0.16736607134342193,1.0,0.0,0.0
SAC-Lag,sac_lag,raw,11,panda_final_star_cfg2_sac_lag_s11,/root/autodl-tmp/star_v2_storage/results/star_arm_panda/final/SafetyPandaReachObstacle-v0/sac_lag/panda_final_star_cfg2_sac_lag_s11/checkpoint/final.torch,900078,613723922,8,"[0.44981759786605835, -0.1642124503850937, 0.2574579119682312]","[0.5354727506637573, 0.21935629844665527, 0.2566889226436615]","[0.5185362696647644, -0.014137590304017067, 0.23638781905174255]",0.07,0.13,0.03,0.5187503695487976,0.07107355445623398,0.24152743816375732,0.08536627387164904,-0.04463372612835097,0.01536627387164903,0.14999093115329742,1.0,0.0,1.0,1.0,raw,1.0,0.0,0.0,1.013419270515442,-3.105900764465332,1.013419270515442,1.0,1.0,1.0,0.0,-0.1729682981967926,0.9879283905029297,0.14058862626552582,-0.13146178424358368,1.0,0.0,0.0
SAC-Lag,sac_lag,raw,11,panda_final_star_cfg2_sac_lag_s11,/root/autodl-tmp/star_v2_storage/results/star_arm_panda/final/SafetyPandaReachObstacle-v0/sac_lag/panda_final_star_cfg2_sac_lag_s11/checkpoint/final.torch,900078,613723922,9,"[0.44981759786605835, -0.1642124503850937, 0.2574579119682312]","[0.5354727506637573, 0.21935629844665527, 0.2566889226436615]","[0.5185362696647644, -0.014137590304017067, 0.23638781905174255]",0.07,0.13,0.03,0.5135136246681213,0.10066578537225723,0.24568918347358704,0.11528901686430511,-0.014710983135694897,0.0452890168643051,0.1212049275636673,1.0,0.0,1.0,1.0,raw,1.0,0.0,0.0,1.014173984527588,-3.109912872314453,1.014173984527588,1.0,1.0,1.0,0.0,0.6191333532333374,0.9918421506881714,-0.13282941281795502,-0.10412864863872529,1.0,0.0,0.0
SAC-Lag,sac_lag,raw,11,panda_final_star_cfg2_sac_lag_s11,/root/autodl-tmp/star_v2_storage/results/star_arm_panda/final/SafetyPandaReachObstacle-v0/sac_lag/panda_final_star_cfg2_sac_lag_s11/checkpoint/final.torch,900078,613723922,10,"[0.44981759786605835, -0.1642124503850937, 0.2574579119682312]","[0.5354727506637573, 0.21935629844665527, 0.2566889226436615]","[0.5185362696647644, -0.014137590304017067, 0.23638781905174255]",0.07,0.13,0.03,0.5320027470588684,0.1303979605436325,0.2416851818561554,0.1452581616465009,0.0152581616465009,0.0752581616465009,0.09028144180774689,1.0,0.0,1.0,1.0,raw,1.0,0.0,0.0,1.022050142288208,-3.2257184982299805,1.022050142288208,1.0,1.0,1.0,0.0,0.8542022705078125,0.9970621466636658,-0.29328805208206177,-0.08550605148077012,0.0,0.0,0.0
SAC-Lag,sac_lag,raw,11,panda_final_star_cfg2_sac_lag_s11,/root/autodl-tmp/star_v2_storage/results/star_arm_panda/final/SafetyPandaReachObstacle-v0/sac_lag/panda_final_star_cfg2_sac_lag_s11/checkpoint/final.torch,900078,613723922,11,"[0.44981759786605835, -0.1642124503850937, 0.2574579119682312]","[0.5354727506637573, 0.21935629844665527, 0.2566889226436615]","[0.5185362696647644, -0.014137590304017067, 0.23638781905174255]",0.07,0.13,0.03,0.5575482845306396,0.1602851003408432,0.23287519812583923,0.17876674976476187,0.04876674976476186,0.10876674976476186,0.06740792840719223,0.0,0.0,0.0,1.0,raw,1.0,0.0,0.0,0.20349282026290894,-3.437002182006836,0.20349282026290894,1.0,1.0,1.0,0.0,0.5413429737091064,0.9898385405540466,0.4086320400238037,0.9360027511417865,0.0,1.0,0.0
Current-only-N,current_only_v2,raw,11,panda_final_star_cfg2_current_only_v2_s11,/root/autodl-tmp/star_v2_storage/results/star_arm_panda/final/SafetyPandaReachObstacle-v0/current_only_v2/panda_final_star_cfg2_current_only_v2_s11/checkpoint/final.torch,900078,1460226829,0,"[0.44981759786605835, -0.1642124503850937, 0.2574579119682312]","[0.5354727506637573, 0.21935629844665527, 0.2566889226436615]","[0.5185362696647644, -0.014137590304017067, 0.23638781905174255]",0.07,0.13,0.03,0.4498244524002075,-0.16421523690223694,0.25746268033981323,0.16639940991052057,0.03639940991052057,0.09639940991052057,0.3930182456970215,0.0,0.0,0.0,1.0,raw,1.0,0.0,0.0,0.9370991587638855,-1.7123888731002808,0.9370991587638855,1.0,1.0,1.0,0.0,0.37144923210144043,0.9694465398788452,0.1090811938047409,-0.37321566343307494,1.0,0.0,0.0
Current-only-N,current_only_v2,raw,11,panda_final_star_cfg2_current_only_v2_s11,/root/autodl-tmp/star_v2_storage/results/star_arm_panda/final/SafetyPandaReachObstacle-v0/current_only_v2/panda_final_star_cfg2_current_only_v2_s11/checkpoint/final.torch,900078,1460226829,1,"[0.44981759786605835, -0.1642124503850937, 0.2574579119682312]","[0.5354727506637573, 0.21935629844665527, 0.2566889226436615]","[0.5185362696647644, -0.014137590304017067, 0.23638781905174255]",0.07,0.13,0.03,0.46098509430885315,-0.13519981503486633,0.26073190569877625,0.13623815396689645,0.006238153966896448,0.06623815396689645,0.36231866478919983,1.0,0.0,1.0,1.0,raw,1.0,0.0,0.0,0.9884957671165466,-1.2999624013900757,0.9884957671165466,1.0,1.0,1.0,0.0,0.34724557399749756,0.9854260683059692,-0.12830083072185516,-0.34237681031227113,1.0,0.0,0.0
Current-only-N,current_only_v2,raw,11,panda_final_star_cfg2_current_only_v2_s11,/root/autodl-tmp/star_v2_storage/results/star_arm_panda/final/SafetyPandaReachObstacle-v0/current_only_v2/panda_final_star_cfg2_current_only_v2_s11/checkpoint/final.torch,900078,1460226829,2,"[0.44981759786605835, -0.1642124503850937, 0.2574579119682312]","[0.5354727506637573, 0.21935629844665527, 0.2566889226436615]","[0.5185362696647644, -0.014137590304017067, 0.23638781905174255]",0.07,0.13,0.03,0.47140753269195557,-0.10568594932556152,0.2569412589073181,0.10499839893106257,-0.025001601068937437,0.03499839893106256,0.33129575848579407,1.0,0.0,1.0,1.0,raw,1.0,0.0,0.0,1.0005168914794922,-0.9202657341957092,1.0005168914794922,1.0,1.0,1.0,0.0,0.5951844453811646,0.9836934804916382,-0.14321088790893555,-0.3125756669044495,1.0,0.0,0.0
Current-only-N,current_only_v2,raw,11,panda_final_star_cfg2_current_only_v2_s11,/root/autodl-tmp/star_v2_storage/results/star_arm_panda/final/SafetyPandaReachObstacle-v0/current_only_v2/panda_final_star_cfg2_current_only_v2_s11/checkpoint/final.torch,900078,1460226829,3,"[0.44981759786605835, -0.1642124503850937, 0.2574579119682312]","[0.5354727506637573, 0.21935629844665527, 0.2566889226436615]","[0.5185362696647644, -0.014137590304017067, 0.23638781905174255]",0.07,0.13,0.03,0.4891851842403412,-0.07616458088159561,0.2526201009750366,0.07051468465603535,-0.05948531534396466,0.0005146846560353385,0.29915159940719604,1.0,0.0,1.0,1.0,raw,1.0,0.0,0.0,1.0007960796356201,-0.562480628490448,1.0007960796356201,1.0,1.0,1.0,0.0,0.5945944786071777,0.98381108045578,-0.05752447992563248,-0.28083555698394774,1.0,0.0,0.0
Current-only-N,current_only_v2,raw,11,panda_final_star_cfg2_current_only_v2_s11,/root/autodl-tmp/star_v2_storage/results/star_arm_panda/final/SafetyPandaReachObstacle-v0/current_only_v2/panda_final_star_cfg2_current_only_v2_s11/checkpoint/final.torch,900078,1460226829,4,"[0.44981759786605835, -0.1642124503850937, 0.2574579119682312]","[0.5354727506637573, 0.21935629844665527, 0.2566889226436615]","[0.5185362696647644, -0.014137590304017067, 0.23638781905174255]",0.07,0.13,0.03,0.5069421529769897,-0.046642936766147614,0.2508697509765625,0.03742656065774675,-0.09257343934225326,-0.032573439342253256,0.26758819818496704,1.0,0.0,1.0,1.0,raw,1.0,0.0,0.0,1.0019992589950562,-0.25293073058128357,1.0019992589950562,1.0,1.0,1.0,0.0,0.4696434736251831,0.9869056940078735,0.09214948862791061,-0.2488856476545334,1.0,0.0,0.0
Current-only-N,current_only_v2,raw,11,panda_final_star_cfg2_current_only_v2_s11,/root/autodl-tmp/star_v2_storage/results/star_arm_panda/final/SafetyPandaReachObstacle-v0/current_only_v2/panda_final_star_cfg2_current_only_v2_s11/checkpoint/final.torch,900078,1460226829,5,"[0.44981759786605835, -0.1642124503850937, 0.2574579119682312]","[0.5354727506637573, 0.21935629844665527, 0.2566889226436615]","[0.5185362696647644, -0.014137590304017067, 0.23638781905174255]",0.07,0.13,0.03,0.520950436592102,-0.017033301293849945,0.2536117434501648,0.017631702010079877,-0.11236829798992012,-0.052368297989920126,0.23685525357723236,1.0,0.0,1.0,1.0,raw,1.0,0.0,0.0,0.999600887298584,-0.009310450404882431,0.999600887298584,1.0,1.0,1.0,0.0,-0.13020384311676025,0.9913202524185181,0.08737650513648987,-0.2175358533859253,1.0,0.0,0.0
Current-only-N,current_only_v2,raw,11,panda_final_star_cfg2_current_only_v2_s11,/root/autodl-tmp/star_v2_storage/results/star_arm_panda/final/SafetyPandaReachObstacle-v0/current_only_v2/panda_final_star_cfg2_current_only_v2_s11/checkpoint/final.torch,900078,1460226829,6,"[0.44981759786605835, -0.1642124503850937, 0.2574579119682312]","[0.5354727506637573, 0.21935629844665527, 0.2566889226436615]","[0.5185362696647644, -0.014137590304017067, 0.23638781905174255]",0.07,0.13,0.03,0.5171319842338562,0.012706241570413113,0.2562488615512848,0.0334219140152499,-0.0965780859847501,-0.036578085984750104,0.20746281743049622,1.0,0.0,1.0,1.0,raw,1.0,0.0,0.0,1.0018266439437866,0.2121243178844452,1.0018266439437866,1.0,1.0,1.0,0.0,-0.34616854786872864,0.9709570407867432,-0.5295354723930359,-0.1939778733253479,1.0,0.0,0.0
Current-only-N,current_only_v2,raw,11,panda_final_star_cfg2_current_only_v2_s11,/root/autodl-tmp/star_v2_storage/results/star_arm_panda/final/SafetyPandaReachObstacle-v0/current_only_v2/panda_final_star_cfg2_current_only_v2_s11/checkpoint/final.torch,900078,1460226829,7,"[0.44981759786605835, -0.1642124503850937, 0.2574579119682312]","[0.5354727506637573, 0.21935629844665527, 0.2566889226436615]","[0.5185362696647644, -0.014137590304017067, 0.23638781905174255]",0.07,0.13,0.03,0.5068248510360718,0.0418415330350399,0.2403993010520935,0.05733159307000793,-0.07266840692999207,-0.012668406929992077,0.18054789304733276,1.0,0.0,1.0,1.0,raw,1.0,0.0,0.0,0.999626100063324,0.4029509127140045,0.999626100063324,1.0,1.0,1.0,0.0,0.23315781354904175,0.9753549098968506,0.23544441163539886,-0.1607477432489395,1.0,0.0,0.0
Current-only-N,current_only_v2,raw,11,panda_final_star_cfg2_current_only_v2_s11,/root/autodl-tmp/star_v2_storage/results/star_arm_panda/final/SafetyPandaReachObstacle-v0/current_only_v2/panda_final_star_cfg2_current_only_v2_s11/checkpoint/final.torch,900078,1460226829,8,"[0.44981759786605835, -0.1642124503850937, 0.2574579119682312]","[0.5354727506637573, 0.21935629844665527, 0.2566889226436615]","[0.5185362696647644, -0.014137590304017067, 0.23638781905174255]",0.07,0.13,0.03,0.513739287853241,0.07108952105045319,0.2474358081817627,0.08607397753179763,-0.043926022468202375,0.016073977531797623,0.15013660490512848,1.0,0.0,1.0,1.0,raw,1.0,0.0,0.0,1.000632643699646,0.5788772106170654,1.000632643699646,1.0,1.0,1.0,0.0,-0.07313545048236847,0.943126916885376,0.480838418006897,-0.13373684227466584,1.0,0.0,0.0
Current-only-N,current_only_v2,raw,11,panda_final_star_cfg2_current_only_v2_s11,/root/autodl-tmp/star_v2_storage/results/star_arm_panda/final/SafetyPandaReachObstacle-v0/current_only_v2/panda_final_star_cfg2_current_only_v2_s11/checkpoint/final.torch,900078,1460226829,9,"[0.44981759786605835, -0.1642124503850937, 0.2574579119682312]","[0.5354727506637573, 0.21935629844665527, 0.2566889226436615]","[0.5185362696647644, -0.014137590304017067, 0.23638781905174255]",0.07,0.13,0.03,0.5114664435386658,0.09936551749706268,0.26182520389556885,0.11653325048950501,-0.013466749510494994,0.046533250489505004,0.12247641384601593,1.0,0.0,1.0,1.0,raw,1.0,0.0,0.0,0.9989104270935059,0.7394865155220032,0.9989104270935059,1.0,1.0,1.0,0.0,0.25425809621810913,0.9395512938499451,-0.14413118362426758,-0.10297381937503815,1.0,0.0,0.0
Current-only-N,current_only_v2,raw,11,panda_final_star_cfg2_current_only_v2_s11,/root/autodl-tmp/star_v2_storage/results/star_arm_panda/final/SafetyPandaReachObstacle-v0/current_only_v2/panda_final_star_cfg2_current_only_v2_s11/checkpoint/final.torch,900078,1460226829,10,"[0.44981759786605835, -0.1642124503850937, 0.2574579119682312]","[0.5354727506637573, 0.21935629844665527, 0.2566889226436615]","[0.5185362696647644, -0.014137590304017067, 0.23638781905174255]",0.07,0.13,0.03,0.5190137624740601,0.1275310069322586,0.25747787952423096,0.14323061855975572,0.013230618559755714,0.07323061855975571,0.09329204261302948,1.0,0.0,1.0,1.0,raw,1.0,0.0,0.0,0.9518741965293884,0.8601028919219971,0.9518741965293884,1.0,1.0,1.0,0.0,0.762376070022583,0.9587597250938416,-0.6291096210479736,-0.0848995190858841,0.0,0.0,0.0
Current-only-N,current_only_v2,raw,11,panda_final_star_cfg2_current_only_v2_s11,/root/autodl-tmp/star_v2_storage/results/star_arm_panda/final/SafetyPandaReachObstacle-v0/current_only_v2/panda_final_star_cfg2_current_only_v2_s11/checkpoint/final.torch,900078,1460226829,11,"[0.44981759786605835, -0.1642124503850937, 0.2574579119682312]","[0.5354727506637573, 0.21935629844665527, 0.2566889226436615]","[0.5185362696647644, -0.014137590304017067, 0.23638781905174255]",0.07,0.13,0.03,0.5417999625205994,0.15626822412014008,0.2385893166065216,0.17200054530824782,0.042000545308247816,0.10200054530824781,0.0659373551607132,0.0,0.0,0.0,1.0,raw,1.0,0.0,0.0,-0.005121558904647827,0.8836663365364075,-0.005121558904647827,0.0,0.0,1.0,0.0,-0.6001288890838623,0.7332950234413147,-0.28770050406455994,-0.06014673247933388,0.0,0.0,0.0
Current-only-N,current_only_v2,raw,11,panda_final_star_cfg2_current_only_v2_s11,/root/autodl-tmp/star_v2_storage/results/star_arm_panda/final/SafetyPandaReachObstacle-v0/current_only_v2/panda_final_star_cfg2_current_only_v2_s11/checkpoint/final.torch,900078,1460226829,12,"[0.44981759786605835, -0.1642124503850937, 0.2574579119682312]","[0.5354727506637573, 0.21935629844665527, 0.2566889226436615]","[0.5185362696647644, -0.014137590304017067, 0.23638781905174255]",0.07,0.13,0.03,0.5238766074180603,0.1782958209514618,0.22997361421585083,0.1926143270850232,0.06261432708502321,0.1226143270850232,0.05034025385975838,0.0,0.0,0.0,1.0,raw,1.0,0.0,0.0,9.813904762268066e-05,0.8906628489494324,9.813904762268066e-05,0.0,0.0,1.0,0.0,-0.33698657155036926,0.23661810159683228,0.09183340519666672,0.95139543607831,0.0,1.0,0.0
STAR,star_v2,raw,30,panda_showcase_refcorridor_star_v2_s30,/root/autodl-tmp/star_v2_storage/results/star_arm_panda/showcase_mechanism/SafetyPandaReachObstacle-v0/star_v2/panda_showcase_refcorridor_star_v2_s30/checkpoint/final.torch,900078,1344085716,0,"[0.44981759786605835, -0.1642124503850937, 0.2574579119682312]","[0.5354727506637573, 0.21935629844665527, 0.2566889226436615]","[0.5185362696647644, -0.014137590304017067, 0.23638781905174255]",0.07,0.13,0.03,0.4498244524002075,-0.16421523690223694,0.25746268033981323,0.16639940991052057,0.03639940991052057,0.09639940991052057,0.3930182456970215,0.0,0.0,0.0,1.0,raw,1.0,0.0,0.0,0.9919689297676086,-4.84481954574585,0.9919689297676086,1.0,1.0,1.0,0.0,0.7632911801338196,0.933601975440979,0.315622478723526,-0.37673206329345704,1.0,0.0,0.0
STAR,star_v2,raw,30,panda_showcase_refcorridor_star_v2_s30,/root/autodl-tmp/star_v2_storage/results/star_arm_panda/showcase_mechanism/SafetyPandaReachObstacle-v0/star_v2/panda_showcase_refcorridor_star_v2_s30/checkpoint/final.torch,900078,1344085716,1,"[0.44981759786605835, -0.1642124503850937, 0.2574579119682312]","[0.5354727506637573, 0.21935629844665527, 0.2566889226436615]","[0.5185362696647644, -0.014137590304017067, 0.23638781905174255]",0.07,0.13,0.03,0.4726523756980896,-0.13618609309196472,0.26688963174819946,0.13390866042229854,0.003908660422298538,0.06390866042229854,0.36119362711906433,1.0,0.0,1.0,1.0,raw,1.0,0.0,0.0,1.0064507722854614,-4.272373199462891,1.0064507722854614,1.0,1.0,1.0,0.0,0.5939077734947205,0.8240267038345337,0.21051277220249176,-0.3450280570983887,1.0,0.0,0.0
STAR,star_v2,raw,30,panda_showcase_refcorridor_star_v2_s30,/root/autodl-tmp/star_v2_storage/results/star_arm_panda/showcase_mechanism/SafetyPandaReachObstacle-v0/star_v2/panda_showcase_refcorridor_star_v2_s30/checkpoint/final.torch,900078,1344085716,2,"[0.44981759786605835, -0.1642124503850937, 0.2574579119682312]","[0.5354727506637573, 0.21935629844665527, 0.2566889226436615]","[0.5185362696647644, -0.014137590304017067, 0.23638781905174255]",0.07,0.13,0.03,0.49039140343666077,-0.1114470586180687,0.2731667757034302,0.10776807398737338,-0.02223192601262662,0.03776807398737338,0.33426743745803833,1.0,0.0,1.0,1.0,raw,1.0,0.0,0.0,1.002976894378662,-3.6403560638427734,1.002976894378662,1.0,1.0,1.0,0.0,0.5213066935539246,0.9128589034080505,0.0971001610159874,-0.316596040725708,1.0,0.0,0.0
STAR,star_v2,raw,30,panda_showcase_refcorridor_star_v2_s30,/root/autodl-tmp/star_v2_storage/results/star_arm_panda/showcase_mechanism/SafetyPandaReachObstacle-v0/star_v2/panda_showcase_refcorridor_star_v2_s30/checkpoint/final.torch,900078,1344085716,3,"[0.44981759786605835, -0.1642124503850937, 0.2574579119682312]","[0.5354727506637573, 0.21935629844665527, 0.2566889226436615]","[0.5185362696647644, -0.014137590304017067, 0.23638781905174255]",0.07,0.13,0.03,0.5059481859207153,-0.08404751867055893,0.2760472595691681,0.08135557238885005,-0.048644427611149954,0.011355572388850044,0.30545103549957275,1.0,0.0,1.0,1.0,raw,1.0,0.0,0.0,1.0047630071640015,-3.1541523933410645,1.0047630071640015,1.0,1.0,1.0,0.0,0.7990683317184448,0.9439595937728882,-0.26886865496635437,-0.29138270258903504,1.0,0.0,0.0
STAR,star_v2,raw,30,panda_showcase_refcorridor_star_v2_s30,/root/autodl-tmp/star_v2_storage/results/star_arm_panda/showcase_mechanism/SafetyPandaReachObstacle-v0/star_v2/panda_showcase_refcorridor_star_v2_s30/checkpoint/final.torch,900078,1344085716,4,"[0.44981759786605835, -0.1642124503850937, 0.2574579119682312]","[0.5354727506637573, 0.21935629844665527, 0.2566889226436615]","[0.5185362696647644, -0.014137590304017067, 0.23638781905174255]",0.07,0.13,0.03,0.529835045337677,-0.05571943521499634,0.2679558992385864,0.05341587633457434,-0.07658412366542566,-0.016584123665425665,0.27536410093307495,1.0,0.0,1.0,1.0,raw,1.0,0.0,0.0,1.0059232711791992,-2.9379024505615234,1.0059232711791992,1.0,1.0,1.0,0.0,0.7181316018104553,0.6636579036712646,0.21292689442634583,-0.2662722527980804,1.0,0.0,0.0
STAR,star_v2,raw,30,panda_showcase_refcorridor_star_v2_s30,/root/autodl-tmp/star_v2_storage/results/star_arm_panda/showcase_mechanism/SafetyPandaReachObstacle-v0/star_v2/panda_showcase_refcorridor_star_v2_s30/checkpoint/final.torch,900078,1344085716,5,"[0.44981759786605835, -0.1642124503850937, 0.2574579119682312]","[0.5354727506637573, 0.21935629844665527, 0.2566889226436615]","[0.5185362696647644, -0.014137590304017067, 0.23638781905174255]",0.07,0.13,0.03,0.5512925386428833,-0.035803843289613724,0.27431973814964294,0.0546006425076886,-0.07539935749231141,-0.01539935749231141,0.2562573254108429,1.0,0.0,1.0,1.0,raw,1.0,0.0,0.0,1.0062075853347778,-2.682950258255005,1.0062075853347778,1.0,1.0,1.0,0.0,0.5408135652542114,0.7027270793914795,-0.024640388786792755,-0.24471835136413575,1.0,0.0,0.0
STAR,star_v2,raw,30,panda_showcase_refcorridor_star_v2_s30,/root/autodl-tmp/star_v2_storage/results/star_arm_panda/showcase_mechanism/SafetyPandaReachObstacle-v0/star_v2/panda_showcase_refcorridor_star_v2_s30/checkpoint/final.torch,900078,1344085716,6,"[0.44981759786605835, -0.1642124503850937, 0.2574579119682312]","[0.5354727506637573, 0.21935629844665527, 0.2566889226436615]","[0.5185362696647644, -0.014137590304017067, 0.23638781905174255]",0.07,0.13,0.03,0.5674314498901367,-0.014719683676958084,0.2735600769519806,0.061423564202741206,-0.0685764357972588,-0.008576435797258801,0.23684923350811005,1.0,0.0,1.0,1.0,raw,1.0,0.0,0.0,1.0061312913894653,-2.4331157207489014,1.0061312913894653,1.0,1.0,1.0,0.0,0.4091913104057312,0.7023441791534424,-0.08563665300607681,-0.2246826958656311,1.0,0.0,0.0
STAR,star_v2,raw,30,panda_showcase_refcorridor_star_v2_s30,/root/autodl-tmp/star_v2_storage/results/star_arm_panda/showcase_mechanism/SafetyPandaReachObstacle-v0/star_v2/panda_showcase_refcorridor_star_v2_s30/checkpoint/final.torch,900078,1344085716,7,"[0.44981759786605835, -0.1642124503850937, 0.2574579119682312]","[0.5354727506637573, 0.21935629844665527, 0.2566889226436615]","[0.5185362696647644, -0.014137590304017067, 0.23638781905174255]",0.07,0.13,0.03,0.5796214938163757,0.006349766626954079,0.2709728181362152,0.07312495172882226,-0.056875048271177744,0.0031249517288222534,0.2180021107196808,1.0,0.0,1.0,1.0,raw,1.0,0.0,0.0,1.0069812536239624,-2.1923317909240723,1.0069812536239624,1.0,1.0,1.0,0.0,0.3210982382297516,0.7167197465896606,-0.11949443072080612,-0.20549087285995482,1.0,0.0,0.0
STAR,star_v2,raw,30,panda_showcase_refcorridor_star_v2_s30,/root/autodl-tmp/star_v2_storage/results/star_arm_panda/showcase_mechanism/SafetyPandaReachObstacle-v0/star_v2/panda_showcase_refcorridor_star_v2_s30/checkpoint/final.torch,900078,1344085716,8,"[0.44981759786605835, -0.1642124503850937, 0.2574579119682312]","[0.5354727506637573, 0.21935629844665527, 0.2566889226436615]","[0.5185362696647644, -0.014137590304017067, 0.23638781905174255]",0.07,0.13,0.03,0.589165210723877,0.027847155928611755,0.26737111806869507,0.08781304600868668,-0.04218695399131332,0.017813046008686675,0.19918017089366913,1.0,0.0,1.0,1.0,raw,1.0,0.0,0.0,1.0064945220947266,-1.9525765180587769,1.0064945220947266,1.0,1.0,1.0,0.0,0.272691935300827,0.6991403698921204,-0.18117600679397583,-0.18742453098297118,1.0,0.0,0.0
STAR,star_v2,raw,30,panda_showcase_refcorridor_star_v2_s30,/root/autodl-tmp/star_v2_storage/results/star_arm_panda/showcase_mechanism/SafetyPandaReachObstacle-v0/star_v2/panda_showcase_refcorridor_star_v2_s30/checkpoint/final.torch,900078,1344085716,9,"[0.44981759786605835, -0.1642124503850937, 0.2574579119682312]","[0.5354727506637573, 0.21935629844665527, 0.2566889226436615]","[0.5185362696647644, -0.014137590304017067, 0.23638781905174255]",0.07,0.13,0.03,0.5972582101821899,0.04881417378783226,0.2619212567806244,0.1039808874907289,-0.02601911250927111,0.03398088749072889,0.18146470189094543,1.0,0.0,1.0,1.0,raw,1.0,0.0,0.0,1.0057010650634766,-1.7300992012023926,1.0057010650634766,1.0,1.0,1.0,0.0,0.3085325062274933,0.6939097046852112,-0.21186034381389618,-0.17191476345062257,1.0,0.0,0.0
STAR,star_v2,raw,30,panda_showcase_refcorridor_star_v2_s30,/root/autodl-tmp/star_v2_storage/results/star_arm_panda/showcase_mechanism/SafetyPandaReachObstacle-v0/star_v2/panda_showcase_refcorridor_star_v2_s30/checkpoint/final.torch,900078,1344085716,10,"[0.44981759786605835, -0.1642124503850937, 0.2574579119682312]","[0.5354727506637573, 0.21935629844665527, 0.2566889226436615]","[0.5185362696647644, -0.014137590304017067, 0.23638781905174255]",0.07,0.13,0.03,0.6064250469207764,0.06962119042873383,0.2555527985095978,0.12291162253836672,-0.00708837746163328,0.05291162253836672,0.16569888591766357,1.0,0.0,1.0,1.0,raw,1.0,0.0,0.0,1.0054796934127808,-1.4568579196929932,1.0054796934127808,1.0,1.0,1.0,0.0,0.05725981667637825,0.6938709020614624,-0.18788939714431763,-0.15331339120864867,1.0,0.0,0.0
STAR,star_v2,raw,30,panda_showcase_refcorridor_star_v2_s30,/root/autodl-tmp/star_v2_storage/results/star_arm_panda/showcase_mechanism/SafetyPandaReachObstacle-v0/star_v2/panda_showcase_refcorridor_star_v2_s30/checkpoint/final.torch,900078,1344085716,11,"[0.44981759786605835, -0.1642124503850937, 0.2574579119682312]","[0.5354727506637573, 0.21935629844665527, 0.2566889226436615]","[0.5185362696647644, -0.014137590304017067, 0.23638781905174255]",0.07,0.13,0.03,0.6080527901649475,0.0904238373041153,0.24990475177764893,0.13830765364298206,0.008307653642982055,0.06830765364298205,0.14811301231384277,1.0,0.0,1.0,1.0,raw,1.0,0.0,0.0,0.9966990351676941,-1.207912564277649,0.9966990351676941,1.0,1.0,1.0,0.0,-0.04390932619571686,0.6806706190109253,-0.18853621184825897,-0.13538923978805542,1.0,0.0,0.0
STAR,star_v2,raw,30,panda_showcase_refcorridor_star_v2_s30,/root/autodl-tmp/star_v2_storage/results/star_arm_panda/showcase_mechanism/SafetyPandaReachObstacle-v0/star_v2/panda_showcase_refcorridor_star_v2_s30/checkpoint/final.torch,900078,1344085716,12,"[0.44981759786605835, -0.1642124503850937, 0.2574579119682312]","[0.5354727506637573, 0.21935629844665527, 0.2566889226436615]","[0.5185362696647644, -0.014137590304017067, 0.23638781905174255]",0.07,0.13,0.03,0.6066471338272095,0.11082737147808075,0.24423977732658386,0.15310590878670838,0.023105908786708373,0.08310590878670837,0.13038137555122375,1.0,0.0,1.0,1.0,raw,1.0,0.0,0.0,0.9879621267318726,-0.988139271736145,0.9879621267318726,1.0,1.0,1.0,0.0,-0.08257830888032913,0.6566001772880554,-0.18000364303588867,-0.11837330788373947,0.0,0.0,0.0
STAR,star_v2,raw,30,panda_showcase_refcorridor_star_v2_s30,/root/autodl-tmp/star_v2_storage/results/star_arm_panda/showcase_mechanism/SafetyPandaReachObstacle-v0/star_v2/panda_showcase_refcorridor_star_v2_s30/checkpoint/final.torch,900078,1344085716,13,"[0.44981759786605835, -0.1642124503850937, 0.2574579119682312]","[0.5354727506637573, 0.21935629844665527, 0.2566889226436615]","[0.5185362696647644, -0.014137590304017067, 0.23638781905174255]",0.07,0.13,0.03,0.6040847301483154,0.13050556182861328,0.23883450031280518,0.1680659596681082,0.03806595966810819,0.09806595966810819,0.11366986483335495,0.0,0.0,0.0,1.0,raw,1.0,0.0,0.0,0.971316933631897,-0.7872996926307678,0.971316933631897,1.0,1.0,1.0,0.0,-0.12291406095027924,0.6143375039100647,-0.1441434621810913,-0.10245008915662765,0.0,0.0,0.0
STAR,star_v2,raw,30,panda_showcase_refcorridor_star_v2_s30,/root/autodl-tmp/star_v2_storage/results/star_arm_panda/showcase_mechanism/SafetyPandaReachObstacle-v0/star_v2/panda_showcase_refcorridor_star_v2_s30/checkpoint/final.torch,900078,1344085716,14,"[0.44981759786605835, -0.1642124503850937, 0.2574579119682312]","[0.5354727506637573, 0.21935629844665527, 0.2566889226436615]","[0.5185362696647644, -0.014137590304017067, 0.23638781905174255]",0.07,0.13,0.03,0.6003502011299133,0.14887996017932892,0.23454707860946655,0.18240512457919095,0.05240512457919094,0.11240512457919094,0.09831713140010834,0.0,0.0,0.0,1.0,raw,1.0,0.0,0.0,0.8716635704040527,-0.6030859351158142,0.8716635704040527,1.0,1.0,1.0,0.0,-0.1470513790845871,0.5640883445739746,-0.11284146457910538,-0.08828587532043457,0.0,0.0,0.0
STAR,star_v2,raw,30,panda_showcase_refcorridor_star_v2_s30,/root/autodl-tmp/star_v2_storage/results/star_arm_panda/showcase_mechanism/SafetyPandaReachObstacle-v0/star_v2/panda_showcase_refcorridor_star_v2_s30/checkpoint/final.torch,900078,1344085716,15,"[0.44981759786605835, -0.1642124503850937, 0.2574579119682312]","[0.5354727506637573, 0.21935629844665527, 0.2566889226436615]","[0.5185362696647644, -0.014137590304017067, 0.23638781905174255]",0.07,0.13,0.03,0.5959921479225159,0.16576217114925385,0.23120582103729248,0.1959341479963234,0.06593414799632338,0.12593414799632338,0.08476034551858902,0.0,0.0,0.0,1.0,raw,1.0,0.0,0.0,0.6157956719398499,-0.4414393901824951,0.6157956719398499,1.0,1.0,1.0,0.0,-0.16241267323493958,0.5015019774436951,-0.09164528548717499,-0.07625928401947021,0.0,0.0,0.0
STAR,star_v2,raw,30,panda_showcase_refcorridor_star_v2_s30,/root/autodl-tmp/star_v2_storage/results/star_arm_panda/showcase_mechanism/SafetyPandaReachObstacle-v0/star_v2/panda_showcase_refcorridor_star_v2_s30/checkpoint/final.torch,900078,1344085716,16,"[0.44981759786605835, -0.1642124503850937, 0.2574579119682312]","[0.5354727506637573, 0.21935629844665527, 0.2566889226436615]","[0.5185362696647644, -0.014137590304017067, 0.23638781905174255]",0.07,0.13,0.03,0.5912072062492371,0.18082799017429352,0.22847044467926025,0.2082194213138224,0.0782194213138224,0.1382194213138224,0.0733964741230011,0.0,0.0,0.0,1.0,raw,1.0,0.0,0.0,0.27530980110168457,-0.31267666816711426,0.27530980110168457,1.0,1.0,1.0,0.0,-0.17520494759082794,0.4330490529537201,-0.07962565124034882,-0.06661687612533569,0.0,0.0,0.0
STAR,star_v2,raw,30,panda_showcase_refcorridor_star_v2_s30,/root/autodl-tmp/star_v2_storage/results/star_arm_panda/showcase_mechanism/SafetyPandaReachObstacle-v0/star_v2/panda_showcase_refcorridor_star_v2_s30/checkpoint/final.torch,900078,1344085716,17,"[0.44981759786605835, -0.1642124503850937, 0.2574579119682312]","[0.5354727506637573, 0.21935629844665527, 0.2566889226436615]","[0.5185362696647644, -0.014137590304017067, 0.23638781905174255]",0.07,0.13,0.03,0.5860357284545898,0.1938474029302597,0.22608938813209534,0.21890635446918447,0.08890635446918446,0.14890635446918446,0.06437119096517563,0.0,0.0,0.0,1.0,raw,1.0,0.0,0.0,0.10074801743030548,-0.2264472395181656,0.10074801743030548,1.0,1.0,1.0,0.0,-0.17373338341712952,0.372522234916687,-0.0690804123878479,-0.059495400935411454,0.0,0.0,0.0
STAR,star_v2,raw,30,panda_showcase_refcorridor_star_v2_s30,/root/autodl-tmp/star_v2_storage/results/star_arm_panda/showcase_mechanism/SafetyPandaReachObstacle-v0/star_v2/panda_showcase_refcorridor_star_v2_s30/checkpoint/final.torch,900078,1344085716,18,"[0.44981759786605835, -0.1642124503850937, 0.2574579119682312]","[0.5354727506637573, 0.21935629844665527, 0.2566889226436615]","[0.5185362696647644, -0.014137590304017067, 0.23638781905174255]",0.07,0.13,0.03,0.5809088349342346,0.20505325496196747,0.22402417659759521,0.2282275688900118,0.0982275688900118,0.1582275688900118,0.05775811895728111,0.0,0.0,0.0,1.0,raw,1.0,0.0,0.0,0.05199946463108063,-0.18496635556221008,0.05199946463108063,1.0,1.0,1.0,0.0,-0.15055453777313232,0.30214840173721313,-0.05954458937048912,-0.054979028031229976,0.0,0.0,0.0
STAR,star_v2,raw,30,panda_showcase_refcorridor_star_v2_s30,/root/autodl-tmp/star_v2_storage/results/star_arm_panda/showcase_mechanism/SafetyPandaReachObstacle-v0/star_v2/panda_showcase_refcorridor_star_v2_s30/checkpoint/final.torch,900078,1344085716,19,"[0.44981759786605835, -0.1642124503850937, 0.2574579119682312]","[0.5354727506637573, 0.21935629844665527, 0.2566889226436615]","[0.5185362696647644, -0.014137590304017067, 0.23638781905174255]",0.07,0.13,0.03,0.5764772891998291,0.21414941549301147,0.2222450077533722,0.2359494392278918,0.1059494392278918,0.1659494392278918,0.05380396917462349,0.0,0.0,0.0,1.0,raw,1.0,0.0,0.0,0.03885319083929062,-0.17598213255405426,0.03885319083929062,0.0,0.0,1.0,0.0,-0.11807572096586227,0.2606574296951294,-0.04426334425806999,-0.05275860227644444,0.0,0.0,0.0
STAR,star_v2,raw,30,panda_showcase_refcorridor_star_v2_s30,/root/autodl-tmp/star_v2_storage/results/star_arm_panda/showcase_mechanism/SafetyPandaReachObstacle-v0/star_v2/panda_showcase_refcorridor_star_v2_s30/checkpoint/final.torch,900078,1344085716,20,"[0.44981759786605835, -0.1642124503850937, 0.2574579119682312]","[0.5354727506637573, 0.21935629844665527, 0.2566889226436615]","[0.5185362696647644, -0.014137590304017067, 0.23638781905174255]",0.07,0.13,0.03,0.5730206370353699,0.2219977080821991,0.22092744708061218,0.24283214065112582,0.11283214065112582,0.17283214065112582,0.05192016810178757,0.0,0.0,0.0,1.0,raw,1.0,0.0,0.0,0.035895995795726776,-0.1840295046567917,0.035895995795726776,0.0,0.0,1.0,0.0,-0.09288887679576874,0.2255208045244217,-0.03141436725854874,-0.05204009231179953,0.0,0.0,0.0
STAR,star_v2,raw,30,panda_showcase_refcorridor_star_v2_s30,/root/autodl-tmp/star_v2_storage/results/star_arm_panda/showcase_mechanism/SafetyPandaReachObstacle-v0/star_v2/panda_showcase_refcorridor_star_v2_s30/checkpoint/final.torch,900078,1344085716,21,"[0.44981759786605835, -0.1642124503850937, 0.2574579119682312]","[0.5354727506637573, 0.21935629844665527, 0.2566889226436615]","[0.5185362696647644, -0.014137590304017067, 0.23638781905174255]",0.07,0.13,0.03,0.5702923536300659,0.22872525453567505,0.22000905871391296,0.2488560174503638,0.11885601745036378,0.17885601745036378,0.05143534392118454,0.0,0.0,0.0,1.0,raw,1.0,0.0,0.0,0.036570847034454346,-0.1995268315076828,0.036570847034454346,0.0,0.0,1.0,0.0,-0.07526930421590805,0.19515474140644073,-0.021208226680755615,-0.0522166570648551,0.0,0.0,0.0
STAR,star_v2,raw,30,panda_showcase_refcorridor_star_v2_s30,/root/autodl-tmp/star_v2_storage/results/star_arm_panda/showcase_mechanism/SafetyPandaReachObstacle-v0/star_v2/panda_showcase_refcorridor_star_v2_s30/checkpoint/final.torch,900078,1344085716,22,"[0.44981759786605835, -0.1642124503850937, 0.2574579119682312]","[0.5354727506637573, 0.21935629844665527, 0.2566889226436615]","[0.5185362696647644, -0.014137590304017067, 0.23638781905174255]",0.07,0.13,0.03,0.568027138710022,0.2345053106546402,0.21938833594322205,0.2540897887400207,0.12408978874002069,0.1840897887400207,0.05177465081214905,0.0,0.0,0.0,1.0,raw,1.0,0.0,0.0,0.03891117125749588,-0.218900665640831,0.03891117125749588,0.0,0.0,1.0,0.0,-0.059604793787002563,0.17191597819328308,-0.013661428354680538,-0.053009987473487855,0.0,0.0,0.0
STAR,star_v2,raw,30,panda_showcase_refcorridor_star_v2_s30,/root/autodl-tmp/star_v2_storage/results/star_arm_panda/showcase_mechanism/SafetyPandaReachObstacle-v0/star_v2/panda_showcase_refcorridor_star_v2_s30/checkpoint/final.torch,900078,1344085716,23,"[0.44981759786605835, -0.1642124503850937, 0.2574579119682312]","[0.5354727506637573, 0.21935629844665527, 0.2566889226436615]","[0.5185362696647644, -0.014137590304017067, 0.23638781905174255]",0.07,0.13,0.03,0.566170334815979,0.2396143227815628,0.21897763013839722,0.25877046244774576,0.12877046244774576,0.18877046244774576,0.05267704278230667,0.0,0.0,0.0,1.0,raw,1.0,0.0,0.0,0.042195603251457214,-0.24093012511730194,0.042195603251457214,0.0,0.0,1.0,0.0,-0.04577765613794327,0.1564725637435913,-0.008599307388067245,-0.05428314452990889,0.0,0.0,0.0
STAR,star_v2,raw,30,panda_showcase_refcorridor_star_v2_s30,/root/autodl-tmp/star_v2_storage/results/star_arm_panda/showcase_mechanism/SafetyPandaReachObstacle-v0/star_v2/panda_showcase_refcorridor_star_v2_s30/checkpoint/final.torch,900078,1344085716,24,"[0.44981759786605835, -0.1642124503850937, 0.2574579119682312]","[0.5354727506637573, 0.21935629844665527, 0.2566889226436615]","[0.5185362696647644, -0.014137590304017067, 0.23638781905174255]",0.07,0.13,0.03,0.564714252948761,0.24426941573619843,0.2187143862247467,0.26309492039706006,0.13309492039706006,0.19309492039706005,0.054016612470149994,0.0,0.0,0.0,1.0,raw,1.0,0.0,0.0,0.0459880530834198,-0.26473143696784973,0.0459880530834198,0.0,0.0,1.0,0.0,-0.03411627188324928,0.14436109364032745,-0.0055001345463097095,-0.05589783141389489,0.0,0.0,0.0
STAR,star_v2,raw,30,panda_showcase_refcorridor_star_v2_s30,/root/autodl-tmp/star_v2_storage/results/star_arm_panda/showcase_mechanism/SafetyPandaReachObstacle-v0/star_v2/panda_showcase_refcorridor_star_v2_s30/checkpoint/final.torch,900078,1344085716,25,"[0.44981759786605835, -0.1642124503850937, 0.2574579119682312]","[0.5354727506637573, 0.21935629844665527, 0.2566889226436615]","[0.5185362696647644, -0.014137590304017067, 0.23638781905174255]",0.07,0.13,0.03,0.5636121034622192,0.24856452643871307,0.21854394674301147,0.267137860874525,0.137137860874525,0.197137860874525,0.05567748844623566,0.0,0.0,0.0,1.0,raw,1.0,0.0,0.0,0.05002693831920624,-0.2895754277706146,0.05002693831920624,1.0,1.0,1.0,0.0,-0.024260155856609344,0.13229534029960632,-0.0045053656212985516,-0.056358814630657436,0.0,0.0,0.0
STAR,star_v2,raw,30,panda_showcase_refcorridor_star_v2_s30,/root/autodl-tmp/star_v2_storage/results/star_arm_panda/showcase_mechanism/SafetyPandaReachObstacle-v0/star_v2/panda_showcase_refcorridor_star_v2_s30/checkpoint/final.torch,900078,1344085716,26,"[0.44981759786605835, -0.1642124503850937, 0.2574579119682312]","[0.5354727506637573, 0.21935629844665527, 0.2566889226436615]","[0.5185362696647644, -0.014137590304017067, 0.23638781905174255]",0.07,0.13,0.03,0.5629401206970215,0.24996522068977356,0.21841919422149658,0.2684117513068437,0.1384117513068437,0.1984117513068437,0.05617770552635193,0.0,0.0,0.0,1.0,raw,1.0,0.0,0.0,0.05137501657009125,-0.29782557487487793,0.05137501657009125,1.0,1.0,1.0,0.0,-0.017720825970172882,0.128887340426445,-0.003338354406878352,-0.05623355593532324,0.0,0.0,0.0
STAR,star_v2,raw,30,panda_showcase_refcorridor_star_v2_s30,/root/autodl-tmp/star_v2_storage/results/star_arm_panda/showcase_mechanism/SafetyPandaReachObstacle-v0/star_v2/panda_showcase_refcorridor_star_v2_s30/checkpoint/final.torch,900078,1344085716,27,"[0.44981759786605835, -0.1642124503850937, 0.2574579119682312]","[0.5354727506637573, 0.21935629844665527, 0.2566889226436615]","[0.5185362696647644, -0.014137590304017067, 0.23638781905174255]",0.07,0.13,0.03,0.5624929070472717,0.25003764033317566,0.2183254063129425,0.2684157022346829,0.1384157022346829,0.1984157022346829,0.0560641847550869,0.0,0.0,0.0,1.0,raw,1.0,0.0,0.0,0.05139946937561035,-0.29792046546936035,0.05139946937561035,1.0,1.0,1.0,0.0,-0.01293087936937809,0.12918342649936676,-0.0021909514907747507,-0.056126509606838224,0.0,0.0,0.0
STAR,star_v2,raw,30,panda_showcase_refcorridor_star_v2_s30,/root/autodl-tmp/star_v2_storage/results/star_arm_panda/showcase_mechanism/SafetyPandaReachObstacle-v0/star_v2/panda_showcase_refcorridor_star_v2_s30/checkpoint/final.torch,900078,1344085716,28,"[0.44981759786605835, -0.1642124503850937, 0.2574579119682312]","[0.5354727506637573, 0.21935629844665527, 0.2566889226436615]","[0.5185362696647644, -0.014137590304017067, 0.23638781905174255]",0.07,0.13,0.03,0.5621874332427979,0.25003671646118164,0.21826595067977905,0.2683689448313279,0.1383689448313279,0.1983689448313279,0.05595790594816208,0.0,0.0,0.0,1.0,raw,1.0,0.0,0.0,0.05135870724916458,-0.29763326048851013,0.05135870724916458,1.0,1.0,1.0,0.0,-0.009646519087255001,0.12953822314739227,-0.0014191260561347008,-0.05605367226526141,0.0,0.0,0.0
STAR,star_v2,raw,30,panda_showcase_refcorridor_star_v2_s30,/root/autodl-tmp/star_v2_storage/results/star_arm_panda/showcase_mechanism/SafetyPandaReachObstacle-v0/star_v2/panda_showcase_refcorridor_star_v2_s30/checkpoint/final.torch,900078,1344085716,29,"[0.44981759786605835, -0.1642124503850937, 0.2574579119682312]","[0.5354727506637573, 0.21935629844665527, 0.2566889226436615]","[0.5185362696647644, -0.014137590304017067, 0.23638781905174255]",0.07,0.13,0.03,0.5619819164276123,0.2500368058681488,0.21822991967201233,0.26833811716834977,0.13833811716834976,0.19833811716834976,0.05588492006063461,0.0,0.0,0.0,1.0,raw,1.0,0.0,0.0,0.05132494121789932,-0.297401487827301,0.05132494121789932,1.0,1.0,1.0,0.0,-0.0074346037581563,0.12977662682533264,-0.0009104905184358358,-0.05600087130442262,0.0,0.0,0.0
STAR,star_v2,raw,30,panda_showcase_refcorridor_star_v2_s30,/root/autodl-tmp/star_v2_storage/results/star_arm_panda/showcase_mechanism/SafetyPandaReachObstacle-v0/star_v2/panda_showcase_refcorridor_star_v2_s30/checkpoint/final.torch,900078,1344085716,30,"[0.44981759786605835, -0.1642124503850937, 0.2574579119682312]","[0.5354727506637573, 0.21935629844665527, 0.2566889226436615]","[0.5185362696647644, -0.014137590304017067, 0.23638781905174255]",0.07,0.13,0.03,0.5618410706520081,0.25003543496131897,0.21820902824401855,0.26831541420800936,0.13831541420800936,0.19831541420800936,0.05583189055323601,0.0,0.0,0.0,1.0,raw,1.0,0.0,0.0,0.05129096657037735,-0.2971842885017395,0.05129096657037735,1.0,1.0,1.0,0.0,-0.005882031284272671,0.12995854020118713,-0.0005332975997589529,-0.05596330873668194,0.0,0.0,0.0
STAR,star_v2,raw,30,panda_showcase_refcorridor_star_v2_s30,/root/autodl-tmp/star_v2_storage/results/star_arm_panda/showcase_mechanism/SafetyPandaReachObstacle-v0/star_v2/panda_showcase_refcorridor_star_v2_s30/checkpoint/final.torch,900078,1344085716,31,"[0.44981759786605835, -0.1642124503850937, 0.2574579119682312]","[0.5354727506637573, 0.21935629844665527, 0.2566889226436615]","[0.5185362696647644, -0.014137590304017067, 0.23638781905174255]",0.07,0.13,0.03,0.5617473721504211,0.2500346004962921,0.21819913387298584,0.26830015661343326,0.13830015661343326,0.19830015661343325,0.055794067680835724,0.0,0.0,0.0,1.0,raw,1.0,0.0,0.0,0.05126214027404785,-0.29699254035949707,0.05126214027404785,1.0,1.0,1.0,0.0,-0.004864937625825405,0.130082368850708,-0.00030863285064697266,-0.05593471558764577,0.0,0.0,0.0
STAR,star_v2,raw,30,panda_showcase_refcorridor_star_v2_s30,/root/autodl-tmp/star_v2_storage/results/star_arm_panda/showcase_mechanism/SafetyPandaReachObstacle-v0/star_v2/panda_showcase_refcorridor_star_v2_s30/checkpoint/final.torch,900078,1344085716,32,"[0.44981759786605835, -0.1642124503850937, 0.2574579119682312]","[0.5354727506637573, 0.21935629844665527, 0.2566889226436615]","[0.5185362696647644, -0.014137590304017067, 0.23638781905174255]",0.07,0.13,0.03,0.5616823434829712,0.2500329613685608,0.21819522976875305,0.2682883418297184,0.1382883418297184,0.19828834182971838,0.055765263736248016,0.0,0.0,0.0,1.0,raw,1.0,0.0,0.0,0.05123455822467804,-0.29681527614593506,0.05123455822467804,1.0,1.0,1.0,0.0,-0.004172375425696373,0.1301668882369995,-0.00017251819372177124,-0.055914528500288725,0.0,0.0,0.0
STAR,star_v2,raw,30,panda_showcase_refcorridor_star_v2_s30,/root/autodl-tmp/star_v2_storage/results/star_arm_panda/showcase_mechanism/SafetyPandaReachObstacle-v0/star_v2/panda_showcase_refcorridor_star_v2_s30/checkpoint/final.torch,900078,1344085716,33,"[0.44981759786605835, -0.1642124503850937, 0.2574579119682312]","[0.5354727506637573, 0.21935629844665527, 0.2566889226436615]","[0.5185362696647644, -0.014137590304017067, 0.23638781905174255]",0.07,0.13,0.03,0.5616390705108643,0.25003206729888916,0.21819454431533813,0.2682805521920095,0.13828055219200952,0.19828055219200952,0.055744919925928116,0.0,0.0,0.0,1.0,raw,1.0,0.0,0.0,0.05121234059333801,-0.29667532444000244,0.05121234059333801,1.0,1.0,1.0,0.0,-0.0037208176217973232,0.13022072613239288,-9.53376293182373e-05,-0.055902238804847,0.0,0.0,0.0
STAR,star_v2,raw,30,panda_showcase_refcorridor_star_v2_s30,/root/autodl-tmp/star_v2_storage/results/star_arm_panda/showcase_mechanism/SafetyPandaReachObstacle-v0/star_v2/panda_showcase_refcorridor_star_v2_s30/checkpoint/final.torch,900078,1344085716,34,"[0.44981759786605835, -0.1642124503850937, 0.2574579119682312]","[0.5354727506637573, 0.21935629844665527, 0.2566889226436615]","[0.5185362696647644, -0.014137590304017067, 0.23638781905174255]",0.07,0.13,0.03,0.5616136789321899,0.250031977891922,0.21819517016410828,0.26827634339160605,0.13827634339160605,0.19827634339160605,0.05573252588510513,0.0,0.0,0.0,1.0,raw,1.0,0.0,0.0,0.051197588443756104,-0.29658401012420654,0.051197588443756104,1.0,1.0,1.0,0.0,-0.0034616899210959673,0.13025039434432983,-5.712360143661499e-05,-0.05588988846167922,0.0,0.0,0.0
STAR,star_v2,raw,30,panda_showcase_refcorridor_star_v2_s30,/root/autodl-tmp/star_v2_storage/results/star_arm_panda/showcase_mechanism/SafetyPandaReachObstacle-v0/star_v2/panda_showcase_refcorridor_star_v2_s30/checkpoint/final.torch,900078,1344085716,35,"[0.44981759786605835, -0.1642124503850937, 0.2574579119682312]","[0.5354727506637573, 0.21935629844665527, 0.2566889226436615]","[0.5185362696647644, -0.014137590304017067, 0.23638781905174255]",0.07,0.13,0.03,0.5615904927253723,0.25003060698509216,0.218196302652359,0.26827119459837534,0.13827119459837534,0.19827119459837533,0.055720116943120956,0.0,0.0,0.0,1.0,raw,1.0,0.0,0.0,0.05118147283792496,-0.29648375511169434,0.05118147283792496,1.0,1.0,1.0,0.0,-0.003226194530725479,0.1302797794342041,-2.5480985641479492e-05,-0.05588171262294054,0.0,0.0,0.0
STAR,star_v2,raw,30,panda_showcase_refcorridor_star_v2_s30,/root/autodl-tmp/star_v2_storage/results/star_arm_panda/showcase_mechanism/SafetyPandaReachObstacle-v0/star_v2/panda_showcase_refcorridor_star_v2_s30/checkpoint/final.torch,900078,1344085716,36,"[0.44981759786605835, -0.1642124503850937, 0.2574579119682312]","[0.5354727506637573, 0.21935629844665527, 0.2566889226436615]","[0.5185362696647644, -0.014137590304017067, 0.23638781905174255]",0.07,0.13,0.03,0.5615752935409546,0.2500300407409668,0.21819746494293213,0.26826811933350914,0.13826811933350913,0.19826811933350913,0.05571188032627106,0.0,0.0,0.0,1.0,raw,1.0,0.0,0.0,0.05117035657167435,-0.29641562700271606,0.05117035657167435,1.0,1.0,1.0,0.0,-0.0030743232928216457,0.13029812276363373,-7.718801498413086e-06,-0.05587760459631681,0.0,0.0,0.0
STAR,star_v2,raw,30,panda_showcase_refcorridor_star_v2_s30,/root/autodl-tmp/star_v2_storage/results/star_arm_panda/showcase_mechanism/SafetyPandaReachObstacle-v0/star_v2/panda_showcase_refcorridor_star_v2_s30/checkpoint/final.torch,900078,1344085716,37,"[0.44981759786605835, -0.1642124503850937, 0.2574579119682312]","[0.5354727506637573, 0.21935629844665527, 0.2566889226436615]","[0.5185362696647644, -0.014137590304017067, 0.23638781905174255]",0.07,0.13,0.03,0.5615677237510681,0.25002992153167725,0.2181982398033142,0.26826673506694454,0.13826673506694453,0.19826673506694453,0.05570773407816887,0.0,0.0,0.0,1.0,raw,1.0,0.0,0.0,0.051164545118808746,-0.29638049006462097,0.051164545118808746,1.0,1.0,1.0,0.0,-0.0030001162085682154,0.13030660152435303,-1.564621925354004e-07,-0.05587343495339155,0.0,0.0,0.0
STAR,star_v2,raw,30,panda_showcase_refcorridor_star_v2_s30,/root/autodl-tmp/star_v2_storage/results/star_arm_panda/showcase_mechanism/SafetyPandaReachObstacle-v0/star_v2/panda_showcase_refcorridor_star_v2_s30/checkpoint/final.torch,900078,1344085716,38,"[0.44981759786605835, -0.1642124503850937, 0.2574579119682312]","[0.5354727506637573, 0.21935629844665527, 0.2566889226436615]","[0.5185362696647644, -0.014137590304017067, 0.23638781905174255]",0.07,0.13,0.03,0.5615603923797607,0.2500295639038086,0.21819904446601868,0.26826515244918875,0.13826515244918874,0.19826515244918874,0.0557035468518734,0.0,0.0,0.0,1.0,raw,1.0,0.0,0.0,0.05115856975317001,-0.29634368419647217,0.05115856975317001,1.0,1.0,1.0,0.0,-0.0029277270659804344,0.13031524419784546,6.683170795440674e-06,-0.05586934421211481,0.0,0.0,0.0
STAR,star_v2,raw,30,panda_showcase_refcorridor_star_v2_s30,/root/autodl-tmp/star_v2_storage/results/star_arm_panda/showcase_mechanism/SafetyPandaReachObstacle-v0/star_v2/panda_showcase_refcorridor_star_v2_s30/checkpoint/final.torch,900078,1344085716,39,"[0.44981759786605835, -0.1642124503850937, 0.2574579119682312]","[0.5354727506637573, 0.21935629844665527, 0.2566889226436615]","[0.5185362696647644, -0.014137590304017067, 0.23638781905174255]",0.07,0.13,0.03,0.5615532994270325,0.25002914667129517,0.21819984912872314,0.268263549562128,0.138263549562128,0.198263549562128,0.055699437856674194,0.0,0.0,0.0,1.0,raw,1.0,0.0,0.0,0.051152631640434265,-0.2963073253631592,0.051152631640434265,1.0,1.0,1.0,0.0,-0.002857751911506057,0.13032393157482147,1.3358891010284424e-05,-0.05586526868864894,0.0,0.0,0.0
STAR,star_v2,raw,30,panda_showcase_refcorridor_star_v2_s30,/root/autodl-tmp/star_v2_storage/results/star_arm_panda/showcase_mechanism/SafetyPandaReachObstacle-v0/star_v2/panda_showcase_refcorridor_star_v2_s30/checkpoint/final.torch,900078,1344085716,40,"[0.44981759786605835, -0.1642124503850937, 0.2574579119682312]","[0.5354727506637573, 0.21935629844665527, 0.2566889226436615]","[0.5185362696647644, -0.014137590304017067, 0.23638781905174255]",0.07,0.13,0.03,0.5615463852882385,0.2500286400318146,0.21820068359375,0.26826188546261215,0.13826188546261214,0.19826188546261214,0.055695343762636185,0.0,0.0,0.0,1.0,raw,1.0,0.0,0.0,0.051146626472473145,-0.29627037048339844,0.051146626472473145,1.0,1.0,1.0,0.0,-0.002789862686768174,0.1303325742483139,1.9259750843048096e-05,-0.055861234292387964,0.0,0.0,0.0
STAR,star_v2,raw,30,panda_showcase_refcorridor_star_v2_s30,/root/autodl-tmp/star_v2_storage/results/star_arm_panda/showcase_mechanism/SafetyPandaReachObstacle-v0/star_v2/panda_showcase_refcorridor_star_v2_s30/checkpoint/final.torch,900078,1344085716,41,"[0.44981759786605835, -0.1642124503850937, 0.2574579119682312]","[0.5354727506637573, 0.21935629844665527, 0.2566889226436615]","[0.5185362696647644, -0.014137590304017067, 0.23638781905174255]",0.07,0.13,0.03,0.5615395903587341,0.2500281035900116,0.21820151805877686,0.26826021129684663,0.13826021129684662,0.19826021129684662,0.05569129064679146,0.0,0.0,0.0,1.0,raw,1.0,0.0,0.0,0.05114060640335083,-0.2962339520454407,0.05114060640335083,1.0,1.0,1.0,0.0,-0.0027233741711825132,0.1303410530090332,2.5175511837005615e-05,-0.055857266653329136,0.0,0.0,0.0
STAR,star_v2,raw,30,panda_showcase_refcorridor_star_v2_s30,/root/autodl-tmp/star_v2_storage/results/star_arm_panda/showcase_mechanism/SafetyPandaReachObstacle-v0/star_v2/panda_showcase_refcorridor_star_v2_s30/checkpoint/final.torch,900078,1344085716,42,"[0.44981759786605835, -0.1642124503850937, 0.2574579119682312]","[0.5354727506637573, 0.21935629844665527, 0.2566889226436615]","[0.5185362696647644, -0.014137590304017067, 0.23638781905174255]",0.07,0.13,0.03,0.5615329742431641,0.2500275671482086,0.2182023823261261,0.26825856393648045,0.13825856393648045,0.19825856393648045,0.055687304586172104,0.0,0.0,0.0,1.0,raw,1.0,0.0,0.0,0.05113476514816284,-0.29619765281677246,0.05113476514816284,1.0,1.0,1.0,0.0,-0.002658882411196828,0.13034948706626892,3.0428171157836914e-05,-0.05585332518443465,0.0,0.0,0.0
STAR,star_v2,raw,30,panda_showcase_refcorridor_star_v2_s30,/root/autodl-tmp/star_v2_storage/results/star_arm_panda/showcase_mechanism/SafetyPandaReachObstacle-v0/star_v2/panda_showcase_refcorridor_star_v2_s30/checkpoint/final.torch,900078,1344085716,43,"[0.44981759786605835, -0.1642124503850937, 0.2574579119682312]","[0.5354727506637573, 0.21935629844665527, 0.2566889226436615]","[0.5185362696647644, -0.014137590304017067, 0.23638781905174255]",0.07,0.13,0.03,0.5615265369415283,0.25002697110176086,0.21820327639579773,0.2682568846737032,0.13825688467370317,0.19825688467370317,0.05568334460258484,0.0,0.0,0.0,1.0,raw,1.0,0.0,0.0,0.0511288195848465,-0.296161413192749,0.0511288195848465,1.0,1.0,1.0,0.0,-0.002596208592876792,0.1303577572107315,3.533065319061279e-05,-0.0558495027013123,0.0,0.0,0.0
STAR,star_v2,raw,30,panda_showcase_refcorridor_star_v2_s30,/root/autodl-tmp/star_v2_storage/results/star_arm_panda/showcase_mechanism/SafetyPandaReachObstacle-v0/star_v2/panda_showcase_refcorridor_star_v2_s30/checkpoint/final.torch,900078,1344085716,44,"[0.44981759786605835, -0.1642124503850937, 0.2574579119682312]","[0.5354727506637573, 0.21935629844665527, 0.2566889226436615]","[0.5185362696647644, -0.014137590304017067, 0.23638781905174255]",0.07,0.13,0.03,0.5615202784538269,0.2500264346599579,0.21820417046546936,0.2682552929070643,0.1382552929070643,0.19825529290706428,0.055679503828287125,0.0,0.0,0.0,1.0,raw,1.0,0.0,0.0,0.05112303048372269,-0.29612594842910767,0.05112303048372269,1.0,1.0,1.0,0.0,-0.0025353229139000177,0.13036559522151947,3.992021083831787e-05,-0.05584567923098802,0.0,0.0,0.0
STAR,star_v2,raw,30,panda_showcase_refcorridor_star_v2_s30,/root/autodl-tmp/star_v2_storage/results/star_arm_panda/showcase_mechanism/SafetyPandaReachObstacle-v0/star_v2/panda_showcase_refcorridor_star_v2_s30/checkpoint/final.torch,900078,1344085716,45,"[0.44981759786605835, -0.1642124503850937, 0.2574579119682312]","[0.5354727506637573, 0.21935629844665527, 0.2566889226436615]","[0.5185362696647644, -0.014137590304017067, 0.23638781905174255]",0.07,0.13,0.03,0.561514139175415,0.25002583861351013,0.21820509433746338,0.2682536596640859,0.13825365966408587,0.19825365966408587,0.05567566305398941,0.0,0.0,0.0,1.0,raw,1.0,0.0,0.0,0.05111708492040634,-0.29608985781669617,0.05111708492040634,1.0,1.0,1.0,0.0,-0.0024759271182119846,0.13037365674972534,4.398077726364136e-05,-0.05584197571501136,0.0,0.0,0.0
STAR,star_v2,raw,30,panda_showcase_refcorridor_star_v2_s30,/root/autodl-tmp/star_v2_storage/results/star_arm_panda/showcase_mechanism/SafetyPandaReachObstacle-v0/star_v2/panda_showcase_refcorridor_star_v2_s30/checkpoint/final.torch,900078,1344085716,46,"[0.44981759786605835, -0.1642124503850937, 0.2574579119682312]","[0.5354727506637573, 0.21935629844665527, 0.2566889226436615]","[0.5185362696647644, -0.014137590304017067, 0.23638781905174255]",0.07,0.13,0.03,0.5615081787109375,0.25002530217170715,0.2182060182094574,0.2682521138967634,0.1382521138967634,0.1982521138967634,0.05567194148898125,0.0,0.0,0.0,1.0,raw,1.0,0.0,0.0,0.051111407577991486,-0.29605528712272644,0.051111407577991486,1.0,1.0,1.0,0.0,-0.0024183494970202446,0.13038118183612823,4.779547452926636e-05,-0.05583831192925572,0.0,0.0,0.0
STAR,star_v2,raw,30,panda_showcase_refcorridor_star_v2_s30,/root/autodl-tmp/star_v2_storage/results/star_arm_panda/showcase_mechanism/SafetyPandaReachObstacle-v0/star_v2/panda_showcase_refcorridor_star_v2_s30/checkpoint/final.torch,900078,1344085716,47,"[0.44981759786605835, -0.1642124503850937, 0.2574579119682312]","[0.5354727506637573, 0.21935629844665527, 0.2566889226436615]","[0.5185362696647644, -0.014137590304017067, 0.23638781905174255]",0.07,0.13,0.03,0.5615023374557495,0.2500247359275818,0.21820694208145142,0.26825055800299474,0.13825055800299474,0.19825055800299474,0.05566826090216637,0.0,0.0,0.0,1.0,raw,1.0,0.0,0.0,0.05110578238964081,-0.2960205078125,0.05110578238964081,1.0,1.0,1.0,0.0,-0.0023619041312485933,0.13038873672485352,5.144625902175903e-05,-0.05583468187600374,0.0,0.0,0.0
STAR,star_v2,raw,30,panda_showcase_refcorridor_star_v2_s30,/root/autodl-tmp/star_v2_storage/results/star_arm_panda/showcase_mechanism/SafetyPandaReachObstacle-v0/star_v2/panda_showcase_refcorridor_star_v2_s30/checkpoint/final.torch,900078,1344085716,48,"[0.44981759786605835, -0.1642124503850937, 0.2574579119682312]","[0.5354727506637573, 0.21935629844665527, 0.2566889226436615]","[0.5185362696647644, -0.014137590304017067, 0.23638781905174255]",0.07,0.13,0.03,0.5614966154098511,0.2500241696834564,0.21820789575576782,0.2682490193034533,0.1382490193034533,0.1982490193034533,0.05566461384296417,0.0,0.0,0.0,1.0,raw,1.0,0.0,0.0,0.051100097596645355,-0.2959861755371094,0.051100097596645355,1.0,1.0,1.0,0.0,-0.00230703828856349,0.13039612770080566,5.455315113067627e-05,-0.055831152126193044,0.0,0.0,0.0
STAR,star_v2,raw,30,panda_showcase_refcorridor_star_v2_s30,/root/autodl-tmp/star_v2_storage/results/star_arm_panda/showcase_mechanism/SafetyPandaReachObstacle-v0/star_v2/panda_showcase_refcorridor_star_v2_s30/checkpoint/final.torch,900078,1344085716,49,"[0.44981759786605835, -0.1642124503850937, 0.2574579119682312]","[0.5354727506637573, 0.21935629844665527, 0.2566889226436615]","[0.5185362696647644, -0.014137590304017067, 0.23638781905174255]",0.07,0.13,0.03,0.561491072177887,0.25002363324165344,0.21820884943008423,0.26824753870369855,0.13824753870369855,0.19824753870369854,0.05566106736660004,0.0,0.0,0.0,1.0,raw,1.0,0.0,0.0,0.05109462887048721,-0.2959522008895874,0.05109462887048721,1.0,1.0,1.0,0.0,-0.0022538118064403534,0.13040325045585632,5.7540833950042725e-05,-0.05582767767831683,0.0,0.0,0.0
STAR,star_v2,raw,30,panda_showcase_refcorridor_star_v2_s30,/root/autodl-tmp/star_v2_storage/results/star_arm_panda/showcase_mechanism/SafetyPandaReachObstacle-v0/star_v2/panda_showcase_refcorridor_star_v2_s30/checkpoint/final.torch,900078,1344085716,50,"[0.44981759786605835, -0.1642124503850937, 0.2574579119682312]","[0.5354727506637573, 0.21935629844665527, 0.2566889226436615]","[0.5185362696647644, -0.014137590304017067, 0.23638781905174255]",0.07,0.13,0.03,0.5614856481552124,0.25002309679985046,0.21820980310440063,0.2682460773015795,0.1382460773015795,0.1982460773015795,0.05565757676959038,0.0,0.0,0.0,1.0,raw,1.0,0.0,0.0,0.05108910799026489,-0.29591894149780273,0.05108910799026489,1.0,1.0,1.0,0.0,-0.002201985800638795,0.1304101049900055,6.0327351093292236e-05,-0.055824262257665395,0.0,0.0,0.0
STAR,star_v2,raw,30,panda_showcase_refcorridor_star_v2_s30,/root/autodl-tmp/star_v2_storage/results/star_arm_panda/showcase_mechanism/SafetyPandaReachObstacle-v0/star_v2/panda_showcase_refcorridor_star_v2_s30/checkpoint/final.torch,900078,1344085716,51,"[0.44981759786605835, -0.1642124503850937, 0.2574579119682312]","[0.5354727506637573, 0.21935629844665527, 0.2566889226436615]","[0.5185362696647644, -0.014137590304017067, 0.23638781905174255]",0.07,0.13,0.03,0.5614803433418274,0.2500225603580475,0.21821075677871704,0.26824463509017865,0.13824463509017865,0.19824463509017864,0.055654145777225494,0.0,0.0,0.0,1.0,raw,1.0,0.0,0.0,0.05108381062746048,-0.2958860993385315,0.05108381062746048,1.0,1.0,1.0,0.0,-0.0021512326784431934,0.13041700422763824,6.28158450126648e-05,-0.05582091411575675,0.0,0.0,0.0
STAR,star_v2,raw,30,panda_showcase_refcorridor_star_v2_s30,/root/autodl-tmp/star_v2_storage/results/star_arm_panda/showcase_mechanism/SafetyPandaReachObstacle-v0/star_v2/panda_showcase_refcorridor_star_v2_s30/checkpoint/final.torch,900078,1344085716,52,"[0.44981759786605835, -0.1642124503850937, 0.2574579119682312]","[0.5354727506637573, 0.21935629844665527, 0.2566889226436615]","[0.5185362696647644, -0.014137590304017067, 0.23638781905174255]",0.07,0.13,0.03,0.5614751577377319,0.2500220537185669,0.21821171045303345,0.26824324141136,0.13824324141136002,0.19824324141136002,0.05565078184008598,0.0,0.0,0.0,1.0,raw,1.0,0.0,0.0,0.05107847601175308,-0.2958536148071289,0.05107847601175308,1.0,1.0,1.0,0.0,-0.0021017014514654875,0.13042378425598145,6.506592035293579e-05,-0.055817621611058715,0.0,0.0,0.0
STAR,star_v2,raw,30,panda_showcase_refcorridor_star_v2_s30,/root/autodl-tmp/star_v2_storage/results/star_arm_panda/showcase_mechanism/SafetyPandaReachObstacle-v0/star_v2/panda_showcase_refcorridor_star_v2_s30/checkpoint/final.torch,900078,1344085716,53,"[0.44981759786605835, -0.1642124503850937, 0.2574579119682312]","[0.5354727506637573, 0.21935629844665527, 0.2566889226436615]","[0.5185362696647644, -0.014137590304017067, 0.23638781905174255]",0.07,0.13,0.03,0.561470091342926,0.2500215470790863,0.21821266412734985,0.2682418669100764,0.1382418669100764,0.1982418669100764,0.05564747378230095,0.0,0.0,0.0,1.0,raw,1.0,0.0,0.0,0.05107312649488449,-0.2958213686943054,0.05107312649488449,1.0,1.0,1.0,0.0,-0.002053392119705677,0.1304301768541336,6.72265887260437e-05,-0.05581440648064017,0.0,0.0,0.0
STAR,star_v2,raw,30,panda_showcase_refcorridor_star_v2_s30,/root/autodl-tmp/star_v2_storage/results/star_arm_panda/showcase_mechanism/SafetyPandaReachObstacle-v0/star_v2/panda_showcase_refcorridor_star_v2_s30/checkpoint/final.torch,900078,1344085716,54,"[0.44981759786605835, -0.1642124503850937, 0.2574579119682312]","[0.5354727506637573, 0.21935629844665527, 0.2566889226436615]","[0.5185362696647644, -0.014137590304017067, 0.23638781905174255]",0.07,0.13,0.03,0.5614651441574097,0.2500210702419281,0.21821361780166626,0.2682405409286811,0.1382405409286811,0.1982405409286811,0.05564424395561218,0.0,0.0,0.0,1.0,raw,1.0,0.0,0.0,0.05106806010007858,-0.2957899570465088,0.05106806010007858,1.0,1.0,1.0,0.0,-0.0020064236596226692,0.13043637573719025,6.904453039169312e-05,-0.055811198372393844,0.0,0.0,0.0
STAR,star_v2,raw,30,panda_showcase_refcorridor_star_v2_s30,/root/autodl-tmp/star_v2_storage/results/star_arm_panda/showcase_mechanism/SafetyPandaReachObstacle-v0/star_v2/panda_showcase_refcorridor_star_v2_s30/checkpoint/final.torch,900078,1344085716,55,"[0.44981759786605835, -0.1642124503850937, 0.2574579119682312]","[0.5354727506637573, 0.21935629844665527, 0.2566889226436615]","[0.5185362696647644, -0.014137590304017067, 0.23638781905174255]",0.07,0.13,0.03,0.5614602565765381,0.2500205636024475,0.21821457147598267,0.26823919522531264,0.13823919522531264,0.19823919522531264,0.05564102157950401,0.0,0.0,0.0,1.0,raw,1.0,0.0,0.0,0.05106288939714432,-0.29575878381729126,0.05106288939714432,1.0,1.0,1.0,0.0,-0.0019604091066867113,0.13044260442256927,7.087737321853638e-05,-0.055808105897158386,0.0,0.0,0.0
STAR,star_v2,raw,30,panda_showcase_refcorridor_star_v2_s30,/root/autodl-tmp/star_v2_storage/results/star_arm_panda/showcase_mechanism/SafetyPandaReachObstacle-v0/star_v2/panda_showcase_refcorridor_star_v2_s30/checkpoint/final.torch,900078,1344085716,56,"[0.44981759786605835, -0.1642124503850937, 0.2574579119682312]","[0.5354727506637573, 0.21935629844665527, 0.2566889226436615]","[0.5185362696647644, -0.014137590304017067, 0.23638781905174255]",0.07,0.13,0.03,0.5614555478096008,0.2500201165676117,0.21821552515029907,0.2682379369175651,0.13823793691756509,0.19823793691756508,0.055637914687395096,0.0,0.0,0.0,1.0,raw,1.0,0.0,0.0,0.05105786770582199,-0.2957283854484558,0.05105786770582199,1.0,1.0,1.0,0.0,-0.001916003879159689,0.13044844567775726,7.233768701553345e-05,-0.05580502742901444,0.0,0.0,0.0
STAR,star_v2,raw,30,panda_showcase_refcorridor_star_v2_s30,/root/autodl-tmp/star_v2_storage/results/star_arm_panda/showcase_mechanism/SafetyPandaReachObstacle-v0/star_v2/panda_showcase_refcorridor_star_v2_s30/checkpoint/final.torch,900078,1344085716,57,"[0.44981759786605835, -0.1642124503850937, 0.2574579119682312]","[0.5354727506637573, 0.21935629844665527, 0.2566889226436615]","[0.5185362696647644, -0.014137590304017067, 0.23638781905174255]",0.07,0.13,0.03,0.5614508986473083,0.2500196397304535,0.21821647882461548,0.2682366588776478,0.1382366588776478,0.1982366588776478,0.05563482269644737,0.0,0.0,0.0,1.0,raw,1.0,0.0,0.0,0.05105283856391907,-0.29569798707962036,0.05105283856391907,1.0,1.0,1.0,0.0,-0.0018723137909546494,0.13045434653759003,7.36340880393982e-05,-0.055802046041935685,0.0,0.0,0.0
STAR,star_v2,raw,30,panda_showcase_refcorridor_star_v2_s30,/root/autodl-tmp/star_v2_storage/results/star_arm_panda/showcase_mechanism/SafetyPandaReachObstacle-v0/star_v2/panda_showcase_refcorridor_star_v2_s30/checkpoint/final.torch,900078,1344085716,58,"[0.44981759786605835, -0.1642124503850937, 0.2574579119682312]","[0.5354727506637573, 0.21935629844665527, 0.2566889226436615]","[0.5185362696647644, -0.014137590304017067, 0.23638781905174255]",0.07,0.13,0.03,0.5614464282989502,0.2500191926956177,0.21821743249893188,0.26823543887079065,0.13823543887079065,0.19823543887079065,0.05563182756304741,0.0,0.0,0.0,1.0,raw,1.0,0.0,0.0,0.05104799568653107,-0.29566800594329834,0.05104799568653107,1.0,1.0,1.0,0.0,-0.0018301138188689947,0.1304599940776825,7.48559832572937e-05,-0.05579908642917872,0.0,0.0,0.0
STAR,star_v2,raw,30,panda_showcase_refcorridor_star_v2_s30,/root/autodl-tmp/star_v2_storage/results/star_arm_panda/showcase_mechanism/SafetyPandaReachObstacle-v0/star_v2/panda_showcase_refcorridor_star_v2_s30/checkpoint/final.torch,900078,1344085716,59,"[0.44981759786605835, -0.1642124503850937, 0.2574579119682312]","[0.5354727506637573, 0.21935629844665527, 0.2566889226436615]","[0.5185362696647644, -0.014137590304017067, 0.23638781905174255]",0.07,0.13,0.03,0.561441957950592,0.25001877546310425,0.2182183861732483,0.2682342482862692,0.13823424828626918,0.19823424828626918,0.055628854781389236,0.0,0.0,0.0,1.0,raw,1.0,0.0,0.0,0.051043227314949036,-0.29563891887664795,0.051043227314949036,1.0,1.0,1.0,0.0,-0.0017882417887449265,0.13046543300151825,7.589906454086304e-05,-0.05579618966206908,0.0,0.0,0.0
STAR,star_v2,raw,30,panda_showcase_refcorridor_star_v2_s30,/root/autodl-tmp/star_v2_storage/results/star_arm_panda/showcase_mechanism/SafetyPandaReachObstacle-v0/star_v2/panda_showcase_refcorridor_star_v2_s30/checkpoint/final.torch,900078,1344085716,60,"[0.44981759786605835, -0.1642124503850937, 0.2574579119682312]","[0.5354727506637573, 0.21935629844665527, 0.2566889226436615]","[0.5185362696647644, -0.014137590304017067, 0.23638781905174255]",0.07,0.13,0.03,0.5614376664161682,0.25001832842826843,0.2182193398475647,0.2682330570252515,0.13823305702525152,0.1982330570252515,0.05562594532966614,0.0,0.0,0.0,1.0,raw,1.0,0.0,0.0,0.05103837698698044,-0.2956099510192871,0.05103837698698044,1.0,1.0,1.0,0.0,-0.0017480385722592473,0.1304708570241928,7.667392492294312e-05,-0.055793356262147424,0.0,0.0,0.0
STAR,star_v2,raw,30,panda_showcase_refcorridor_star_v2_s30,/root/autodl-tmp/star_v2_storage/results/star_arm_panda/showcase_mechanism/SafetyPandaReachObstacle-v0/star_v2/panda_showcase_refcorridor_star_v2_s30/checkpoint/final.torch,900078,1344085716,61,"[0.44981759786605835, -0.1642124503850937, 0.2574579119682312]","[0.5354727506637573, 0.21935629844665527, 0.2566889226436615]","[0.5185362696647644, -0.014137590304017067, 0.23638781905174255]",0.07,0.13,0.03,0.5614334344863892,0.250017911195755,0.21822026371955872,0.2682319067319876,0.1382319067319876,0.1982319067319876,0.05562309920787811,0.0,0.0,0.0,1.0,raw,1.0,0.0,0.0,0.051033735275268555,-0.2955813705921173,0.051033735275268555,1.0,1.0,1.0,0.0,-0.0017084612045437098,0.13047613203525543,7.738173007965088e-05,-0.05579059705138206,0.0,0.0,0.0
STAR,star_v2,raw,30,panda_showcase_refcorridor_star_v2_s30,/root/autodl-tmp/star_v2_storage/results/star_arm_panda/showcase_mechanism/SafetyPandaReachObstacle-v0/star_v2/panda_showcase_refcorridor_star_v2_s30/checkpoint/final.torch,900078,1344085716,62,"[0.44981759786605835, -0.1642124503850937, 0.2574579119682312]","[0.5354727506637573, 0.21935629844665527, 0.2566889226436615]","[0.5185362696647644, -0.014137590304017067, 0.23638781905174255]",0.07,0.13,0.03,0.5614293217658997,0.25001752376556396,0.21822118759155273,0.26823080491672546,0.13823080491672546,0.19823080491672546,0.05562032759189606,0.0,0.0,0.0,1.0,raw,1.0,0.0,0.0,0.051029130816459656,-0.2955538332462311,0.051029130816459656,1.0,1.0,1.0,0.0,-0.0016701951390132308,0.1304810345172882,7.814168930053711e-05,-0.055787866748869416,0.0,0.0,0.0
STAR,star_v2,raw,30,panda_showcase_refcorridor_star_v2_s30,/root/autodl-tmp/star_v2_storage/results/star_arm_panda/showcase_mechanism/SafetyPandaReachObstacle-v0/star_v2/panda_showcase_refcorridor_star_v2_s30/checkpoint/final.torch,900078,1344085716,63,"[0.44981759786605835, -0.1642124503850937, 0.2574579119682312]","[0.5354727506637573, 0.21935629844665527, 0.2566889226436615]","[0.5185362696647644, -0.014137590304017067, 0.23638781905174255]",0.07,0.13,0.03,0.5614252686500549,0.2500171363353729,0.21822211146354675,0.26822971269430784,0.13822971269430784,0.19822971269430784,0.05561758577823639,0.0,0.0,0.0,1.0,raw,1.0,0.0,0.0,0.05102471262216568,-0.29552632570266724,0.05102471262216568,1.0,1.0,1.0,0.0,-0.0016322867013514042,0.13048629462718964,7.873028516769409e-05,-0.05578518955036998,0.0,0.0,0.0
STAR,star_v2,raw,30,panda_showcase_refcorridor_star_v2_s30,/root/autodl-tmp/star_v2_storage/results/star_arm_panda/showcase_mechanism/SafetyPandaReachObstacle-v0/star_v2/panda_showcase_refcorridor_star_v2_s30/checkpoint/final.torch,900078,1344085716,64,"[0.44981759786605835, -0.1642124503850937, 0.2574579119682312]","[0.5354727506637573, 0.21935629844665527, 0.2566889226436615]","[0.5185362696647644, -0.014137590304017067, 0.23638781905174255]",0.07,0.13,0.03,0.5614213347434998,0.2500167489051819,0.21822303533554077,0.26822863959188303,0.13822863959188303,0.19822863959188303,0.0556148961186409,0.0,0.0,0.0,1.0,raw,1.0,0.0,0.0,0.05102018266916275,-0.2954992651939392,0.05102018266916275,1.0,1.0,1.0,0.0,-0.0015957788564264774,0.1304909735918045,7.910281419754028e-05,-0.05578251464292407,0.0,0.0,0.0
STAR,star_v2,raw,30,panda_showcase_refcorridor_star_v2_s30,/root/autodl-tmp/star_v2_storage/results/star_arm_panda/showcase_mechanism/SafetyPandaReachObstacle-v0/star_v2/panda_showcase_refcorridor_star_v2_s30/checkpoint/final.torch,900078,1344085716,65,"[0.44981759786605835, -0.1642124503850937, 0.2574579119682312]","[0.5354727506637573, 0.21935629844665527, 0.2566889226436615]","[0.5185362696647644, -0.014137590304017067, 0.23638781905174255]",0.07,0.13,0.03,0.5614174008369446,0.25001636147499084,0.2182239592075348,0.2682275665466027,0.13822756654660268,0.19822756654660267,0.05561221018433571,0.0,0.0,0.0,1.0,raw,1.0,0.0,0.0,0.051015764474868774,-0.2954722046852112,0.051015764474868774,1.0,1.0,1.0,0.0,-0.0015595393488183618,0.13049554824829102,7.940083742141724e-05,-0.055779954995959995,0.0,0.0,0.0
STAR,star_v2,raw,30,panda_showcase_refcorridor_star_v2_s30,/root/autodl-tmp/star_v2_storage/results/star_arm_panda/showcase_mechanism/SafetyPandaReachObstacle-v0/star_v2/panda_showcase_refcorridor_star_v2_s30/checkpoint/final.torch,900078,1344085716,66,"[0.44981759786605835, -0.1642124503850937, 0.2574579119682312]","[0.5354727506637573, 0.21935629844665527, 0.2566889226436615]","[0.5185362696647644, -0.014137590304017067, 0.23638781905174255]",0.07,0.13,0.03,0.5614136457443237,0.2500160038471222,0.21822485327720642,0.26822655351057195,0.13822655351057195,0.19822655351057195,0.05560963973402977,0.0,0.0,0.0,1.0,raw,1.0,0.0,0.0,0.05101145803928375,-0.29544639587402344,0.05101145803928375,1.0,1.0,1.0,0.0,-0.0015248197596520185,0.1305001825094223,7.959455251693726e-05,-0.055777429081499574,0.0,0.0,0.0
STAR,star_v2,raw,30,panda_showcase_refcorridor_star_v2_s30,/root/autodl-tmp/star_v2_storage/results/star_arm_panda/showcase_mechanism/SafetyPandaReachObstacle-v0/star_v2/panda_showcase_refcorridor_star_v2_s30/checkpoint/final.torch,900078,1344085716,67,"[0.44981759786605835, -0.1642124503850937, 0.2574579119682312]","[0.5354727506637573, 0.21935629844665527, 0.2566889226436615]","[0.5185362696647644, -0.014137590304017067, 0.23638781905174255]",0.07,0.13,0.03,0.5614099502563477,0.25001564621925354,0.21822574734687805,0.2682255500540556,0.13822555005405557,0.19822555005405557,0.05560710281133652,0.0,0.0,0.0,1.0,raw,1.0,0.0,0.0,0.0510072186589241,-0.2954205274581909,0.0510072186589241,1.0,1.0,1.0,0.0,-0.0014906366122886539,0.13050477206707,7.972121238708496e-05,-0.05577492920681834,0.0,0.0,0.0
STAR,star_v2,raw,30,panda_showcase_refcorridor_star_v2_s30,/root/autodl-tmp/star_v2_storage/results/star_arm_panda/showcase_mechanism/SafetyPandaReachObstacle-v0/star_v2/panda_showcase_refcorridor_star_v2_s30/checkpoint/final.torch,900078,1344085716,68,"[0.44981759786605835, -0.1642124503850937, 0.2574579119682312]","[0.5354727506637573, 0.21935629844665527, 0.2566889226436615]","[0.5185362696647644, -0.014137590304017067, 0.23638781905174255]",0.07,0.13,0.03,0.5614063143730164,0.2500152885913849,0.21822664141654968,0.2682245561746975,0.13822455617469748,0.19822455617469747,0.055604591965675354,0.0,0.0,0.0,1.0,raw,1.0,0.0,0.0,0.05100305378437042,-0.2953953742980957,0.05100305378437042,1.0,1.0,1.0,0.0,-0.0014570195926353335,0.13050921261310577,7.981061935424805e-05,-0.05577250346541405,0.0,0.0,0.0
STAR,star_v2,raw,30,panda_showcase_refcorridor_star_v2_s30,/root/autodl-tmp/star_v2_storage/results/star_arm_panda/showcase_mechanism/SafetyPandaReachObstacle-v0/star_v2/panda_showcase_refcorridor_star_v2_s30/checkpoint/final.torch,900078,1344085716,69,"[0.44981759786605835, -0.1642124503850937, 0.2574579119682312]","[0.5354727506637573, 0.21935629844665527, 0.2566889226436615]","[0.5185362696647644, -0.014137590304017067, 0.23638781905174255]",0.07,0.13,0.03,0.5614027976989746,0.25001493096351624,0.21822750568389893,0.2682235834137644,0.1382235834137644,0.1982235834137644,0.05560215562582016,0.0,0.0,0.0,1.0,raw,1.0,0.0,0.0,0.05099885165691376,-0.2953703999519348,0.05099885165691376,1.0,1.0,1.0,0.0,-0.0014245649799704552,0.13051347434520721,7.984042167663574e-05,-0.0557701220177114,0.0,0.0,0.0
STAR,star_v2,raw,30,panda_showcase_refcorridor_star_v2_s30,/root/autodl-tmp/star_v2_storage/results/star_arm_panda/showcase_mechanism/SafetyPandaReachObstacle-v0/star_v2/panda_showcase_refcorridor_star_v2_s30/checkpoint/final.torch,900078,1344085716,70,"[0.44981759786605835, -0.1642124503850937, 0.2574579119682312]","[0.5354727506637573, 0.21935629844665527, 0.2566889226436615]","[0.5185362696647644, -0.014137590304017067, 0.23638781905174255]",0.07,0.13,0.03,0.5613993406295776,0.25001460313796997,0.21822836995124817,0.2682226495737841,0.1382226495737841,0.1982226495737841,0.05559976398944855,0.0,0.0,0.0,1.0,raw,1.0,0.0,0.0,0.0509948804974556,-0.2953459918498993,0.0509948804974556,1.0,1.0,1.0,0.0,-0.0013928553089499474,0.1305176019668579,7.974356412887573e-05,-0.05576779613271356,0.0,0.0,0.0
STAR,star_v2,raw,30,panda_showcase_refcorridor_star_v2_s30,/root/autodl-tmp/star_v2_storage/results/star_arm_panda/showcase_mechanism/SafetyPandaReachObstacle-v0/star_v2/panda_showcase_refcorridor_star_v2_s30/checkpoint/final.torch,900078,1344085716,71,"[0.44981759786605835, -0.1642124503850937, 0.2574579119682312]","[0.5354727506637573, 0.21935629844665527, 0.2566889226436615]","[0.5185362696647644, -0.014137590304017067, 0.23638781905174255]",0.07,0.13,0.03,0.5613960027694702,0.2500142753124237,0.2182292342185974,0.26822173482698103,0.13822173482698102,0.19822173482698102,0.05559742823243141,0.0,0.0,0.0,1.0,raw,1.0,0.0,0.0,0.05099096894264221,-0.29532182216644287,0.05099096894264221,1.0,1.0,1.0,0.0,-0.00136206962633878,0.1305217444896698,7.95125961303711e-05,-0.05576547034084797,0.0,0.0,0.0
STAR,star_v2,raw,30,panda_showcase_refcorridor_star_v2_s30,/root/autodl-tmp/star_v2_storage/results/star_arm_panda/showcase_mechanism/SafetyPandaReachObstacle-v0/star_v2/panda_showcase_refcorridor_star_v2_s30/checkpoint/final.torch,900078,1344085716,72,"[0.44981759786605835, -0.1642124503850937, 0.2574579119682312]","[0.5354727506637573, 0.21935629844665527, 0.2566889226436615]","[0.5185362696647644, -0.014137590304017067, 0.23638781905174255]",0.07,0.13,0.03,0.5613926649093628,0.25001394748687744,0.21823009848594666,0.2682208201217816,0.1382208201217816,0.1982208201217816,0.055595092475414276,0.0,0.0,0.0,1.0,raw,1.0,0.0,0.0,0.05098690837621689,-0.2952977418899536,0.05098690837621689,1.0,1.0,1.0,0.0,-0.0013315818505361676,0.130525603890419,7.925927639007568e-05,-0.055763240698724986,0.0,0.0,0.0
STAR,star_v2,raw,30,panda_showcase_refcorridor_star_v2_s30,/root/autodl-tmp/star_v2_storage/results/star_arm_panda/showcase_mechanism/SafetyPandaReachObstacle-v0/star_v2/panda_showcase_refcorridor_star_v2_s30/checkpoint/final.torch,900078,1344085716,73,"[0.44981759786605835, -0.1642124503850937, 0.2574579119682312]","[0.5354727506637573, 0.21935629844665527, 0.2566889226436615]","[0.5185362696647644, -0.014137590304017067, 0.23638781905174255]",0.07,0.13,0.03,0.5613894462585449,0.25001364946365356,0.2182309329509735,0.2682199558717648,0.13821995587176478,0.19821995587176477,0.0555928535759449,0.0,0.0,0.0,1.0,raw,1.0,0.0,0.0,0.05098314583301544,-0.29527509212493896,0.05098314583301544,1.0,1.0,1.0,0.0,-0.0013021968770772219,0.13052943348884583,7.909536361694336e-05,-0.05576103709638119,0.0,0.0,0.0
STAR,star_v2,raw,30,panda_showcase_refcorridor_star_v2_s30,/root/autodl-tmp/star_v2_storage/results/star_arm_panda/showcase_mechanism/SafetyPandaReachObstacle-v0/star_v2/panda_showcase_refcorridor_star_v2_s30/checkpoint/final.torch,900078,1344085716,74,"[0.44981759786605835, -0.1642124503850937, 0.2574579119682312]","[0.5354727506637573, 0.21935629844665527, 0.2566889226436615]","[0.5185362696647644, -0.014137590304017067, 0.23638781905174255]",0.07,0.13,0.03,0.5613862872123718,0.2500133514404297,0.21823176741600037,0.2682191011827981,0.13821910118279812,0.19821910118279812,0.055590640753507614,0.0,0.0,0.0,1.0,raw,1.0,0.0,0.0,0.05097947269678116,-0.29525214433670044,0.05097947269678116,1.0,1.0,1.0,0.0,-0.0012731694150716066,0.13053344190120697,7.862597703933716e-05,-0.05575887868180871,0.0,0.0,0.0
STAR,star_v2,raw,30,panda_showcase_refcorridor_star_v2_s30,/root/autodl-tmp/star_v2_storage/results/star_arm_panda/showcase_mechanism/SafetyPandaReachObstacle-v0/star_v2/panda_showcase_refcorridor_star_v2_s30/checkpoint/final.torch,900078,1344085716,75,"[0.44981759786605835, -0.1642124503850937, 0.2574579119682312]","[0.5354727506637573, 0.21935629844665527, 0.2566889226436615]","[0.5185362696647644, -0.014137590304017067, 0.23638781905174255]",0.07,0.13,0.03,0.5613831877708435,0.2500130534172058,0.21823257207870483,0.2682182580701349,0.13821825807013488,0.19821825807013488,0.05558847263455391,0.0,0.0,0.0,1.0,raw,1.0,0.0,0.0,0.0509757399559021,-0.29522961378097534,0.0509757399559021,1.0,1.0,1.0,0.0,-0.0012448274064809084,0.13053691387176514,7.838010787963867e-05,-0.0557567748054862,0.0,0.0,0.0
STAR,star_v2,raw,30,panda_showcase_refcorridor_star_v2_s30,/root/autodl-tmp/star_v2_storage/results/star_arm_panda/showcase_mechanism/SafetyPandaReachObstacle-v0/star_v2/panda_showcase_refcorridor_star_v2_s30/checkpoint/final.torch,900078,1344085716,76,"[0.44981759786605835, -0.1642124503850937, 0.2574579119682312]","[0.5354727506637573, 0.21935629844665527, 0.2566889226436615]","[0.5185362696647644, -0.014137590304017067, 0.23638781905174255]",0.07,0.13,0.03,0.5613802075386047,0.25001275539398193,0.2182333767414093,0.26821743403535325,0.13821743403535325,0.19821743403535325,0.05558636039495468,0.0,0.0,0.0,1.0,raw,1.0,0.0,0.0,0.050972141325473785,-0.2952079772949219,0.050972141325473785,1.0,1.0,1.0,0.0,-0.001217647804878652,0.13054059445858002,7.791072130203247e-05,-0.05575469385832548,0.0,0.0,0.0
STAR,star_v2,raw,30,panda_showcase_refcorridor_star_v2_s30,/root/autodl-tmp/star_v2_storage/results/star_arm_panda/showcase_mechanism/SafetyPandaReachObstacle-v0/star_v2/panda_showcase_refcorridor_star_v2_s30/checkpoint/final.torch,900078,1344085716,77,"[0.44981759786605835, -0.1642124503850937, 0.2574579119682312]","[0.5354727506637573, 0.21935629844665527, 0.2566889226436615]","[0.5185362696647644, -0.014137590304017067, 0.23638781905174255]",0.07,0.13,0.03,0.561377227306366,0.25001248717308044,0.21823418140411377,0.26821663938437434,0.13821663938437434,0.19821663938437434,0.055584270507097244,0.0,0.0,0.0,1.0,raw,1.0,0.0,0.0,0.050968535244464874,-0.2951861619949341,0.050968535244464874,1.0,1.0,1.0,0.0,-0.0011905872961506248,0.13054406642913818,7.74487853050232e-05,-0.055752645917236804,0.0,0.0,0.0
STAR,star_v2,raw,30,panda_showcase_refcorridor_star_v2_s30,/root/autodl-tmp/star_v2_storage/results/star_arm_panda/showcase_mechanism/SafetyPandaReachObstacle-v0/star_v2/panda_showcase_refcorridor_star_v2_s30/checkpoint/final.torch,900078,1344085716,78,"[0.44981759786605835, -0.1642124503850937, 0.2574579119682312]","[0.5354727506637573, 0.21935629844665527, 0.2566889226436615]","[0.5185362696647644, -0.014137590304017067, 0.23638781905174255]",0.07,0.13,0.03,0.5613743662834167,0.25001218914985657,0.21823498606681824,0.2682158344557935,0.1382158344557935,0.1982158344557935,0.05558221414685249,0.0,0.0,0.0,1.0,raw,1.0,0.0,0.0,0.05096498876810074,-0.2951648235321045,0.05096498876810074,1.0,1.0,1.0,0.0,-0.0011646294733509421,0.13054749369621277,7.677078247070312e-05,-0.05575063886120915,0.0,0.0,0.0
STAR,star_v2,raw,30,panda_showcase_refcorridor_star_v2_s30,/root/autodl-tmp/star_v2_storage/results/star_arm_panda/showcase_mechanism/SafetyPandaReachObstacle-v0/star_v2/panda_showcase_refcorridor_star_v2_s30/checkpoint/final.torch,900078,1344085716,79,"[0.44981759786605835, -0.1642124503850937, 0.2574579119682312]","[0.5354727506637573, 0.21935629844665527, 0.2566889226436615]","[0.5185362696647644, -0.014137590304017067, 0.23638781905174255]",0.07,0.13,0.03,0.5613715052604675,0.2500119209289551,0.21823576092720032,0.26821506092558306,0.13821506092558306,0.19821506092558305,0.055580198764801025,0.0,0.0,0.0,1.0,raw,1.0,0.0,0.0,0.050961606204509735,-0.29514390230178833,0.050961606204509735,1.0,1.0,1.0,0.0,-0.001138612162321806,0.13055092096328735,7.630139589309692e-05,-0.05574870260432362,0.0,0.0,0.0
STAR,star_v2,raw,30,panda_showcase_refcorridor_star_v2_s30,/root/autodl-tmp/star_v2_storage/results/star_arm_panda/showcase_mechanism/SafetyPandaReachObstacle-v0/star_v2/panda_showcase_refcorridor_star_v2_s30/checkpoint/final.torch,900078,1344085716,80,"[0.44981759786605835, -0.1642124503850937, 0.2574579119682312]","[0.5354727506637573, 0.21935629844665527, 0.2566889226436615]","[0.5185362696647644, -0.014137590304017067, 0.23638781905174255]",0.07,0.13,0.03,0.5613687634468079,0.250011682510376,0.2182365357875824,0.26821433581391063,0.13821433581391063,0.19821433581391062,0.05557825416326523,0.0,0.0,0.0,1.0,raw,1.0,0.0,0.0,0.05095823109149933,-0.29512351751327515,0.05095823109149933,1.0,1.0,1.0,0.0,-0.0011136378161609173,0.13055424392223358,7.569044828414917e-05,-0.05574679592624307,0.0,0.0,0.0
STAR,star_v2,raw,30,panda_showcase_refcorridor_star_v2_s30,/root/autodl-tmp/star_v2_storage/results/star_arm_panda/showcase_mechanism/SafetyPandaReachObstacle-v0/star_v2/panda_showcase_refcorridor_star_v2_s30/checkpoint/final.torch,900078,1344085716,81,"[0.44981759786605835, -0.1642124503850937, 0.2574579119682312]","[0.5354727506637573, 0.21935629844665527, 0.2566889226436615]","[0.5185362696647644, -0.014137590304017067, 0.23638781905174255]",0.07,0.13,0.03,0.561366081237793,0.2500114142894745,0.2182372808456421,0.2682135929148347,0.1382135929148347,0.1982135929148347,0.05557633936405182,0.0,0.0,0.0,1.0,raw,1.0,0.0,0.0,0.050954997539520264,-0.29510343074798584,0.050954997539520264,1.0,1.0,1.0,0.0,-0.001089319121092558,0.13055723905563354,7.506459951400757e-05,-0.05574488840997219,0.0,0.0,0.0
STAR,star_v2,raw,30,panda_showcase_refcorridor_star_v2_s30,/root/autodl-tmp/star_v2_storage/results/star_arm_panda/showcase_mechanism/SafetyPandaReachObstacle-v0/star_v2/panda_showcase_refcorridor_star_v2_s30/checkpoint/final.torch,900078,1344085716,82,"[0.44981759786605835, -0.1642124503850937, 0.2574579119682312]","[0.5354727506637573, 0.21935629844665527, 0.2566889226436615]","[0.5185362696647644, -0.014137590304017067, 0.23638781905174255]",0.07,0.13,0.03,0.5613633990287781,0.250011146068573,0.21823802590370178,0.2682128500428619,0.13821285004286188,0.19821285004286188,0.05557442456483841,0.0,0.0,0.0,1.0,raw,1.0,0.0,0.0,0.05095168203115463,-0.2950837314128876,0.05095168203115463,1.0,1.0,1.0,0.0,-0.0010651495540514588,0.130560502409935,7.445365190505981e-05,-0.05574305612593889,0.0,0.0,0.0
STAR,star_v2,raw,30,panda_showcase_refcorridor_star_v2_s30,/root/autodl-tmp/star_v2_storage/results/star_arm_panda/showcase_mechanism/SafetyPandaReachObstacle-v0/star_v2/panda_showcase_refcorridor_star_v2_s30/checkpoint/final.torch,900078,1344085716,83,"[0.44981759786605835, -0.1642124503850937, 0.2574579119682312]","[0.5354727506637573, 0.21935629844665527, 0.2566889226436615]","[0.5185362696647644, -0.014137590304017067, 0.23638781905174255]",0.07,0.13,0.03,0.5613608360290527,0.2500109076499939,0.21823877096176147,0.26821215558252,0.13821215558251998,0.19821215558251998,0.05557258427143097,0.0,0.0,0.0,1.0,raw,1.0,0.0,0.0,0.05094846338033676,-0.29506438970565796,0.05094846338033676,1.0,1.0,1.0,0.0,-0.0010419037425890565,0.13056349754333496,7.370114326477051e-05,-0.055741271581500766,0.0,0.0,0.0
STAR,star_v2,raw,30,panda_showcase_refcorridor_star_v2_s30,/root/autodl-tmp/star_v2_storage/results/star_arm_panda/showcase_mechanism/SafetyPandaReachObstacle-v0/star_v2/panda_showcase_refcorridor_star_v2_s30/checkpoint/final.torch,900078,1344085716,84,"[0.44981759786605835, -0.1642124503850937, 0.2574579119682312]","[0.5354727506637573, 0.21935629844665527, 0.2566889226436615]","[0.5185362696647644, -0.014137590304017067, 0.23638781905174255]",0.07,0.13,0.03,0.5613583326339722,0.2500106692314148,0.21823948621749878,0.2682114726800462,0.1382114726800462,0.19821147268004619,0.05557079240679741,0.0,0.0,0.0,1.0,raw,1.0,0.0,0.0,0.05094543844461441,-0.29504573345184326,0.05094543844461441,1.0,1.0,1.0,0.0,-0.0010191049659624696,0.1305665671825409,7.30752944946289e-05,-0.055739487279206516,0.0,0.0,0.0
STAR,star_v2,raw,30,panda_showcase_refcorridor_star_v2_s30,/root/autodl-tmp/star_v2_storage/results/star_arm_panda/showcase_mechanism/SafetyPandaReachObstacle-v0/star_v2/panda_showcase_refcorridor_star_v2_s30/checkpoint/final.torch,900078,1344085716,85,"[0.44981759786605835, -0.1642124503850937, 0.2574579119682312]","[0.5354727506637573, 0.21935629844665527, 0.2566889226436615]","[0.5185362696647644, -0.014137590304017067, 0.23638781905174255]",0.07,0.13,0.03,0.5613558292388916,0.2500104308128357,0.21824020147323608,0.26821078980131885,0.13821078980131885,0.19821078980131884,0.05556900054216385,0.0,0.0,0.0,1.0,raw,1.0,0.0,0.0,0.0509423092007637,-0.2950270175933838,0.0509423092007637,1.0,1.0,1.0,0.0,-0.000996663817204535,0.13056939840316772,7.243454456329346e-05,-0.05573777312412858,0.0,0.0,0.0
STAR,star_v2,raw,30,panda_showcase_refcorridor_star_v2_s30,/root/autodl-tmp/star_v2_storage/results/star_arm_panda/showcase_mechanism/SafetyPandaReachObstacle-v0/star_v2/panda_showcase_refcorridor_star_v2_s30/checkpoint/final.torch,900078,1344085716,86,"[0.44981759786605835, -0.1642124503850937, 0.2574579119682312]","[0.5354727506637573, 0.21935629844665527, 0.2566889226436615]","[0.5185362696647644, -0.014137590304017067, 0.23638781905174255]",0.07,0.13,0.03,0.5613534450531006,0.250010222196579,0.2182409167289734,0.26821015532786546,0.13821015532786546,0.19821015532786546,0.05556727945804596,0.0,0.0,0.0,1.0,raw,1.0,0.0,0.0,0.050939321517944336,-0.29500892758369446,0.050939321517944336,1.0,1.0,1.0,0.0,-0.0009751167963258922,0.13057221472263336,7.156282663345337e-05,-0.05573606269434094,0.0,0.0,0.0
STAR,star_v2,raw,30,panda_showcase_refcorridor_star_v2_s30,/root/autodl-tmp/star_v2_storage/results/star_arm_panda/showcase_mechanism/SafetyPandaReachObstacle-v0/star_v2/panda_showcase_refcorridor_star_v2_s30/checkpoint/final.torch,900078,1344085716,87,"[0.44981759786605835, -0.1642124503850937, 0.2574579119682312]","[0.5354727506637573, 0.21935629844665527, 0.2566889226436615]","[0.5185362696647644, -0.014137590304017067, 0.23638781905174255]",0.07,0.13,0.03,0.5613510608673096,0.2500099837779999,0.2182416021823883,0.26820949354152585,0.13820949354152584,0.19820949354152584,0.05556556209921837,0.0,0.0,0.0,1.0,raw,1.0,0.0,0.0,0.05093634873628616,-0.2949904501438141,0.05093634873628616,1.0,1.0,1.0,0.0,-0.0009537485311739147,0.130575031042099,7.083266973495483e-05,-0.05573439696803689,0.0,0.0,0.0
STAR,star_v2,raw,30,panda_showcase_refcorridor_star_v2_s30,/root/autodl-tmp/star_v2_storage/results/star_arm_panda/showcase_mechanism/SafetyPandaReachObstacle-v0/star_v2/panda_showcase_refcorridor_star_v2_s30/checkpoint/final.torch,900078,1344085716,88,"[0.44981759786605835, -0.1642124503850937, 0.2574579119682312]","[0.5354727506637573, 0.21935629844665527, 0.2566889226436615]","[0.5185362696647644, -0.014137590304017067, 0.23638781905174255]",0.07,0.13,0.03,0.5613487362861633,0.25000977516174316,0.21824228763580322,0.26820887064203736,0.13820887064203735,0.19820887064203735,0.05556388944387436,0.0,0.0,0.0,1.0,raw,1.0,0.0,0.0,0.05093347281217575,-0.2949729263782501,0.05093347281217575,1.0,1.0,1.0,0.0,-0.000932886905502528,0.1305774450302124,7.018446922302246e-05,-0.055732782389968635,0.0,0.0,0.0
STAR,star_v2,raw,30,panda_showcase_refcorridor_star_v2_s30,/root/autodl-tmp/star_v2_storage/results/star_arm_panda/showcase_mechanism/SafetyPandaReachObstacle-v0/star_v2/panda_showcase_refcorridor_star_v2_s30/checkpoint/final.torch,900078,1344085716,89,"[0.44981759786605835, -0.1642124503850937, 0.2574579119682312]","[0.5354727506637573, 0.21935629844665527, 0.2566889226436615]","[0.5185362696647644, -0.014137590304017067, 0.23638781905174255]",0.07,0.13,0.03,0.5613464713096619,0.25000956654548645,0.21824294328689575,0.2682082592931745,0.13820825929317448,0.19820825929317448,0.05556226894259453,0.0,0.0,0.0,1.0,raw,1.0,0.0,0.0,0.05093053728342056,-0.2949559688568115,0.05093053728342056,1.0,1.0,1.0,0.0,-0.000912531977519393,0.13058015704154968,6.937980651855469e-05,-0.05573119467124343,0.0,0.0,0.0
STAR,star_v2,raw,30,panda_showcase_refcorridor_star_v2_s30,/root/autodl-tmp/star_v2_storage/results/star_arm_panda/showcase_mechanism/SafetyPandaReachObstacle-v0/star_v2/panda_showcase_refcorridor_star_v2_s30/checkpoint/final.torch,900078,1344085716,90,"[0.44981759786605835, -0.1642124503850937, 0.2574579119682312]","[0.5354727506637573, 0.21935629844665527, 0.2566889226436615]","[0.5185362696647644, -0.014137590304017067, 0.23638781905174255]",0.07,0.13,0.03,0.5613442659378052,0.25000935792922974,0.21824359893798828,0.2682076574771619,0.1382076574771619,0.1982076574771619,0.055560674518346786,0.0,0.0,0.0,1.0,raw,1.0,0.0,0.0,0.0509277880191803,-0.29493916034698486,0.0509277880191803,1.0,1.0,1.0,0.0,-0.0008925048168748617,0.13058289885520935,6.868690252304077e-05,-0.05572963314130902,0.0,0.0,0.0
STAR,star_v2,raw,30,panda_showcase_refcorridor_star_v2_s30,/root/autodl-tmp/star_v2_storage/results/star_arm_panda/showcase_mechanism/SafetyPandaReachObstacle-v0/star_v2/panda_showcase_refcorridor_star_v2_s30/checkpoint/final.torch,900078,1344085716,91,"[0.44981759786605835, -0.1642124503850937, 0.2574579119682312]","[0.5354727506637573, 0.21935629844665527, 0.2566889226436615]","[0.5185362696647644, -0.014137590304017067, 0.23638781905174255]",0.07,0.13,0.03,0.5613421201705933,0.250009149312973,0.2182442545890808,0.26820706519259346,0.13820706519259346,0.19820706519259346,0.055559106171131134,0.0,0.0,0.0,1.0,raw,1.0,0.0,0.0,0.050925105810165405,-0.2949226200580597,0.050925105810165405,1.0,1.0,1.0,0.0,-0.000873401528224349,0.13058552145957947,6.780028343200684e-05,-0.05572808617725968,0.0,0.0,0.0
STAR,star_v2,raw,30,panda_showcase_refcorridor_star_v2_s30,/root/autodl-tmp/star_v2_storage/results/star_arm_panda/showcase_mechanism/SafetyPandaReachObstacle-v0/star_v2/panda_showcase_refcorridor_star_v2_s30/checkpoint/final.torch,900078,1344085716,92,"[0.44981759786605835, -0.1642124503850937, 0.2574579119682312]","[0.5354727506637573, 0.21935629844665527, 0.2566889226436615]","[0.5185362696647644, -0.014137590304017067, 0.23638781905174255]",0.07,0.13,0.03,0.5613399744033813,0.2500089704990387,0.21824491024017334,0.26820650227684273,0.13820650227684272,0.19820650227684272,0.055557552725076675,0.0,0.0,0.0,1.0,raw,1.0,0.0,0.0,0.05092231184244156,-0.29490596055984497,0.05092231184244156,1.0,1.0,1.0,0.0,-0.0008543876465409994,0.1305875927209854,6.69434666633606e-05,-0.05572657134383917,0.0,0.0,0.0
STAR,star_v2,raw,30,panda_showcase_refcorridor_star_v2_s30,/root/autodl-tmp/star_v2_storage/results/star_arm_panda/showcase_mechanism/SafetyPandaReachObstacle-v0/star_v2/panda_showcase_refcorridor_star_v2_s30/checkpoint/final.torch,900078,1344085716,93,"[0.44981759786605835, -0.1642124503850937, 0.2574579119682312]","[0.5354727506637573, 0.21935629844665527, 0.2566889226436615]","[0.5185362696647644, -0.014137590304017067, 0.23638781905174255]",0.07,0.13,0.03,0.5613378882408142,0.250008761882782,0.21824553608894348,0.2682059215554802,0.13820592155548017,0.19820592155548017,0.0555560328066349,0.0,0.0,0.0,1.0,raw,1.0,0.0,0.0,0.05091973394155502,-0.2948901355266571,0.05091973394155502,1.0,1.0,1.0,0.0,-0.0008355526369996369,0.13059021532535553,6.623566150665283e-05,-0.055725102648139,0.0,0.0,0.0
STAR,star_v2,raw,30,panda_showcase_refcorridor_star_v2_s30,/root/autodl-tmp/star_v2_storage/results/star_arm_panda/showcase_mechanism/SafetyPandaReachObstacle-v0/star_v2/panda_showcase_refcorridor_star_v2_s30/checkpoint/final.torch,900078,1344085716,94,"[0.44981759786605835, -0.1642124503850937, 0.2574579119682312]","[0.5354727506637573, 0.21935629844665527, 0.2566889226436615]","[0.5185362696647644, -0.014137590304017067, 0.23638781905174255]",0.07,0.13,0.03,0.5613358616828918,0.25000858306884766,0.21824616193771362,0.26820537971354835,0.13820537971354835,0.19820537971354835,0.05555455759167671,0.0,0.0,0.0,1.0,raw,1.0,0.0,0.0,0.0509171187877655,-0.2948741912841797,0.0509171187877655,1.0,1.0,1.0,0.0,-0.0008174328249879181,0.13059251010417938,6.538629531860352e-05,-0.05572368156164884,0.0,0.0,0.0
STAR,star_v2,raw,30,panda_showcase_refcorridor_star_v2_s30,/root/autodl-tmp/star_v2_storage/results/star_arm_panda/showcase_mechanism/SafetyPandaReachObstacle-v0/star_v2/panda_showcase_refcorridor_star_v2_s30/checkpoint/final.torch,900078,1344085716,95,"[0.44981759786605835, -0.1642124503850937, 0.2574579119682312]","[0.5354727506637573, 0.21935629844665527, 0.2566889226436615]","[0.5185362696647644, -0.014137590304017067, 0.23638781905174255]",0.07,0.13,0.03,0.5613338947296143,0.25000840425491333,0.21824675798416138,0.2682048494143528,0.1382048494143528,0.1982048494143528,0.0555531308054924,0.0,0.0,0.0,1.0,raw,1.0,0.0,0.0,0.050914667546749115,-0.2948591709136963,0.050914667546749115,1.0,1.0,1.0,0.0,-0.0007997898501344025,0.13059481978416443,6.445497274398804e-05,-0.055722260512411595,0.0,0.0,0.0
STAR,star_v2,raw,30,panda_showcase_refcorridor_star_v2_s30,/root/autodl-tmp/star_v2_storage/results/star_arm_panda/showcase_mechanism/SafetyPandaReachObstacle-v0/star_v2/panda_showcase_refcorridor_star_v2_s30/checkpoint/final.torch,900078,1344085716,96,"[0.44981759786605835, -0.1642124503850937, 0.2574579119682312]","[0.5354727506637573, 0.21935629844665527, 0.2566889226436615]","[0.5185362696647644, -0.014137590304017067, 0.23638781905174255]",0.07,0.13,0.03,0.5613319277763367,0.250008225440979,0.21824735403060913,0.2682043191299778,0.13820431912997777,0.19820431912997777,0.05555170401930809,0.0,0.0,0.0,1.0,raw,1.0,0.0,0.0,0.05091214179992676,-0.2948441803455353,0.05091214179992676,1.0,1.0,1.0,0.0,-0.0007823852938599885,0.1305968165397644,6.370246410369873e-05,-0.05572086475789547,0.0,0.0,0.0
STAR,star_v2,raw,30,panda_showcase_refcorridor_star_v2_s30,/root/autodl-tmp/star_v2_storage/results/star_arm_panda/showcase_mechanism/SafetyPandaReachObstacle-v0/star_v2/panda_showcase_refcorridor_star_v2_s30/checkpoint/final.torch,900078,1344085716,97,"[0.44981759786605835, -0.1642124503850937, 0.2574579119682312]","[0.5354727506637573, 0.21935629844665527, 0.2566889226436615]","[0.5185362696647644, -0.014137590304017067, 0.23638781905174255]",0.07,0.13,0.03,0.5613300204277039,0.2500080466270447,0.21824795007705688,0.26820379837074576,0.13820379837074576,0.19820379837074575,0.05555030331015587,0.0,0.0,0.0,1.0,raw,1.0,0.0,0.0,0.050909705460071564,-0.29482942819595337,0.050909705460071564,1.0,1.0,1.0,0.0,-0.0007653979700990021,0.13059917092323303,6.285309791564941e-05,-0.0557195220887661,0.0,0.0,0.0
STAR,star_v2,raw,30,panda_showcase_refcorridor_star_v2_s30,/root/autodl-tmp/star_v2_storage/results/star_arm_panda/showcase_mechanism/SafetyPandaReachObstacle-v0/star_v2/panda_showcase_refcorridor_star_v2_s30/checkpoint/final.torch,900078,1344085716,98,"[0.44981759786605835, -0.1642124503850937, 0.2574579119682312]","[0.5354727506637573, 0.21935629844665527, 0.2566889226436615]","[0.5185362696647644, -0.014137590304017067, 0.23638781905174255]",0.07,0.13,0.03,0.5613281726837158,0.25000786781311035,0.21824851632118225,0.2682032891510493,0.1382032891510493,0.1982032891510493,0.055548954755067825,0.0,0.0,0.0,1.0,raw,1.0,0.0,0.0,0.050907328724861145,-0.2948146462440491,0.050907328724861145,1.0,1.0,1.0,0.0,-0.000748678925447166,0.1306012123823166,6.21899962425232e-05,-0.0557182046957314,0.0,0.0,0.0
STAR,star_v2,raw,30,panda_showcase_refcorridor_star_v2_s30,/root/autodl-tmp/star_v2_storage/results/star_arm_panda/showcase_mechanism/SafetyPandaReachObstacle-v0/star_v2/panda_showcase_refcorridor_star_v2_s30/checkpoint/final.torch,900078,1344085716,99,"[0.44981759786605835, -0.1642124503850937, 0.2574579119682312]","[0.5354727506637573, 0.21935629844665527, 0.2566889226436615]","[0.5185362696647644, -0.014137590304017067, 0.23638781905174255]",0.07,0.13,0.03,0.5613263845443726,0.250007688999176,0.21824908256530762,0.26820278945398063,0.13820278945398062,0.19820278945398062,0.05554763227701187,0.0,0.0,0.0,1.0,raw,1.0,0.0,0.0,0.05090495944023132,-0.29480069875717163,0.05090495944023132,1.0,1.0,1.0,0.0,-0.0007327942876145244,0.1306033730506897,6.127357482910156e-05,-0.05571690252050757,0.0,0.0,1.0
STAR+Exec,star_v2,star_exec,30,panda_showcase_refcorridor_star_v2_s30,/root/autodl-tmp/star_v2_storage/results/star_arm_panda/showcase_mechanism/SafetyPandaReachObstacle-v0/star_v2/panda_showcase_refcorridor_star_v2_s30/checkpoint/final.torch,900078,1881533092,0,"[0.44981759786605835, -0.1642124503850937, 0.2574579119682312]","[0.5354727506637573, 0.21935629844665527, 0.2566889226436615]","[0.5185362696647644, -0.014137590304017067, 0.23638781905174255]",0.07,0.13,0.03,0.4498244524002075,-0.16421523690223694,0.25746268033981323,0.16639940991052057,0.03639940991052057,0.09639940991052057,0.3930182456970215,0.0,0.0,0.0,1.0,star_exec,16.0,0.0,1.0,0.8665052056312561,-5.752919673919678,0.991969108581543,1.0,1.0,0.0,0.6637515425682068,-0.9985787868499756,-0.4066579341888428,-0.6293988823890686,-0.42830282330513003,0.0,0.0,0.0
STAR+Exec,star_v2,star_exec,30,panda_showcase_refcorridor_star_v2_s30,/root/autodl-tmp/star_v2_storage/results/star_arm_panda/showcase_mechanism/SafetyPandaReachObstacle-v0/star_v2/panda_showcase_refcorridor_star_v2_s30/checkpoint/final.torch,900078,1881533092,1,"[0.44981759786605835, -0.1642124503850937, 0.2574579119682312]","[0.5354727506637573, 0.21935629844665527, 0.2566889226436615]","[0.5185362696647644, -0.014137590304017067, 0.23638781905174255]",0.07,0.13,0.03,0.41992470622062683,-0.17644335329532623,0.2386367917060852,0.1899275099165157,0.05992750991651569,0.11992750991651568,0.4127160906791687,0.0,0.0,0.0,1.0,star_exec,16.0,0.0,1.0,0.8836212158203125,-5.1899847984313965,0.976929783821106,1.0,1.0,0.0,0.7304190397262573,-0.9934202432632446,0.886319637298584,-0.7553737759590149,-0.4223012721538544,0.0,0.0,0.0
STAR+Exec,star_v2,star_exec,30,panda_showcase_refcorridor_star_v2_s30,/root/autodl-tmp/star_v2_storage/results/star_arm_panda/showcase_mechanism/SafetyPandaReachObstacle-v0/star_v2/panda_showcase_refcorridor_star_v2_s30/checkpoint/final.torch,900078,1881533092,2,"[0.44981759786605835, -0.1642124503850937, 0.2574579119682312]","[0.5354727506637573, 0.21935629844665527, 0.2566889226436615]","[0.5185362696647644, -0.014137590304017067, 0.23638781905174255]",0.07,0.13,0.03,0.3901714086532593,-0.1498776525259018,0.21604639291763306,0.18792731480993813,0.057927314809938124,0.11792731480993812,0.39887091517448425,0.0,0.0,0.0,1.0,star_exec,16.0,0.0,1.0,0.8764029145240784,-5.184897422790527,0.9455773830413818,1.0,1.0,0.0,0.5700215697288513,-0.7654135227203369,0.21942138671875,-0.20622356235980988,-0.40927661657333375,0.0,0.0,0.0
STAR+Exec,star_v2,star_exec,30,panda_showcase_refcorridor_star_v2_s30,/root/autodl-tmp/star_v2_storage/results/star_arm_panda/showcase_mechanism/SafetyPandaReachObstacle-v0/star_v2/panda_showcase_refcorridor_star_v2_s30/checkpoint/final.torch,900078,1881533092,3,"[0.44981759786605835, -0.1642124503850937, 0.2574579119682312]","[0.5354727506637573, 0.21935629844665527, 0.2566889226436615]","[0.5185362696647644, -0.014137590304017067, 0.23638781905174255]",0.07,0.13,0.03,0.3672538995742798,-0.143316850066185,0.20993497967720032,0.20068230954389413,0.07068230954389412,0.13068230954389412,0.4025112986564636,0.0,0.0,0.0,1.0,star_exec,16.0,0.0,1.0,0.848874568939209,-4.761608123779297,0.9100984334945679,1.0,1.0,0.0,0.6615232825279236,-0.9591277837753296,0.9949808716773987,-0.5193146467208862,-0.40784471154212953,0.0,0.0,0.0
STAR+Exec,star_v2,star_exec,30,panda_showcase_refcorridor_star_v2_s30,/root/autodl-tmp/star_v2_storage/results/star_arm_panda/showcase_mechanism/SafetyPandaReachObstacle-v0/star_v2/panda_showcase_refcorridor_star_v2_s30/checkpoint/final.torch,900078,1881533092,4,"[0.44981759786605835, -0.1642124503850937, 0.2574579119682312]","[0.5354727506637573, 0.21935629844665527, 0.2566889226436615]","[0.5185362696647644, -0.014137590304017067, 0.23638781905174255]",0.07,0.13,0.03,0.35007381439208984,-0.11349570751190186,0.19447672367095947,0.20002043447510742,0.07002043447510742,0.13002043447510742,0.38604870438575745,0.0,0.0,0.0,1.0,star_exec,16.0,0.0,1.0,0.8372199535369873,-4.123203754425049,0.906025767326355,1.0,1.0,0.0,0.6064553260803223,-0.9980810880661011,0.9792029857635498,0.9590288400650024,-0.38601725935935977,0.0,0.0,0.0
STAR+Exec,star_v2,star_exec,30,panda_showcase_refcorridor_star_v2_s30,/root/autodl-tmp/star_v2_storage/results/star_arm_panda/showcase_mechanism/SafetyPandaReachObstacle-v0/star_v2/panda_showcase_refcorridor_star_v2_s30/checkpoint/final.torch,900078,1881533092,5,"[0.44981759786605835, -0.1642124503850937, 0.2574579119682312]","[0.5354727506637573, 0.21935629844665527, 0.2566889226436615]","[0.5185362696647644, -0.014137590304017067, 0.23638781905174255]",0.07,0.13,0.03,0.349927693605423,-0.08410122245550156,0.223098486661911,0.18303105774691458,0.05303105774691458,0.11303105774691458,0.35726985335350037,0.0,0.0,0.0,1.0,star_exec,16.0,0.0,1.0,0.8491961359977722,-3.785050868988037,0.9234249591827393,1.0,1.0,0.0,0.33823084831237793,-0.9685808420181274,0.5341168642044067,0.09539172053337097,-0.355841463804245,0.0,0.0,0.0
STAR+Exec,star_v2,star_exec,30,panda_showcase_refcorridor_star_v2_s30,/root/autodl-tmp/star_v2_storage/results/star_arm_panda/showcase_mechanism/SafetyPandaReachObstacle-v0/star_v2/panda_showcase_refcorridor_star_v2_s30/checkpoint/final.torch,900078,1881533092,6,"[0.44981759786605835, -0.1642124503850937, 0.2574579119682312]","[0.5354727506637573, 0.21935629844665527, 0.2566889226436615]","[0.5185362696647644, -0.014137590304017067, 0.23638781905174255]",0.07,0.13,0.03,0.34996461868286133,-0.06811834871768951,0.22589218616485596,0.17731464153694726,0.047314641536947255,0.10731464153694725,0.34351617097854614,0.0,0.0,0.0,1.0,star_exec,16.0,0.0,1.0,0.8404629230499268,-3.334656000137329,0.9266530871391296,1.0,1.0,0.0,0.5717836618423462,-0.8219451904296875,0.999020516872406,0.09226382523775101,-0.3354690194129944,0.0,0.0,0.0
STAR+Exec,star_v2,star_exec,30,panda_showcase_refcorridor_star_v2_s30,/root/autodl-tmp/star_v2_storage/results/star_arm_panda/showcase_mechanism/SafetyPandaReachObstacle-v0/star_v2/panda_showcase_refcorridor_star_v2_s30/checkpoint/final.torch,900078,1881533092,7,"[0.44981759786605835, -0.1642124503850937, 0.2574579119682312]","[0.5354727506637573, 0.21935629844665527, 0.2566889226436615]","[0.5185362696647644, -0.014137590304017067, 0.23638781905174255]",0.07,0.13,0.03,0.34996697306632996,-0.03819913789629936,0.2285986840724945,0.17045596631374207,0.04045596631374207,0.10045596631374207,0.3186475336551666,0.0,0.0,0.0,1.0,star_exec,16.0,0.0,1.0,0.8269135355949402,-2.8471784591674805,0.9104259610176086,1.0,1.0,0.0,0.49107107520103455,-0.5814782977104187,0.9569886326789856,0.8668255805969238,-0.3146969187259674,0.0,0.0,0.0
STAR+Exec,star_v2,star_exec,30,panda_showcase_refcorridor_star_v2_s30,/root/autodl-tmp/star_v2_storage/results/star_arm_panda/showcase_mechanism/SafetyPandaReachObstacle-v0/star_v2/panda_showcase_refcorridor_star_v2_s30/checkpoint/final.torch,900078,1881533092,8,"[0.44981759786605835, -0.1642124503850937, 0.2574579119682312]","[0.5354727506637573, 0.21935629844665527, 0.2566889226436615]","[0.5185362696647644, -0.014137590304017067, 0.23638781905174255]",0.07,0.13,0.03,0.34990939497947693,-0.009500895626842976,0.2543490529060364,0.1696441208094923,0.039644120809492284,0.09964412080949228,0.2946436107158661,0.0,0.0,0.0,1.0,star_exec,16.0,0.0,1.0,0.7815442085266113,-2.6108739376068115,0.89460688829422,1.0,1.0,0.0,0.49976420402526855,-0.993369996547699,0.9081132411956787,0.3708054721355438,-0.2936100125312805,0.0,0.0,0.0
STAR+Exec,star_v2,star_exec,30,panda_showcase_refcorridor_star_v2_s30,/root/autodl-tmp/star_v2_storage/results/star_arm_panda/showcase_mechanism/SafetyPandaReachObstacle-v0/star_v2/panda_showcase_refcorridor_star_v2_s30/checkpoint/final.torch,900078,1881533092,9,"[0.44981759786605835, -0.1642124503850937, 0.2574579119682312]","[0.5354727506637573, 0.21935629844665527, 0.2566889226436615]","[0.5185362696647644, -0.014137590304017067, 0.23638781905174255]",0.07,0.13,0.03,0.3499625623226166,0.017730463296175003,0.26535144448280334,0.173987238743109,0.043987238743109,0.103987238743109,0.2741205096244812,0.0,0.0,0.0,1.0,star_exec,16.0,0.0,1.0,0.7801702618598938,-2.482400894165039,0.8679937124252319,1.0,1.0,0.0,0.48608970642089844,-0.9983322620391846,0.32873252034187317,0.6854873895645142,-0.2841482043266296,0.0,0.0,0.0
STAR+Exec,star_v2,star_exec,30,panda_showcase_refcorridor_star_v2_s30,/root/autodl-tmp/star_v2_storage/results/star_arm_panda/showcase_mechanism/SafetyPandaReachObstacle-v0/star_v2/panda_showcase_refcorridor_star_v2_s30/checkpoint/final.torch,900078,1881533092,10,"[0.44981759786605835, -0.1642124503850937, 0.2574579119682312]","[0.5354727506637573, 0.21935629844665527, 0.2566889226436615]","[0.5185362696647644, -0.014137590304017067, 0.23638781905174255]",0.07,0.13,0.03,0.34995797276496887,0.0275744441896677,0.28573358058929443,0.1805368111742281,0.05053681117422809,0.11053681117422809,0.26840195059776306,0.0,0.0,0.0,1.0,star_exec,16.0,0.0,1.0,0.7584466338157654,-2.235262393951416,0.8459418416023254,1.0,1.0,0.0,0.579534649848938,-0.20762892067432404,0.7635993957519531,0.8535860776901245,-0.2702635967731476,0.0,0.0,0.0
STAR+Exec,star_v2,star_exec,30,panda_showcase_refcorridor_star_v2_s30,/root/autodl-tmp/star_v2_storage/results/star_arm_panda/showcase_mechanism/SafetyPandaReachObstacle-v0/star_v2/panda_showcase_refcorridor_star_v2_s30/checkpoint/final.torch,900078,1881533092,11,"[0.44981759786605835, -0.1642124503850937, 0.2574579119682312]","[0.5354727506637573, 0.21935629844665527, 0.2566889226436615]","[0.5185362696647644, -0.014137590304017067, 0.23638781905174255]",0.07,0.13,0.03,0.34997349977493286,0.05045917257666588,0.31115615367889404,0.19538795518279312,0.06538795518279311,0.1253879551827931,0.2567155659198761,0.0,0.0,0.0,1.0,star_exec,16.0,0.0,1.0,0.6806920766830444,-2.2131848335266113,0.7740446925163269,1.0,1.0,0.0,0.5234917998313904,0.02198699302971363,0.887547492980957,0.8058584928512573,-0.2605088710784912,0.0,0.0,0.0
STAR+Exec,star_v2,star_exec,30,panda_showcase_refcorridor_star_v2_s30,/root/autodl-tmp/star_v2_storage/results/star_arm_panda/showcase_mechanism/SafetyPandaReachObstacle-v0/star_v2/panda_showcase_refcorridor_star_v2_s30/checkpoint/final.torch,900078,1881533092,12,"[0.44981759786605835, -0.1642124503850937, 0.2574579119682312]","[0.5354727506637573, 0.21935629844665527, 0.2566889226436615]","[0.5185362696647644, -0.014137590304017067, 0.23638781905174255]",0.07,0.13,0.03,0.3506237864494324,0.07706838101148605,0.33521437644958496,0.21512744982975227,0.08512744982975226,0.14512744982975226,0.24613255262374878,0.0,0.0,0.0,1.0,star_exec,16.0,0.0,1.0,0.5605754256248474,-2.4084198474884033,0.657275915145874,1.0,1.0,0.0,0.4584866464138031,-0.6837711334228516,0.8016332983970642,0.4968220591545105,-0.252523187994957,0.0,0.0,0.0
STAR+Exec,star_v2,star_exec,30,panda_showcase_refcorridor_star_v2_s30,/root/autodl-tmp/star_v2_storage/results/star_arm_panda/showcase_mechanism/SafetyPandaReachObstacle-v0/star_v2/panda_showcase_refcorridor_star_v2_s30/checkpoint/final.torch,900078,1881533092,13,"[0.44981759786605835, -0.1642124503850937, 0.2574579119682312]","[0.5354727506637573, 0.21935629844665527, 0.2566889226436615]","[0.5185362696647644, -0.014137590304017067, 0.23638781905174255]",0.07,0.13,0.03,0.3499959409236908,0.10110193490982056,0.3500319719314575,0.23366853461133338,0.10366853461133338,0.16366853461133338,0.23895327746868134,0.0,0.0,0.0,1.0,star_exec,16.0,0.0,1.0,0.4706113338470459,-2.486086130142212,0.5499106049537659,1.0,1.0,0.0,0.5259565711021423,-0.3036339581012726,0.9789078235626221,0.7817384600639343,-0.25310364603996277,0.0,0.0,0.0
STAR+Exec,star_v2,star_exec,30,panda_showcase_refcorridor_star_v2_s30,/root/autodl-tmp/star_v2_storage/results/star_arm_panda/showcase_mechanism/SafetyPandaReachObstacle-v0/star_v2/panda_showcase_refcorridor_star_v2_s30/checkpoint/final.torch,900078,1881533092,14,"[0.44981759786605835, -0.1642124503850937, 0.2574579119682312]","[0.5354727506637573, 0.21935629844665527, 0.2566889226436615]","[0.5185362696647644, -0.014137590304017067, 0.23638781905174255]",0.07,0.13,0.03,0.3499967157840729,0.13045349717140198,0.3734000325202942,0.2609300872631954,0.13093008726319538,0.19093008726319538,0.2364879548549652,0.0,0.0,0.0,1.0,star_exec,16.0,0.0,1.0,0.38367873430252075,-2.4844632148742676,0.43345171213150024,1.0,1.0,0.0,0.6937087774276733,-0.9842867851257324,0.9269725680351257,-0.5159067511558533,-0.24092712938785554,0.0,0.0,0.0
STAR+Exec,star_v2,star_exec,30,panda_showcase_refcorridor_star_v2_s30,/root/autodl-tmp/star_v2_storage/results/star_arm_panda/showcase_mechanism/SafetyPandaReachObstacle-v0/star_v2/panda_showcase_refcorridor_star_v2_s30/checkpoint/final.torch,900078,1881533092,15,"[0.44981759786605835, -0.1642124503850937, 0.2574579119682312]","[0.5354727506637573, 0.21935629844665527, 0.2566889226436615]","[0.5185362696647644, -0.014137590304017067, 0.23638781905174255]",0.07,0.13,0.03,0.35001298785209656,0.15826623141765594,0.35800960659980774,0.27002783831215804,0.14002783831215804,0.20002783831215804,0.21998454630374908,0.0,0.0,0.0,1.0,star_exec,16.0,0.0,1.0,0.29095786809921265,-1.6211168766021729,0.34052011370658875,1.0,1.0,0.0,0.5554656982421875,0.992530345916748,0.9796483516693115,-0.8908635377883911,-0.2029345178604126,0.0,0.0,0.0
STAR+Exec,star_v2,star_exec,30,panda_showcase_refcorridor_star_v2_s30,/root/autodl-tmp/star_v2_storage/results/star_arm_panda/showcase_mechanism/SafetyPandaReachObstacle-v0/star_v2/panda_showcase_refcorridor_star_v2_s30/checkpoint/final.torch,900078,1881533092,16,"[0.44981759786605835, -0.1642124503850937, 0.2574579119682312]","[0.5354727506637573, 0.21935629844665527, 0.2566889226436615]","[0.5185362696647644, -0.014137590304017067, 0.23638781905174255]",0.07,0.13,0.03,0.3797924220561981,0.18766464293003082,0.33136841654777527,0.2626695842464093,0.1326695842464093,0.1926695842464093,0.17554986476898193,0.0,0.0,0.0,1.0,star_exec,16.0,0.0,1.0,0.212968647480011,-1.1997807025909424,0.23533105850219727,1.0,1.0,0.0,0.6512957811355591,0.7176018357276917,0.9208680391311646,-0.751982569694519,-0.1633387541770935,0.0,0.0,0.0
STAR+Exec,star_v2,star_exec,30,panda_showcase_refcorridor_star_v2_s30,/root/autodl-tmp/star_v2_storage/results/star_arm_panda/showcase_mechanism/SafetyPandaReachObstacle-v0/star_v2/panda_showcase_refcorridor_star_v2_s30/checkpoint/final.torch,900078,1881533092,17,"[0.44981759786605835, -0.1642124503850937, 0.2574579119682312]","[0.5354727506637573, 0.21935629844665527, 0.2566889226436615]","[0.5185362696647644, -0.014137590304017067, 0.23638781905174255]",0.07,0.13,0.03,0.40124836564064026,0.21524986624717712,0.30882954597473145,0.2676244784263634,0.13762447842636338,0.19762447842636338,0.14405447244644165,0.0,0.0,0.0,1.0,star_exec,16.0,0.0,1.0,0.1416727602481842,-0.8388490676879883,0.15358711779117584,1.0,1.0,0.0,0.5641364455223083,0.9887071251869202,0.8454532623291016,-0.9030358791351318,-0.13473081052303315,0.0,0.0,0.0
STAR+Exec,star_v2,star_exec,30,panda_showcase_refcorridor_star_v2_s30,/root/autodl-tmp/star_v2_storage/results/star_arm_panda/showcase_mechanism/SafetyPandaReachObstacle-v0/star_v2/panda_showcase_refcorridor_star_v2_s30/checkpoint/final.torch,900078,1881533092,18,"[0.44981759786605835, -0.1642124503850937, 0.2574579119682312]","[0.5354727506637573, 0.21935629844665527, 0.2566889226436615]","[0.5185362696647644, -0.014137590304017067, 0.23638781905174255]",0.07,0.13,0.03,0.43084126710891724,0.24057230353355408,0.2817060947418213,0.2731689762830669,0.1431689762830669,0.2031689762830669,0.10965274274349213,0.0,0.0,0.0,1.0,star_exec,16.0,0.0,1.0,0.08648380637168884,-0.6100760698318481,0.09406965970993042,1.0,1.0,0.0,0.5369619131088257,0.99575275182724,0.11559352278709412,0.8703892230987549,-0.11152308136224746,0.0,0.0,0.0
STAR+Exec,star_v2,star_exec,30,panda_showcase_refcorridor_star_v2_s30,/root/autodl-tmp/star_v2_storage/results/star_arm_panda/showcase_mechanism/SafetyPandaReachObstacle-v0/star_v2/panda_showcase_refcorridor_star_v2_s30/checkpoint/final.torch,900078,1881533092,19,"[0.44981759786605835, -0.1642124503850937, 0.2574579119682312]","[0.5354727506637573, 0.21935629844665527, 0.2566889226436615]","[0.5185362696647644, -0.014137590304017067, 0.23638781905174255]",0.07,0.13,0.03,0.4606471061706543,0.24400265514850616,0.30778294801712036,0.27401606889436186,0.14401606889436186,0.20401606889436186,0.09389845281839371,0.0,0.0,0.0,1.0,star_exec,16.0,0.0625,0.0,0.027284832671284676,-0.1914220005273819,0.06262041628360748,1.0,0.875,0.0,0.6677829623222351,0.993074893951416,-0.364904522895813,-0.9052969217300415,-0.07224057480692864,0.0,0.0,0.0
STAR+Exec,star_v2,star_exec,30,panda_showcase_refcorridor_star_v2_s30,/root/autodl-tmp/star_v2_storage/results/star_arm_panda/showcase_mechanism/SafetyPandaReachObstacle-v0/star_v2/panda_showcase_refcorridor_star_v2_s30/checkpoint/final.torch,900078,1881533092,20,"[0.44981759786605835, -0.1642124503850937, 0.2574579119682312]","[0.5354727506637573, 0.21935629844665527, 0.2566889226436615]","[0.5185362696647644, -0.014137590304017067, 0.23638781905174255]",0.07,0.13,0.03,0.49036315083503723,0.23301784694194794,0.2806003987789154,0.2526544814385244,0.12265448143852442,0.18265448143852442,0.052851419895887375,0.0,0.0,0.0,1.0,star_exec,16.0,0.75,0.0,-0.02135586552321911,0.16582484543323517,0.024512382224202156,1.0,0.0625,0.0,0.4583854079246521,0.9986801147460938,-0.4075431525707245,-0.4064280092716217,0.9674586630612612,0.0,1.0,0.0
