method,seed,episode,step,p_gripper_x,p_gripper_y,p_gripper_z,p_left_finger_x,p_left_finger_y,p_left_finger_z,p_right_finger_x,p_right_finger_y,p_right_finger_z,p_ee_x,p_ee_y,p_ee_z,quat_w,quat_x,quat_y,quat_z,p_goal_x,p_goal_y,p_goal_z,p_obs_x,p_obs_y,p_obs_z,safe_margin,obstacle_radius,clearance,distance_to_goal,distance_to_obstacle,cost,violation,collision,success,selected_action_x,selected_action_y,selected_action_z,is_selected_episode,train_seed,mode,run_name,checkpoint_path
SAC-Lag,900078,0,0,0.4498243033885956,-0.16421519219875336,0.1524626761674881,0.44982436299324036,-0.16421522200107574,0.19906267523765564,0.44982436299324036,-0.16421520709991455,0.19906267523765564,0.4498244524002075,-0.16421523690223694,0.25746268033981323,-2.0864322891611664e-07,1.0,2.3126681014673522e-08,-6.509638978968724e-07,0.5354727506637573,0.21935629844665527,0.2566889226436615,0.5185362696647644,-0.014137590304017067,0.23638781905174255,0.13,0.07,0.03639940991052057,0.3930182596601853,0.16639940991052057,0.0,False,False,True,0.6518768668174744,0.9840661287307739,-0.23421426117420197,True,11,raw,panda_final_star_cfg2_sac_lag_s11,/root/autodl-tmp/star_v2_storage/results/star_arm_panda/final/SafetyPandaReachObstacle-v0/sac_lag/panda_final_star_cfg2_sac_lag_s11/checkpoint/final.torch
SAC-Lag,900078,0,1,0.46930959820747375,-0.13470584154129028,0.1454705148935318,0.46931013464927673,-0.13471832871437073,0.19207051396369934,0.46931013464927673,-0.13470937311649323,0.19207051396369934,0.46931079030036926,-0.1347058266401291,0.25047051906585693,6.127454099669194e-08,1.0,4.491718755161855e-06,-5.714973212889163e-06,0.5354727506637573,0.21935629844665527,0.2566889226436615,0.5185362696647644,-0.014137590304017067,0.23638781905174255,0.13,0.07,0.0009891975375931061,0.3602444475118981,0.1309891975375931,1.0,True,True,True,-0.5273169875144958,0.9902360439300537,-0.5101491808891296,True,11,raw,panda_final_star_cfg2_sac_lag_s11,/root/autodl-tmp/star_v2_storage/results/star_arm_panda/final/SafetyPandaReachObstacle-v0/sac_lag/panda_final_star_cfg2_sac_lag_s11/checkpoint/final.torch
SAC-Lag,900078,0,2,0.45355871319770813,-0.1050170511007309,0.130218043923378,0.45355942845344543,-0.10489954799413681,0.17681804299354553,0.4535594582557678,-0.10484536737203598,0.17681804299354553,0.45356035232543945,-0.10501736402511597,0.23521804809570312,-1.5242968629536335e-06,1.0,2.600326638457773e-07,-7.714951607340481e-06,0.5354727506637573,0.21935629844665527,0.2566889226436615,0.5185362696647644,-0.014137590304017067,0.23638781905174255,0.13,0.07,-0.018275466124156425,0.3352445560493712,0.11172453387584358,1.0,True,True,True,0.5109881162643433,0.9789336919784546,-0.4588415026664734,True,11,raw,panda_final_star_cfg2_sac_lag_s11,/root/autodl-tmp/star_v2_storage/results/star_arm_panda/final/SafetyPandaReachObstacle-v0/sac_lag/panda_final_star_cfg2_sac_lag_s11/checkpoint/final.torch
SAC-Lag,900078,0,3,0.4688433110713959,-0.07565993070602417,0.11652114987373352,0.46884429454803467,-0.07557278871536255,0.16312114894390106,0.46884429454803467,-0.0755133107304573,0.16312114894390106,0.46884551644325256,-0.0756601095199585,0.22152113914489746,-8.778183087088109e-07,1.0,2.4948635655164253e-06,-1.0407005902379751e-05,0.5354727506637573,0.21935629844665527,0.2566889226436615,0.5185362696647644,-0.014137590304017067,0.23638781905174255,0.13,0.07,-0.04953131355707574,0.30448422341003717,0.08046868644292426,1.0,True,True,True,0.5819909572601318,0.9868549704551697,0.7456910610198975,True,11,raw,panda_final_star_cfg2_sac_lag_s11,/root/autodl-tmp/star_v2_storage/results/star_arm_panda/final/SafetyPandaReachObstacle-v0/sac_lag/panda_final_star_cfg2_sac_lag_s11/checkpoint/final.torch
SAC-Lag,900078,0,4,0.48623037338256836,-0.04604722186923027,0.13884681463241577,0.48622971773147583,-0.04583891108632088,0.18544679880142212,0.48622971773147583,-0.0458926260471344,0.1854468137025833,0.486228883266449,-0.04604709520936012,0.2438468039035797,5.982169000162685e-07,1.0,3.2532046390088e-08,6.90576052875258e-06,0.5354727506637573,0.21935629844665527,0.2566889226436615,0.5185362696647644,-0.014137590304017067,0.23638781905174255,0.13,0.07,-0.08398239278043561,0.2702384869964083,0.046017607219564396,1.0,True,True,True,-0.9467508792877197,0.9458261728286743,-0.9538296461105347,True,11,raw,panda_final_star_cfg2_sac_lag_s11,/root/autodl-tmp/star_v2_storage/results/star_arm_panda/final/SafetyPandaReachObstacle-v0/sac_lag/panda_final_star_cfg2_sac_lag_s11/checkpoint/final.torch
SAC-Lag,900078,0,5,0.45789211988449097,-0.01767544448375702,0.11028513312339783,0.45789289474487305,-0.01750514656305313,0.15688514709472656,0.45789289474487305,-0.017531534656882286,0.15688513219356537,0.45789390802383423,-0.017675502225756645,0.21528512239456177,-2.7257001988800766e-07,1.0,6.543934460978562e-08,-8.457948752038646e-06,0.5354727506637573,0.21935629844665527,0.2566889226436615,0.5185362696647644,-0.014137590304017067,0.23638781905174255,0.13,0.07,-0.06569341672612099,0.2528177723784926,0.06430658327387902,1.0,True,True,True,0.6058543920516968,0.9733775854110718,-0.0435236319899559,True,11,raw,panda_final_star_cfg2_sac_lag_s11,/root/autodl-tmp/star_v2_storage/results/star_arm_panda/final/SafetyPandaReachObstacle-v0/sac_lag/panda_final_star_cfg2_sac_lag_s11/checkpoint/final.torch
SAC-Lag,900078,0,6,0.4759911298751831,0.011522643268108368,0.10894427448511124,0.47599056363105774,0.012303152121603489,0.15554426610469818,0.47599056363105774,0.011827521957457066,0.15554426610469818,0.47598984837532043,0.011522626504302025,0.21394428610801697,-7.890680109312598e-08,1.0,1.65156890830076e-07,6.032485543983057e-06,0.5354727506637573,0.21935629844665527,0.2566889226436615,0.5185362696647644,-0.014137590304017067,0.23638781905174255,0.13,0.07,-0.0754806744155351,0.22036368759453495,0.054519325584464894,1.0,True,True,True,0.6330584287643433,0.9912729859352112,0.5865554809570312,True,11,raw,panda_final_star_cfg2_sac_lag_s11,/root/autodl-tmp/star_v2_storage/results/star_arm_panda/final/SafetyPandaReachObstacle-v0/sac_lag/panda_final_star_cfg2_sac_lag_s11/checkpoint/final.torch
SAC-Lag,900078,0,7,0.49490341544151306,0.04125192388892174,0.1265057623386383,0.4949028491973877,0.04190590977668762,0.17310577630996704,0.4949028491973877,0.041589196771383286,0.17310576140880585,0.4949021637439728,0.04125187546014786,0.23150575160980225,-2.3381223002161278e-07,1.0,1.629119452672967e-07,5.82439270147006e-06,0.5354727506637573,0.21935629844665527,0.2566889226436615,0.5185362696647644,-0.014137590304017067,0.23638781905174255,0.13,0.07,-0.06958147252024054,0.18439455011928405,0.06041852747975947,1.0,True,True,True,0.7976741790771484,0.9945228099822998,0.3348943293094635,True,11,raw,panda_final_star_cfg2_sac_lag_s11,/root/autodl-tmp/star_v2_storage/results/star_arm_panda/final/SafetyPandaReachObstacle-v0/sac_lag/panda_final_star_cfg2_sac_lag_s11/checkpoint/final.torch
SAC-Lag,900078,0,8,0.5187512636184692,0.07107362896203995,0.1365274339914322,0.5187509059906006,0.0719519853591919,0.18312744796276093,0.5187508463859558,0.0717407837510109,0.18312743306159973,0.5187503695487976,0.07107355445623398,0.24152743816375732,-3.3219228612324514e-07,1.0,1.1676161904006221e-07,4.2745259634102695e-06,0.5354727506637573,0.21935629844665527,0.2566889226436615,0.5185362696647644,-0.014137590304017067,0.23638781905174255,0.13,0.07,-0.04463372612835097,0.1499909357498551,0.08536627387164904,1.0,True,True,True,-0.1729682981967926,0.9879283905029297,0.14058862626552582,True,11,raw,panda_final_star_cfg2_sac_lag_s11,/root/autodl-tmp/star_v2_storage/results/star_arm_panda/final/SafetyPandaReachObstacle-v0/sac_lag/panda_final_star_cfg2_sac_lag_s11/checkpoint/final.torch
SAC-Lag,900078,0,9,0.5135155916213989,0.10066578537225723,0.1406891793012619,0.5135146975517273,0.10137626528739929,0.18728917837142944,0.5135146975517273,0.10132583230733871,0.18728917837142944,0.5135136246681213,0.10066578537225723,0.24568918347358704,1.4900542133489125e-08,1.0,5.101849183120066e-06,9.368704922962934e-06,0.5354727506637573,0.21935629844665527,0.2566889226436615,0.5185362696647644,-0.014137590304017067,0.23638781905174255,0.13,0.07,-0.014710983135694897,0.12120493129475277,0.11528901686430511,1.0,True,True,True,0.6191333532333374,0.9918421506881714,-0.13282941281795502,True,11,raw,panda_final_star_cfg2_sac_lag_s11,/root/autodl-tmp/star_v2_storage/results/star_arm_panda/final/SafetyPandaReachObstacle-v0/sac_lag/panda_final_star_cfg2_sac_lag_s11/checkpoint/final.torch
SAC-Lag,900078,0,10,0.5320035219192505,0.13039809465408325,0.13668517768383026,0.5320032238960266,0.1309734433889389,0.1832851767539978,0.5320032238960266,0.13105325400829315,0.1832851767539978,0.5320027470588684,0.1303979605436325,0.2416851818561554,-6.646953920608212e-07,1.0,1.2558537321183394e-08,3.4969077660207404e-06,0.5354727506637573,0.21935629844665527,0.2566889226436615,0.5185362696647644,-0.014137590304017067,0.23638781905174255,0.13,0.07,0.0152581616465009,0.0902814435258154,0.1452581616465009,1.0,True,True,True,0.8542022705078125,0.9970621466636658,-0.29328805208206177,True,11,raw,panda_final_star_cfg2_sac_lag_s11,/root/autodl-tmp/star_v2_storage/results/star_arm_panda/final/SafetyPandaReachObstacle-v0/sac_lag/panda_final_star_cfg2_sac_lag_s11/checkpoint/final.torch
SAC-Lag,900078,0,11,0.5575488805770874,0.16028521955013275,0.1278751939535141,0.5575485825538635,0.16075152158737183,0.17447519302368164,0.5575485825538635,0.16093657910823822,0.17447517812252045,0.5575482845306396,0.1602851003408432,0.23287519812583923,-6.342593792396656e-07,1.0,-7.481829555899822e-08,2.6541183615336195e-06,0.5354727506637573,0.21935629844665527,0.2566889226436615,0.5185362696647644,-0.014137590304017067,0.23638781905174255,0.13,0.07,0.04876674976476186,0.06740793066527627,0.17876674976476187,0.0,False,False,True,0.5413429737091064,0.9898385405540466,0.4086320400238037,True,11,raw,panda_final_star_cfg2_sac_lag_s11,/root/autodl-tmp/star_v2_storage/results/star_arm_panda/final/SafetyPandaReachObstacle-v0/sac_lag/panda_final_star_cfg2_sac_lag_s11/checkpoint/final.torch
Current-only-N,900078,0,0,0.4498243033885956,-0.16421519219875336,0.1524626761674881,0.44982436299324036,-0.16421522200107574,0.19906267523765564,0.44982436299324036,-0.16421520709991455,0.19906267523765564,0.4498244524002075,-0.16421523690223694,0.25746268033981323,-2.0864322891611664e-07,1.0,2.3126681014673522e-08,-6.509638978968724e-07,0.5354727506637573,0.21935629844665527,0.2566889226436615,0.5185362696647644,-0.014137590304017067,0.23638781905174255,0.13,0.07,0.03639940991052057,0.3930182596601853,0.16639940991052057,0.0,False,False,True,0.37144923210144043,0.9694465398788452,0.1090811938047409,True,11,raw,panda_final_star_cfg2_current_only_v2_s11,/root/autodl-tmp/star_v2_storage/results/star_arm_panda/final/SafetyPandaReachObstacle-v0/current_only_v2/panda_final_star_cfg2_current_only_v2_s11/checkpoint/final.torch
Current-only-N,900078,0,1,0.4609850347042084,-0.13520051538944244,0.1557319015264511,0.46098506450653076,-0.135212704539299,0.20233190059661865,0.46098506450653076,-0.1352037489414215,0.20233190059661865,0.46098509430885315,-0.13519981503486633,0.26073190569877625,3.330591653138981e-06,1.0,8.237074325734284e-06,-2.215823258211458e-07,0.5354727506637573,0.21935629844665527,0.2566889226436615,0.5185362696647644,-0.014137590304017067,0.23638781905174255,0.13,0.07,0.006238153966896448,0.3623186363801231,0.13623815396689645,1.0,True,True,True,0.34724557399749756,0.9854260683059692,-0.12830083072185516,True,11,raw,panda_final_star_cfg2_current_only_v2_s11,/root/autodl-tmp/star_v2_storage/results/star_arm_panda/final/SafetyPandaReachObstacle-v0/current_only_v2/panda_final_star_cfg2_current_only_v2_s11/checkpoint/final.torch
Current-only-N,900078,0,2,0.47140559554100037,-0.10568606853485107,0.1519412398338318,0.4714064598083496,-0.10553144663572311,0.19854125380516052,0.4714064598083496,-0.10548610985279083,0.19854123890399933,0.47140753269195557,-0.10568594932556152,0.2569412589073181,5.688358442057506e-07,1.0,6.4223377194139175e-06,-9.161632078757975e-06,0.5354727506637573,0.21935629844665527,0.2566889226436615,0.5185362696647644,-0.014137590304017067,0.23638781905174255,0.13,0.07,-0.025001601068937437,0.3312957570874997,0.10499839893106257,1.0,True,True,True,0.5951844453811646,0.9836934804916382,-0.14321088790893555,True,11,raw,panda_final_star_cfg2_current_only_v2_s11,/root/autodl-tmp/star_v2_storage/results/star_arm_panda/final/SafetyPandaReachObstacle-v0/current_only_v2/panda_final_star_cfg2_current_only_v2_s11/checkpoint/final.torch
Current-only-N,900078,0,3,0.48918595910072327,-0.07616470754146576,0.1476200968027115,0.489185631275177,-0.0759565681219101,0.19422009587287903,0.4891856014728546,-0.07588204741477966,0.19422009587287903,0.4891851842403412,-0.07616458088159561,0.2526201009750366,6.016273914610792e-07,1.0,2.9614923846565944e-07,3.5872787975677056e-06,0.5354727506637573,0.21935629844665527,0.2566889226436615,0.5185362696647644,-0.014137590304017067,0.23638781905174255,0.13,0.07,-0.05948531534396466,0.29915160744030084,0.07051468465603535,1.0,True,True,True,0.5945944786071777,0.98381108045578,-0.05752447992563248,True,11,raw,panda_final_star_cfg2_current_only_v2_s11,/root/autodl-tmp/star_v2_storage/results/star_arm_panda/final/SafetyPandaReachObstacle-v0/current_only_v2/panda_final_star_cfg2_current_only_v2_s11/checkpoint/final.torch
Current-only-N,900078,0,4,0.5069429278373718,-0.046643007546663284,0.14586974680423737,0.5069425702095032,-0.04647517576813698,0.1924697458744049,0.5069425702095032,-0.04636210948228836,0.1924697458744049,0.5069421529769897,-0.046642936766147614,0.2508697509765625,3.354729187776684e-07,1.0,6.558393295108544e-08,3.782868361668079e-06,0.5354727506637573,0.21935629844665527,0.2566889226436615,0.5185362696647644,-0.014137590304017067,0.23638781905174255,0.13,0.07,-0.09257343934225326,0.26758821143139205,0.03742656065774675,1.0,True,True,True,0.4696434736251831,0.9869056940078735,0.09214948862791061,True,11,raw,panda_final_star_cfg2_current_only_v2_s11,/root/autodl-tmp/star_v2_storage/results/star_arm_panda/final/SafetyPandaReachObstacle-v0/current_only_v2/panda_final_star_cfg2_current_only_v2_s11/checkpoint/final.torch
Current-only-N,900078,0,5,0.5209511518478394,-0.017033327370882034,0.14861173927783966,0.5209508538246155,-0.017048999667167664,0.1952117383480072,0.5209508538246155,-0.016755666583776474,0.1952117383480072,0.520950436592102,-0.017033301293849945,0.2536117434501648,1.197500267835494e-07,1.0,4.1112539150844896e-08,3.5222551559854764e-06,0.5354727506637573,0.21935629844665527,0.2566889226436615,0.5185362696647644,-0.014137590304017067,0.23638781905174255,0.13,0.07,-0.11236829798992012,0.23685525010702413,0.017631702010079877,1.0,True,True,True,-0.13020384311676025,0.9913202524185181,0.08737650513648987,True,11,raw,panda_final_star_cfg2_current_only_v2_s11,/root/autodl-tmp/star_v2_storage/results/star_arm_panda/final/SafetyPandaReachObstacle-v0/current_only_v2/panda_final_star_cfg2_current_only_v2_s11/checkpoint/final.torch
Current-only-N,900078,0,6,0.517131507396698,0.012706207111477852,0.15124887228012085,0.5171316862106323,0.011706553399562836,0.1978488713502884,0.5171317458152771,0.012982855550944805,0.19784888625144958,0.5171319842338562,0.012706241570413113,0.2562488615512848,1.6522058388090954e-07,1.0,3.350686199610209e-07,-2.31758167501539e-06,0.5354727506637573,0.21935629844665527,0.2566889226436615,0.5185362696647644,-0.014137590304017067,0.23638781905174255,0.13,0.07,-0.0965780859847501,0.2074628240768821,0.0334219140152499,1.0,True,True,True,-0.34616854786872864,0.9709570407867432,-0.5295354723930359,True,11,raw,panda_final_star_cfg2_current_only_v2_s11,/root/autodl-tmp/star_v2_storage/results/star_arm_panda/final/SafetyPandaReachObstacle-v0/current_only_v2/panda_final_star_cfg2_current_only_v2_s11/checkpoint/final.torch
Current-only-N,900078,0,7,0.5068235993385315,0.04184143617749214,0.13539929687976837,0.5068241357803345,0.040840938687324524,0.1819992959499359,0.5068241357803345,0.048627227544784546,0.1819992959499359,0.5068248510360718,0.0418415330350399,0.2403993010520935,4.6177370904842974e-07,1.0,9.654988808449616e-09,-5.9493618209671695e-06,0.5354727506637573,0.21935629844665527,0.2566889226436615,0.5185362696647644,-0.014137590304017067,0.23638781905174255,0.13,0.07,-0.07266840692999207,0.1805479046231644,0.05733159307000793,1.0,True,True,True,0.23315781354904175,0.9753549098968506,0.23544441163539886,True,11,raw,panda_final_star_cfg2_current_only_v2_s11,/root/autodl-tmp/star_v2_storage/results/star_arm_panda/final/SafetyPandaReachObstacle-v0/current_only_v2/panda_final_star_cfg2_current_only_v2_s11/checkpoint/final.torch
Current-only-N,900078,0,8,0.5137401819229126,0.07108961790800095,0.14243580400943756,0.5137397646903992,0.07001970708370209,0.1890358030796051,0.5137397646903992,0.07781719416379929,0.1890358030796051,0.513739287853241,0.07108952105045319,0.2474358081817627,-4.6790114538453054e-07,1.0,9.308701010013465e-08,4.328286195232067e-06,0.5354727506637573,0.21935629844665527,0.2566889226436615,0.5185362696647644,-0.014137590304017067,0.23638781905174255,0.13,0.07,-0.043926022468202375,0.15013660716972407,0.08607397753179763,1.0,True,True,True,-0.07313545048236847,0.943126916885376,0.480838418006897,True,11,raw,panda_final_star_cfg2_current_only_v2_s11,/root/autodl-tmp/star_v2_storage/results/star_arm_panda/final/SafetyPandaReachObstacle-v0/current_only_v2/panda_final_star_cfg2_current_only_v2_s11/checkpoint/final.torch
Current-only-N,900078,0,9,0.5114675760269165,0.09936569631099701,0.1568251997232437,0.5114670395851135,0.09829573333263397,0.20342519879341125,0.5114670395851135,0.10609320551156998,0.20342521369457245,0.5114664435386658,0.09936551749706268,0.26182520389556885,-8.700534408490057e-07,1.0,2.1704765629237954e-07,5.405299816629849e-06,0.5354727506637573,0.21935629844665527,0.2566889226436615,0.5185362696647644,-0.014137590304017067,0.23638781905174255,0.13,0.07,-0.013466749510494994,0.12247641274864328,0.11653325048950501,1.0,True,True,True,0.25425809621810913,0.9395512938499451,-0.14413118362426758,True,11,raw,panda_final_star_cfg2_current_only_v2_s11,/root/autodl-tmp/star_v2_storage/results/star_arm_panda/final/SafetyPandaReachObstacle-v0/current_only_v2/panda_final_star_cfg2_current_only_v2_s11/checkpoint/final.torch
Current-only-N,900078,0,10,0.5190145373344421,0.12753117084503174,0.15247786045074463,0.5190142393112183,0.12646141648292542,0.19907785952091217,0.5190142393112183,0.1342589408159256,0.19907787442207336,0.5190137624740601,0.1275310069322586,0.25747787952423096,-7.949404334794963e-07,1.0,3.0420245877849084e-08,3.6402259411261184e-06,0.5354727506637573,0.21935629844665527,0.2566889226436615,0.5185362696647644,-0.014137590304017067,0.23638781905174255,0.13,0.07,0.013230618559755714,0.09329204096219527,0.14323061855975572,1.0,True,True,True,0.762376070022583,0.9587597250938416,-0.6291096210479736,True,11,raw,panda_final_star_cfg2_current_only_v2_s11,/root/autodl-tmp/star_v2_storage/results/star_arm_panda/final/SafetyPandaReachObstacle-v0/current_only_v2/panda_final_star_cfg2_current_only_v2_s11/checkpoint/final.torch
Current-only-N,900078,0,11,0.5418006181716919,0.15626837313175201,0.13358931243419647,0.541800320148468,0.155198335647583,0.180189311504364,0.541800320148468,0.16299588978290558,0.1801893264055252,0.5417999625205994,0.15626822412014008,0.2385893166065216,-7.928669560897106e-07,1.0,-2.1715205633654477e-08,3.0470923775283154e-06,0.5354727506637573,0.21935629844665527,0.2566889226436615,0.5185362696647644,-0.014137590304017067,0.23638781905174255,0.13,0.07,0.042000545308247816,0.06593735262208318,0.17200054530824782,0.0,False,False,True,-0.6001288890838623,0.7332950234413147,-0.28770050406455994,True,11,raw,panda_final_star_cfg2_current_only_v2_s11,/root/autodl-tmp/star_v2_storage/results/star_arm_panda/final/SafetyPandaReachObstacle-v0/current_only_v2/panda_final_star_cfg2_current_only_v2_s11/checkpoint/final.torch
Current-only-N,900078,0,12,0.5238759517669678,0.17829562723636627,0.12497361749410629,0.5238762497901917,0.177225723862648,0.17157362401485443,0.5238762497901917,0.18502329289913177,0.17157360911369324,0.5238766074180603,0.1782958209514618,0.22997361421585083,9.36449623623048e-07,1.0,-2.566710621820789e-09,-3.1120384846872184e-06,0.5354727506637573,0.21935629844665527,0.2566889226436615,0.5185362696647644,-0.014137590304017067,0.23638781905174255,0.13,0.07,0.06261432708502321,0.05034025282714685,0.1926143270850232,0.0,False,False,True,-0.33698657155036926,0.23661810159683228,0.09183340519666672,True,11,raw,panda_final_star_cfg2_current_only_v2_s11,/root/autodl-tmp/star_v2_storage/results/star_arm_panda/final/SafetyPandaReachObstacle-v0/current_only_v2/panda_final_star_cfg2_current_only_v2_s11/checkpoint/final.torch
STAR,900078,0,0,0.4498243033885956,-0.16421519219875336,0.1524626761674881,0.44982436299324036,-0.16421522200107574,0.19906267523765564,0.44982436299324036,-0.16421520709991455,0.19906267523765564,0.4498244524002075,-0.16421523690223694,0.25746268033981323,-2.0864322891611664e-07,1.0,2.3126681014673522e-08,-6.509638978968724e-07,0.5354727506637573,0.21935629844665527,0.2566889226436615,0.5185362696647644,-0.014137590304017067,0.23638781905174255,0.13,0.07,0.03639940991052057,0.3930182596601853,0.16639940991052057,0.0,False,False,False,0.7632911801338196,0.933601975440979,0.315622478723526,True,30,raw,panda_showcase_refcorridor_star_v2_s30,/root/autodl-tmp/star_v2_storage/results/star_arm_panda/showcase_mechanism/SafetyPandaReachObstacle-v0/star_v2/panda_showcase_refcorridor_star_v2_s30/checkpoint/final.torch
STAR,900078,0,1,0.4726535677909851,-0.136186420917511,0.16188964247703552,0.47265300154685974,-0.13619877398014069,0.20848964154720306,0.47265300154685974,-0.13618981838226318,0.20848964154720306,0.4726523756980896,-0.13618609309196472,0.26688963174819946,1.5344534176620073e-06,1.0,2.5798749803129795e-08,5.682926712324843e-06,0.5354727506637573,0.21935629844665527,0.2566889226436615,0.5185362696647644,-0.014137590304017067,0.23638781905174255,0.13,0.07,0.003908660422298538,0.36119364080512806,0.13390866042229854,1.0,True,True,False,0.5939077734947205,0.8240267038345337,0.21051277220249176,True,30,raw,panda_showcase_refcorridor_star_v2_s30,/root/autodl-tmp/star_v2_storage/results/star_arm_panda/showcase_mechanism/SafetyPandaReachObstacle-v0/star_v2/panda_showcase_refcorridor_star_v2_s30/checkpoint/final.torch
STAR,900078,0,2,0.4903925061225891,-0.1114472970366478,0.16816677153110504,0.4903919994831085,-0.11133432388305664,0.21476677060127258,0.4903919994831085,-0.11132501810789108,0.21476677060127258,0.49039140343666077,-0.1114470586180687,0.2731667757034302,1.1211791388632264e-06,1.0,3.953949345714136e-08,5.192020580579992e-06,0.5354727506637573,0.21935629844665527,0.2566889226436615,0.5185362696647644,-0.014137590304017067,0.23638781905174255,0.13,0.07,-0.02223192601262662,0.3342674207196397,0.10776807398737338,1.0,True,True,False,0.5213066935539246,0.9128589034080505,0.0971001610159874,True,30,raw,panda_showcase_refcorridor_star_v2_s30,/root/autodl-tmp/star_v2_storage/results/star_arm_panda/showcase_mechanism/SafetyPandaReachObstacle-v0/star_v2/panda_showcase_refcorridor_star_v2_s30/checkpoint/final.torch
STAR,900078,0,3,0.505949079990387,-0.08404766768217087,0.17104727029800415,0.5059486627578735,-0.08395671844482422,0.2176472544670105,0.5059486627578735,-0.0839264765381813,0.2176472544670105,0.5059481859207153,-0.08404751867055893,0.2760472595691681,7.113878837117227e-07,1.0,7.729596518402104e-08,4.398815690365154e-06,0.5354727506637573,0.21935629844665527,0.2566889226436615,0.5185362696647644,-0.014137590304017067,0.23638781905174255,0.13,0.07,-0.048644427611149954,0.3054510130496926,0.08135557238885005,1.0,True,True,False,0.7990683317184448,0.9439595937728882,-0.26886865496635437,True,30,raw,panda_showcase_refcorridor_star_v2_s30,/root/autodl-tmp/star_v2_storage/results/star_arm_panda/showcase_mechanism/SafetyPandaReachObstacle-v0/star_v2/panda_showcase_refcorridor_star_v2_s30/checkpoint/final.torch
STAR,900078,0,4,0.5298358798027039,-0.055719513446092606,0.1629558950662613,0.5298354625701904,-0.05564527213573456,0.20955589413642883,0.5298355221748352,-0.056043095886707306,0.20955589413642883,0.529835045337677,-0.05571943521499634,0.2679558992385864,3.6633966260524176e-07,1.0,1.250843340017127e-08,3.7311863252398325e-06,0.5354727506637573,0.21935629844665527,0.2566889226436615,0.5185362696647644,-0.014137590304017067,0.23638781905174255,0.13,0.07,-0.07658412366542566,0.2753641002970979,0.05341587633457434,1.0,True,True,False,0.7181316018104553,0.6636579036712646,0.21292689442634583,True,30,raw,panda_showcase_refcorridor_star_v2_s30,/root/autodl-tmp/star_v2_storage/results/star_arm_panda/showcase_mechanism/SafetyPandaReachObstacle-v0/star_v2/panda_showcase_refcorridor_star_v2_s30/checkpoint/final.torch
STAR,900078,0,5,0.5512933135032654,-0.035803891718387604,0.169319748878479,0.5512930154800415,-0.03741027042269707,0.21591974794864655,0.5512930154800415,-0.03637038916349411,0.21591973304748535,0.5512925386428833,-0.035803843289613724,0.27431973814964294,2.2022607026883634e-07,1.0,9.859105531973e-09,3.598996272557997e-06,0.5354727506637573,0.21935629844665527,0.2566889226436615,0.5185362696647644,-0.014137590304017067,0.23638781905174255,0.13,0.07,-0.07539935749231141,0.25625731068202395,0.0546006425076886,1.0,True,True,False,0.5408135652542114,0.7027270793914795,-0.024640388786792755,True,30,raw,panda_showcase_refcorridor_star_v2_s30,/root/autodl-tmp/star_v2_storage/results/star_arm_panda/showcase_mechanism/SafetyPandaReachObstacle-v0/star_v2/panda_showcase_refcorridor_star_v2_s30/checkpoint/final.torch
STAR,900078,0,6,0.5674321055412292,-0.014719700440764427,0.16856008768081665,0.5674318671226501,-0.016484618186950684,0.2151600867509842,0.5674318671226501,-0.015232643112540245,0.215160071849823,0.5674314498901367,-0.014719683676958084,0.2735600769519806,7.740631247088459e-08,1.0,1.056254106401866e-08,3.2139389531948837e-06,0.5354727506637573,0.21935629844665527,0.2566889226436615,0.5185362696647644,-0.014137590304017067,0.23638781905174255,0.13,0.07,-0.0685764357972588,0.23684923413655248,0.061423564202741206,1.0,True,True,False,0.4091913104057312,0.7023441791534424,-0.08563665300607681,True,30,raw,panda_showcase_refcorridor_star_v2_s30,/root/autodl-tmp/star_v2_storage/results/star_arm_panda/showcase_mechanism/SafetyPandaReachObstacle-v0/star_v2/panda_showcase_refcorridor_star_v2_s30/checkpoint/final.torch
STAR,900078,0,7,0.5796221494674683,0.006349774077534676,0.16597282886505127,0.5796218514442444,0.0045882235281169415,0.2125728279352188,0.5796218514442444,0.005928611382842064,0.2125728279352188,0.5796214938163757,0.006349766626954079,0.2709728181362152,-3.565004291772311e-08,1.0,7.587624750726718e-09,3.0168598641466815e-06,0.5354727506637573,0.21935629844665527,0.2566889226436615,0.5185362696647644,-0.014137590304017067,0.23638781905174255,0.13,0.07,-0.056875048271177744,0.2180021187746932,0.07312495172882226,1.0,True,True,False,0.3210982382297516,0.7167197465896606,-0.11949443072080612,True,30,raw,panda_showcase_refcorridor_star_v2_s30,/root/autodl-tmp/star_v2_storage/results/star_arm_panda/showcase_mechanism/SafetyPandaReachObstacle-v0/star_v2/panda_showcase_refcorridor_star_v2_s30/checkpoint/final.torch
STAR,900078,0,8,0.5891658067703247,0.027847185730934143,0.16237111389636993,0.5891655683517456,0.026107458397746086,0.20897111296653748,0.5891655683517456,0.02752595767378807,0.20897111296653748,0.589165210723877,0.027847155928611755,0.26737111806869507,-1.419362263277435e-07,1.0,3.2491840329385013e-09,2.990200982821989e-06,0.5354727506637573,0.21935629844665527,0.2566889226436615,0.5185362696647644,-0.014137590304017067,0.23638781905174255,0.13,0.07,-0.04218695399131332,0.1991801727943885,0.08781304600868668,1.0,True,True,False,0.272691935300827,0.6991403698921204,-0.18117600679397583,True,30,raw,panda_showcase_refcorridor_star_v2_s30,/root/autodl-tmp/star_v2_storage/results/star_arm_panda/showcase_mechanism/SafetyPandaReachObstacle-v0/star_v2/panda_showcase_refcorridor_star_v2_s30/checkpoint/final.torch
STAR,900078,0,9,0.5972588062286377,0.04881422221660614,0.15692125260829926,0.5972585678100586,0.047090794891119,0.2035212516784668,0.5972585678100586,0.0485687255859375,0.2035212516784668,0.5972582101821899,0.04881417378783226,0.2619212567806244,-2.2893060247497488e-07,1.0,-2.202512838778148e-09,2.8119773105572676e-06,0.5354727506637573,0.21935629844665527,0.2566889226436615,0.5185362696647644,-0.014137590304017067,0.23638781905174255,0.13,0.07,-0.02601911250927111,0.18146469797613593,0.1039808874907289,1.0,True,True,False,0.3085325062274933,0.6939097046852112,-0.21186034381389618,True,30,raw,panda_showcase_refcorridor_star_v2_s30,/root/autodl-tmp/star_v2_storage/results/star_arm_panda/showcase_mechanism/SafetyPandaReachObstacle-v0/star_v2/panda_showcase_refcorridor_star_v2_s30/checkpoint/final.torch
STAR,900078,0,10,0.6064256429672241,0.0696212500333786,0.15055280923843384,0.606425404548645,0.06789349019527435,0.19715280830860138,0.606425404548645,0.0694134309887886,0.19715280830860138,0.6064250469207764,0.06962119042873383,0.2555527985095978,-3.114552669103432e-07,1.0,-8.104573012701621e-09,2.732957455009455e-06,0.5354727506637573,0.21935629844665527,0.2566889226436615,0.5185362696647644,-0.014137590304017067,0.23638781905174255,0.13,0.07,-0.00708837746163328,0.1656988886363768,0.12291162253836672,1.0,True,True,False,0.05725981667637825,0.6938709020614624,-0.18788939714431763,True,30,raw,panda_showcase_refcorridor_star_v2_s30,/root/autodl-tmp/star_v2_storage/results/star_arm_panda/showcase_mechanism/SafetyPandaReachObstacle-v0/star_v2/panda_showcase_refcorridor_star_v2_s30/checkpoint/final.torch
STAR,900078,0,11,0.6080533862113953,0.09042391926050186,0.14490476250648499,0.6080531477928162,0.08857616782188416,0.19150476157665253,0.6080531477928162,0.09015471488237381,0.19150476157665253,0.6080527901649475,0.0904238373041153,0.24990475177764893,-3.943894455460395e-07,1.0,-1.1386954490433254e-08,2.681664227566216e-06,0.5354727506637573,0.21935629844665527,0.2566889226436615,0.5185362696647644,-0.014137590304017067,0.23638781905174255,0.13,0.07,0.008307653642982055,0.1481130198348753,0.13830765364298206,1.0,True,True,False,-0.04390932619571686,0.6806706190109253,-0.18853621184825897,True,30,raw,panda_showcase_refcorridor_star_v2_s30,/root/autodl-tmp/star_v2_storage/results/star_arm_panda/showcase_mechanism/SafetyPandaReachObstacle-v0/star_v2/panda_showcase_refcorridor_star_v2_s30/checkpoint/final.torch
STAR,900078,0,12,0.6066476106643677,0.11082746088504791,0.13923978805541992,0.6066473722457886,0.10894312709569931,0.18583978712558746,0.6066473722457886,0.11057539284229279,0.18583978712558746,0.6066471338272095,0.11082737147808075,0.24423977732658386,-4.1566175923435367e-07,1.0,3.716680296861341e-08,2.360411826884956e-06,0.5354727506637573,0.21935629844665527,0.2566889226436615,0.5185362696647644,-0.014137590304017067,0.23638781905174255,0.13,0.07,0.023105908786708373,0.13038137147144066,0.15310590878670838,1.0,True,True,False,-0.08257830888032913,0.6566001772880554,-0.18000364303588867,True,30,raw,panda_showcase_refcorridor_star_v2_s30,/root/autodl-tmp/star_v2_storage/results/star_arm_panda/showcase_mechanism/SafetyPandaReachObstacle-v0/star_v2/panda_showcase_refcorridor_star_v2_s30/checkpoint/final.torch
STAR,900078,0,13,0.6040850877761841,0.13050563633441925,0.13383451104164124,0.6040849685668945,0.12862573564052582,0.18043451011180878,0.6040849685668945,0.1303039789199829,0.18043451011180878,0.6040847301483154,0.13050556182861328,0.23883450031280518,-3.4169519835813844e-07,1.0,1.9764573266911611e-07,1.782401909622422e-06,0.5354727506637573,0.21935629844665527,0.2566889226436615,0.5185362696647644,-0.014137590304017067,0.23638781905174255,0.13,0.07,0.03806595966810819,0.11366986198252671,0.1680659596681082,0.0,False,False,False,-0.12291406095027924,0.6143375039100647,-0.1441434621810913,True,30,raw,panda_showcase_refcorridor_star_v2_s30,/root/autodl-tmp/star_v2_storage/results/star_arm_panda/showcase_mechanism/SafetyPandaReachObstacle-v0/star_v2/panda_showcase_refcorridor_star_v2_s30/checkpoint/final.torch
STAR,900078,0,14,0.600348949432373,0.14887940883636475,0.12954707443714142,0.6003495454788208,0.1470034122467041,0.17614708840847015,0.6003495454788208,0.14871834218502045,0.17614707350730896,0.6003502011299133,0.14887996017932892,0.23454707860946655,2.612707021398819e-06,1.0,7.429622655763524e-06,-5.972152848698897e-06,0.5354727506637573,0.21935629844665527,0.2566889226436615,0.5185362696647644,-0.014137590304017067,0.23638781905174255,0.13,0.07,0.05240512457919094,0.09831713529082176,0.18240512457919095,0.0,False,False,False,-0.1470513790845871,0.5640883445739746,-0.11284146457910538,True,30,raw,panda_showcase_refcorridor_star_v2_s30,/root/autodl-tmp/star_v2_storage/results/star_arm_panda/showcase_mechanism/SafetyPandaReachObstacle-v0/star_v2/panda_showcase_refcorridor_star_v2_s30/checkpoint/final.torch
STAR,900078,0,15,0.5959904193878174,0.16576139628887177,0.12620581686496735,0.5959911942481995,0.16388845443725586,0.17280583083629608,0.5959911942481995,0.1656326949596405,0.1728058159351349,0.5959921479225159,0.16576217114925385,0.23120582103729248,3.646188815764617e-06,1.0,9.344999853055924e-06,-8.23113714432111e-06,0.5354727506637573,0.21935629844665527,0.2566889226436615,0.5185362696647644,-0.014137590304017067,0.23638781905174255,0.13,0.07,0.06593414799632338,0.08476034681862757,0.1959341479963234,0.0,False,False,False,-0.16241267323493958,0.5015019774436951,-0.09164528548717499,True,30,raw,panda_showcase_refcorridor_star_v2_s30,/root/autodl-tmp/star_v2_storage/results/star_arm_panda/showcase_mechanism/SafetyPandaReachObstacle-v0/star_v2/panda_showcase_refcorridor_star_v2_s30/checkpoint/final.torch
STAR,900078,0,16,0.591206431388855,0.18082772195339203,0.12347043305635452,0.5912067294120789,0.178957000374794,0.17007043957710266,0.5912067890167236,0.1807246208190918,0.17007043957710266,0.5912072062492371,0.18082799017429352,0.22847044467926025,1.2260901485205977e-06,1.0,1.0769782647912507e-06,-3.5862121876562014e-06,0.5354727506637573,0.21935629844665527,0.2566889226436615,0.5185362696647644,-0.014137590304017067,0.23638781905174255,0.13,0.07,0.0782194213138224,0.07339647523122177,0.2082194213138224,0.0,False,False,False,-0.17520494759082794,0.4330490529537201,-0.07962565124034882,True,30,raw,panda_showcase_refcorridor_star_v2_s30,/root/autodl-tmp/star_v2_storage/results/star_arm_panda/showcase_mechanism/SafetyPandaReachObstacle-v0/star_v2/panda_showcase_refcorridor_star_v2_s30/checkpoint/final.torch
STAR,900078,0,17,0.5860352516174316,0.19384722411632538,0.1210893839597702,0.5860354900360107,0.19197843968868256,0.16768938302993774,0.5860354900360107,0.19376473128795624,0.16768938302993774,0.5860357284545898,0.1938474029302597,0.22608938813209534,8.14643726698705e-07,1.0,9.943355649966179e-08,-2.5046726932487218e-06,0.5354727506637573,0.21935629844665527,0.2566889226436615,0.5185362696647644,-0.014137590304017067,0.23638781905174255,0.13,0.07,0.08890635446918446,0.06437118909781873,0.21890635446918447,0.0,False,False,False,-0.17373338341712952,0.372522234916687,-0.0690804123878479,True,30,raw,panda_showcase_refcorridor_star_v2_s30,/root/autodl-tmp/star_v2_storage/results/star_arm_panda/showcase_mechanism/SafetyPandaReachObstacle-v0/star_v2/panda_showcase_refcorridor_star_v2_s30/checkpoint/final.torch
STAR,900078,0,18,0.5809082984924316,0.20505307614803314,0.11902417987585068,0.5809085369110107,0.20318590104579926,0.16562418639659882,0.5809085369110107,0.20498709380626678,0.16562417149543762,0.5809088349342346,0.20505325496196747,0.22402417659759521,8.425817554780224e-07,1.0,7.003097834967775e-08,-2.4496148398611695e-06,0.5354727506637573,0.21935629844665527,0.2566889226436615,0.5185362696647644,-0.014137590304017067,0.23638781905174255,0.13,0.07,0.0982275688900118,0.05775812013053046,0.2282275688900118,0.0,False,False,False,-0.15055453777313232,0.30214840173721313,-0.05954458937048912,True,30,raw,panda_showcase_refcorridor_star_v2_s30,/root/autodl-tmp/star_v2_storage/results/star_arm_panda/showcase_mechanism/SafetyPandaReachObstacle-v0/star_v2/panda_showcase_refcorridor_star_v2_s30/checkpoint/final.torch
STAR,900078,0,19,0.5764768123626709,0.21414922177791595,0.11724501848220825,0.57647705078125,0.21228337287902832,0.1638450175523758,0.57647705078125,0.21409645676612854,0.1638450026512146,0.5764772891998291,0.21414941549301147,0.2222450077533722,8.947025662564556e-07,1.0,8.829843523017189e-08,-2.471073912602151e-06,0.5354727506637573,0.21935629844665527,0.2566889226436615,0.5185362696647644,-0.014137590304017067,0.23638781905174255,0.13,0.07,0.1059494392278918,0.053803969032206495,0.2359494392278918,0.0,False,False,False,-0.11807572096586227,0.2606574296951294,-0.04426334425806999,True,30,raw,panda_showcase_refcorridor_star_v2_s30,/root/autodl-tmp/star_v2_storage/results/star_arm_panda/showcase_mechanism/SafetyPandaReachObstacle-v0/star_v2/panda_showcase_refcorridor_star_v2_s30/checkpoint/final.torch
STAR,900078,0,20,0.5730199813842773,0.2219974547624588,0.11592745780944824,0.5730202794075012,0.22013269364833832,0.16252747178077698,0.5730202794075012,0.2219552844762802,0.16252745687961578,0.5730206370353699,0.2219977080821991,0.22092744708061218,1.2451366728782887e-06,1.0,8.493408358845045e-07,-3.0085579965088982e-06,0.5354727506637573,0.21935629844665527,0.2566889226436615,0.5185362696647644,-0.014137590304017067,0.23638781905174255,0.13,0.07,0.11283214065112582,0.05192016901248343,0.24283214065112582,0.0,False,False,False,-0.09288887679576874,0.2255208045244217,-0.03141436725854874,True,30,raw,panda_showcase_refcorridor_star_v2_s30,/root/autodl-tmp/star_v2_storage/results/star_arm_panda/showcase_mechanism/SafetyPandaReachObstacle-v0/star_v2/panda_showcase_refcorridor_star_v2_s30/checkpoint/final.torch
STAR,900078,0,21,0.5702914595603943,0.22872459888458252,0.11500905454158783,0.5702919363975525,0.2268608808517456,0.16160906851291656,0.5702918171882629,0.22869107127189636,0.16160905361175537,0.5702923536300659,0.22872525453567505,0.22000905871391296,3.106697477051057e-06,1.0,9.979754395317286e-06,-4.3408499550423585e-06,0.5354727506637573,0.21935629844665527,0.2566889226436615,0.5185362696647644,-0.014137590304017067,0.23638781905174255,0.13,0.07,0.11885601745036378,0.05143534297381728,0.2488560174503638,0.0,False,False,False,-0.07526930421590805,0.19515474140644073,-0.021208226680755615,True,30,raw,panda_showcase_refcorridor_star_v2_s30,/root/autodl-tmp/star_v2_storage/results/star_arm_panda/showcase_mechanism/SafetyPandaReachObstacle-v0/star_v2/panda_showcase_refcorridor_star_v2_s30/checkpoint/final.torch
STAR,900078,0,22,0.5680267810821533,0.234504833817482,0.11438833177089691,0.5680269598960876,0.23264174163341522,0.16098833084106445,0.5680269598960876,0.23447799682617188,0.16098833084106445,0.568027138710022,0.2345053106546402,0.21938833594322205,2.3122333914216142e-06,1.0,1.1475665814941749e-05,-1.719685087664402e-06,0.5354727506637573,0.21935629844665527,0.2566889226436615,0.5185362696647644,-0.014137590304017067,0.23638781905174255,0.13,0.07,0.12408978874002069,0.05177465132805295,0.2540897887400207,0.0,False,False,False,-0.059604793787002563,0.17191597819328308,-0.013661428354680538,True,30,raw,panda_showcase_refcorridor_star_v2_s30,/root/autodl-tmp/star_v2_storage/results/star_arm_panda/showcase_mechanism/SafetyPandaReachObstacle-v0/star_v2/panda_showcase_refcorridor_star_v2_s30/checkpoint/final.torch
STAR,900078,0,23,0.5661706328392029,0.2396143674850464,0.11397764086723328,0.5661705136299133,0.23775158822536469,0.160577654838562,0.5661705136299133,0.23959270119667053,0.16057763993740082,0.566170334815979,0.2396143227815628,0.21897763013839722,-1.4922929381100403e-07,1.0,3.005235157615971e-06,1.422449599886022e-06,0.5354727506637573,0.21935629844665527,0.2566889226436615,0.5185362696647644,-0.014137590304017067,0.23638781905174255,0.13,0.07,0.12877046244774576,0.05267704248678014,0.25877046244774576,0.0,False,False,False,-0.04577765613794327,0.1564725637435913,-0.008599307388067245,True,30,raw,panda_showcase_refcorridor_star_v2_s30,/root/autodl-tmp/star_v2_storage/results/star_arm_panda/showcase_mechanism/SafetyPandaReachObstacle-v0/star_v2/panda_showcase_refcorridor_star_v2_s30/checkpoint/final.torch
STAR,900078,0,24,0.5647147297859192,0.24426959455013275,0.11371438950300217,0.5647144913673401,0.24240721762180328,0.1603143811225891,0.5647145509719849,0.24425218999385834,0.1603143811225891,0.564714252948761,0.24426941573619843,0.2187143862247467,-8.534291850992304e-07,1.0,4.0750904872766114e-07,2.2058331978769274e-06,0.5354727506637573,0.21935629844665527,0.2566889226436615,0.5185362696647644,-0.014137590304017067,0.23638781905174255,0.13,0.07,0.13309492039706006,0.0540166111969077,0.26309492039706006,0.0,False,False,False,-0.03411627188324928,0.14436109364032745,-0.0055001345463097095,True,30,raw,panda_showcase_refcorridor_star_v2_s30,/root/autodl-tmp/star_v2_storage/results/star_arm_panda/showcase_mechanism/SafetyPandaReachObstacle-v0/star_v2/panda_showcase_refcorridor_star_v2_s30/checkpoint/final.torch
STAR,900078,0,25,0.5636125802993774,0.2485647201538086,0.11354395002126694,0.5636124014854431,0.24670270085334778,0.16014394164085388,0.5636124014854431,0.24855078756809235,0.16014394164085388,0.5636121034622192,0.24856452643871307,0.21854394674301147,-9.003222203318728e-07,1.0,4.5362618550370826e-08,2.153655259462539e-06,0.5354727506637573,0.21935629844665527,0.2566889226436615,0.5185362696647644,-0.014137590304017067,0.23638781905174255,0.13,0.07,0.137137860874525,0.055677490467993494,0.267137860874525,0.0,False,False,False,-0.024260155856609344,0.13229534029960632,-0.0045053656212985516,True,30,raw,panda_showcase_refcorridor_star_v2_s30,/root/autodl-tmp/star_v2_storage/results/star_arm_panda/showcase_mechanism/SafetyPandaReachObstacle-v0/star_v2/panda_showcase_refcorridor_star_v2_s30/checkpoint/final.torch
STAR,900078,0,26,0.5629397034645081,0.24996478855609894,0.11341919749975204,0.5629399418830872,0.2481033354997635,0.16001920402050018,0.5629398822784424,0.24995391070842743,0.160019189119339,0.5629401206970215,0.24996522068977356,0.21841919422149658,2.106183046635124e-06,1.0,9.54596180235967e-06,-1.8651694517757278e-06,0.5354727506637573,0.21935629844665527,0.2566889226436615,0.5185362696647644,-0.014137590304017067,0.23638781905174255,0.13,0.07,0.1384117513068437,0.05617770599566857,0.2684117513068437,0.0,False,False,False,-0.017720825970172882,0.128887340426445,-0.003338354406878352,True,30,raw,panda_showcase_refcorridor_star_v2_s30,/root/autodl-tmp/star_v2_storage/results/star_arm_panda/showcase_mechanism/SafetyPandaReachObstacle-v0/star_v2/panda_showcase_refcorridor_star_v2_s30/checkpoint/final.torch
STAR,900078,0,27,0.5624923706054688,0.25003740191459656,0.11332539469003677,0.5624926686286926,0.24817609786987305,0.1599254012107849,0.5624926090240479,0.2500286400318146,0.1599254012107849,0.5624929070472717,0.25003764033317566,0.2183254063129425,1.0292011438650661e-06,1.0,1.0726748911338291e-07,-2.3890229385870043e-06,0.5354727506637573,0.21935629844665527,0.2566889226436615,0.5185362696647644,-0.014137590304017067,0.23638781905174255,0.13,0.07,0.1384157022346829,0.056064186217267685,0.2684157022346829,0.0,False,False,False,-0.01293087936937809,0.12918342649936676,-0.0021909514907747507,True,30,raw,panda_showcase_refcorridor_star_v2_s30,/root/autodl-tmp/star_v2_storage/results/star_arm_panda/showcase_mechanism/SafetyPandaReachObstacle-v0/star_v2/panda_showcase_refcorridor_star_v2_s30/checkpoint/final.torch
STAR,900078,0,28,0.5621869564056396,0.25003647804260254,0.11326596140861511,0.5621871948242188,0.24817535281181335,0.15986596047878265,0.5621871948242188,0.25002947449684143,0.15986596047878265,0.5621874332427979,0.25003671646118164,0.21826595067977905,1.0125924063686398e-06,1.0,1.1697300550395084e-07,-2.345399025216466e-06,0.5354727506637573,0.21935629844665527,0.2566889226436615,0.5185362696647644,-0.014137590304017067,0.23638781905174255,0.13,0.07,0.1383689448313279,0.0559579046192963,0.2683689448313279,0.0,False,False,False,-0.009646519087255001,0.12953822314739227,-0.0014191260561347008,True,30,raw,panda_showcase_refcorridor_star_v2_s30,/root/autodl-tmp/star_v2_storage/results/star_arm_panda/showcase_mechanism/SafetyPandaReachObstacle-v0/star_v2/panda_showcase_refcorridor_star_v2_s30/checkpoint/final.torch
STAR,900078,0,29,0.5619813799858093,0.2500365972518921,0.11322993040084839,0.5619816184043884,0.24817562103271484,0.15982992947101593,0.5619816184043884,0.2500310242176056,0.15982992947101593,0.5619819164276123,0.2500368058681488,0.21822991967201233,1.0505699492568965e-06,1.0,2.0373686027141957e-07,-2.405138275207719e-06,0.5354727506637573,0.21935629844665527,0.2566889226436615,0.5185362696647644,-0.014137590304017067,0.23638781905174255,0.13,0.07,0.13833811716834976,0.05588492028006464,0.26833811716834977,0.0,False,False,False,-0.0074346037581563,0.12977662682533264,-0.0009104905184358358,True,30,raw,panda_showcase_refcorridor_star_v2_s30,/root/autodl-tmp/star_v2_storage/results/star_arm_panda/showcase_mechanism/SafetyPandaReachObstacle-v0/star_v2/panda_showcase_refcorridor_star_v2_s30/checkpoint/final.torch
STAR,900078,0,30,0.5618405938148499,0.25003519654273987,0.11320901662111282,0.5618407726287842,0.24817433953285217,0.15980902314186096,0.561840832233429,0.2500307559967041,0.15980902314186096,0.5618410706520081,0.25003543496131897,0.21820902824401855,1.0398808854006347e-06,1.0,3.0537574957634206e-07,-2.3468301151297055e-06,0.5354727506637573,0.21935629844665527,0.2566889226436615,0.5185362696647644,-0.014137590304017067,0.23638781905174255,0.13,0.07,0.13831541420800936,0.055831890432760975,0.26831541420800936,0.0,False,False,False,-0.005882031284272671,0.12995854020118713,-0.0005332975997589529,True,30,raw,panda_showcase_refcorridor_star_v2_s30,/root/autodl-tmp/star_v2_storage/results/star_arm_panda/showcase_mechanism/SafetyPandaReachObstacle-v0/star_v2/panda_showcase_refcorridor_star_v2_s30/checkpoint/final.torch
STAR,900078,0,31,0.5617468953132629,0.250034362077713,0.1131991297006607,0.561747133731842,0.2481735795736313,0.15979914367198944,0.561747133731842,0.250029981136322,0.15979914367198944,0.5617473721504211,0.2500346004962921,0.21819913387298584,1.0380289268141496e-06,1.0,4.838332188228378e-07,-2.2869678559800377e-06,0.5354727506637573,0.21935629844665527,0.2566889226436615,0.5185362696647644,-0.014137590304017067,0.23638781905174255,0.13,0.07,0.13830015661343326,0.05579406590783144,0.26830015661343326,0.0,False,False,False,-0.004864937625825405,0.130082368850708,-0.00030863285064697266,True,30,raw,panda_showcase_refcorridor_star_v2_s30,/root/autodl-tmp/star_v2_storage/results/star_arm_panda/showcase_mechanism/SafetyPandaReachObstacle-v0/star_v2/panda_showcase_refcorridor_star_v2_s30/checkpoint/final.torch
STAR,900078,0,32,0.5616819262504578,0.2500327527523041,0.11319521814584732,0.5616821050643921,0.24817197024822235,0.15979522466659546,0.5616821050643921,0.2500283718109131,0.15979522466659546,0.5616823434829712,0.2500329613685608,0.21819522976875305,9.790943522602902e-07,1.0,6.084363235459023e-07,-2.1121879854035797e-06,0.5354727506637573,0.21935629844665527,0.2566889226436615,0.5185362696647644,-0.014137590304017067,0.23638781905174255,0.13,0.07,0.1382883418297184,0.055765265129119376,0.2682883418297184,0.0,False,False,False,-0.004172375425696373,0.1301668882369995,-0.00017251819372177124,True,30,raw,panda_showcase_refcorridor_star_v2_s30,/root/autodl-tmp/star_v2_storage/results/star_arm_panda/showcase_mechanism/SafetyPandaReachObstacle-v0/star_v2/panda_showcase_refcorridor_star_v2_s30/checkpoint/final.torch
STAR,900078,0,33,0.5616386532783508,0.25003185868263245,0.113194540143013,0.5616388320922852,0.24817109107971191,0.15979453921318054,0.5616388320922852,0.25002750754356384,0.15979453921318054,0.5616390705108643,0.25003206729888916,0.21819454431533813,9.391302455696859e-07,1.0,8.161810001183767e-07,-1.957449285328039e-06,0.5354727506637573,0.21935629844665527,0.2566889226436615,0.5185362696647644,-0.014137590304017067,0.23638781905174255,0.13,0.07,0.13828055219200952,0.05574492131038375,0.2682805521920095,0.0,False,False,False,-0.0037208176217973232,0.13022072613239288,-9.53376293182373e-05,True,30,raw,panda_showcase_refcorridor_star_v2_s30,/root/autodl-tmp/star_v2_storage/results/star_arm_panda/showcase_mechanism/SafetyPandaReachObstacle-v0/star_v2/panda_showcase_refcorridor_star_v2_s30/checkpoint/final.torch
STAR,900078,0,34,0.5616133213043213,0.25003179907798767,0.11319517344236374,0.5616135001182556,0.24817101657390594,0.15979517996311188,0.5616135001182556,0.2500274181365967,0.15979516506195068,0.5616136789321899,0.250031977891922,0.21819517016410828,9.216086596097739e-07,1.0,1.1377268265277962e-06,-1.8227215150545817e-06,0.5354727506637573,0.21935629844665527,0.2566889226436615,0.5185362696647644,-0.014137590304017067,0.23638781905174255,0.13,0.07,0.13827634339160605,0.05573252569300272,0.26827634339160605,0.0,False,False,False,-0.0034616899210959673,0.13025039434432983,-5.712360143661499e-05,True,30,raw,panda_showcase_refcorridor_star_v2_s30,/root/autodl-tmp/star_v2_storage/results/star_arm_panda/showcase_mechanism/SafetyPandaReachObstacle-v0/star_v2/panda_showcase_refcorridor_star_v2_s30/checkpoint/final.torch
STAR,900078,0,35,0.5615901350975037,0.25003042817115784,0.11319630593061447,0.561590313911438,0.2481696605682373,0.15979629755020142,0.5615902543067932,0.25002607703208923,0.15979629755020142,0.5615904927253723,0.25003060698509216,0.218196302652359,8.184545094991336e-07,1.0,9.531858609079791e-07,-1.640336222408223e-06,0.5354727506637573,0.21935629844665527,0.2566889226436615,0.5185362696647644,-0.014137590304017067,0.23638781905174255,0.13,0.07,0.13827119459837534,0.055720117089818604,0.26827119459837534,0.0,False,False,False,-0.003226194530725479,0.1302797794342041,-2.5480985641479492e-05,True,30,raw,panda_showcase_refcorridor_star_v2_s30,/root/autodl-tmp/star_v2_storage/results/star_arm_panda/showcase_mechanism/SafetyPandaReachObstacle-v0/star_v2/panda_showcase_refcorridor_star_v2_s30/checkpoint/final.torch
STAR,900078,0,36,0.5615749955177307,0.25002986192703247,0.11319747567176819,0.561575174331665,0.24816909432411194,0.15979747474193573,0.5615751147270203,0.25002551078796387,0.15979747474193573,0.5615752935409546,0.2500300407409668,0.21819746494293213,7.678941074118484e-07,1.0,1.0928175697699771e-06,-1.4839910136288381e-06,0.5354727506637573,0.21935629844665527,0.2566889226436615,0.5185362696647644,-0.014137590304017067,0.23638781905174255,0.13,0.07,0.13826811933350913,0.055711879585244616,0.26826811933350914,0.0,False,False,False,-0.0030743232928216457,0.13029812276363373,-7.718801498413086e-06,True,30,raw,panda_showcase_refcorridor_star_v2_s30,/root/autodl-tmp/star_v2_storage/results/star_arm_panda/showcase_mechanism/SafetyPandaReachObstacle-v0/star_v2/panda_showcase_refcorridor_star_v2_s30/checkpoint/final.torch
STAR,900078,0,37,0.5615674257278442,0.2500297725200653,0.11319825053215027,0.5615676045417786,0.24816899001598358,0.1597982496023178,0.5615675449371338,0.2500254213809967,0.1597982496023178,0.5615677237510681,0.25002992153167725,0.2181982398033142,7.330831977014896e-07,1.0,1.2277271252969513e-06,-1.362835291729425e-06,0.5354727506637573,0.21935629844665527,0.2566889226436615,0.5185362696647644,-0.014137590304017067,0.23638781905174255,0.13,0.07,0.13826673506694453,0.05570773230984791,0.26826673506694454,0.0,False,False,False,-0.0030001162085682154,0.13030660152435303,-1.564621925354004e-07,True,30,raw,panda_showcase_refcorridor_star_v2_s30,/root/autodl-tmp/star_v2_storage/results/star_arm_panda/showcase_mechanism/SafetyPandaReachObstacle-v0/star_v2/panda_showcase_refcorridor_star_v2_s30/checkpoint/final.torch
STAR,900078,0,38,0.5615600943565369,0.25002941489219666,0.11319903284311295,0.5615602135658264,0.24816864728927612,0.1597990244626999,0.5615602135658264,0.25002506375312805,0.1597990244626999,0.5615603923797607,0.2500295639038086,0.21819904446601868,6.97352504630544e-07,1.0,1.1824082548628212e-06,-1.2921744882987696e-06,0.5354727506637573,0.21935629844665527,0.2566889226436615,0.5185362696647644,-0.014137590304017067,0.23638781905174255,0.13,0.07,0.13826515244918874,0.055703545544582185,0.26826515244918875,0.0,False,False,False,-0.0029277270659804344,0.13031524419784546,6.683170795440674e-06,True,30,raw,panda_showcase_refcorridor_star_v2_s30,/root/autodl-tmp/star_v2_storage/results/star_arm_panda/showcase_mechanism/SafetyPandaReachObstacle-v0/star_v2/panda_showcase_refcorridor_star_v2_s30/checkpoint/final.torch
STAR,900078,0,39,0.5615530014038086,0.2500289976596832,0.11319983750581741,0.5615531206130981,0.2481682151556015,0.15979982912540436,0.5615531206130981,0.2500246465206146,0.15979982912540436,0.5615532994270325,0.25002914667129517,0.21819984912872314,6.641452046096674e-07,1.0,1.119629473578243e-06,-1.233720240634284e-06,0.5354727506637573,0.21935629844665527,0.2566889226436615,0.5185362696647644,-0.014137590304017067,0.23638781905174255,0.13,0.07,0.138263549562128,0.05569943825608743,0.268263549562128,0.0,False,False,False,-0.002857751911506057,0.13032393157482147,1.3358891010284424e-05,True,30,raw,panda_showcase_refcorridor_star_v2_s30,/root/autodl-tmp/star_v2_storage/results/star_arm_panda/showcase_mechanism/SafetyPandaReachObstacle-v0/star_v2/panda_showcase_refcorridor_star_v2_s30/checkpoint/final.torch
STAR,900078,0,40,0.5615460872650146,0.25002849102020264,0.11320067197084427,0.5615461468696594,0.2481677383184433,0.1598006635904312,0.5615462064743042,0.2500241696834564,0.1598006635904312,0.5615463852882385,0.2500286400318146,0.21820068359375,6.321786827356846e-07,1.0,1.0593570323180757e-06,-1.1777783583966084e-06,0.5354727506637573,0.21935629844665527,0.2566889226436615,0.5185362696647644,-0.014137590304017067,0.23638781905174255,0.13,0.07,0.13826188546261214,0.055695345460915945,0.26826188546261215,0.0,False,False,False,-0.002789862686768174,0.1303325742483139,1.9259750843048096e-05,True,30,raw,panda_showcase_refcorridor_star_v2_s30,/root/autodl-tmp/star_v2_storage/results/star_arm_panda/showcase_mechanism/SafetyPandaReachObstacle-v0/star_v2/panda_showcase_refcorridor_star_v2_s30/checkpoint/final.torch
STAR,900078,0,41,0.561539351940155,0.25002798438072205,0.11320152133703232,0.5615394115447998,0.2481672167778015,0.15980151295661926,0.5615394711494446,0.25002366304397583,0.15980152785778046,0.5615395903587341,0.2500281035900116,0.21820151805877686,6.032763053553936e-07,1.0,1.0100455938300001e-06,-1.1256965990469325e-06,0.5354727506637573,0.21935629844665527,0.2566889226436615,0.5185362696647644,-0.014137590304017067,0.23638781905174255,0.13,0.07,0.13826021129684662,0.05569129262385851,0.26826021129684663,0.0,False,False,False,-0.0027233741711825132,0.1303410530090332,2.5175511837005615e-05,True,30,raw,panda_showcase_refcorridor_star_v2_s30,/root/autodl-tmp/star_v2_storage/results/star_arm_panda/showcase_mechanism/SafetyPandaReachObstacle-v0/star_v2/panda_showcase_refcorridor_star_v2_s30/checkpoint/final.torch
STAR,900078,0,42,0.561532735824585,0.25002744793891907,0.11320239305496216,0.5615328550338745,0.24816668033599854,0.1598024070262909,0.5615328550338745,0.25002309679985046,0.1598023921251297,0.5615329742431641,0.2500275671482086,0.2182023823261261,5.771864266534976e-07,1.0,9.702573606773512e-07,-1.0771818779176101e-06,0.5354727506637573,0.21935629844665527,0.2566889226436615,0.5185362696647644,-0.014137590304017067,0.23638781905174255,0.13,0.07,0.13825856393648045,0.05568730342173906,0.26825856393648045,0.0,False,False,False,-0.002658882411196828,0.13034948706626892,3.0428171157836914e-05,True,30,raw,panda_showcase_refcorridor_star_v2_s30,/root/autodl-tmp/star_v2_storage/results/star_arm_panda/showcase_mechanism/SafetyPandaReachObstacle-v0/star_v2/panda_showcase_refcorridor_star_v2_s30/checkpoint/final.torch
STAR,900078,0,43,0.561526358127594,0.2500268816947937,0.1132032722234726,0.5615264177322388,0.24816612899303436,0.15980327129364014,0.5615264177322388,0.2500225305557251,0.15980327129364014,0.5615265369415283,0.25002697110176086,0.21820327639579773,5.524524340216885e-07,1.0,9.332164836450829e-07,-1.0308348237231257e-06,0.5354727506637573,0.21935629844665527,0.2566889226436615,0.5185362696647644,-0.014137590304017067,0.23638781905174255,0.13,0.07,0.13825688467370317,0.055683344975316636,0.2682568846737032,0.0,False,False,False,-0.002596208592876792,0.1303577572107315,3.533065319061279e-05,True,30,raw,panda_showcase_refcorridor_star_v2_s30,/root/autodl-tmp/star_v2_storage/results/star_arm_panda/showcase_mechanism/SafetyPandaReachObstacle-v0/star_v2/panda_showcase_refcorridor_star_v2_s30/checkpoint/final.torch
STAR,900078,0,44,0.5615200996398926,0.25002631545066833,0.11320418119430542,0.5615201592445374,0.2481655776500702,0.15980416536331177,0.5615201592445374,0.2500219941139221,0.15980418026447296,0.5615202784538269,0.2500264346599579,0.21820417046546936,5.283230848363019e-07,1.0,9.021835012390511e-07,-9.84100779533037e-07,0.5354727506637573,0.21935629844665527,0.2566889226436615,0.5185362696647644,-0.014137590304017067,0.23638781905174255,0.13,0.07,0.1382552929070643,0.05567950349575549,0.2682552929070643,0.0,False,False,False,-0.0025353229139000177,0.13036559522151947,3.992021083831787e-05,True,30,raw,panda_showcase_refcorridor_star_v2_s30,/root/autodl-tmp/star_v2_storage/results/star_arm_panda/showcase_mechanism/SafetyPandaReachObstacle-v0/star_v2/panda_showcase_refcorridor_star_v2_s30/checkpoint/final.torch
STAR,900078,0,45,0.5615139603614807,0.25002574920654297,0.11320509016513824,0.5615140199661255,0.24816501140594482,0.15980510413646698,0.5615140795707703,0.25002142786979675,0.1598050892353058,0.561514139175415,0.25002583861351013,0.21820509433746338,5.056711529505264e-07,1.0,8.71578208716528e-07,-9.405205787516024e-07,0.5354727506637573,0.21935629844665527,0.2566889226436615,0.5185362696647644,-0.014137590304017067,0.23638781905174255,0.13,0.07,0.13825365966408587,0.055675664798566685,0.2682536596640859,0.0,False,False,False,-0.0024759271182119846,0.13037365674972534,4.398077726364136e-05,True,30,raw,panda_showcase_refcorridor_star_v2_s30,/root/autodl-tmp/star_v2_storage/results/star_arm_panda/showcase_mechanism/SafetyPandaReachObstacle-v0/star_v2/panda_showcase_refcorridor_star_v2_s30/checkpoint/final.torch
STAR,900078,0,46,0.5615079998970032,0.2500251829624176,0.11320602148771286,0.561508059501648,0.24816446006298065,0.159806028008461,0.561508059501648,0.2500208616256714,0.1598060131072998,0.5615081787109375,0.25002530217170715,0.2182060182094574,4.832984359381953e-07,1.0,8.453117743556504e-07,-8.963313007370743e-07,0.5354727506637573,0.21935629844665527,0.2566889226436615,0.5185362696647644,-0.014137590304017067,0.23638781905174255,0.13,0.07,0.1382521138967634,0.0556719429944674,0.2682521138967634,0.0,False,False,False,-0.0024183494970202446,0.13038118183612823,4.779547452926636e-05,True,30,raw,panda_showcase_refcorridor_star_v2_s30,/root/autodl-tmp/star_v2_storage/results/star_arm_panda/showcase_mechanism/SafetyPandaReachObstacle-v0/star_v2/panda_showcase_refcorridor_star_v2_s30/checkpoint/final.torch
STAR,900078,0,47,0.5615021586418152,0.2500246465206146,0.11320695281028748,0.56150221824646,0.24816390872001648,0.15980695188045502,0.5615022778511047,0.2500203251838684,0.15980695188045502,0.5615023374557495,0.2500247359275818,0.21820694208145142,4.633123751318635e-07,1.0,8.205728363464004e-07,-8.570838190280483e-07,0.5354727506637573,0.21935629844665527,0.2566889226436615,0.5185362696647644,-0.014137590304017067,0.23638781905174255,0.13,0.07,0.13825055800299474,0.05566826092194427,0.26825055800299474,0.0,False,False,False,-0.0023619041312485933,0.13038873672485352,5.144625902175903e-05,True,30,raw,panda_showcase_refcorridor_star_v2_s30,/root/autodl-tmp/star_v2_storage/results/star_arm_panda/showcase_mechanism/SafetyPandaReachObstacle-v0/star_v2/panda_showcase_refcorridor_star_v2_s30/checkpoint/final.torch
STAR,900078,0,48,0.5614964962005615,0.25002408027648926,0.11320789158344269,0.5614965558052063,0.2481633722782135,0.15980790555477142,0.5614965558052063,0.25001978874206543,0.15980789065361023,0.5614966154098511,0.2500241696834564,0.21820789575576782,4.4396827547643625e-07,1.0,7.989537493813259e-07,-8.1840329357874e-07,0.5354727506637573,0.21935629844665527,0.2566889226436615,0.5185362696647644,-0.014137590304017067,0.23638781905174255,0.13,0.07,0.1382490193034533,0.05566461436915549,0.2682490193034533,0.0,False,False,False,-0.00230703828856349,0.13039612770080566,5.455315113067627e-05,True,30,raw,panda_showcase_refcorridor_star_v2_s30,/root/autodl-tmp/star_v2_storage/results/star_arm_panda/showcase_mechanism/SafetyPandaReachObstacle-v0/star_v2/panda_showcase_refcorridor_star_v2_s30/checkpoint/final.torch
STAR,900078,0,49,0.5614908933639526,0.2500235438346863,0.1132088452577591,0.5614909529685974,0.24816283583641052,0.15980884432792664,0.5614910125732422,0.25001925230026245,0.15980884432792664,0.561491072177887,0.25002363324165344,0.21820884943008423,4.2526011156951427e-07,1.0,7.777398423058912e-07,-7.810385795892216e-07,0.5354727506637573,0.21935629844665527,0.2566889226436615,0.5185362696647644,-0.014137590304017067,0.23638781905174255,0.13,0.07,0.13824753870369855,0.05566106819279876,0.26824753870369855,0.0,False,False,False,-0.0022538118064403534,0.13040325045585632,5.7540833950042725e-05,True,30,raw,panda_showcase_refcorridor_star_v2_s30,/root/autodl-tmp/star_v2_storage/results/star_arm_panda/showcase_mechanism/SafetyPandaReachObstacle-v0/star_v2/panda_showcase_refcorridor_star_v2_s30/checkpoint/final.torch
STAR,900078,0,50,0.5614854693412781,0.2500230073928833,0.1132097989320755,0.5614855289459229,0.24816229939460754,0.15980979800224304,0.5614855885505676,0.2500187158584595,0.15980979800224304,0.5614856481552124,0.25002309679985046,0.21820980310440063,4.0704642856326245e-07,1.0,7.564673865090299e-07,-7.448152814504283e-07,0.5354727506637573,0.21935629844665527,0.2566889226436615,0.5185362696647644,-0.014137590304017067,0.23638781905174255,0.13,0.07,0.1382460773015795,0.05565757807929853,0.2682460773015795,0.0,False,False,False,-0.002201985800638795,0.1304101049900055,6.0327351093292236e-05,True,30,raw,panda_showcase_refcorridor_star_v2_s30,/root/autodl-tmp/star_v2_storage/results/star_arm_panda/showcase_mechanism/SafetyPandaReachObstacle-v0/star_v2/panda_showcase_refcorridor_star_v2_s30/checkpoint/final.torch
STAR,900078,0,51,0.5614801645278931,0.2500225007534027,0.1132107526063919,0.5614802241325378,0.24816177785396576,0.15981075167655945,0.5614802837371826,0.2500182092189789,0.15981075167655945,0.5614803433418274,0.2500225603580475,0.21821075677871704,3.90495330293561e-07,1.0,7.374952701866277e-07,-7.117280347301858e-07,0.5354727506637573,0.21935629844665527,0.2566889226436615,0.5185362696647644,-0.014137590304017067,0.23638781905174255,0.13,0.07,0.13824463509017865,0.05565414400434783,0.26824463509017865,0.0,False,False,False,-0.0021512326784431934,0.13041700422763824,6.28158450126648e-05,True,30,raw,panda_showcase_refcorridor_star_v2_s30,/root/autodl-tmp/star_v2_storage/results/star_arm_panda/showcase_mechanism/SafetyPandaReachObstacle-v0/star_v2/panda_showcase_refcorridor_star_v2_s30/checkpoint/final.torch
STAR,900078,0,52,0.5614749789237976,0.25002196431159973,0.11321171373128891,0.5614750385284424,0.24816127121448517,0.15981172025203705,0.5614750981330872,0.2500177025794983,0.15981172025203705,0.5614751577377319,0.2500220537185669,0.21821171045303345,3.7475595604519185e-07,1.0,7.204621397249866e-07,-6.799393759138184e-07,0.5354727506637573,0.21935629844665527,0.2566889226436615,0.5185362696647644,-0.014137590304017067,0.23638781905174255,0.13,0.07,0.13824324141136002,0.05565078236646881,0.26824324141136,0.0,False,False,False,-0.0021017014514654875,0.13042378425598145,6.506592035293579e-05,True,30,raw,panda_showcase_refcorridor_star_v2_s30,/root/autodl-tmp/star_v2_storage/results/star_arm_panda/showcase_mechanism/SafetyPandaReachObstacle-v0/star_v2/panda_showcase_refcorridor_star_v2_s30/checkpoint/final.torch
STAR,900078,0,53,0.5614699125289917,0.25002148747444153,0.11321266740560532,0.5614699721336365,0.24816077947616577,0.15981267392635345,0.5614700317382812,0.2500171959400177,0.15981267392635345,0.561470091342926,0.2500215470790863,0.21821266412734985,3.5916812635150563e-07,1.0,7.026466164461453e-07,-6.487198902505042e-07,0.5354727506637573,0.21935629844665527,0.2566889226436615,0.5185362696647644,-0.014137590304017067,0.23638781905174255,0.13,0.07,0.1382418669100764,0.055647476721695274,0.2682418669100764,0.0,False,False,False,-0.002053392119705677,0.1304301768541336,6.72265887260437e-05,True,30,raw,panda_showcase_refcorridor_star_v2_s30,/root/autodl-tmp/star_v2_storage/results/star_arm_panda/showcase_mechanism/SafetyPandaReachObstacle-v0/star_v2/panda_showcase_refcorridor_star_v2_s30/checkpoint/final.torch
STAR,900078,0,54,0.5614649653434753,0.25002098083496094,0.11321362853050232,0.5614650249481201,0.24816030263900757,0.15981362760066986,0.5614650845527649,0.2500167191028595,0.15981362760066986,0.5614651441574097,0.2500210702419281,0.21821361780166626,3.4488849109948205e-07,1.0,6.863124326628167e-07,-6.200730808814114e-07,0.5354727506637573,0.21935629844665527,0.2566889226436615,0.5185362696647644,-0.014137590304017067,0.23638781905174255,0.13,0.07,0.1382405409286811,0.055644243471085875,0.2682405409286811,0.0,False,False,False,-0.0020064236596226692,0.13043637573719025,6.904453039169312e-05,True,30,raw,panda_showcase_refcorridor_star_v2_s30,/root/autodl-tmp/star_v2_storage/results/star_arm_panda/showcase_mechanism/SafetyPandaReachObstacle-v0/star_v2/panda_showcase_refcorridor_star_v2_s30/checkpoint/final.torch
STAR,900078,0,55,0.5614601373672485,0.25002050399780273,0.11321458220481873,0.5614601969718933,0.24815982580184937,0.15981458127498627,0.5614601969718933,0.2500162422657013,0.15981458127498627,0.5614602565765381,0.2500205636024475,0.21821457147598267,3.306248856915772e-07,1.0,6.689991209896107e-07,-5.917506769037573e-07,0.5354727506637573,0.21935629844665527,0.2566889226436615,0.5185362696647644,-0.014137590304017067,0.23638781905174255,0.13,0.07,0.13823919522531264,0.05564102190727106,0.26823919522531264,0.0,False,False,False,-0.0019604091066867113,0.13044260442256927,7.087737321853638e-05,True,30,raw,panda_showcase_refcorridor_star_v2_s30,/root/autodl-tmp/star_v2_storage/results/star_arm_panda/showcase_mechanism/SafetyPandaReachObstacle-v0/star_v2/panda_showcase_refcorridor_star_v2_s30/checkpoint/final.torch
STAR,900078,0,56,0.5614554286003113,0.25002002716064453,0.11321554332971573,0.5614554286003113,0.24815934896469116,0.15981554985046387,0.561455488204956,0.2500157952308655,0.15981554985046387,0.5614555478096008,0.2500201165676117,0.21821552515029907,3.172872879986244e-07,1.0,6.552739364451554e-07,-5.645471787829592e-07,0.5354727506637573,0.21935629844665527,0.2566889226436615,0.5185362696647644,-0.014137590304017067,0.23638781905174255,0.13,0.07,0.13823793691756509,0.055637916962799884,0.2682379369175651,0.0,False,False,False,-0.001916003879159689,0.13044844567775726,7.233768701553345e-05,True,30,raw,panda_showcase_refcorridor_star_v2_s30,/root/autodl-tmp/star_v2_storage/results/star_arm_panda/showcase_mechanism/SafetyPandaReachObstacle-v0/star_v2/panda_showcase_refcorridor_star_v2_s30/checkpoint/final.torch
STAR,900078,0,57,0.5614507794380188,0.2500195801258087,0.11321648955345154,0.5614508390426636,0.24815890192985535,0.15981648862361908,0.5614508986473083,0.25001534819602966,0.15981650352478027,0.5614508986473083,0.2500196397304535,0.21821647882461548,3.0404606832235004e-07,1.0,6.379498245223658e-07,-5.385726353779319e-07,0.5354727506637573,0.21935629844665527,0.2566889226436615,0.5185362696647644,-0.014137590304017067,0.23638781905174255,0.13,0.07,0.1382366588776478,0.0556348236696371,0.2682366588776478,0.0,False,False,False,-0.0018723137909546494,0.13045434653759003,7.36340880393982e-05,True,30,raw,panda_showcase_refcorridor_star_v2_s30,/root/autodl-tmp/star_v2_storage/results/star_arm_panda/showcase_mechanism/SafetyPandaReachObstacle-v0/star_v2/panda_showcase_refcorridor_star_v2_s30/checkpoint/final.torch
STAR,900078,0,58,0.5614462494850159,0.2500191330909729,0.11321744322776794,0.5614463090896606,0.24815845489501953,0.15981744229793549,0.5614463686943054,0.25001490116119385,0.15981744229793549,0.5614464282989502,0.2500191926956177,0.21821743249893188,2.922756721090991e-07,1.0,6.238960281734762e-07,-5.150500328454655e-07,0.5354727506637573,0.21935629844665527,0.2566889226436615,0.5185362696647644,-0.014137590304017067,0.23638781905174255,0.13,0.07,0.13823543887079065,0.05563183052512292,0.26823543887079065,0.0,False,False,False,-0.0018301138188689947,0.1304599940776825,7.48559832572937e-05,True,30,raw,panda_showcase_refcorridor_star_v2_s30,/root/autodl-tmp/star_v2_storage/results/star_arm_panda/showcase_mechanism/SafetyPandaReachObstacle-v0/star_v2/panda_showcase_refcorridor_star_v2_s30/checkpoint/final.torch
STAR,900078,0,59,0.5614418387413025,0.2500186860561371,0.11321838945150375,0.5614418983459473,0.2481580227613449,0.1598183959722519,0.561441957950592,0.2500144839286804,0.1598183959722519,0.561441957950592,0.25001877546310425,0.2182183861732483,2.79600584462969e-07,1.0,6.08600998930342e-07,-4.898344627690676e-07,0.5354727506637573,0.21935629844665527,0.2566889226436615,0.5185362696647644,-0.014137590304017067,0.23638781905174255,0.13,0.07,0.13823424828626918,0.05562885402569644,0.2682342482862692,0.0,False,False,False,-0.0017882417887449265,0.13046543300151825,7.589906454086304e-05,True,30,raw,panda_showcase_refcorridor_star_v2_s30,/root/autodl-tmp/star_v2_storage/results/star_arm_panda/showcase_mechanism/SafetyPandaReachObstacle-v0/star_v2/panda_showcase_refcorridor_star_v2_s30/checkpoint/final.torch
STAR,900078,0,60,0.5614375472068787,0.25001826882362366,0.11321932822465897,0.5614376068115234,0.24815760552883148,0.1598193347454071,0.5614376068115234,0.250014066696167,0.1598193347454071,0.5614376664161682,0.25001832842826843,0.2182193398475647,2.683013633486553e-07,1.0,5.964200795460783e-07,-4.668879682867555e-07,0.5354727506637573,0.21935629844665527,0.2566889226436615,0.5185362696647644,-0.014137590304017067,0.23638781905174255,0.13,0.07,0.13823305702525152,0.05562594478414624,0.2682330570252515,0.0,False,False,False,-0.0017480385722592473,0.1304708570241928,7.667392492294312e-05,True,30,raw,panda_showcase_refcorridor_star_v2_s30,/root/autodl-tmp/star_v2_storage/results/star_arm_panda/showcase_mechanism/SafetyPandaReachObstacle-v0/star_v2/panda_showcase_refcorridor_star_v2_s30/checkpoint/final.torch
STAR,900078,0,61,0.5614333152770996,0.25001785159111023,0.11322026699781418,0.5614333748817444,0.24815720319747925,0.15982027351856232,0.5614333152770996,0.25001364946365356,0.15982027351856232,0.5614334344863892,0.250017911195755,0.21822026371955872,2.5750230747689784e-07,1.0,5.826885285387107e-07,-4.455159796634689e-07,0.5354727506637573,0.21935629844665527,0.2566889226436615,0.5185362696647644,-0.014137590304017067,0.23638781905174255,0.13,0.07,0.1382319067319876,0.05562310059978108,0.2682319067319876,0.0,False,False,False,-0.0017084612045437098,0.13047613203525543,7.738173007965088e-05,True,30,raw,panda_showcase_refcorridor_star_v2_s30,/root/autodl-tmp/star_v2_storage/results/star_arm_panda/showcase_mechanism/SafetyPandaReachObstacle-v0/star_v2/panda_showcase_refcorridor_star_v2_s30/checkpoint/final.torch
STAR,900078,0,62,0.5614292025566101,0.2500174641609192,0.1132211983203888,0.5614292621612549,0.24815680086612701,0.15982119739055634,0.5614292025566101,0.2500132620334625,0.15982119739055634,0.5614293217658997,0.25001752376556396,0.21822118759155273,2.473942402048124e-07,1.0,5.692405693480396e-07,-4.256538943536725e-07,0.5354727506637573,0.21935629844665527,0.2566889226436615,0.5185362696647644,-0.014137590304017067,0.23638781905174255,0.13,0.07,0.13823080491672546,0.05562032867105961,0.26823080491672546,0.0,False,False,False,-0.0016701951390132308,0.1304810345172882,7.814168930053711e-05,True,30,raw,panda_showcase_refcorridor_star_v2_s30,/root/autodl-tmp/star_v2_storage/results/star_arm_panda/showcase_mechanism/SafetyPandaReachObstacle-v0/star_v2/panda_showcase_refcorridor_star_v2_s30/checkpoint/final.torch
STAR,900078,0,63,0.5614251494407654,0.25001707673072815,0.11322212219238281,0.5614252090454102,0.24815641343593597,0.15982212126255035,0.5614251494407654,0.2500128746032715,0.15982212126255035,0.5614252686500549,0.2500171363353729,0.21822211146354675,2.3803170279279584e-07,1.0,5.564615435105225e-07,-4.073139336924214e-07,0.5354727506637573,0.21935629844665527,0.2566889226436615,0.5185362696647644,-0.014137590304017067,0.23638781905174255,0.13,0.07,0.13822971269430784,0.05561758473930638,0.26822971269430784,0.0,False,False,False,-0.0016322867013514042,0.13048629462718964,7.873028516769409e-05,True,30,raw,panda_showcase_refcorridor_star_v2_s30,/root/autodl-tmp/star_v2_storage/results/star_arm_panda/showcase_mechanism/SafetyPandaReachObstacle-v0/star_v2/panda_showcase_refcorridor_star_v2_s30/checkpoint/final.torch
STAR,900078,0,64,0.5614212155342102,0.2500166893005371,0.11322303861379623,0.561421275138855,0.24815604090690613,0.15982304513454437,0.5614212155342102,0.25001248717308044,0.15982303023338318,0.5614213347434998,0.2500167489051819,0.21822303533554077,2.2792970355567377e-07,1.0,5.441693247121293e-07,-3.8718152950423246e-07,0.5354727506637573,0.21935629844665527,0.2566889226436615,0.5185362696647644,-0.014137590304017067,0.23638781905174255,0.13,0.07,0.13822863959188303,0.05561489660571411,0.26822863959188303,0.0,False,False,False,-0.0015957788564264774,0.1304909735918045,7.910281419754028e-05,True,30,raw,panda_showcase_refcorridor_star_v2_s30,/root/autodl-tmp/star_v2_storage/results/star_arm_panda/showcase_mechanism/SafetyPandaReachObstacle-v0/star_v2/panda_showcase_refcorridor_star_v2_s30/checkpoint/final.torch
STAR,900078,0,65,0.5614173412322998,0.25001630187034607,0.11322394758462906,0.5614174008369446,0.24815566837787628,0.1598239541053772,0.5614174008369446,0.2500121295452118,0.1598239541053772,0.5614174008369446,0.25001636147499084,0.2182239592075348,2.1863912991193502e-07,1.0,5.299705208017258e-07,-3.69436321534522e-07,0.5354727506637573,0.21935629844665527,0.2566889226436615,0.5185362696647644,-0.014137590304017067,0.23638781905174255,0.13,0.07,0.13822756654660268,0.05561220863850976,0.2682275665466027,0.0,False,False,False,-0.0015595393488183618,0.13049554824829102,7.940083742141724e-05,True,30,raw,panda_showcase_refcorridor_star_v2_s30,/root/autodl-tmp/star_v2_storage/results/star_arm_panda/showcase_mechanism/SafetyPandaReachObstacle-v0/star_v2/panda_showcase_refcorridor_star_v2_s30/checkpoint/final.torch
STAR,900078,0,66,0.561413586139679,0.2500159442424774,0.11322485655546188,0.5614136457443237,0.24815531075000763,0.15982484817504883,0.561413586139679,0.25001177191734314,0.15982484817504883,0.5614136457443237,0.2500160038471222,0.21822485327720642,2.096374345228469e-07,1.0,5.208785296417773e-07,-3.5094384998046735e-07,0.5354727506637573,0.21935629844665527,0.2566889226436615,0.5185362696647644,-0.014137590304017067,0.23638781905174255,0.13,0.07,0.13822655351057195,0.05560964129583865,0.26822655351057195,0.0,False,False,False,-0.0015248197596520185,0.1305001825094223,7.959455251693726e-05,True,30,raw,panda_showcase_refcorridor_star_v2_s30,/root/autodl-tmp/star_v2_storage/results/star_arm_panda/showcase_mechanism/SafetyPandaReachObstacle-v0/star_v2/panda_showcase_refcorridor_star_v2_s30/checkpoint/final.torch
STAR,900078,0,67,0.5614098906517029,0.25001558661460876,0.11322575062513351,0.5614099502563477,0.24815496802330017,0.15982574224472046,0.5614098906517029,0.2500114142894745,0.15982574224472046,0.5614099502563477,0.25001564621925354,0.21822574734687805,2.0162110558885615e-07,1.0,5.073218858342443e-07,-3.359250229095778e-07,0.5354727506637573,0.21935629844665527,0.2566889226436615,0.5185362696647644,-0.014137590304017067,0.23638781905174255,0.13,0.07,0.13822555005405557,0.05560710190666374,0.2682255500540556,0.0,False,False,False,-0.0014906366122886539,0.13050477206707,7.972121238708496e-05,True,30,raw,panda_showcase_refcorridor_star_v2_s30,/root/autodl-tmp/star_v2_storage/results/star_arm_panda/showcase_mechanism/SafetyPandaReachObstacle-v0/star_v2/panda_showcase_refcorridor_star_v2_s30/checkpoint/final.torch
STAR,900078,0,68,0.5614063143730164,0.2500152289867401,0.11322662979364395,0.5614063143730164,0.2481546252965927,0.1598266363143921,0.5614063143730164,0.2500110864639282,0.1598266363143921,0.5614063143730164,0.2500152885913849,0.21822664141654968,1.9394393291349843e-07,1.0,4.962271304975729e-07,-3.2102312275128497e-07,0.5354727506637573,0.21935629844665527,0.2566889226436615,0.5185362696647644,-0.014137590304017067,0.23638781905174255,0.13,0.07,0.13822455617469748,0.05560459046293087,0.2682245561746975,0.0,False,False,False,-0.0014570195926353335,0.13050921261310577,7.981061935424805e-05,True,30,raw,panda_showcase_refcorridor_star_v2_s30,/root/autodl-tmp/star_v2_storage/results/star_arm_panda/showcase_mechanism/SafetyPandaReachObstacle-v0/star_v2/panda_showcase_refcorridor_star_v2_s30/checkpoint/final.torch
STAR,900078,0,69,0.5614027976989746,0.25001490116119385,0.11322751641273499,0.5614027976989746,0.24815428256988525,0.15982751548290253,0.5614027976989746,0.25001072883605957,0.15982750058174133,0.5614027976989746,0.25001493096351624,0.21822750568389893,1.8533955881139264e-07,1.0,4.85429097807355e-07,-3.0394801342481514e-07,0.5354727506637573,0.21935629844665527,0.2566889226436615,0.5185362696647644,-0.014137590304017067,0.23638781905174255,0.13,0.07,0.1382235834137644,0.05560215536834177,0.2682235834137644,0.0,False,False,False,-0.0014245649799704552,0.13051347434520721,7.984042167663574e-05,True,30,raw,panda_showcase_refcorridor_star_v2_s30,/root/autodl-tmp/star_v2_storage/results/star_arm_panda/showcase_mechanism/SafetyPandaReachObstacle-v0/star_v2/panda_showcase_refcorridor_star_v2_s30/checkpoint/final.torch
STAR,900078,0,70,0.5613993406295776,0.2500145733356476,0.11322838068008423,0.5613993406295776,0.24815396964550018,0.15982837975025177,0.5613993406295776,0.2500104308128357,0.15982839465141296,0.5613993406295776,0.25001460313796997,0.21822836995124817,1.785871859283361e-07,1.0,4.7464536123698053e-07,-2.910749969942117e-07,0.5354727506637573,0.21935629844665527,0.2566889226436615,0.5185362696647644,-0.014137590304017067,0.23638781905174255,0.13,0.07,0.1382226495737841,0.05559976463265978,0.2682226495737841,0.0,False,False,False,-0.0013928553089499474,0.1305176019668579,7.974356412887573e-05,True,30,raw,panda_showcase_refcorridor_star_v2_s30,/root/autodl-tmp/star_v2_storage/results/star_arm_panda/showcase_mechanism/SafetyPandaReachObstacle-v0/star_v2/panda_showcase_refcorridor_star_v2_s30/checkpoint/final.torch
STAR,900078,0,71,0.5613959431648254,0.2500142455101013,0.11322923749685287,0.5613960027694702,0.24815364181995392,0.159829244017601,0.5613959431648254,0.25001010298728943,0.15982922911643982,0.5613960027694702,0.2500142753124237,0.2182292342185974,1.716255297878888e-07,1.0,4.6381532570194395e-07,-2.7775814714914304e-07,0.5354727506637573,0.21935629844665527,0.2566889226436615,0.5185362696647644,-0.014137590304017067,0.23638781905174255,0.13,0.07,0.13822173482698102,0.055597429607773675,0.26822173482698103,0.0,False,False,False,-0.00136206962633878,0.1305217444896698,7.95125961303711e-05,True,30,raw,panda_showcase_refcorridor_star_v2_s30,/root/autodl-tmp/star_v2_storage/results/star_arm_panda/showcase_mechanism/SafetyPandaReachObstacle-v0/star_v2/panda_showcase_refcorridor_star_v2_s30/checkpoint/final.torch
STAR,900078,0,72,0.5613926649093628,0.25001391768455505,0.11323008686304092,0.5613926649093628,0.24815334379673004,0.15983009338378906,0.5613926649093628,0.25000980496406555,0.15983009338378906,0.5613926649093628,0.25001394748687744,0.21823009848594666,1.6502512778515666e-07,1.0,4.530677699676744e-07,-2.652531918556633e-07,0.5354727506637573,0.21935629844665527,0.2566889226436615,0.5185362696647644,-0.014137590304017067,0.23638781905174255,0.13,0.07,0.1382208201217816,0.055595094700584935,0.2682208201217816,0.0,False,False,False,-0.0013315818505361676,0.130525603890419,7.925927639007568e-05,True,30,raw,panda_showcase_refcorridor_star_v2_s30,/root/autodl-tmp/star_v2_storage/results/star_arm_panda/showcase_mechanism/SafetyPandaReachObstacle-v0/star_v2/panda_showcase_refcorridor_star_v2_s30/checkpoint/final.torch
STAR,900078,0,73,0.5613894462585449,0.2500136196613312,0.11323092877864838,0.5613894462585449,0.24815303087234497,0.15983092784881592,0.5613894462585449,0.2500095069408417,0.15983092784881592,0.5613894462585449,0.25001364946365356,0.2182309329509735,1.57369058229051e-07,1.0,4.42196011363194e-07,-2.504094425148651e-07,0.5354727506637573,0.21935629844665527,0.2566889226436615,0.5185362696647644,-0.014137590304017067,0.23638781905174255,0.13,0.07,0.13821995587176478,0.05559285253641177,0.2682199558717648,0.0,False,False,False,-0.0013021968770772219,0.13052943348884583,7.909536361694336e-05,True,30,raw,panda_showcase_refcorridor_star_v2_s30,/root/autodl-tmp/star_v2_storage/results/star_arm_panda/showcase_mechanism/SafetyPandaReachObstacle-v0/star_v2/panda_showcase_refcorridor_star_v2_s30/checkpoint/final.torch
STAR,900078,0,74,0.5613862872123718,0.2500133216381073,0.11323176324367523,0.5613862872123718,0.2481527328491211,0.15983176231384277,0.5613862872123718,0.2500092089176178,0.15983176231384277,0.5613862872123718,0.2500133514404297,0.21823176741600037,1.515478658120628e-07,1.0,4.3154119566679583e-07,-2.396727154518885e-07,0.5354727506637573,0.21935629844665527,0.2566889226436615,0.5185362696647644,-0.014137590304017067,0.23638781905174255,0.13,0.07,0.13821910118279812,0.05559063826692311,0.2682191011827981,0.0,False,False,False,-0.0012731694150716066,0.13053344190120697,7.862597703933716e-05,True,30,raw,panda_showcase_refcorridor_star_v2_s30,/root/autodl-tmp/star_v2_storage/results/star_arm_panda/showcase_mechanism/SafetyPandaReachObstacle-v0/star_v2/panda_showcase_refcorridor_star_v2_s30/checkpoint/final.torch
STAR,900078,0,75,0.5613831877708435,0.2500130236148834,0.1132325828075409,0.5613831877708435,0.2481524497270584,0.15983258187770844,0.5613831877708435,0.2500089108943939,0.15983256697654724,0.5613831877708435,0.2500130534172058,0.21823257207870483,1.458529510500739e-07,1.0,4.2287206269975286e-07,-2.2867911297907995e-07,0.5354727506637573,0.21935629844665527,0.2566889226436615,0.5185362696647644,-0.014137590304017067,0.23638781905174255,0.13,0.07,0.13821825807013488,0.05558847250266449,0.2682182580701349,0.0,False,False,False,-0.0012448274064809084,0.13053691387176514,7.838010787963867e-05,True,30,raw,panda_showcase_refcorridor_star_v2_s30,/root/autodl-tmp/star_v2_storage/results/star_arm_panda/showcase_mechanism/SafetyPandaReachObstacle-v0/star_v2/panda_showcase_refcorridor_star_v2_s30/checkpoint/final.torch
STAR,900078,0,76,0.56138014793396,0.25001275539398193,0.11323338747024536,0.5613802075386047,0.24815218150615692,0.1598333865404129,0.56138014793396,0.25000864267349243,0.1598334014415741,0.5613802075386047,0.25001275539398193,0.2182333767414093,1.4044722718153935e-07,1.0,4.1400807049285504e-07,-2.184000038596423e-07,0.5354727506637573,0.21935629844665527,0.2566889226436615,0.5185362696647644,-0.014137590304017067,0.23638781905174255,0.13,0.07,0.13821743403535325,0.05558636240055286,0.26821743403535325,0.0,False,False,False,-0.001217647804878652,0.13054059445858002,7.791072130203247e-05,True,30,raw,panda_showcase_refcorridor_star_v2_s30,/root/autodl-tmp/star_v2_storage/results/star_arm_panda/showcase_mechanism/SafetyPandaReachObstacle-v0/star_v2/panda_showcase_refcorridor_star_v2_s30/checkpoint/final.torch
STAR,900078,0,77,0.561377227306366,0.25001245737075806,0.11323418468236923,0.561377227306366,0.24815189838409424,0.15983419120311737,0.561377227306366,0.25000837445259094,0.15983417630195618,0.561377227306366,0.25001248717308044,0.21823418140411377,1.34814058583288e-07,1.0,4.0251927657664055e-07,-2.0835581437950168e-07,0.5354727506637573,0.21935629844665527,0.2566889226436615,0.5185362696647644,-0.014137590304017067,0.23638781905174255,0.13,0.07,0.13821663938437434,0.05558426882813362,0.26821663938437434,0.0,False,False,False,-0.0011905872961506248,0.13054406642913818,7.74487853050232e-05,True,30,raw,panda_showcase_refcorridor_star_v2_s30,/root/autodl-tmp/star_v2_storage/results/star_arm_panda/showcase_mechanism/SafetyPandaReachObstacle-v0/star_v2/panda_showcase_refcorridor_star_v2_s30/checkpoint/final.torch
STAR,900078,0,78,0.561374306678772,0.25001218914985657,0.1132349744439125,0.5613743662834167,0.24815163016319275,0.15983498096466064,0.561374306678772,0.25000810623168945,0.15983496606349945,0.5613743662834167,0.25001218914985657,0.21823498606681824,1.2924286352244962e-07,1.0,3.933423897706234e-07,-1.9782939375545538e-07,0.5354727506637573,0.21935629844665527,0.2566889226436615,0.5185362696647644,-0.014137590304017067,0.23638781905174255,0.13,0.07,0.1382158344557935,0.0555822144644408,0.2682158344557935,0.0,False,False,False,-0.0011646294733509421,0.13054749369621277,7.677078247070312e-05,True,30,raw,panda_showcase_refcorridor_star_v2_s30,/root/autodl-tmp/star_v2_storage/results/star_arm_panda/showcase_mechanism/SafetyPandaReachObstacle-v0/star_v2/panda_showcase_refcorridor_star_v2_s30/checkpoint/final.torch
STAR,900078,0,79,0.5613715052604675,0.2500119209289551,0.11323575675487518,0.5613715052604675,0.24815136194229126,0.15983575582504272,0.5613715052604675,0.25000783801078796,0.15983575582504272,0.5613715052604675,0.2500119209289551,0.21823576092720032,1.2315005903928977e-07,1.0,3.8367426213881117e-07,-1.8626624864737096e-07,0.5354727506637573,0.21935629844665527,0.2566889226436615,0.5185362696647644,-0.014137590304017067,0.23638781905174255,0.13,0.07,0.13821506092558306,0.05558019724173547,0.26821506092558306,0.0,False,False,False,-0.001138612162321806,0.13055092096328735,7.630139589309692e-05,True,30,raw,panda_showcase_refcorridor_star_v2_s30,/root/autodl-tmp/star_v2_storage/results/star_arm_panda/showcase_mechanism/SafetyPandaReachObstacle-v0/star_v2/panda_showcase_refcorridor_star_v2_s30/checkpoint/final.torch
STAR,900078,0,80,0.5613687634468079,0.2500116527080536,0.11323652416467667,0.5613687634468079,0.24815110862255096,0.1598365306854248,0.5613687634468079,0.2500075697898865,0.1598365157842636,0.5613687634468079,0.250011682510376,0.2182365357875824,1.1866152505035643e-07,1.0,3.7635297189808625e-07,-1.776861182634093e-07,0.5354727506637573,0.21935629844665527,0.2566889226436615,0.5185362696647644,-0.014137590304017067,0.23638781905174255,0.13,0.07,0.13821433581391063,0.05557825208733811,0.26821433581391063,0.0,False,False,False,-0.0011136378161609173,0.13055424392223358,7.569044828414917e-05,True,30,raw,panda_showcase_refcorridor_star_v2_s30,/root/autodl-tmp/star_v2_storage/results/star_arm_panda/showcase_mechanism/SafetyPandaReachObstacle-v0/star_v2/panda_showcase_refcorridor_star_v2_s30/checkpoint/final.torch
STAR,900078,0,81,0.5613660216331482,0.2500114142894745,0.11323728412389755,0.561366081237793,0.24815087020397186,0.1598372757434845,0.5613660216331482,0.2500073313713074,0.1598372757434845,0.561366081237793,0.2500114142894745,0.2182372808456421,1.1443573555425246e-07,1.0,3.6836024719377747e-07,-1.698917486692153e-07,0.5354727506637573,0.21935629844665527,0.2566889226436615,0.5185362696647644,-0.014137590304017067,0.23638781905174255,0.13,0.07,0.1382135929148347,0.05557633896287293,0.2682135929148347,0.0,False,False,False,-0.001089319121092558,0.13055723905563354,7.506459951400757e-05,True,30,raw,panda_showcase_refcorridor_star_v2_s30,/root/autodl-tmp/star_v2_storage/results/star_arm_panda/showcase_mechanism/SafetyPandaReachObstacle-v0/star_v2/panda_showcase_refcorridor_star_v2_s30/checkpoint/final.torch
STAR,900078,0,82,0.5613633990287781,0.250011146068573,0.11323802918195724,0.5613633990287781,0.24815061688423157,0.1598380208015442,0.5613633990287781,0.25000709295272827,0.1598380208015442,0.5613633990287781,0.250011146068573,0.21823802590370178,1.098571615898436e-07,1.0,3.5746782600654115e-07,-1.6212621289923845e-07,0.5354727506637573,0.21935629844665527,0.2566889226436615,0.5185362696647644,-0.014137590304017067,0.23638781905174255,0.13,0.07,0.13821285004286188,0.05557442591328489,0.2682128500428619,0.0,False,False,False,-0.0010651495540514588,0.130560502409935,7.445365190505981e-05,True,30,raw,panda_showcase_refcorridor_star_v2_s30,/root/autodl-tmp/star_v2_storage/results/star_arm_panda/showcase_mechanism/SafetyPandaReachObstacle-v0/star_v2/panda_showcase_refcorridor_star_v2_s30/checkpoint/final.torch
STAR,900078,0,83,0.5613608360290527,0.2500109076499939,0.11323876678943634,0.5613608360290527,0.24815037846565247,0.15983876585960388,0.5613608360290527,0.25000685453414917,0.1598387509584427,0.5613608360290527,0.2500109076499939,0.21823877096176147,1.0569674202542956e-07,1.0,3.508802137730527e-07,-1.5412713594287197e-07,0.5354727506637573,0.21935629844665527,0.2566889226436615,0.5185362696647644,-0.014137590304017067,0.23638781905174255,0.13,0.07,0.13821215558251998,0.05557258491064956,0.26821215558252,0.0,False,False,False,-0.0010419037425890565,0.13056349754333496,7.370114326477051e-05,True,30,raw,panda_showcase_refcorridor_star_v2_s30,/root/autodl-tmp/star_v2_storage/results/star_arm_panda/showcase_mechanism/SafetyPandaReachObstacle-v0/star_v2/panda_showcase_refcorridor_star_v2_s30/checkpoint/final.torch
STAR,900078,0,84,0.5613582730293274,0.2500106692314148,0.11323948949575424,0.5613583326339722,0.24815015494823456,0.1598394811153412,0.5613582730293274,0.25000661611557007,0.1598394811153412,0.5613583326339722,0.2500106692314148,0.21823948621749878,1.01256844686759e-07,1.0,3.416386107346625e-07,-1.4622975186284748e-07,0.5354727506637573,0.21935629844665527,0.2566889226436615,0.5185362696647644,-0.014137590304017067,0.23638781905174255,0.13,0.07,0.1382114726800462,0.05557079236105743,0.2682114726800462,0.0,False,False,False,-0.0010191049659624696,0.1305665671825409,7.30752944946289e-05,True,30,raw,panda_showcase_refcorridor_star_v2_s30,/root/autodl-tmp/star_v2_storage/results/star_arm_panda/showcase_mechanism/SafetyPandaReachObstacle-v0/star_v2/panda_showcase_refcorridor_star_v2_s30/checkpoint/final.torch
STAR,900078,0,85,0.5613558292388916,0.2500104308128357,0.11324020475149155,0.5613558292388916,0.24814991652965546,0.1598401963710785,0.5613558292388916,0.25000640749931335,0.1598401963710785,0.5613558292388916,0.2500104308128357,0.21824020147323608,9.74592708757882e-08,1.0,3.34130930923493e-07,-1.3931946796219563e-07,0.5354727506637573,0.21935629844665527,0.2566889226436615,0.5185362696647644,-0.014137590304017067,0.23638781905174255,0.13,0.07,0.13821078980131885,0.05556899987664889,0.26821078980131885,0.0,False,False,False,-0.000996663817204535,0.13056939840316772,7.243454456329346e-05,True,30,raw,panda_showcase_refcorridor_star_v2_s30,/root/autodl-tmp/star_v2_storage/results/star_arm_panda/showcase_mechanism/SafetyPandaReachObstacle-v0/star_v2/panda_showcase_refcorridor_star_v2_s30/checkpoint/final.torch
STAR,900078,0,86,0.5613533854484558,0.250010222196579,0.11324090510606766,0.5613534450531006,0.24814970791339874,0.1598409116268158,0.5613533854484558,0.25000616908073425,0.1598408967256546,0.5613534450531006,0.250010222196579,0.2182409167289734,9.357176367075226e-08,1.0,3.2806357808112807e-07,-1.318146587436786e-07,0.5354727506637573,0.21935629844665527,0.2566889226436615,0.5185362696647644,-0.014137590304017067,0.23638781905174255,0.13,0.07,0.13821015532786546,0.05556727942014628,0.26821015532786546,0.0,False,False,False,-0.0009751167963258922,0.13057221472263336,7.156282663345337e-05,True,30,raw,panda_showcase_refcorridor_star_v2_s30,/root/autodl-tmp/star_v2_storage/results/star_arm_panda/showcase_mechanism/SafetyPandaReachObstacle-v0/star_v2/panda_showcase_refcorridor_star_v2_s30/checkpoint/final.torch
STAR,900078,0,87,0.5613510608673096,0.2500099837779999,0.11324159801006317,0.5613510608673096,0.24814948439598083,0.1598415970802307,0.5613510608673096,0.25000596046447754,0.1598415970802307,0.5613510608673096,0.2500099837779999,0.2182416021823883,8.940760665154812e-08,1.0,3.1913674547467963e-07,-1.2448325037439645e-07,0.5354727506637573,0.21935629844665527,0.2566889226436615,0.5185362696647644,-0.014137590304017067,0.23638781905174255,0.13,0.07,0.13820949354152584,0.0555655632027266,0.26820949354152585,0.0,False,False,False,-0.0009537485311739147,0.130575031042099,7.083266973495483e-05,True,30,raw,panda_showcase_refcorridor_star_v2_s30,/root/autodl-tmp/star_v2_storage/results/star_arm_panda/showcase_mechanism/SafetyPandaReachObstacle-v0/star_v2/panda_showcase_refcorridor_star_v2_s30/checkpoint/final.torch
STAR,900078,0,88,0.5613487362861633,0.25000977516174316,0.11324228346347809,0.5613487362861633,0.24814927577972412,0.15984228253364563,0.5613487362861633,0.2500057518482208,0.15984228253364563,0.5613487362861633,0.25000977516174316,0.21824228763580322,8.581623234249491e-08,1.0,3.115432321010303e-07,-1.1810480060603368e-07,0.5354727506637573,0.21935629844665527,0.2566889226436615,0.5185362696647644,-0.014137590304017067,0.23638781905174255,0.13,0.07,0.13820887064203735,0.05556389124315243,0.26820887064203736,0.0,False,False,False,-0.000932886905502528,0.1305774450302124,7.018446922302246e-05,True,30,raw,panda_showcase_refcorridor_star_v2_s30,/root/autodl-tmp/star_v2_storage/results/star_arm_panda/showcase_mechanism/SafetyPandaReachObstacle-v0/star_v2/panda_showcase_refcorridor_star_v2_s30/checkpoint/final.torch
STAR,900078,0,89,0.5613464713096619,0.25000956654548645,0.11324295401573181,0.5613464713096619,0.2481490671634674,0.15984295308589935,0.5613464713096619,0.2500055432319641,0.15984295308589935,0.5613464713096619,0.25000956654548645,0.21824294328689575,8.29580599770452e-08,1.0,3.0594998179367394e-07,-1.1282343592711186e-07,0.5354727506637573,0.21935629844665527,0.2566889226436615,0.5185362696647644,-0.014137590304017067,0.23638781905174255,0.13,0.07,0.13820825929317448,0.0555622677174176,0.2682082592931745,0.0,False,False,False,-0.000912531977519393,0.13058015704154968,6.937980651855469e-05,True,30,raw,panda_showcase_refcorridor_star_v2_s30,/root/autodl-tmp/star_v2_storage/results/star_arm_panda/showcase_mechanism/SafetyPandaReachObstacle-v0/star_v2/panda_showcase_refcorridor_star_v2_s30/checkpoint/final.torch
STAR,900078,0,90,0.5613442659378052,0.25000935792922974,0.11324361711740494,0.5613442659378052,0.2481488734483719,0.15984360873699188,0.5613442659378052,0.2500053346157074,0.15984360873699188,0.5613442659378052,0.25000935792922974,0.21824359893798828,7.965702053525092e-08,1.0,2.969485421999707e-07,-1.0750174794793566e-07,0.5354727506637573,0.21935629844665527,0.2566889226436615,0.5185362696647644,-0.014137590304017067,0.23638781905174255,0.13,0.07,0.1382076574771619,0.05556067199963963,0.2682076574771619,0.0,False,False,False,-0.0008925048168748617,0.13058289885520935,6.868690252304077e-05,True,30,raw,panda_showcase_refcorridor_star_v2_s30,/root/autodl-tmp/star_v2_storage/results/star_arm_panda/showcase_mechanism/SafetyPandaReachObstacle-v0/star_v2/panda_showcase_refcorridor_star_v2_s30/checkpoint/final.torch
STAR,900078,0,91,0.5613420605659485,0.250009149312973,0.11324425786733627,0.5613421201705933,0.24814867973327637,0.1598442643880844,0.5613420605659485,0.25000515580177307,0.15984424948692322,0.5613421201705933,0.250009149312973,0.2182442545890808,7.691912173868332e-08,1.0,2.897666604440019e-07,-1.0295975272356372e-07,0.5354727506637573,0.21935629844665527,0.2566889226436615,0.5185362696647644,-0.014137590304017067,0.23638781905174255,0.13,0.07,0.13820706519259346,0.05555910408511666,0.26820706519259346,0.0,False,False,False,-0.000873401528224349,0.13058552145957947,6.780028343200684e-05,True,30,raw,panda_showcase_refcorridor_star_v2_s30,/root/autodl-tmp/star_v2_storage/results/star_arm_panda/showcase_mechanism/SafetyPandaReachObstacle-v0/star_v2/panda_showcase_refcorridor_star_v2_s30/checkpoint/final.torch
STAR,900078,0,92,0.5613399744033813,0.2500089406967163,0.11324489861726761,0.5613399744033813,0.24814848601818085,0.15984489023685455,0.5613399744033813,0.25000494718551636,0.15984489023685455,0.5613399744033813,0.2500089704990387,0.21824491024017334,7.40253369713173e-08,1.0,2.840930903857952e-07,-9.765095398961421e-08,0.5354727506637573,0.21935629844665527,0.2566889226436615,0.5185362696647644,-0.014137590304017067,0.23638781905174255,0.13,0.07,0.13820650227684272,0.05555755266051851,0.26820650227684273,0.0,False,False,False,-0.0008543876465409994,0.1305875927209854,6.69434666633606e-05,True,30,raw,panda_showcase_refcorridor_star_v2_s30,/root/autodl-tmp/star_v2_storage/results/star_arm_panda/showcase_mechanism/SafetyPandaReachObstacle-v0/star_v2/panda_showcase_refcorridor_star_v2_s30/checkpoint/final.torch
STAR,900078,0,93,0.5613378882408142,0.250008761882782,0.11324553191661835,0.5613378882408142,0.24814829230308533,0.1598455309867859,0.5613378882408142,0.25000476837158203,0.1598455309867859,0.5613378882408142,0.250008761882782,0.21824553608894348,6.986683587228981e-08,1.0,2.776737062504253e-07,-8.968407883003238e-08,0.5354727506637573,0.21935629844665527,0.2566889226436615,0.5185362696647644,-0.014137590304017067,0.23638781905174255,0.13,0.07,0.13820592155548017,0.05555603321313212,0.2682059215554802,0.0,False,False,False,-0.0008355526369996369,0.13059021532535553,6.623566150665283e-05,True,30,raw,panda_showcase_refcorridor_star_v2_s30,/root/autodl-tmp/star_v2_storage/results/star_arm_panda/showcase_mechanism/SafetyPandaReachObstacle-v0/star_v2/panda_showcase_refcorridor_star_v2_s30/checkpoint/final.torch
STAR,900078,0,94,0.5613358616828918,0.25000858306884766,0.11324615031480789,0.5613358616828918,0.248148113489151,0.15984614193439484,0.5613358616828918,0.2500045895576477,0.15984614193439484,0.5613358616828918,0.25000858306884766,0.21824616193771362,6.767160698473162e-08,1.0,2.722715919389884e-07,-8.589808686565448e-08,0.5354727506637573,0.21935629844665527,0.2566889226436615,0.5185362696647644,-0.014137590304017067,0.23638781905174255,0.13,0.07,0.13820537971354835,0.05555455800240642,0.26820537971354835,0.0,False,False,False,-0.0008174328249879181,0.13059251010417938,6.538629531860352e-05,True,30,raw,panda_showcase_refcorridor_star_v2_s30,/root/autodl-tmp/star_v2_storage/results/star_arm_panda/showcase_mechanism/SafetyPandaReachObstacle-v0/star_v2/panda_showcase_refcorridor_star_v2_s30/checkpoint/final.torch
STAR,900078,0,95,0.5613338947296143,0.25000837445259094,0.11324676871299744,0.5613338947296143,0.24814793467521667,0.15984676778316498,0.5613338947296143,0.2500044107437134,0.15984675288200378,0.5613338947296143,0.25000840425491333,0.21824675798416138,6.386936490798689e-08,1.0,2.639187641761964e-07,-7.929216394586547e-08,0.5354727506637573,0.21935629844665527,0.2566889226436615,0.5185362696647644,-0.014137590304017067,0.23638781905174255,0.13,0.07,0.1382048494143528,0.05555313120413443,0.2682048494143528,0.0,False,False,False,-0.0007997898501344025,0.13059481978416443,6.445497274398804e-05,True,30,raw,panda_showcase_refcorridor_star_v2_s30,/root/autodl-tmp/star_v2_storage/results/star_arm_panda/showcase_mechanism/SafetyPandaReachObstacle-v0/star_v2/panda_showcase_refcorridor_star_v2_s30/checkpoint/final.torch
STAR,900078,0,96,0.5613319277763367,0.2500081956386566,0.11324736475944519,0.5613319277763367,0.24814777076244354,0.15984736382961273,0.5613319277763367,0.25000426173210144,0.15984736382961273,0.5613319277763367,0.250008225440979,0.21824735403060913,6.241683081498195e-08,1.0,2.5904668632392713e-07,-7.705990867634682e-08,0.5354727506637573,0.21935629844665527,0.2566889226436615,0.5185362696647644,-0.014137590304017067,0.23638781905174255,0.13,0.07,0.13820431912997777,0.05555170444583237,0.2682043191299778,0.0,False,False,False,-0.0007823852938599885,0.1305968165397644,6.370246410369873e-05,True,30,raw,panda_showcase_refcorridor_star_v2_s30,/root/autodl-tmp/star_v2_storage/results/star_arm_panda/showcase_mechanism/SafetyPandaReachObstacle-v0/star_v2/panda_showcase_refcorridor_star_v2_s30/checkpoint/final.torch
STAR,900078,0,97,0.5613300204277039,0.2500080168247223,0.11324794590473175,0.5613300204277039,0.24814759194850922,0.1598479449748993,0.5613300204277039,0.2500040829181671,0.1598479449748993,0.5613300204277039,0.2500080466270447,0.21824795007705688,6.042557032515106e-08,1.0,2.5329401864837564e-07,-7.385112610336364e-08,0.5354727506637573,0.21935629844665527,0.2566889226436615,0.5185362696647644,-0.014137590304017067,0.23638781905174255,0.13,0.07,0.13820379837074576,0.055550305471940994,0.26820379837074576,0.0,False,False,False,-0.0007653979700990021,0.13059917092323303,6.285309791564941e-05,True,30,raw,panda_showcase_refcorridor_star_v2_s30,/root/autodl-tmp/star_v2_storage/results/star_arm_panda/showcase_mechanism/SafetyPandaReachObstacle-v0/star_v2/panda_showcase_refcorridor_star_v2_s30/checkpoint/final.torch
STAR,900078,0,98,0.5613281726837158,0.25000786781311035,0.11324852705001831,0.5613281726837158,0.24814742803573608,0.15984852612018585,0.5613281726837158,0.2500039041042328,0.15984852612018585,0.5613281726837158,0.25000786781311035,0.21824851632118225,5.702408145680238e-08,1.0,2.466138653289818e-07,-6.770854810156379e-08,0.5354727506637573,0.21935629844665527,0.2566889226436615,0.5185362696647644,-0.014137590304017067,0.23638781905174255,0.13,0.07,0.1382032891510493,0.0555489549019067,0.2682032891510493,0.0,False,False,False,-0.000748678925447166,0.1306012123823166,6.21899962425232e-05,True,30,raw,panda_showcase_refcorridor_star_v2_s30,/root/autodl-tmp/star_v2_storage/results/star_arm_panda/showcase_mechanism/SafetyPandaReachObstacle-v0/star_v2/panda_showcase_refcorridor_star_v2_s30/checkpoint/final.torch
STAR,900078,0,99,0.5613263845443726,0.250007688999176,0.11324909329414368,0.5613263845443726,0.24814726412296295,0.15984909236431122,0.5613263845443726,0.25000375509262085,0.15984909236431122,0.5613263845443726,0.250007688999176,0.21824908256530762,5.551494197675311e-08,1.0,2.411184709671943e-07,-6.553455023095012e-08,0.5354727506637573,0.21935629844665527,0.2566889226436615,0.5185362696647644,-0.014137590304017067,0.23638781905174255,0.13,0.07,0.13820278945398062,0.05554763210871797,0.26820278945398063,0.0,False,False,False,-0.0007327942876145244,0.1306033730506897,6.127357482910156e-05,True,30,raw,panda_showcase_refcorridor_star_v2_s30,/root/autodl-tmp/star_v2_storage/results/star_arm_panda/showcase_mechanism/SafetyPandaReachObstacle-v0/star_v2/panda_showcase_refcorridor_star_v2_s30/checkpoint/final.torch
STAR+Exec,900078,0,0,0.4498243033885956,-0.16421519219875336,0.1524626761674881,0.44982436299324036,-0.16421522200107574,0.19906267523765564,0.44982436299324036,-0.16421520709991455,0.19906267523765564,0.4498244524002075,-0.16421523690223694,0.25746268033981323,-2.0864322891611664e-07,1.0,2.3126681014673522e-08,-6.509638978968724e-07,0.5354727506637573,0.21935629844665527,0.2566889226436615,0.5185362696647644,-0.014137590304017067,0.23638781905174255,0.13,0.07,0.03639940991052057,0.3930182596601853,0.16639940991052057,0.0,False,False,True,-0.9985787868499756,-0.4066579341888428,-0.6293988823890686,True,30,star_exec,panda_showcase_refcorridor_star_v2_s30,/root/autodl-tmp/star_v2_storage/results/star_arm_panda/showcase_mechanism/SafetyPandaReachObstacle-v0/star_v2/panda_showcase_refcorridor_star_v2_s30/checkpoint/final.torch
STAR+Exec,900078,0,1,0.4199230670928955,-0.17644277215003967,0.13363680243492126,0.4199237823486328,-0.1764555424451828,0.1802368015050888,0.4199237823486328,-0.1764465719461441,0.18023681640625,0.41992470622062683,-0.17644335329532623,0.2386367917060852,-2.7794121706392616e-06,1.0,3.7635959415638354e-07,-7.737412488495465e-06,0.5354727506637573,0.21935629844665527,0.2566889226436615,0.5185362696647644,-0.014137590304017067,0.23638781905174255,0.13,0.07,0.05992750991651569,0.41271611832480315,0.1899275099165157,0.0,False,False,True,-0.9934202432632446,0.886319637298584,-0.7553737759590149,True,30,star_exec,panda_showcase_refcorridor_star_v2_s30,/root/autodl-tmp/star_v2_storage/results/star_arm_panda/showcase_mechanism/SafetyPandaReachObstacle-v0/star_v2/panda_showcase_refcorridor_star_v2_s30/checkpoint/final.torch
STAR+Exec,900078,0,2,0.3901693522930145,-0.14987698197364807,0.11104640364646912,0.39017027616500854,-0.14993441104888916,0.15764641761779785,0.39017024636268616,-0.1498774141073227,0.15764640271663666,0.3901714086532593,-0.1498776525259018,0.21604639291763306,-3.1765689527674112e-06,1.0,5.077810101283831e-07,-9.795856385608204e-06,0.5354727506637573,0.21935629844665527,0.2566889226436615,0.5185362696647644,-0.014137590304017067,0.23638781905174255,0.13,0.07,0.057927314809938124,0.3988709136592784,0.18792731480993813,0.0,False,False,True,-0.7654135227203369,0.21942138671875,-0.20622356235980988,True,30,star_exec,panda_showcase_refcorridor_star_v2_s30,/root/autodl-tmp/star_v2_storage/results/star_arm_panda/showcase_mechanism/SafetyPandaReachObstacle-v0/star_v2/panda_showcase_refcorridor_star_v2_s30/checkpoint/final.torch
STAR+Exec,900078,0,3,0.36725178360939026,-0.1433161348104477,0.10493499040603638,0.3672527074813843,-0.14337357878684998,0.15153498947620392,0.36725273728370667,-0.14331656694412231,0.15153498947620392,0.3672538995742798,-0.143316850066185,0.20993497967720032,-3.3853623335744487e-06,1.0,4.4778411734114343e-07,-1.0107301932293922e-05,0.5354727506637573,0.21935629844665527,0.2566889226436615,0.5185362696647644,-0.014137590304017067,0.23638781905174255,0.13,0.07,0.07068230954389412,0.40251127399986153,0.20068230954389413,0.0,False,False,True,-0.9591277837753296,0.9949808716773987,-0.5193146467208862,True,30,star_exec,panda_showcase_refcorridor_star_v2_s30,/root/autodl-tmp/star_v2_storage/results/star_arm_panda/showcase_mechanism/SafetyPandaReachObstacle-v0/star_v2/panda_showcase_refcorridor_star_v2_s30/checkpoint/final.torch
STAR+Exec,900078,0,4,0.35007035732269287,-0.11349470913410187,0.08947672694921494,0.35007190704345703,-0.11355841904878616,0.13607671856880188,0.35007190704345703,-0.11349525302648544,0.13607671856880188,0.35007381439208984,-0.11349570751190186,0.19447672367095947,-4.779080882144626e-06,1.0,4.72073992341393e-07,-1.6507732652826235e-05,0.5354727506637573,0.21935629844665527,0.2566889226436615,0.5185362696647644,-0.014137590304017067,0.23638781905174255,0.13,0.07,0.07002043447510742,0.3860486771669089,0.20002043447510742,0.0,False,False,True,-0.9980810880661011,0.9792029857635498,0.9590288400650024,True,30,star_exec,panda_showcase_refcorridor_star_v2_s30,/root/autodl-tmp/star_v2_storage/results/star_arm_panda/showcase_mechanism/SafetyPandaReachObstacle-v0/star_v2/panda_showcase_refcorridor_star_v2_s30/checkpoint/final.torch
STAR+Exec,900078,0,5,0.34993159770965576,-0.08410212397575378,0.11809848994016647,0.3499298691749573,-0.0842234268784523,0.16469848155975342,0.3499298691749573,-0.08407048881053925,0.16469848155975342,0.349927693605423,-0.08410122245550156,0.223098486661911,4.264412837073905e-06,1.0,-1.016554449506657e-07,1.8715563783189282e-05,0.5354727506637573,0.21935629844665527,0.2566889226436615,0.5185362696647644,-0.014137590304017067,0.23638781905174255,0.13,0.07,0.05303105774691458,0.35726985960238455,0.18303105774691458,0.0,False,False,True,-0.9685808420181274,0.5341168642044067,0.09539172053337097,True,30,star_exec,panda_showcase_refcorridor_star_v2_s30,/root/autodl-tmp/star_v2_storage/results/star_arm_panda/showcase_mechanism/SafetyPandaReachObstacle-v0/star_v2/panda_showcase_refcorridor_star_v2_s30/checkpoint/final.torch
STAR+Exec,900078,0,6,0.3499663472175598,-0.06811902672052383,0.12089218944311142,0.3499656021595001,-0.0682360976934433,0.16749219596385956,0.3499656021595001,-0.0680837407708168,0.16749219596385956,0.34996461868286133,-0.06811834871768951,0.22589218616485596,3.2531979741179384e-06,1.0,5.209783012105618e-06,8.178503776434809e-06,0.5354727506637573,0.21935629844665527,0.2566889226436615,0.5185362696647644,-0.014137590304017067,0.23638781905174255,0.13,0.07,0.047314641536947255,0.3435161987025518,0.17731464153694726,0.0,False,False,True,-0.8219451904296875,0.999020516872406,0.09226382523775101,True,30,star_exec,panda_showcase_refcorridor_star_v2_s30,/root/autodl-tmp/star_v2_storage/results/star_arm_panda/showcase_mechanism/SafetyPandaReachObstacle-v0/star_v2/panda_showcase_refcorridor_star_v2_s30/checkpoint/final.torch
STAR+Exec,900078,0,7,0.3499685227870941,-0.03819974511861801,0.12359869480133057,0.3499678373336792,-0.03831702470779419,0.1701986938714981,0.3499678373336792,-0.03816455602645874,0.1701986938714981,0.34996697306632996,-0.03819913789629936,0.2285986840724945,2.9097582228132524e-06,1.0,6.028081315889722e-06,7.381939212791622e-06,0.5354727506637573,0.21935629844665527,0.2566889226436615,0.5185362696647644,-0.014137590304017067,0.23638781905174255,0.13,0.07,0.04045596631374207,0.3186475448121655,0.17045596631374207,0.0,False,False,True,-0.5814782977104187,0.9569886326789856,0.8668255805969238,True,30,star_exec,panda_showcase_refcorridor_star_v2_s30,/root/autodl-tmp/star_v2_storage/results/star_arm_panda/showcase_mechanism/SafetyPandaReachObstacle-v0/star_v2/panda_showcase_refcorridor_star_v2_s30/checkpoint/final.torch
STAR+Exec,900078,0,8,0.34991559386253357,-0.009501448832452297,0.14934904873371124,0.3499128222465515,-0.009628995321691036,0.19594904780387878,0.3499128222465515,-0.00947500579059124,0.19594904780387878,0.34990939497947693,-0.009500895626842976,0.2543490529060364,2.633724761835765e-06,1.0,1.3928992075307178e-06,2.9579490728792734e-05,0.5354727506637573,0.21935629844665527,0.2566889226436615,0.5185362696647644,-0.014137590304017067,0.23638781905174255,0.13,0.07,0.039644120809492284,0.2946435969818361,0.1696441208094923,0.0,False,False,True,-0.993369996547699,0.9081132411956787,0.3708054721355438,True,30,star_exec,panda_showcase_refcorridor_star_v2_s30,/root/autodl-tmp/star_v2_storage/results/star_arm_panda/showcase_mechanism/SafetyPandaReachObstacle-v0/star_v2/panda_showcase_refcorridor_star_v2_s30/checkpoint/final.torch
STAR+Exec,900078,0,9,0.34996548295021057,0.0177303459495306,0.1603514403104782,0.3499642014503479,0.017603132873773575,0.20695143938064575,0.3499642014503479,0.01775730401277542,0.20695143938064575,0.3499625623226166,0.017730463296175003,0.26535144448280334,5.520255967894627e-07,1.0,9.993051435230882e-07,1.3874356227461249e-05,0.5354727506637573,0.21935629844665527,0.2566889226436615,0.5185362696647644,-0.014137590304017067,0.23638781905174255,0.13,0.07,0.043987238743109,0.27412049661254406,0.173987238743109,0.0,False,False,True,-0.9983322620391846,0.32873252034187317,0.6854873895645142,True,30,star_exec,panda_showcase_refcorridor_star_v2_s30,/root/autodl-tmp/star_v2_storage/results/star_arm_panda/showcase_mechanism/SafetyPandaReachObstacle-v0/star_v2/panda_showcase_refcorridor_star_v2_s30/checkpoint/final.torch
STAR+Exec,900078,0,10,0.34996217489242554,0.02757437340915203,0.1807335764169693,0.3499602973461151,0.027446025982499123,0.22733357548713684,0.3499602973461151,0.027600310742855072,0.22733357548713684,0.34995797276496887,0.0275744441896677,0.28573358058929443,3.3213547112609376e-07,1.0,1.3748766605203855e-06,1.998382322199177e-05,0.5354727506637573,0.21935629844665527,0.2566889226436615,0.5185362696647644,-0.014137590304017067,0.23638781905174255,0.13,0.07,0.05053681117422809,0.26840194596214095,0.1805368111742281,0.0,False,False,True,-0.20762892067432404,0.7635993957519531,0.8535860776901245,True,30,star_exec,panda_showcase_refcorridor_star_v2_s30,/root/autodl-tmp/star_v2_storage/results/star_arm_panda/showcase_mechanism/SafetyPandaReachObstacle-v0/star_v2/panda_showcase_refcorridor_star_v2_s30/checkpoint/final.torch
STAR+Exec,900078,0,11,0.3499775826931,0.050459276884794235,0.2061561495065689,0.3499757647514343,0.05033086612820625,0.25275614857673645,0.3499757647514343,0.050485122948884964,0.25275614857673645,0.34997349977493286,0.05045917257666588,0.31115615367889404,-4.993089532945305e-07,1.0,1.7500816511528683e-06,1.9536340914783068e-05,0.5354727506637573,0.21935629844665527,0.2566889226436615,0.5185362696647644,-0.014137590304017067,0.23638781905174255,0.13,0.07,0.06538795518279311,0.2567155828229044,0.19538795518279312,0.0,False,False,True,0.02198699302971363,0.887547492980957,0.8058584928512573,True,30,star_exec,panda_showcase_refcorridor_star_v2_s30,/root/autodl-tmp/star_v2_storage/results/star_arm_panda/showcase_mechanism/SafetyPandaReachObstacle-v0/star_v2/panda_showcase_refcorridor_star_v2_s30/checkpoint/final.torch
STAR+Exec,900078,0,12,0.3506263494491577,0.07706857472658157,0.23021437227725983,0.350625216960907,0.07694259285926819,0.27681437134742737,0.350625216960907,0.07709668576717377,0.27681437134742737,0.3506237864494324,0.07706838101148605,0.33521437644958496,-9.720722573547391e-07,1.0,1.3297780014909222e-06,1.2132568372180685e-05,0.5354727506637573,0.21935629844665527,0.2566889226436615,0.5185362696647644,-0.014137590304017067,0.23638781905174255,0.13,0.07,0.08512744982975226,0.24613256167068293,0.21512744982975227,0.0,False,False,True,-0.6837711334228516,0.8016332983970642,0.4968220591545105,True,30,star_exec,panda_showcase_refcorridor_star_v2_s30,/root/autodl-tmp/star_v2_storage/results/star_arm_panda/showcase_mechanism/SafetyPandaReachObstacle-v0/star_v2/panda_showcase_refcorridor_star_v2_s30/checkpoint/final.torch
STAR+Exec,900078,0,13,0.3499978184700012,0.10110216587781906,0.24503198266029358,0.34999698400497437,0.10097619891166687,0.2916319668292999,0.34999698400497437,0.10113028436899185,0.2916319668292999,0.3499959409236908,0.10110193490982056,0.3500319719314575,-1.081196273844398e-06,1.0,1.2403033906593919e-06,8.91474792297231e-06,0.5354727506637573,0.21935629844665527,0.2566889226436615,0.5185362696647644,-0.014137590304017067,0.23638781905174255,0.13,0.07,0.10366853461133338,0.23895327220441787,0.23366853461133338,0.0,False,False,True,-0.3036339581012726,0.9789078235626221,0.7817384600639343,True,30,star_exec,panda_showcase_refcorridor_star_v2_s30,/root/autodl-tmp/star_v2_storage/results/star_arm_panda/showcase_mechanism/SafetyPandaReachObstacle-v0/star_v2/panda_showcase_refcorridor_star_v2_s30/checkpoint/final.torch
STAR+Exec,900078,0,14,0.34999850392341614,0.13045383989810944,0.26840004324913025,0.34999769926071167,0.13032782077789307,0.3150000274181366,0.34999772906303406,0.13048191368579865,0.315000057220459,0.3499967157840729,0.13045349717140198,0.3734000325202942,-1.6541979448447819e-06,1.0,1.2259221193744452e-06,8.394722499360796e-06,0.5354727506637573,0.21935629844665527,0.2566889226436615,0.5185362696647644,-0.014137590304017067,0.23638781905174255,0.13,0.07,0.13093008726319538,0.2364879505554406,0.2609300872631954,0.0,False,False,True,-0.9842867851257324,0.9269725680351257,-0.5159067511558533,True,30,star_exec,panda_showcase_refcorridor_star_v2_s30,/root/autodl-tmp/star_v2_storage/results/star_arm_panda/showcase_mechanism/SafetyPandaReachObstacle-v0/star_v2/panda_showcase_refcorridor_star_v2_s30/checkpoint/final.torch
STAR+Exec,900078,0,15,0.35001125931739807,0.15826545655727386,0.2530096173286438,0.35001203417778015,0.1581399142742157,0.29960963129997253,0.35001203417778015,0.15829400718212128,0.29960963129997253,0.35001298785209656,0.15826623141765594,0.35800960659980774,3.6333633488538908e-06,1.0,3.0740827128283854e-07,-8.300463377963752e-06,0.5354727506637573,0.21935629844665527,0.2566889226436615,0.5185362696647644,-0.014137590304017067,0.23638781905174255,0.13,0.07,0.14002783831215804,0.21998454697797837,0.27002783831215804,0.0,False,False,True,0.992530345916748,0.9796483516693115,-0.8908635377883911,True,30,star_exec,panda_showcase_refcorridor_star_v2_s30,/root/autodl-tmp/star_v2_storage/results/star_arm_panda/showcase_mechanism/SafetyPandaReachObstacle-v0/star_v2/panda_showcase_refcorridor_star_v2_s30/checkpoint/final.torch
STAR+Exec,900078,0,16,0.37979036569595337,0.18766382336616516,0.22636842727661133,0.3797912895679474,0.18753831088542938,0.27296844124794006,0.3797912895679474,0.18769241869449615,0.27296844124794006,0.3797924220561981,0.18766464293003082,0.33136841654777527,3.857001502183266e-06,1.0,-6.873787015138078e-07,-9.756768122315407e-06,0.5354727506637573,0.21935629844665527,0.2566889226436615,0.5185362696647644,-0.014137590304017067,0.23638781905174255,0.13,0.07,0.1326695842464093,0.17554985774564608,0.2626695842464093,0.0,False,False,True,0.7176018357276917,0.9208680391311646,-0.751982569694519,True,30,star_exec,panda_showcase_refcorridor_star_v2_s30,/root/autodl-tmp/star_v2_storage/results/star_arm_panda/showcase_mechanism/SafetyPandaReachObstacle-v0/star_v2/panda_showcase_refcorridor_star_v2_s30/checkpoint/final.torch
STAR+Exec,900078,0,17,0.401247501373291,0.2152494639158249,0.2038295418024063,0.40124785900115967,0.21512378752231598,0.25042954087257385,0.40124785900115967,0.21527788043022156,0.25042954087257385,0.40124836564064026,0.21524986624717712,0.30882954597473145,1.92306151802768e-06,1.0,-5.113572498771646e-08,-4.030631316709332e-06,0.5354727506637573,0.21935629844665527,0.2566889226436615,0.5185362696647644,-0.014137590304017067,0.23638781905174255,0.13,0.07,0.13762447842636338,0.1440544790056713,0.2676244784263634,0.0,False,False,True,0.9887071251869202,0.8454532623291016,-0.9030358791351318,True,30,star_exec,panda_showcase_refcorridor_star_v2_s30,/root/autodl-tmp/star_v2_storage/results/star_arm_panda/showcase_mechanism/SafetyPandaReachObstacle-v0/star_v2/panda_showcase_refcorridor_star_v2_s30/checkpoint/final.torch
STAR+Exec,900078,0,18,0.4308420419692993,0.24057269096374512,0.17670610547065735,0.43084171414375305,0.24044665694236755,0.22330611944198608,0.43084171414375305,0.24060073494911194,0.22330611944198608,0.43084126710891724,0.24057230353355408,0.2817060947418213,-1.8077396362059517e-06,1.0,7.238399035713883e-08,3.6381929930939805e-06,0.5354727506637573,0.21935629844665527,0.2566889226436615,0.5185362696647644,-0.014137590304017067,0.23638781905174255,0.13,0.07,0.1431689762830669,0.1096527479022894,0.2731689762830669,0.0,False,False,True,0.99575275182724,0.11559352278709412,0.8703892230987549,True,30,star_exec,panda_showcase_refcorridor_star_v2_s30,/root/autodl-tmp/star_v2_storage/results/star_arm_panda/showcase_mechanism/SafetyPandaReachObstacle-v0/star_v2/panda_showcase_refcorridor_star_v2_s30/checkpoint/final.torch
STAR+Exec,900078,0,19,0.46064791083335876,0.2440030425786972,0.20278295874595642,0.4606475532054901,0.24387699365615845,0.24938297271728516,0.4606475532054901,0.24403110146522522,0.24938297271728516,0.4606471061706543,0.24400265514850616,0.30778294801712036,-1.9271676592325093e-06,1.0,-5.7844222745018214e-09,3.7989934753568377e-06,0.5354727506637573,0.21935629844665527,0.2566889226436615,0.5185362696647644,-0.014137590304017067,0.23638781905174255,0.13,0.07,0.14401606889436186,0.09389845260358004,0.27401606889436186,0.0,False,False,True,0.993074893951416,-0.364904522895813,-0.9052969217300415,True,30,star_exec,panda_showcase_refcorridor_star_v2_s30,/root/autodl-tmp/star_v2_storage/results/star_arm_panda/showcase_mechanism/SafetyPandaReachObstacle-v0/star_v2/panda_showcase_refcorridor_star_v2_s30/checkpoint/final.torch
STAR+Exec,900078,0,20,0.4903637766838074,0.23301813006401062,0.17560039460659027,0.4903634786605835,0.23289214074611664,0.2222003936767578,0.4903634786605835,0.23304623365402222,0.22220037877559662,0.49036315083503723,0.23301784694194794,0.2806003987789154,-1.354781261397875e-06,1.0,-8.363802095345818e-08,2.998700210810057e-06,0.5354727506637573,0.21935629844665527,0.2566889226436615,0.5185362696647644,-0.014137590304017067,0.23638781905174255,0.13,0.07,0.12265448143852442,0.0528514199900373,0.2526544814385244,0.0,False,False,True,0.9986801147460938,-0.4075431525707245,-0.4064280092716217,True,30,star_exec,panda_showcase_refcorridor_star_v2_s30,/root/autodl-tmp/star_v2_storage/results/star_arm_panda/showcase_mechanism/SafetyPandaReachObstacle-v0/star_v2/panda_showcase_refcorridor_star_v2_s30/checkpoint/final.torch
