task,method,run_name,step,rho_corridor,rho_current,corridor_risk_lift,lift_positive_rate,effective_beta,shadow_excess,reference_age
SafetyCarButton1-v0,current_only_v2,starv2_core_100k_SafetyCarButton1_v0_selected_current_only_v2_current_only_v2_s10,100000,0.6230506896972656,0.6230506896972656,5.529727786779404e-10,1.0,1.0,0.19217008352279663,
SafetyCarButton1-v0,current_only_v2,starv2_core_100k_SafetyCarButton1_v0_selected_current_only_v2_current_only_v2_s10,105000,0.6009529232978821,0.6009529232978821,2.3283064365386963e-10,1.0,1.0,0.17026838660240173,
SafetyCarButton1-v0,current_only_v2,starv2_core_100k_SafetyCarButton1_v0_selected_current_only_v2_current_only_v2_s10,110000,0.6241955161094666,0.6241955161094666,-9.604264050722122e-10,0.0,1.0,0.1949588656425476,
SafetyCarButton1-v0,current_only_v2,starv2_core_100k_SafetyCarButton1_v0_selected_current_only_v2_current_only_v2_s10,115000,0.612241268157959,0.612241268157959,-4.656612873077393e-10,0.0,1.0,0.18165788054466248,
SafetyCarButton1-v0,current_only_v2,starv2_core_100k_SafetyCarButton1_v0_selected_current_only_v2_current_only_v2_s10,120000,0.6199352145195007,0.6199352145195007,-1.7462298274040222e-10,0.0,1.0,0.17974168062210083,
SafetyCarButton1-v0,current_only_v2,starv2_core_100k_SafetyCarButton1_v0_selected_current_only_v2_current_only_v2_s10,125000,0.6210604310035706,0.6210604310035706,-4.656612873077393e-10,0.0,1.0,0.1876067817211151,
SafetyCarButton1-v0,current_only_v2,starv2_core_100k_SafetyCarButton1_v0_selected_current_only_v2_current_only_v2_s10,130000,0.6132171154022217,0.6132171154022217,-9.313225746154785e-10,0.0,1.0,0.16874738037586212,
SafetyCarButton1-v0,current_only_v2,starv2_core_100k_SafetyCarButton1_v0_selected_current_only_v2_current_only_v2_s10,135000,0.6188777685165405,0.6188777089118958,1.1641532182693481e-10,1.0,1.0,0.18109740316867828,
SafetyCarButton1-v0,current_only_v2,starv2_core_100k_SafetyCarButton1_v0_selected_current_only_v2_current_only_v2_s10,140000,0.6675546169281006,0.6675546169281006,5.820766091346741e-11,1.0,1.0,0.2148423194885254,
SafetyCarButton1-v0,current_only_v2,starv2_core_100k_SafetyCarButton1_v0_selected_current_only_v2_current_only_v2_s10,145000,0.6504424810409546,0.6504424810409546,-2.3283064365386963e-10,0.0,1.0,0.20551490783691406,
SafetyCarButton1-v0,current_only_v2,starv2_core_100k_SafetyCarButton1_v0_selected_current_only_v2_current_only_v2_s10,150000,0.6337310075759888,0.6337310075759888,5.820766091346741e-11,1.0,1.0,0.19204182922840118,
SafetyCarButton1-v0,current_only_v2,starv2_core_100k_SafetyCarButton1_v0_selected_current_only_v2_current_only_v2_s10,155000,0.6641536951065063,0.6641536951065063,6.984919309616089e-10,1.0,1.0,0.21768367290496826,
SafetyCarButton1-v0,current_only_v2,starv2_core_100k_SafetyCarButton1_v0_selected_current_only_v2_current_only_v2_s10,160000,0.6463795900344849,0.6463795900344849,-5.820766091346741e-11,0.0,1.0,0.1993495523929596,
SafetyCarButton1-v0,current_only_v2,starv2_core_100k_SafetyCarButton1_v0_selected_current_only_v2_current_only_v2_s10,165000,0.6366806030273438,0.6366806030273438,-3.4924596548080444e-10,0.0,1.0,0.18966832756996155,
SafetyCarButton1-v0,current_only_v2,starv2_core_100k_SafetyCarButton1_v0_selected_current_only_v2_current_only_v2_s10,170000,0.6490294337272644,0.6490294337272644,-1.6298145055770874e-09,0.0,1.0,0.206187903881073,
SafetyCarButton1-v0,current_only_v2,starv2_core_100k_SafetyCarButton1_v0_selected_current_only_v2_current_only_v2_s10,175000,0.6211774349212646,0.6211774349212646,0.0,0.0,1.0,0.17968887090682983,
SafetyCarButton1-v0,current_only_v2,starv2_core_100k_SafetyCarButton1_v0_selected_current_only_v2_current_only_v2_s10,180000,0.6451149582862854,0.6451149582862854,-1.1641532182693481e-10,0.0,1.0,0.1935730278491974,
SafetyCarButton1-v0,current_only_v2,starv2_core_100k_SafetyCarButton1_v0_selected_current_only_v2_current_only_v2_s10,185000,0.6648974418640137,0.6648974418640137,4.656612873077393e-10,1.0,1.0,0.2063421905040741,
SafetyCarButton1-v0,current_only_v2,starv2_core_100k_SafetyCarButton1_v0_selected_current_only_v2_current_only_v2_s10,190000,0.6719529628753662,0.6719529628753662,4.3655745685100555e-10,1.0,1.0,0.20764507353305817,
SafetyCarButton1-v0,current_only_v2,starv2_core_100k_SafetyCarButton1_v0_selected_current_only_v2_current_only_v2_s10,195000,0.6563937664031982,0.6563937664031982,5.820766091346741e-10,1.0,1.0,0.2028326690196991,
SafetyCarButton1-v0,current_only_v2,starv2_core_100k_SafetyCarButton1_v0_selected_current_only_v2_current_only_v2_s10,200000,0.6731342077255249,0.6731342077255249,1.0477378964424133e-09,1.0,1.0,0.21393582224845886,
SafetyCarButton1-v0,current_only_v2,starv2_core_100k_SafetyCarButton1_v0_selected_current_only_v2_current_only_v2_s10,205000,0.687263548374176,0.687263548374176,-2.3283064365386963e-10,0.0,1.0,0.22713419795036316,
SafetyCarButton1-v0,current_only_v2,starv2_core_100k_SafetyCarButton1_v0_selected_current_only_v2_current_only_v2_s10,210000,0.6660934090614319,0.6660934090614319,4.656612873077393e-10,1.0,1.0,0.2099834382534027,
SafetyCarButton1-v0,current_only_v2,starv2_core_100k_SafetyCarButton1_v0_selected_current_only_v2_current_only_v2_s10,215000,0.6673715114593506,0.6673715114593506,1.0477378964424133e-09,1.0,1.0,0.2080097198486328,
SafetyCarButton1-v0,current_only_v2,starv2_core_100k_SafetyCarButton1_v0_selected_current_only_v2_current_only_v2_s10,220000,0.6664045453071594,0.6664045453071594,6.402842700481415e-10,1.0,1.0,0.20360687375068665,
SafetyCarButton1-v0,current_only_v2,starv2_core_100k_SafetyCarButton1_v0_selected_current_only_v2_current_only_v2_s10,225000,0.6699588298797607,0.6699588298797607,-3.4924596548080444e-10,0.0,1.0,0.21514001488685608,
SafetyCarButton1-v0,current_only_v2,starv2_core_100k_SafetyCarButton1_v0_selected_current_only_v2_current_only_v2_s10,230000,0.698345422744751,0.698345422744751,2.3283064365386963e-10,1.0,1.0,0.2292357087135315,
SafetyCarButton1-v0,current_only_v2,starv2_core_100k_SafetyCarButton1_v0_selected_current_only_v2_current_only_v2_s10,235000,0.6881195306777954,0.6881195306777954,-1.1641532182693481e-09,0.0,1.0,0.22026950120925903,
SafetyCarButton1-v0,current_only_v2,starv2_core_100k_SafetyCarButton1_v0_selected_current_only_v2_current_only_v2_s10,240000,0.6778320074081421,0.6778320074081421,1.1641532182693481e-10,1.0,1.0,0.21157637238502502,
SafetyCarButton1-v0,current_only_v2,starv2_core_100k_SafetyCarButton1_v0_selected_current_only_v2_current_only_v2_s10,245000,0.6622908115386963,0.6622908115386963,3.4924596548080444e-10,1.0,1.0,0.20480507612228394,
SafetyCarButton1-v0,current_only_v2,starv2_core_100k_SafetyCarButton1_v0_selected_current_only_v2_current_only_v2_s10,250000,0.6513923406600952,0.6513923406600952,5.820766091346741e-10,1.0,1.0,0.19335398077964783,
SafetyCarButton1-v0,current_only_v2,starv2_core_100k_SafetyCarButton1_v0_selected_current_only_v2_current_only_v2_s10,255000,0.7177854776382446,0.7177854776382446,-1.0477378964424133e-09,0.0,1.0,0.2523481249809265,
SafetyCarButton1-v0,current_only_v2,starv2_core_100k_SafetyCarButton1_v0_selected_current_only_v2_current_only_v2_s10,260000,0.6805518865585327,0.6805518865585327,-9.313225746154785e-10,0.0,1.0,0.22495734691619873,
SafetyCarButton1-v0,current_only_v2,starv2_core_100k_SafetyCarButton1_v0_selected_current_only_v2_current_only_v2_s10,265000,0.6608449220657349,0.6608449220657349,3.4924596548080444e-10,1.0,1.0,0.20158079266548157,
SafetyCarButton1-v0,current_only_v2,starv2_core_100k_SafetyCarButton1_v0_selected_current_only_v2_current_only_v2_s10,270000,0.6988816857337952,0.6988816857337952,1.1350493878126144e-09,1.0,1.0,0.2263980507850647,
SafetyCarButton1-v0,current_only_v2,starv2_core_100k_SafetyCarButton1_v0_selected_current_only_v2_current_only_v2_s10,275000,0.6931576728820801,0.6931576728820801,-5.529727786779404e-10,0.0,1.0,0.22495469450950623,
SafetyCarButton1-v0,current_only_v2,starv2_core_100k_SafetyCarButton1_v0_selected_current_only_v2_current_only_v2_s10,280000,0.701407790184021,0.701407790184021,-4.656612873077393e-10,0.0,1.0,0.23304800689220428,
SafetyCarButton1-v0,current_only_v2,starv2_core_100k_SafetyCarButton1_v0_selected_current_only_v2_current_only_v2_s10,285000,0.6905683279037476,0.6905683279037476,-4.656612873077393e-10,0.0,1.0,0.21637967228889465,
SafetyCarButton1-v0,current_only_v2,starv2_core_100k_SafetyCarButton1_v0_selected_current_only_v2_current_only_v2_s10,290000,0.6832020878791809,0.6832020878791809,-6.984919309616089e-10,0.0,1.0,0.216891348361969,
SafetyCarButton1-v0,current_only_v2,starv2_core_100k_SafetyCarButton1_v0_selected_current_only_v2_current_only_v2_s10,295000,0.7064687609672546,0.7064687609672546,-4.656612873077393e-10,0.0,1.0,0.22828249633312225,
SafetyCarButton1-v0,current_only_v2,starv2_core_100k_SafetyCarButton1_v0_selected_current_only_v2_current_only_v2_s11,100000,0.6730994582176208,0.6730994582176208,-1.3969838619232178e-09,0.0,1.0,0.21784557402133942,
SafetyCarButton1-v0,current_only_v2,starv2_core_100k_SafetyCarButton1_v0_selected_current_only_v2_current_only_v2_s11,105000,0.66600501537323,0.66600501537323,-4.656612873077393e-10,0.0,1.0,0.20505549013614655,
SafetyCarButton1-v0,current_only_v2,starv2_core_100k_SafetyCarButton1_v0_selected_current_only_v2_current_only_v2_s11,110000,0.658657431602478,0.658657431602478,1.7462298274040222e-10,1.0,1.0,0.20982806384563446,
SafetyCarButton1-v0,current_only_v2,starv2_core_100k_SafetyCarButton1_v0_selected_current_only_v2_current_only_v2_s11,115000,0.6853972673416138,0.6853972673416138,-1.0477378964424133e-09,0.0,1.0,0.2207469791173935,
SafetyCarButton1-v0,current_only_v2,starv2_core_100k_SafetyCarButton1_v0_selected_current_only_v2_current_only_v2_s11,120000,0.6696274876594543,0.6696274876594543,5.820766091346741e-10,1.0,1.0,0.2073996663093567,
SafetyCarButton1-v0,current_only_v2,starv2_core_100k_SafetyCarButton1_v0_selected_current_only_v2_current_only_v2_s11,125000,0.6341663599014282,0.6341663599014282,-8.149072527885437e-10,0.0,1.0,0.1880306899547577,
SafetyCarButton1-v0,current_only_v2,starv2_core_100k_SafetyCarButton1_v0_selected_current_only_v2_current_only_v2_s11,130000,0.667107343673706,0.667107343673706,-6.984919309616089e-10,0.0,1.0,0.20762892067432404,
SafetyCarButton1-v0,current_only_v2,starv2_core_100k_SafetyCarButton1_v0_selected_current_only_v2_current_only_v2_s11,135000,0.6865550875663757,0.6865550875663757,-1.1641532182693481e-10,0.0,1.0,0.2187579870223999,
SafetyCarButton1-v0,current_only_v2,starv2_core_100k_SafetyCarButton1_v0_selected_current_only_v2_current_only_v2_s11,140000,0.6388592720031738,0.6388592720031738,5.820766091346741e-11,1.0,1.0,0.1851094365119934,
SafetyCarButton1-v0,current_only_v2,starv2_core_100k_SafetyCarButton1_v0_selected_current_only_v2_current_only_v2_s11,145000,0.6522760391235352,0.6522760391235352,2.3283064365386963e-10,1.0,1.0,0.18623888492584229,
SafetyCarButton1-v0,current_only_v2,starv2_core_100k_SafetyCarButton1_v0_selected_current_only_v2_current_only_v2_s11,150000,0.6717755794525146,0.6717755794525146,5.820766091346741e-10,1.0,1.0,0.20701657235622406,
SafetyCarButton1-v0,current_only_v2,starv2_core_100k_SafetyCarButton1_v0_selected_current_only_v2_current_only_v2_s11,155000,0.6829807162284851,0.6829807162284851,8.149072527885437e-10,1.0,1.0,0.21303991973400116,
SafetyCarButton1-v0,current_only_v2,starv2_core_100k_SafetyCarButton1_v0_selected_current_only_v2_current_only_v2_s11,160000,0.6704801321029663,0.6704801321029663,-9.313225746154785e-10,0.0,1.0,0.20704306662082672,
SafetyCarButton1-v0,current_only_v2,starv2_core_100k_SafetyCarButton1_v0_selected_current_only_v2_current_only_v2_s11,165000,0.69517982006073,0.69517982006073,2.3283064365386963e-10,1.0,1.0,0.21788069605827332,
SafetyCarButton1-v0,current_only_v2,starv2_core_100k_SafetyCarButton1_v0_selected_current_only_v2_current_only_v2_s11,170000,0.692902147769928,0.692902147769928,8.149072527885437e-10,1.0,1.0,0.21593120694160461,
SafetyCarButton1-v0,current_only_v2,starv2_core_100k_SafetyCarButton1_v0_selected_current_only_v2_current_only_v2_s11,175000,0.6807633638381958,0.6807633638381958,-2.3283064365386963e-10,0.0,1.0,0.21316704154014587,
SafetyCarButton1-v0,current_only_v2,starv2_core_100k_SafetyCarButton1_v0_selected_current_only_v2_current_only_v2_s11,180000,0.6641656160354614,0.6641656160354614,-1.280568540096283e-09,0.0,1.0,0.19590352475643158,
SafetyCarButton1-v0,current_only_v2,starv2_core_100k_SafetyCarButton1_v0_selected_current_only_v2_current_only_v2_s11,185000,0.6499781608581543,0.6499781608581543,8.149072527885437e-10,1.0,1.0,0.18055537343025208,
SafetyCarButton1-v0,current_only_v2,starv2_core_100k_SafetyCarButton1_v0_selected_current_only_v2_current_only_v2_s11,190000,0.6569243669509888,0.6569243669509888,-9.313225746154785e-10,0.0,1.0,0.1914626955986023,
SafetyCarButton1-v0,current_only_v2,starv2_core_100k_SafetyCarButton1_v0_selected_current_only_v2_current_only_v2_s11,195000,0.7256796360015869,0.7256796360015869,1.6298145055770874e-09,1.0,1.0,0.24735963344573975,
SafetyCarButton1-v0,current_only_v2,starv2_core_100k_SafetyCarButton1_v0_selected_current_only_v2_current_only_v2_s11,200000,0.6741292476654053,0.6741292476654053,-2.3283064365386963e-09,0.0,1.0,0.20818927884101868,
SafetyCarButton1-v0,current_only_v2,starv2_core_100k_SafetyCarButton1_v0_selected_current_only_v2_current_only_v2_s11,205000,0.680641770362854,0.680641770362854,5.820766091346741e-10,1.0,1.0,0.2046436220407486,
SafetyCarButton1-v0,current_only_v2,starv2_core_100k_SafetyCarButton1_v0_selected_current_only_v2_current_only_v2_s11,210000,0.6846956014633179,0.6846956014633179,0.0,0.0,1.0,0.21482343971729279,
SafetyCarButton1-v0,current_only_v2,starv2_core_100k_SafetyCarButton1_v0_selected_current_only_v2_current_only_v2_s11,215000,0.6978846192359924,0.6978846192359924,-9.313225746154785e-10,0.0,1.0,0.22180628776550293,
SafetyCarButton1-v0,current_only_v2,starv2_core_100k_SafetyCarButton1_v0_selected_current_only_v2_current_only_v2_s11,220000,0.7075655460357666,0.7075655460357666,-1.1641532182693481e-10,0.0,1.0,0.23311951756477356,
SafetyCarButton1-v0,current_only_v2,starv2_core_100k_SafetyCarButton1_v0_selected_current_only_v2_current_only_v2_s11,225000,0.6952602863311768,0.6952602863311768,5.820766091346741e-11,1.0,1.0,0.2215307652950287,
SafetyCarButton1-v0,current_only_v2,starv2_core_100k_SafetyCarButton1_v0_selected_current_only_v2_current_only_v2_s11,230000,0.7035537958145142,0.7035537958145142,-1.280568540096283e-09,0.0,1.0,0.22988608479499817,
SafetyCarButton1-v0,current_only_v2,starv2_core_100k_SafetyCarButton1_v0_selected_current_only_v2_current_only_v2_s11,235000,0.6623930335044861,0.6623930335044861,2.3283064365386963e-10,1.0,1.0,0.19336837530136108,
SafetyCarButton1-v0,current_only_v2,starv2_core_100k_SafetyCarButton1_v0_selected_current_only_v2_current_only_v2_s11,240000,0.6634297370910645,0.6634297370910645,-9.313225746154785e-10,0.0,1.0,0.19618076086044312,
SafetyCarButton1-v0,current_only_v2,starv2_core_100k_SafetyCarButton1_v0_selected_current_only_v2_current_only_v2_s11,245000,0.6852457523345947,0.6852457523345947,-4.656612873077393e-10,0.0,1.0,0.21738725900650024,
SafetyCarButton1-v0,current_only_v2,starv2_core_100k_SafetyCarButton1_v0_selected_current_only_v2_current_only_v2_s11,250000,0.7295857667922974,0.7295857667922974,6.984919309616089e-10,1.0,1.0,0.24810758233070374,
SafetyCarButton1-v0,current_only_v2,starv2_core_100k_SafetyCarButton1_v0_selected_current_only_v2_current_only_v2_s11,255000,0.7068016529083252,0.7068016529083252,4.656612873077393e-10,1.0,1.0,0.2336018681526184,
SafetyCarButton1-v0,current_only_v2,starv2_core_100k_SafetyCarButton1_v0_selected_current_only_v2_current_only_v2_s11,260000,0.6952375173568726,0.6952375173568726,1.1059455573558807e-09,1.0,1.0,0.22266332805156708,
SafetyCarButton1-v0,current_only_v2,starv2_core_100k_SafetyCarButton1_v0_selected_current_only_v2_current_only_v2_s11,265000,0.6751095056533813,0.6751095056533813,-1.0477378964424133e-09,0.0,1.0,0.2040969580411911,
SafetyCarButton1-v0,current_only_v2,starv2_core_100k_SafetyCarButton1_v0_selected_current_only_v2_current_only_v2_s11,270000,0.7047923803329468,0.7047924399375916,-1.1641532182693481e-10,0.0,1.0,0.23262643814086914,
SafetyCarButton1-v0,current_only_v2,starv2_core_100k_SafetyCarButton1_v0_selected_current_only_v2_current_only_v2_s11,275000,0.6803079843521118,0.6803079843521118,-6.984919309616089e-10,0.0,1.0,0.21050789952278137,
SafetyCarButton1-v0,current_only_v2,starv2_core_100k_SafetyCarButton1_v0_selected_current_only_v2_current_only_v2_s11,280000,0.6839074492454529,0.6839074492454529,1.280568540096283e-09,1.0,1.0,0.20945243537425995,
SafetyCarButton1-v0,current_only_v2,starv2_core_100k_SafetyCarButton1_v0_selected_current_only_v2_current_only_v2_s11,285000,0.6854240894317627,0.6854240894317627,5.820766091346741e-10,1.0,1.0,0.20867237448692322,
SafetyCarButton1-v0,current_only_v2,starv2_core_100k_SafetyCarButton1_v0_selected_current_only_v2_current_only_v2_s11,290000,0.6825404167175293,0.6825404167175293,-5.820766091346741e-11,0.0,1.0,0.20394790172576904,
SafetyCarButton1-v0,current_only_v2,starv2_core_100k_SafetyCarButton1_v0_selected_current_only_v2_current_only_v2_s11,295000,0.6975539922714233,0.6975539922714233,-9.313225746154785e-10,0.0,1.0,0.22333362698554993,
SafetyCarButton1-v0,current_only_v2,starv2_core_100k_SafetyCarButton1_v0_selected_current_only_v2_current_only_v2_s12,100000,0.6109189987182617,0.6109189987182617,1.9208528101444244e-09,1.0,1.0,0.17811071872711182,
SafetyCarButton1-v0,current_only_v2,starv2_core_100k_SafetyCarButton1_v0_selected_current_only_v2_current_only_v2_s12,105000,0.6421109437942505,0.6421109437942505,1.5133991837501526e-09,1.0,1.0,0.1963370442390442,
SafetyCarButton1-v0,current_only_v2,starv2_core_100k_SafetyCarButton1_v0_selected_current_only_v2_current_only_v2_s12,110000,0.6385247707366943,0.6385247707366943,1.3969838619232178e-09,1.0,1.0,0.195631206035614,
SafetyCarButton1-v0,current_only_v2,starv2_core_100k_SafetyCarButton1_v0_selected_current_only_v2_current_only_v2_s12,115000,0.6604820489883423,0.6604820489883423,-2.6193447411060333e-10,0.0,1.0,0.20360645651817322,
SafetyCarButton1-v0,current_only_v2,starv2_core_100k_SafetyCarButton1_v0_selected_current_only_v2_current_only_v2_s12,120000,0.6739243865013123,0.6739243865013123,9.89530235528946e-10,1.0,1.0,0.2111792117357254,
SafetyCarButton1-v0,current_only_v2,starv2_core_100k_SafetyCarButton1_v0_selected_current_only_v2_current_only_v2_s12,125000,0.6352078914642334,0.6352078914642334,-3.4924596548080444e-10,0.0,1.0,0.17622312903404236,
SafetyCarButton1-v0,current_only_v2,starv2_core_100k_SafetyCarButton1_v0_selected_current_only_v2_current_only_v2_s12,130000,0.639933705329895,0.639933705329895,-9.313225746154785e-10,0.0,1.0,0.18821094930171967,
SafetyCarButton1-v0,current_only_v2,starv2_core_100k_SafetyCarButton1_v0_selected_current_only_v2_current_only_v2_s12,135000,0.6436439156532288,0.6436439156532288,-1.7462298274040222e-09,0.0,1.0,0.1860887110233307,
SafetyCarButton1-v0,current_only_v2,starv2_core_100k_SafetyCarButton1_v0_selected_current_only_v2_current_only_v2_s12,140000,0.6850990056991577,0.6850990056991577,-1.1641532182693481e-10,0.0,1.0,0.21639394760131836,
SafetyCarButton1-v0,current_only_v2,starv2_core_100k_SafetyCarButton1_v0_selected_current_only_v2_current_only_v2_s12,145000,0.6876733303070068,0.6876733303070068,8.149072527885437e-10,1.0,1.0,0.21959389746189117,
SafetyCarButton1-v0,current_only_v2,starv2_core_100k_SafetyCarButton1_v0_selected_current_only_v2_current_only_v2_s12,150000,0.6672342419624329,0.6672342419624329,-4.656612873077393e-10,0.0,1.0,0.20724588632583618,
SafetyCarButton1-v0,current_only_v2,starv2_core_100k_SafetyCarButton1_v0_selected_current_only_v2_current_only_v2_s12,155000,0.6676986217498779,0.6676986217498779,-4.656612873077393e-10,0.0,1.0,0.1979561746120453,
SafetyCarButton1-v0,current_only_v2,starv2_core_100k_SafetyCarButton1_v0_selected_current_only_v2_current_only_v2_s12,160000,0.6804200410842896,0.6804200410842896,-1.0477378964424133e-09,0.0,1.0,0.2116679847240448,
SafetyCarButton1-v0,current_only_v2,starv2_core_100k_SafetyCarButton1_v0_selected_current_only_v2_current_only_v2_s12,165000,0.7097196578979492,0.7097196578979492,1.0477378964424133e-09,1.0,1.0,0.2303353250026703,
SafetyCarButton1-v0,current_only_v2,starv2_core_100k_SafetyCarButton1_v0_selected_current_only_v2_current_only_v2_s12,170000,0.6984646320343018,0.6984646320343018,-2.0954757928848267e-09,0.0,1.0,0.22433564066886902,
SafetyCarButton1-v0,current_only_v2,starv2_core_100k_SafetyCarButton1_v0_selected_current_only_v2_current_only_v2_s12,175000,0.6685734391212463,0.6685734391212463,-2.2118911147117615e-09,0.0,1.0,0.20240110158920288,
SafetyCarButton1-v0,current_only_v2,starv2_core_100k_SafetyCarButton1_v0_selected_current_only_v2_current_only_v2_s12,180000,0.6857496500015259,0.6857496500015259,1.280568540096283e-09,1.0,1.0,0.21415120363235474,
SafetyCarButton1-v0,current_only_v2,starv2_core_100k_SafetyCarButton1_v0_selected_current_only_v2_current_only_v2_s12,185000,0.6770444512367249,0.6770444512367249,-3.4924596548080444e-10,0.0,1.0,0.20810958743095398,
SafetyCarButton1-v0,current_only_v2,starv2_core_100k_SafetyCarButton1_v0_selected_current_only_v2_current_only_v2_s12,190000,0.6970490217208862,0.6970490217208862,1.3969838619232178e-09,1.0,1.0,0.22348850965499878,
SafetyCarButton1-v0,current_only_v2,starv2_core_100k_SafetyCarButton1_v0_selected_current_only_v2_current_only_v2_s12,195000,0.6903194189071655,0.6903194189071655,1.0477378964424133e-09,1.0,1.0,0.21741819381713867,
SafetyCarButton1-v0,current_only_v2,starv2_core_100k_SafetyCarButton1_v0_selected_current_only_v2_current_only_v2_s12,200000,0.676138162612915,0.676138162612915,-3.4924596548080444e-10,0.0,1.0,0.2142220437526703,
SafetyCarButton1-v0,current_only_v2,starv2_core_100k_SafetyCarButton1_v0_selected_current_only_v2_current_only_v2_s12,205000,0.6842044591903687,0.6842044591903687,-3.4924596548080444e-10,0.0,1.0,0.21879595518112183,
SafetyCarButton1-v0,current_only_v2,starv2_core_100k_SafetyCarButton1_v0_selected_current_only_v2_current_only_v2_s12,210000,0.6691665053367615,0.6691665053367615,-5.820766091346741e-10,0.0,1.0,0.2062433809041977,
SafetyCarButton1-v0,current_only_v2,starv2_core_100k_SafetyCarButton1_v0_selected_current_only_v2_current_only_v2_s12,215000,0.7186154127120972,0.7186154127120972,6.984919309616089e-10,1.0,1.0,0.2401105761528015,
SafetyCarButton1-v0,current_only_v2,starv2_core_100k_SafetyCarButton1_v0_selected_current_only_v2_current_only_v2_s12,220000,0.6907413005828857,0.6907413005828857,1.3969838619232178e-09,1.0,1.0,0.2136143147945404,
SafetyCarButton1-v0,current_only_v2,starv2_core_100k_SafetyCarButton1_v0_selected_current_only_v2_current_only_v2_s12,225000,0.6952032446861267,0.6952032446861267,1.3969838619232178e-09,1.0,1.0,0.21921473741531372,
SafetyCarButton1-v0,current_only_v2,starv2_core_100k_SafetyCarButton1_v0_selected_current_only_v2_current_only_v2_s12,230000,0.6948322057723999,0.6948322057723999,1.1641532182693481e-09,1.0,1.0,0.2181435227394104,
SafetyCarButton1-v0,current_only_v2,starv2_core_100k_SafetyCarButton1_v0_selected_current_only_v2_current_only_v2_s12,235000,0.6668334007263184,0.6668334007263184,-1.1641532182693481e-10,0.0,1.0,0.20014694333076477,
SafetyCarButton1-v0,current_only_v2,starv2_core_100k_SafetyCarButton1_v0_selected_current_only_v2_current_only_v2_s12,240000,0.6808493733406067,0.6808493733406067,-5.820766091346741e-11,0.0,1.0,0.21006786823272705,
SafetyCarButton1-v0,current_only_v2,starv2_core_100k_SafetyCarButton1_v0_selected_current_only_v2_current_only_v2_s12,245000,0.68565833568573,0.68565833568573,8.149072527885437e-10,1.0,1.0,0.209712952375412,
SafetyCarButton1-v0,current_only_v2,starv2_core_100k_SafetyCarButton1_v0_selected_current_only_v2_current_only_v2_s12,250000,0.7150126695632935,0.7150126695632935,-1.1641532182693481e-09,0.0,1.0,0.24038735032081604,
SafetyCarButton1-v0,current_only_v2,starv2_core_100k_SafetyCarButton1_v0_selected_current_only_v2_current_only_v2_s12,255000,0.6783927083015442,0.6783927083015442,-1.979060471057892e-09,0.0,1.0,0.20962056517601013,
SafetyCarButton1-v0,current_only_v2,starv2_core_100k_SafetyCarButton1_v0_selected_current_only_v2_current_only_v2_s12,260000,0.7023898959159851,0.7023898959159851,-5.820766091346741e-10,0.0,1.0,0.22734400629997253,
SafetyCarButton1-v0,current_only_v2,starv2_core_100k_SafetyCarButton1_v0_selected_current_only_v2_current_only_v2_s12,265000,0.68982994556427,0.68982994556427,-1.1641532182693481e-09,0.0,1.0,0.22108153998851776,
SafetyCarButton1-v0,current_only_v2,starv2_core_100k_SafetyCarButton1_v0_selected_current_only_v2_current_only_v2_s12,270000,0.7103906869888306,0.7103906869888306,-1.3969838619232178e-09,0.0,1.0,0.2296893298625946,
SafetyCarButton1-v0,current_only_v2,starv2_core_100k_SafetyCarButton1_v0_selected_current_only_v2_current_only_v2_s12,275000,0.6974025964736938,0.6974025964736938,-2.444721758365631e-09,0.0,1.0,0.22280237078666687,
SafetyCarButton1-v0,current_only_v2,starv2_core_100k_SafetyCarButton1_v0_selected_current_only_v2_current_only_v2_s12,280000,0.6796694993972778,0.6796694993972778,1.1641532182693481e-09,1.0,1.0,0.20416802167892456,
SafetyCarButton1-v0,current_only_v2,starv2_core_100k_SafetyCarButton1_v0_selected_current_only_v2_current_only_v2_s12,285000,0.705106258392334,0.705106258392334,1.7462298274040222e-09,1.0,1.0,0.22704477608203888,
SafetyCarButton1-v0,current_only_v2,starv2_core_100k_SafetyCarButton1_v0_selected_current_only_v2_current_only_v2_s12,290000,0.6909643411636353,0.6909643411636353,4.656612873077393e-10,1.0,1.0,0.21635206043720245,
SafetyCarButton1-v0,current_only_v2,starv2_core_100k_SafetyCarButton1_v0_selected_current_only_v2_current_only_v2_s12,295000,0.6932769417762756,0.6932769417762756,1.6298145055770874e-09,1.0,1.0,0.21538127958774567,
SafetyCarButton1-v0,current_only_v2,starv2_resume_300k_SafetyCarButton1_v0_selected_current_only_v2_current_only_v2_s13,5000,5.945528507232666,5.945528507232666,1.862645149230957e-09,1.0,1.0,5.445019721984863,
SafetyCarButton1-v0,current_only_v2,starv2_resume_300k_SafetyCarButton1_v0_selected_current_only_v2_current_only_v2_s13,10000,0.46282488107681274,0.46282488107681274,-2.3283064365386963e-10,0.0,1.0,0.08562369644641876,
SafetyCarButton1-v0,current_only_v2,starv2_resume_300k_SafetyCarButton1_v0_selected_current_only_v2_current_only_v2_s13,15000,0.3039400577545166,0.3039400577545166,-4.3655745685100555e-10,0.0,1.0,0.06287805736064911,
SafetyCarButton1-v0,current_only_v2,starv2_resume_300k_SafetyCarButton1_v0_selected_current_only_v2_current_only_v2_s13,20000,0.2650070786476135,0.2650070786476135,-7.275957614183426e-11,0.0,1.0,0.05935562402009964,
SafetyCarButton1-v0,current_only_v2,starv2_resume_300k_SafetyCarButton1_v0_selected_current_only_v2_current_only_v2_s13,25000,0.26751893758773804,0.26751893758773804,-7.421476766467094e-10,0.0,1.0,0.05742402747273445,
SafetyCarButton1-v0,current_only_v2,starv2_resume_300k_SafetyCarButton1_v0_selected_current_only_v2_current_only_v2_s13,30000,0.40473058819770813,0.40473055839538574,-1.6007106751203537e-10,0.0,1.0,0.10046802461147308,
SafetyCarButton1-v0,current_only_v2,starv2_resume_300k_SafetyCarButton1_v0_selected_current_only_v2_current_only_v2_s13,35000,0.456345796585083,0.456345796585083,3.7834979593753815e-10,1.0,1.0,0.1204201951622963,
SafetyCarButton1-v0,current_only_v2,starv2_resume_300k_SafetyCarButton1_v0_selected_current_only_v2_current_only_v2_s13,40000,0.46340084075927734,0.46340084075927734,1.4551915228366852e-10,1.0,1.0,0.1053241640329361,
SafetyCarButton1-v0,current_only_v2,starv2_resume_300k_SafetyCarButton1_v0_selected_current_only_v2_current_only_v2_s13,45000,0.47848206758499146,0.47848206758499146,2.3283064365386963e-10,1.0,1.0,0.110788494348526,
SafetyCarButton1-v0,current_only_v2,starv2_resume_300k_SafetyCarButton1_v0_selected_current_only_v2_current_only_v2_s13,50000,0.5556403994560242,0.5556403994560242,-1.7462298274040222e-10,0.0,1.0,0.15079227089881897,
SafetyCarButton1-v0,current_only_v2,starv2_resume_300k_SafetyCarButton1_v0_selected_current_only_v2_current_only_v2_s13,55000,0.5704689025878906,0.5704689025878906,-2.3283064365386963e-10,0.0,1.0,0.15360018610954285,
SafetyCarButton1-v0,current_only_v2,starv2_resume_300k_SafetyCarButton1_v0_selected_current_only_v2_current_only_v2_s13,60000,0.5837192535400391,0.5837192535400391,-3.4924596548080444e-10,0.0,1.0,0.1611831933259964,
SafetyCarButton1-v0,current_only_v2,starv2_resume_300k_SafetyCarButton1_v0_selected_current_only_v2_current_only_v2_s13,65000,0.5843511819839478,0.5843511819839478,-8.440110832452774e-10,0.0,1.0,0.16427336633205414,
SafetyCarButton1-v0,current_only_v2,starv2_resume_300k_SafetyCarButton1_v0_selected_current_only_v2_current_only_v2_s13,70000,0.5902000665664673,0.5902000665664673,1.1641532182693481e-10,1.0,1.0,0.17561571300029755,
SafetyCarButton1-v0,current_only_v2,starv2_resume_300k_SafetyCarButton1_v0_selected_current_only_v2_current_only_v2_s13,75000,0.5608863830566406,0.5608863830566406,-1.7462298274040222e-10,0.0,1.0,0.1521485447883606,
SafetyCarButton1-v0,current_only_v2,starv2_resume_300k_SafetyCarButton1_v0_selected_current_only_v2_current_only_v2_s13,80000,0.6303683519363403,0.6303683519363403,-1.1059455573558807e-09,0.0,1.0,0.1947765350341797,
SafetyCarButton1-v0,current_only_v2,starv2_resume_300k_SafetyCarButton1_v0_selected_current_only_v2_current_only_v2_s13,85000,0.6263396739959717,0.6263396739959717,-3.4924596548080444e-10,0.0,1.0,0.19448937475681305,
SafetyCarButton1-v0,current_only_v2,starv2_resume_300k_SafetyCarButton1_v0_selected_current_only_v2_current_only_v2_s13,90000,0.6234027743339539,0.6234027743339539,-5.820766091346741e-11,0.0,1.0,0.18562759459018707,
SafetyCarButton1-v0,current_only_v2,starv2_resume_300k_SafetyCarButton1_v0_selected_current_only_v2_current_only_v2_s13,95000,0.6144214868545532,0.6144214868545532,-6.984919309616089e-10,0.0,1.0,0.17521779239177704,
SafetyCarButton1-v0,current_only_v2,starv2_resume_300k_SafetyCarButton1_v0_selected_current_only_v2_current_only_v2_s13,100000,0.6223541498184204,0.6223541498184204,-1.6298145055770874e-09,0.0,1.0,0.1805301308631897,
SafetyCarButton1-v0,current_only_v2,starv2_resume_300k_SafetyCarButton1_v0_selected_current_only_v2_current_only_v2_s13,105000,0.6164575815200806,0.6164575815200806,-8.149072527885437e-10,0.0,1.0,0.17737224698066711,
SafetyCarButton1-v0,current_only_v2,starv2_resume_300k_SafetyCarButton1_v0_selected_current_only_v2_current_only_v2_s13,110000,0.5821738839149475,0.5821738839149475,-6.984919309616089e-10,0.0,1.0,0.15527799725532532,
SafetyCarButton1-v0,current_only_v2,starv2_resume_300k_SafetyCarButton1_v0_selected_current_only_v2_current_only_v2_s13,115000,0.5841943025588989,0.5841943025588989,-1.1641532182693481e-09,0.0,1.0,0.1636086404323578,
SafetyCarButton1-v0,current_only_v2,starv2_resume_300k_SafetyCarButton1_v0_selected_current_only_v2_current_only_v2_s13,120000,0.6048233509063721,0.6048233509063721,-3.4924596548080444e-10,0.0,1.0,0.17968232929706573,
SafetyCarButton1-v0,current_only_v2,starv2_resume_300k_SafetyCarButton1_v0_selected_current_only_v2_current_only_v2_s13,125000,0.5994583368301392,0.5994583368301392,-1.3969838619232178e-09,0.0,1.0,0.16661523282527924,
SafetyCarButton1-v0,current_only_v2,starv2_resume_300k_SafetyCarButton1_v0_selected_current_only_v2_current_only_v2_s13,130000,0.6339517831802368,0.6339517831802368,9.313225746154785e-10,1.0,1.0,0.194133460521698,
SafetyCarButton1-v0,current_only_v2,starv2_resume_300k_SafetyCarButton1_v0_selected_current_only_v2_current_only_v2_s13,135000,0.6578375697135925,0.6578375697135925,-6.402842700481415e-10,0.0,1.0,0.21092119812965393,
SafetyCarButton1-v0,current_only_v2,starv2_resume_300k_SafetyCarButton1_v0_selected_current_only_v2_current_only_v2_s13,140000,0.6613849401473999,0.6613849401473999,-1.1641532182693481e-10,0.0,1.0,0.20907695591449738,
SafetyCarButton1-v0,current_only_v2,starv2_resume_300k_SafetyCarButton1_v0_selected_current_only_v2_current_only_v2_s13,145000,0.6484377384185791,0.6484377384185791,-1.0477378964424133e-09,0.0,1.0,0.19625869393348694,
SafetyCarButton1-v0,current_only_v2,starv2_resume_300k_SafetyCarButton1_v0_selected_current_only_v2_current_only_v2_s13,150000,0.629378080368042,0.629378080368042,-1.1641532182693481e-09,0.0,1.0,0.19044837355613708,
SafetyCarButton1-v0,current_only_v2,starv2_resume_300k_SafetyCarButton1_v0_selected_current_only_v2_current_only_v2_s13,155000,0.6200341582298279,0.6200341582298279,-1.1641532182693481e-09,0.0,1.0,0.17964023351669312,
SafetyCarButton1-v0,current_only_v2,starv2_resume_300k_SafetyCarButton1_v0_selected_current_only_v2_current_only_v2_s13,160000,0.6643296480178833,0.6643296480178833,8.149072527885437e-10,1.0,1.0,0.2152380794286728,
SafetyCarButton1-v0,current_only_v2,starv2_resume_300k_SafetyCarButton1_v0_selected_current_only_v2_current_only_v2_s13,165000,0.6433348059654236,0.6433348059654236,2.3283064365386963e-10,1.0,1.0,0.19281385838985443,
SafetyCarButton1-v0,current_only_v2,starv2_resume_300k_SafetyCarButton1_v0_selected_current_only_v2_current_only_v2_s13,170000,0.6937685012817383,0.6937685012817383,-1.3969838619232178e-09,0.0,1.0,0.2242027074098587,
SafetyCarButton1-v0,current_only_v2,starv2_resume_300k_SafetyCarButton1_v0_selected_current_only_v2_current_only_v2_s13,175000,0.625042200088501,0.625042200088501,1.1641532182693481e-10,1.0,1.0,0.18051651120185852,
SafetyCarButton1-v0,current_only_v2,starv2_resume_300k_SafetyCarButton1_v0_selected_current_only_v2_current_only_v2_s13,180000,0.6826752424240112,0.6826752424240112,-9.89530235528946e-10,0.0,1.0,0.22025972604751587,
SafetyCarButton1-v0,current_only_v2,starv2_resume_300k_SafetyCarButton1_v0_selected_current_only_v2_current_only_v2_s13,185000,0.6521327495574951,0.6521327495574951,-1.5133991837501526e-09,0.0,1.0,0.19997969269752502,
SafetyCarButton1-v0,current_only_v2,starv2_resume_300k_SafetyCarButton1_v0_selected_current_only_v2_current_only_v2_s13,190000,0.6609705686569214,0.6609705686569214,-4.656612873077393e-10,0.0,1.0,0.20553821325302124,
SafetyCarButton1-v0,current_only_v2,starv2_resume_300k_SafetyCarButton1_v0_selected_current_only_v2_current_only_v2_s13,195000,0.6802999377250671,0.6802999377250671,-1.7462298274040222e-09,0.0,1.0,0.21589291095733643,
SafetyCarButton1-v0,current_only_v2,starv2_resume_300k_SafetyCarButton1_v0_selected_current_only_v2_current_only_v2_s13,200000,0.6610361337661743,0.6610361337661743,-1.6298145055770874e-09,0.0,1.0,0.20788750052452087,
SafetyCarButton1-v0,current_only_v2,starv2_resume_300k_SafetyCarButton1_v0_selected_current_only_v2_current_only_v2_s13,205000,0.6670148968696594,0.6670148968696594,3.4924596548080444e-10,1.0,1.0,0.20545756816864014,
SafetyCarButton1-v0,current_only_v2,starv2_resume_300k_SafetyCarButton1_v0_selected_current_only_v2_current_only_v2_s13,210000,0.6771863698959351,0.6771863698959351,-1.1641532182693481e-10,0.0,1.0,0.21488073468208313,
SafetyCarButton1-v0,current_only_v2,starv2_resume_300k_SafetyCarButton1_v0_selected_current_only_v2_current_only_v2_s13,215000,0.6676213145256042,0.6676213145256042,1.1641532182693481e-10,1.0,1.0,0.21618403494358063,
SafetyCarButton1-v0,current_only_v2,starv2_resume_300k_SafetyCarButton1_v0_selected_current_only_v2_current_only_v2_s13,220000,0.6701071262359619,0.6701071262359619,-4.656612873077393e-10,0.0,1.0,0.20848503708839417,
SafetyCarButton1-v0,current_only_v2,starv2_resume_300k_SafetyCarButton1_v0_selected_current_only_v2_current_only_v2_s13,225000,0.6833690404891968,0.6833690404891968,-1.1641532182693481e-10,0.0,1.0,0.21867166459560394,
SafetyCarButton1-v0,current_only_v2,starv2_resume_300k_SafetyCarButton1_v0_selected_current_only_v2_current_only_v2_s13,230000,0.6990252137184143,0.6990252137184143,-3.4924596548080444e-10,0.0,1.0,0.22878526151180267,
SafetyCarButton1-v0,current_only_v2,starv2_resume_300k_SafetyCarButton1_v0_selected_current_only_v2_current_only_v2_s13,235000,0.7041166424751282,0.7041166424751282,-1.6298145055770874e-09,0.0,1.0,0.23510205745697021,
SafetyCarButton1-v0,current_only_v2,starv2_resume_300k_SafetyCarButton1_v0_selected_current_only_v2_current_only_v2_s13,240000,0.6674364805221558,0.6674364805221558,2.852175384759903e-09,1.0,1.0,0.20002728700637817,
SafetyCarButton1-v0,current_only_v2,starv2_resume_300k_SafetyCarButton1_v0_selected_current_only_v2_current_only_v2_s13,245000,0.6841034293174744,0.6841033697128296,1.7462298274040222e-10,1.0,1.0,0.22048193216323853,
SafetyCarButton1-v0,current_only_v2,starv2_resume_300k_SafetyCarButton1_v0_selected_current_only_v2_current_only_v2_s13,250000,0.6980799436569214,0.6980799436569214,0.0,0.0,1.0,0.22470322251319885,
SafetyCarButton1-v0,current_only_v2,starv2_resume_300k_SafetyCarButton1_v0_selected_current_only_v2_current_only_v2_s13,255000,0.6906895637512207,0.6906895637512207,-2.3283064365386963e-10,0.0,1.0,0.2209007889032364,
SafetyCarButton1-v0,current_only_v2,starv2_resume_300k_SafetyCarButton1_v0_selected_current_only_v2_current_only_v2_s13,260000,0.6809251308441162,0.6809251308441162,-1.1641532182693481e-10,0.0,1.0,0.20786350965499878,
SafetyCarButton1-v0,current_only_v2,starv2_resume_300k_SafetyCarButton1_v0_selected_current_only_v2_current_only_v2_s13,265000,0.688575804233551,0.688575804233551,8.149072527885437e-10,1.0,1.0,0.2147669792175293,
SafetyCarButton1-v0,current_only_v2,starv2_resume_300k_SafetyCarButton1_v0_selected_current_only_v2_current_only_v2_s13,270000,0.689141035079956,0.689141035079956,-2.3283064365386963e-10,0.0,1.0,0.21375063061714172,
SafetyCarButton1-v0,current_only_v2,starv2_resume_300k_SafetyCarButton1_v0_selected_current_only_v2_current_only_v2_s13,275000,0.6787087917327881,0.6787087917327881,1.57160684466362e-09,1.0,1.0,0.21406735479831696,
SafetyCarButton1-v0,current_only_v2,starv2_resume_300k_SafetyCarButton1_v0_selected_current_only_v2_current_only_v2_s13,280000,0.7083243727684021,0.7083243131637573,-4.656612873077393e-10,0.0,1.0,0.23364491760730743,
SafetyCarButton1-v0,current_only_v2,starv2_resume_300k_SafetyCarButton1_v0_selected_current_only_v2_current_only_v2_s13,285000,0.6992416977882385,0.6992416977882385,1.280568540096283e-09,1.0,1.0,0.2246566265821457,
SafetyCarButton1-v0,current_only_v2,starv2_resume_300k_SafetyCarButton1_v0_selected_current_only_v2_current_only_v2_s13,290000,0.6709989905357361,0.6709989905357361,7.566995918750763e-10,1.0,1.0,0.20565521717071533,
SafetyCarButton1-v0,current_only_v2,starv2_resume_300k_SafetyCarButton1_v0_selected_current_only_v2_current_only_v2_s13,295000,0.6862621903419495,0.6862621903419495,-2.3283064365386963e-10,0.0,1.0,0.20894435048103333,
SafetyCarButton1-v0,current_only_v2,starv2_resume_300k_SafetyCarButton1_v0_selected_current_only_v2_current_only_v2_s14,5000,6.090859413146973,6.090859413146973,-1.862645149230957e-09,0.0,1.0,5.590188026428223,
SafetyCarButton1-v0,current_only_v2,starv2_resume_300k_SafetyCarButton1_v0_selected_current_only_v2_current_only_v2_s14,10000,0.5054340362548828,0.5054340362548828,-5.820766091346741e-10,0.0,1.0,0.10637792944908142,
SafetyCarButton1-v0,current_only_v2,starv2_resume_300k_SafetyCarButton1_v0_selected_current_only_v2_current_only_v2_s14,15000,0.3617529273033142,0.3617529273033142,1.7462298274040222e-10,1.0,1.0,0.07340678572654724,
SafetyCarButton1-v0,current_only_v2,starv2_resume_300k_SafetyCarButton1_v0_selected_current_only_v2_current_only_v2_s14,20000,0.34809374809265137,0.34809374809265137,-2.9103830456733704e-11,0.0,1.0,0.08051012456417084,
SafetyCarButton1-v0,current_only_v2,starv2_resume_300k_SafetyCarButton1_v0_selected_current_only_v2_current_only_v2_s14,25000,0.28789350390434265,0.28789350390434265,-4.220055416226387e-10,0.0,1.0,0.0414174348115921,
SafetyCarButton1-v0,current_only_v2,starv2_resume_300k_SafetyCarButton1_v0_selected_current_only_v2_current_only_v2_s14,30000,0.39500656723976135,0.39500656723976135,-2.0372681319713593e-10,0.0,1.0,0.0783839076757431,
SafetyCarButton1-v0,current_only_v2,starv2_resume_300k_SafetyCarButton1_v0_selected_current_only_v2_current_only_v2_s14,35000,0.46822136640548706,0.46822136640548706,-2.3283064365386963e-10,0.0,1.0,0.09778132289648056,
SafetyCarButton1-v0,current_only_v2,starv2_resume_300k_SafetyCarButton1_v0_selected_current_only_v2_current_only_v2_s14,40000,0.4830143451690674,0.4830143451690674,1.1641532182693481e-10,1.0,1.0,0.10996879637241364,
SafetyCarButton1-v0,current_only_v2,starv2_resume_300k_SafetyCarButton1_v0_selected_current_only_v2_current_only_v2_s14,45000,0.49234679341316223,0.49234679341316223,-2.0372681319713593e-10,0.0,1.0,0.11648151278495789,
SafetyCarButton1-v0,current_only_v2,starv2_resume_300k_SafetyCarButton1_v0_selected_current_only_v2_current_only_v2_s14,50000,0.5176117420196533,0.5176117420196533,4.656612873077393e-10,1.0,1.0,0.11645105481147766,
SafetyCarButton1-v0,current_only_v2,starv2_resume_300k_SafetyCarButton1_v0_selected_current_only_v2_current_only_v2_s14,55000,0.5745939016342163,0.5745939016342163,3.4924596548080444e-10,1.0,1.0,0.13729384541511536,
SafetyCarButton1-v0,current_only_v2,starv2_resume_300k_SafetyCarButton1_v0_selected_current_only_v2_current_only_v2_s14,60000,0.5872913599014282,0.5872913599014282,1.1641532182693481e-10,1.0,1.0,0.15457846224308014,
SafetyCarButton1-v0,current_only_v2,starv2_resume_300k_SafetyCarButton1_v0_selected_current_only_v2_current_only_v2_s14,65000,0.5367465019226074,0.5367465019226074,-4.656612873077393e-10,0.0,1.0,0.1253586858510971,
SafetyCarButton1-v0,current_only_v2,starv2_resume_300k_SafetyCarButton1_v0_selected_current_only_v2_current_only_v2_s14,70000,0.5961737632751465,0.5961737632751465,1.2223608791828156e-09,1.0,1.0,0.16170260310173035,
SafetyCarButton1-v0,current_only_v2,starv2_resume_300k_SafetyCarButton1_v0_selected_current_only_v2_current_only_v2_s14,75000,0.5843935012817383,0.5843935012817383,0.0,0.0,1.0,0.15996184945106506,
SafetyCarButton1-v0,current_only_v2,starv2_resume_300k_SafetyCarButton1_v0_selected_current_only_v2_current_only_v2_s14,80000,0.5957050323486328,0.5957050323486328,-4.0745362639427185e-10,0.0,1.0,0.1637786328792572,
SafetyCarButton1-v0,current_only_v2,starv2_resume_300k_SafetyCarButton1_v0_selected_current_only_v2_current_only_v2_s14,85000,0.5728464126586914,0.5728464126586914,-4.656612873077393e-10,0.0,1.0,0.14681454002857208,
SafetyCarButton1-v0,current_only_v2,starv2_resume_300k_SafetyCarButton1_v0_selected_current_only_v2_current_only_v2_s14,90000,0.5950115919113159,0.5950115919113159,0.0,0.0,1.0,0.16520678997039795,
SafetyCarButton1-v0,current_only_v2,starv2_resume_300k_SafetyCarButton1_v0_selected_current_only_v2_current_only_v2_s14,95000,0.5878541469573975,0.5878541469573975,-7.566995918750763e-10,0.0,1.0,0.16021963953971863,
SafetyCarButton1-v0,current_only_v2,starv2_resume_300k_SafetyCarButton1_v0_selected_current_only_v2_current_only_v2_s14,100000,0.5710245966911316,0.5710245966911316,-2.3283064365386963e-10,0.0,1.0,0.15246562659740448,
SafetyCarButton1-v0,current_only_v2,starv2_resume_300k_SafetyCarButton1_v0_selected_current_only_v2_current_only_v2_s14,105000,0.5948115587234497,0.5948114991188049,-8.149072527885437e-10,0.0,1.0,0.16999800503253937,
SafetyCarButton1-v0,current_only_v2,starv2_resume_300k_SafetyCarButton1_v0_selected_current_only_v2_current_only_v2_s14,110000,0.6140860319137573,0.6140860319137573,-1.1641532182693481e-10,0.0,1.0,0.17752426862716675,
SafetyCarButton1-v0,current_only_v2,starv2_resume_300k_SafetyCarButton1_v0_selected_current_only_v2_current_only_v2_s14,115000,0.6315801739692688,0.6315801739692688,-5.820766091346741e-11,0.0,1.0,0.19742383062839508,
SafetyCarButton1-v0,current_only_v2,starv2_resume_300k_SafetyCarButton1_v0_selected_current_only_v2_current_only_v2_s14,120000,0.6483680009841919,0.6483680009841919,5.820766091346741e-10,1.0,1.0,0.20765626430511475,
SafetyCarButton1-v0,current_only_v2,starv2_resume_300k_SafetyCarButton1_v0_selected_current_only_v2_current_only_v2_s14,125000,0.626079797744751,0.626079797744751,-2.6193447411060333e-10,0.0,1.0,0.19165128469467163,
SafetyCarButton1-v0,current_only_v2,starv2_resume_300k_SafetyCarButton1_v0_selected_current_only_v2_current_only_v2_s14,130000,0.6505547761917114,0.6505547761917114,-5.820766091346741e-11,0.0,1.0,0.20376285910606384,
SafetyCarButton1-v0,current_only_v2,starv2_resume_300k_SafetyCarButton1_v0_selected_current_only_v2_current_only_v2_s14,135000,0.6390995979309082,0.6390995979309082,9.89530235528946e-10,1.0,1.0,0.18770529329776764,
SafetyCarButton1-v0,current_only_v2,starv2_resume_300k_SafetyCarButton1_v0_selected_current_only_v2_current_only_v2_s14,140000,0.5865454077720642,0.5865454077720642,-7.566995918750763e-10,0.0,1.0,0.16404572129249573,
SafetyCarButton1-v0,current_only_v2,starv2_resume_300k_SafetyCarButton1_v0_selected_current_only_v2_current_only_v2_s14,145000,0.6114956140518188,0.6114956140518188,-1.0477378964424133e-09,0.0,1.0,0.1784949004650116,
SafetyCarButton1-v0,current_only_v2,starv2_resume_300k_SafetyCarButton1_v0_selected_current_only_v2_current_only_v2_s14,150000,0.6343709826469421,0.6343709826469421,-1.0186340659856796e-09,0.0,1.0,0.17998698353767395,
SafetyCarButton1-v0,current_only_v2,starv2_resume_300k_SafetyCarButton1_v0_selected_current_only_v2_current_only_v2_s14,155000,0.6533279418945312,0.6533279418945312,-1.3969838619232178e-09,0.0,1.0,0.20271235704421997,
SafetyCarButton1-v0,current_only_v2,starv2_resume_300k_SafetyCarButton1_v0_selected_current_only_v2_current_only_v2_s14,160000,0.6475424766540527,0.6475424766540527,-1.1641532182693481e-10,0.0,1.0,0.19419462978839874,
SafetyCarButton1-v0,current_only_v2,starv2_resume_300k_SafetyCarButton1_v0_selected_current_only_v2_current_only_v2_s14,165000,0.618981659412384,0.618981659412384,7.566995918750763e-10,1.0,1.0,0.18348318338394165,
SafetyCarButton1-v0,current_only_v2,starv2_resume_300k_SafetyCarButton1_v0_selected_current_only_v2_current_only_v2_s14,170000,0.6679806709289551,0.6679806709289551,1.2223608791828156e-09,1.0,1.0,0.20421719551086426,
SafetyCarButton1-v0,current_only_v2,starv2_resume_300k_SafetyCarButton1_v0_selected_current_only_v2_current_only_v2_s14,175000,0.66963130235672,0.6696313619613647,-3.4924596548080444e-10,0.0,1.0,0.2082117199897766,
SafetyCarButton1-v0,current_only_v2,starv2_resume_300k_SafetyCarButton1_v0_selected_current_only_v2_current_only_v2_s14,180000,0.6556578278541565,0.6556577682495117,-4.656612873077393e-10,0.0,1.0,0.19530606269836426,
SafetyCarButton1-v0,current_only_v2,starv2_resume_300k_SafetyCarButton1_v0_selected_current_only_v2_current_only_v2_s14,185000,0.6617342233657837,0.6617342233657837,3.4924596548080444e-10,1.0,1.0,0.20591282844543457,
SafetyCarButton1-v0,current_only_v2,starv2_resume_300k_SafetyCarButton1_v0_selected_current_only_v2_current_only_v2_s14,190000,0.6639587879180908,0.6639587879180908,-9.313225746154785e-10,0.0,1.0,0.20887711644172668,
SafetyCarButton1-v0,current_only_v2,starv2_resume_300k_SafetyCarButton1_v0_selected_current_only_v2_current_only_v2_s14,195000,0.6565231680870056,0.6565231680870056,-1.1641532182693481e-09,0.0,1.0,0.19387276470661163,
SafetyCarButton1-v0,current_only_v2,starv2_resume_300k_SafetyCarButton1_v0_selected_current_only_v2_current_only_v2_s14,200000,0.6632956266403198,0.6632956862449646,-3.4924596548080444e-10,0.0,1.0,0.20641732215881348,
SafetyCarButton1-v0,current_only_v2,starv2_resume_300k_SafetyCarButton1_v0_selected_current_only_v2_current_only_v2_s14,205000,0.6454761028289795,0.6454761028289795,6.402842700481415e-10,1.0,1.0,0.1937498152256012,
SafetyCarButton1-v0,current_only_v2,starv2_resume_300k_SafetyCarButton1_v0_selected_current_only_v2_current_only_v2_s14,210000,0.702878475189209,0.702878475189209,2.3283064365386963e-09,1.0,1.0,0.23849628865718842,
SafetyCarButton1-v0,current_only_v2,starv2_resume_300k_SafetyCarButton1_v0_selected_current_only_v2_current_only_v2_s14,215000,0.6825084686279297,0.6825084686279297,-6.984919309616089e-10,0.0,1.0,0.21556153893470764,
SafetyCarButton1-v0,current_only_v2,starv2_resume_300k_SafetyCarButton1_v0_selected_current_only_v2_current_only_v2_s14,220000,0.6787674427032471,0.6787674427032471,-8.149072527885437e-10,0.0,1.0,0.21431253850460052,
SafetyCarButton1-v0,current_only_v2,starv2_resume_300k_SafetyCarButton1_v0_selected_current_only_v2_current_only_v2_s14,225000,0.6967889070510864,0.6967889070510864,-9.313225746154785e-10,0.0,1.0,0.2241693139076233,
SafetyCarButton1-v0,current_only_v2,starv2_resume_300k_SafetyCarButton1_v0_selected_current_only_v2_current_only_v2_s14,230000,0.6983276009559631,0.6983276009559631,6.984919309616089e-10,1.0,1.0,0.22740298509597778,
SafetyCarButton1-v0,current_only_v2,starv2_resume_300k_SafetyCarButton1_v0_selected_current_only_v2_current_only_v2_s14,235000,0.6691813468933105,0.6691813468933105,0.0,0.0,1.0,0.2055792212486267,
SafetyCarButton1-v0,current_only_v2,starv2_resume_300k_SafetyCarButton1_v0_selected_current_only_v2_current_only_v2_s14,240000,0.6515700221061707,0.6515700221061707,0.0,0.0,1.0,0.18859493732452393,
SafetyCarButton1-v0,current_only_v2,starv2_resume_300k_SafetyCarButton1_v0_selected_current_only_v2_current_only_v2_s14,245000,0.6742196679115295,0.6742196679115295,6.984919309616089e-10,1.0,1.0,0.2089817225933075,
SafetyCarButton1-v0,current_only_v2,starv2_resume_300k_SafetyCarButton1_v0_selected_current_only_v2_current_only_v2_s14,250000,0.6797142624855042,0.6797142624855042,-4.656612873077393e-10,0.0,1.0,0.21478112041950226,
SafetyCarButton1-v0,current_only_v2,starv2_resume_300k_SafetyCarButton1_v0_selected_current_only_v2_current_only_v2_s14,255000,0.6935106515884399,0.6935106515884399,-5.820766091346741e-11,0.0,1.0,0.2256961464881897,
SafetyCarButton1-v0,current_only_v2,starv2_resume_300k_SafetyCarButton1_v0_selected_current_only_v2_current_only_v2_s14,260000,0.7134244441986084,0.7134244441986084,3.4924596548080444e-10,1.0,1.0,0.2376556098461151,
SafetyCarButton1-v0,current_only_v2,starv2_resume_300k_SafetyCarButton1_v0_selected_current_only_v2_current_only_v2_s14,265000,0.7003546357154846,0.7003546357154846,-1.0186340659856796e-09,0.0,1.0,0.23448620736598969,
SafetyCarButton1-v0,current_only_v2,starv2_resume_300k_SafetyCarButton1_v0_selected_current_only_v2_current_only_v2_s14,270000,0.6841340065002441,0.6841340065002441,1.3969838619232178e-09,1.0,1.0,0.21383419632911682,
SafetyCarButton1-v0,current_only_v2,starv2_resume_300k_SafetyCarButton1_v0_selected_current_only_v2_current_only_v2_s14,275000,0.6915891170501709,0.6915891170501709,-9.313225746154785e-10,0.0,1.0,0.2202991098165512,
SafetyCarButton1-v0,current_only_v2,starv2_resume_300k_SafetyCarButton1_v0_selected_current_only_v2_current_only_v2_s14,280000,0.6843318343162537,0.6843318343162537,-1.1641532182693481e-10,0.0,1.0,0.22050730884075165,
SafetyCarButton1-v0,current_only_v2,starv2_resume_300k_SafetyCarButton1_v0_selected_current_only_v2_current_only_v2_s14,285000,0.675534725189209,0.675534725189209,-5.820766091346741e-10,0.0,1.0,0.20657943189144135,
SafetyCarButton1-v0,current_only_v2,starv2_resume_300k_SafetyCarButton1_v0_selected_current_only_v2_current_only_v2_s14,290000,0.6584967970848083,0.6584967970848083,0.0,0.0,1.0,0.19269195199012756,
SafetyCarButton1-v0,current_only_v2,starv2_resume_300k_SafetyCarButton1_v0_selected_current_only_v2_current_only_v2_s14,295000,0.7328097820281982,0.7328097820281982,1.862645149230957e-09,1.0,1.0,0.2510142922401428,
SafetyCarButton1-v0,pointwise_v2,starv2_core_100k_SafetyCarButton1_v0_selected_pointwise_v2_pointwise_v2_s10,100000,0.0,0.0,0.0,0.0,0.0,0.0,
SafetyCarButton1-v0,pointwise_v2,starv2_core_100k_SafetyCarButton1_v0_selected_pointwise_v2_pointwise_v2_s10,105000,0.0,0.0,0.0,0.0,0.0,0.0,
SafetyCarButton1-v0,pointwise_v2,starv2_core_100k_SafetyCarButton1_v0_selected_pointwise_v2_pointwise_v2_s10,110000,0.0,0.0,0.0,0.0,0.0,0.0,
SafetyCarButton1-v0,pointwise_v2,starv2_core_100k_SafetyCarButton1_v0_selected_pointwise_v2_pointwise_v2_s10,115000,0.0,0.0,0.0,0.0,0.0,0.0,
SafetyCarButton1-v0,pointwise_v2,starv2_core_100k_SafetyCarButton1_v0_selected_pointwise_v2_pointwise_v2_s10,120000,0.0,0.0,0.0,0.0,0.0,0.0,
SafetyCarButton1-v0,pointwise_v2,starv2_core_100k_SafetyCarButton1_v0_selected_pointwise_v2_pointwise_v2_s10,125000,0.0,0.0,0.0,0.0,0.0,0.0,
SafetyCarButton1-v0,pointwise_v2,starv2_core_100k_SafetyCarButton1_v0_selected_pointwise_v2_pointwise_v2_s10,130000,0.0,0.0,0.0,0.0,0.0,0.0,
SafetyCarButton1-v0,pointwise_v2,starv2_core_100k_SafetyCarButton1_v0_selected_pointwise_v2_pointwise_v2_s10,135000,0.0,0.0,0.0,0.0,0.0,0.0,
SafetyCarButton1-v0,pointwise_v2,starv2_core_100k_SafetyCarButton1_v0_selected_pointwise_v2_pointwise_v2_s10,140000,0.0,0.0,0.0,0.0,0.0,0.0,
SafetyCarButton1-v0,pointwise_v2,starv2_core_100k_SafetyCarButton1_v0_selected_pointwise_v2_pointwise_v2_s10,145000,0.0,0.0,0.0,0.0,0.0,0.0,
SafetyCarButton1-v0,pointwise_v2,starv2_core_100k_SafetyCarButton1_v0_selected_pointwise_v2_pointwise_v2_s10,150000,0.0,0.0,0.0,0.0,0.0,0.0,
SafetyCarButton1-v0,pointwise_v2,starv2_core_100k_SafetyCarButton1_v0_selected_pointwise_v2_pointwise_v2_s10,155000,0.0,0.0,0.0,0.0,0.0,0.0,
SafetyCarButton1-v0,pointwise_v2,starv2_core_100k_SafetyCarButton1_v0_selected_pointwise_v2_pointwise_v2_s10,160000,0.0,0.0,0.0,0.0,0.0,0.0,
SafetyCarButton1-v0,pointwise_v2,starv2_core_100k_SafetyCarButton1_v0_selected_pointwise_v2_pointwise_v2_s10,165000,0.0,0.0,0.0,0.0,0.0,0.0,
SafetyCarButton1-v0,pointwise_v2,starv2_core_100k_SafetyCarButton1_v0_selected_pointwise_v2_pointwise_v2_s10,170000,0.0,0.0,0.0,0.0,0.0,0.0,
SafetyCarButton1-v0,pointwise_v2,starv2_core_100k_SafetyCarButton1_v0_selected_pointwise_v2_pointwise_v2_s10,175000,0.0,0.0,0.0,0.0,0.0,0.0,
SafetyCarButton1-v0,pointwise_v2,starv2_core_100k_SafetyCarButton1_v0_selected_pointwise_v2_pointwise_v2_s10,180000,0.0,0.0,0.0,0.0,0.0,0.0,
SafetyCarButton1-v0,pointwise_v2,starv2_core_100k_SafetyCarButton1_v0_selected_pointwise_v2_pointwise_v2_s10,185000,0.0,0.0,0.0,0.0,0.0,0.0,
SafetyCarButton1-v0,pointwise_v2,starv2_core_100k_SafetyCarButton1_v0_selected_pointwise_v2_pointwise_v2_s10,190000,0.0,0.0,0.0,0.0,0.0,0.0,
SafetyCarButton1-v0,pointwise_v2,starv2_core_100k_SafetyCarButton1_v0_selected_pointwise_v2_pointwise_v2_s10,195000,0.0,0.0,0.0,0.0,0.0,0.0,
SafetyCarButton1-v0,pointwise_v2,starv2_core_100k_SafetyCarButton1_v0_selected_pointwise_v2_pointwise_v2_s10,200000,0.0,0.0,0.0,0.0,0.0,0.0,
SafetyCarButton1-v0,pointwise_v2,starv2_core_100k_SafetyCarButton1_v0_selected_pointwise_v2_pointwise_v2_s10,205000,0.0,0.0,0.0,0.0,0.0,0.0,
SafetyCarButton1-v0,pointwise_v2,starv2_core_100k_SafetyCarButton1_v0_selected_pointwise_v2_pointwise_v2_s10,210000,0.0,0.0,0.0,0.0,0.0,0.0,
SafetyCarButton1-v0,pointwise_v2,starv2_core_100k_SafetyCarButton1_v0_selected_pointwise_v2_pointwise_v2_s10,215000,0.0,0.0,0.0,0.0,0.0,0.0,
SafetyCarButton1-v0,pointwise_v2,starv2_core_100k_SafetyCarButton1_v0_selected_pointwise_v2_pointwise_v2_s10,220000,0.0,0.0,0.0,0.0,0.0,0.0,
SafetyCarButton1-v0,pointwise_v2,starv2_core_100k_SafetyCarButton1_v0_selected_pointwise_v2_pointwise_v2_s10,225000,0.0,0.0,0.0,0.0,0.0,0.0,
SafetyCarButton1-v0,pointwise_v2,starv2_core_100k_SafetyCarButton1_v0_selected_pointwise_v2_pointwise_v2_s10,230000,0.0,0.0,0.0,0.0,0.0,0.0,
SafetyCarButton1-v0,pointwise_v2,starv2_core_100k_SafetyCarButton1_v0_selected_pointwise_v2_pointwise_v2_s10,235000,0.0,0.0,0.0,0.0,0.0,0.0,
SafetyCarButton1-v0,pointwise_v2,starv2_core_100k_SafetyCarButton1_v0_selected_pointwise_v2_pointwise_v2_s10,240000,0.0,0.0,0.0,0.0,0.0,0.0,
SafetyCarButton1-v0,pointwise_v2,starv2_core_100k_SafetyCarButton1_v0_selected_pointwise_v2_pointwise_v2_s10,245000,0.0,0.0,0.0,0.0,0.0,0.0,
SafetyCarButton1-v0,pointwise_v2,starv2_core_100k_SafetyCarButton1_v0_selected_pointwise_v2_pointwise_v2_s10,250000,0.0,0.0,0.0,0.0,0.0,0.0,
SafetyCarButton1-v0,pointwise_v2,starv2_core_100k_SafetyCarButton1_v0_selected_pointwise_v2_pointwise_v2_s10,255000,0.0,0.0,0.0,0.0,0.0,0.0,
SafetyCarButton1-v0,pointwise_v2,starv2_core_100k_SafetyCarButton1_v0_selected_pointwise_v2_pointwise_v2_s10,260000,0.0,0.0,0.0,0.0,0.0,0.0,
SafetyCarButton1-v0,pointwise_v2,starv2_core_100k_SafetyCarButton1_v0_selected_pointwise_v2_pointwise_v2_s10,265000,0.0,0.0,0.0,0.0,0.0,0.0,
SafetyCarButton1-v0,pointwise_v2,starv2_core_100k_SafetyCarButton1_v0_selected_pointwise_v2_pointwise_v2_s10,270000,0.0,0.0,0.0,0.0,0.0,0.0,
SafetyCarButton1-v0,pointwise_v2,starv2_core_100k_SafetyCarButton1_v0_selected_pointwise_v2_pointwise_v2_s10,275000,0.0,0.0,0.0,0.0,0.0,0.0,
SafetyCarButton1-v0,pointwise_v2,starv2_core_100k_SafetyCarButton1_v0_selected_pointwise_v2_pointwise_v2_s10,280000,0.0,0.0,0.0,0.0,0.0,0.0,
SafetyCarButton1-v0,pointwise_v2,starv2_core_100k_SafetyCarButton1_v0_selected_pointwise_v2_pointwise_v2_s10,285000,0.0,0.0,0.0,0.0,0.0,0.0,
SafetyCarButton1-v0,pointwise_v2,starv2_core_100k_SafetyCarButton1_v0_selected_pointwise_v2_pointwise_v2_s10,290000,0.0,0.0,0.0,0.0,0.0,0.0,
SafetyCarButton1-v0,pointwise_v2,starv2_core_100k_SafetyCarButton1_v0_selected_pointwise_v2_pointwise_v2_s10,295000,0.0,0.0,0.0,0.0,0.0,0.0,
SafetyCarButton1-v0,pointwise_v2,starv2_core_100k_SafetyCarButton1_v0_selected_pointwise_v2_pointwise_v2_s11,100000,0.0,0.0,0.0,0.0,0.0,0.0,
SafetyCarButton1-v0,pointwise_v2,starv2_core_100k_SafetyCarButton1_v0_selected_pointwise_v2_pointwise_v2_s11,105000,0.0,0.0,0.0,0.0,0.0,0.0,
SafetyCarButton1-v0,pointwise_v2,starv2_core_100k_SafetyCarButton1_v0_selected_pointwise_v2_pointwise_v2_s11,110000,0.0,0.0,0.0,0.0,0.0,0.0,
SafetyCarButton1-v0,pointwise_v2,starv2_core_100k_SafetyCarButton1_v0_selected_pointwise_v2_pointwise_v2_s11,115000,0.0,0.0,0.0,0.0,0.0,0.0,
SafetyCarButton1-v0,pointwise_v2,starv2_core_100k_SafetyCarButton1_v0_selected_pointwise_v2_pointwise_v2_s11,120000,0.0,0.0,0.0,0.0,0.0,0.0,
SafetyCarButton1-v0,pointwise_v2,starv2_core_100k_SafetyCarButton1_v0_selected_pointwise_v2_pointwise_v2_s11,125000,0.0,0.0,0.0,0.0,0.0,0.0,
SafetyCarButton1-v0,pointwise_v2,starv2_core_100k_SafetyCarButton1_v0_selected_pointwise_v2_pointwise_v2_s11,130000,0.0,0.0,0.0,0.0,0.0,0.0,
SafetyCarButton1-v0,pointwise_v2,starv2_core_100k_SafetyCarButton1_v0_selected_pointwise_v2_pointwise_v2_s11,135000,0.0,0.0,0.0,0.0,0.0,0.0,
SafetyCarButton1-v0,pointwise_v2,starv2_core_100k_SafetyCarButton1_v0_selected_pointwise_v2_pointwise_v2_s11,140000,0.0,0.0,0.0,0.0,0.0,0.0,
SafetyCarButton1-v0,pointwise_v2,starv2_core_100k_SafetyCarButton1_v0_selected_pointwise_v2_pointwise_v2_s11,145000,0.0,0.0,0.0,0.0,0.0,0.0,
SafetyCarButton1-v0,pointwise_v2,starv2_core_100k_SafetyCarButton1_v0_selected_pointwise_v2_pointwise_v2_s11,150000,0.0,0.0,0.0,0.0,0.0,0.0,
SafetyCarButton1-v0,pointwise_v2,starv2_core_100k_SafetyCarButton1_v0_selected_pointwise_v2_pointwise_v2_s11,155000,0.0,0.0,0.0,0.0,0.0,0.0,
SafetyCarButton1-v0,pointwise_v2,starv2_core_100k_SafetyCarButton1_v0_selected_pointwise_v2_pointwise_v2_s11,160000,0.0,0.0,0.0,0.0,0.0,0.0,
SafetyCarButton1-v0,pointwise_v2,starv2_core_100k_SafetyCarButton1_v0_selected_pointwise_v2_pointwise_v2_s11,165000,0.0,0.0,0.0,0.0,0.0,0.0,
SafetyCarButton1-v0,pointwise_v2,starv2_core_100k_SafetyCarButton1_v0_selected_pointwise_v2_pointwise_v2_s11,170000,0.0,0.0,0.0,0.0,0.0,0.0,
SafetyCarButton1-v0,pointwise_v2,starv2_core_100k_SafetyCarButton1_v0_selected_pointwise_v2_pointwise_v2_s11,175000,0.0,0.0,0.0,0.0,0.0,0.0,
SafetyCarButton1-v0,pointwise_v2,starv2_core_100k_SafetyCarButton1_v0_selected_pointwise_v2_pointwise_v2_s11,180000,0.0,0.0,0.0,0.0,0.0,0.0,
SafetyCarButton1-v0,pointwise_v2,starv2_core_100k_SafetyCarButton1_v0_selected_pointwise_v2_pointwise_v2_s11,185000,0.0,0.0,0.0,0.0,0.0,0.0,
SafetyCarButton1-v0,pointwise_v2,starv2_core_100k_SafetyCarButton1_v0_selected_pointwise_v2_pointwise_v2_s11,190000,0.0,0.0,0.0,0.0,0.0,0.0,
SafetyCarButton1-v0,pointwise_v2,starv2_core_100k_SafetyCarButton1_v0_selected_pointwise_v2_pointwise_v2_s11,195000,0.0,0.0,0.0,0.0,0.0,0.0,
SafetyCarButton1-v0,pointwise_v2,starv2_core_100k_SafetyCarButton1_v0_selected_pointwise_v2_pointwise_v2_s11,200000,0.0,0.0,0.0,0.0,0.0,0.0,
SafetyCarButton1-v0,pointwise_v2,starv2_core_100k_SafetyCarButton1_v0_selected_pointwise_v2_pointwise_v2_s11,205000,0.0,0.0,0.0,0.0,0.0,0.0,
SafetyCarButton1-v0,pointwise_v2,starv2_core_100k_SafetyCarButton1_v0_selected_pointwise_v2_pointwise_v2_s11,210000,0.0,0.0,0.0,0.0,0.0,0.0,
SafetyCarButton1-v0,pointwise_v2,starv2_core_100k_SafetyCarButton1_v0_selected_pointwise_v2_pointwise_v2_s11,215000,0.0,0.0,0.0,0.0,0.0,0.0,
SafetyCarButton1-v0,pointwise_v2,starv2_core_100k_SafetyCarButton1_v0_selected_pointwise_v2_pointwise_v2_s11,220000,0.0,0.0,0.0,0.0,0.0,0.0,
SafetyCarButton1-v0,pointwise_v2,starv2_core_100k_SafetyCarButton1_v0_selected_pointwise_v2_pointwise_v2_s11,225000,0.0,0.0,0.0,0.0,0.0,0.0,
SafetyCarButton1-v0,pointwise_v2,starv2_core_100k_SafetyCarButton1_v0_selected_pointwise_v2_pointwise_v2_s11,230000,0.0,0.0,0.0,0.0,0.0,0.0,
SafetyCarButton1-v0,pointwise_v2,starv2_core_100k_SafetyCarButton1_v0_selected_pointwise_v2_pointwise_v2_s11,235000,0.0,0.0,0.0,0.0,0.0,0.0,
SafetyCarButton1-v0,pointwise_v2,starv2_core_100k_SafetyCarButton1_v0_selected_pointwise_v2_pointwise_v2_s11,240000,0.0,0.0,0.0,0.0,0.0,0.0,
SafetyCarButton1-v0,pointwise_v2,starv2_core_100k_SafetyCarButton1_v0_selected_pointwise_v2_pointwise_v2_s11,245000,0.0,0.0,0.0,0.0,0.0,0.0,
SafetyCarButton1-v0,pointwise_v2,starv2_core_100k_SafetyCarButton1_v0_selected_pointwise_v2_pointwise_v2_s11,250000,0.0,0.0,0.0,0.0,0.0,0.0,
SafetyCarButton1-v0,pointwise_v2,starv2_core_100k_SafetyCarButton1_v0_selected_pointwise_v2_pointwise_v2_s11,255000,0.0,0.0,0.0,0.0,0.0,0.0,
SafetyCarButton1-v0,pointwise_v2,starv2_core_100k_SafetyCarButton1_v0_selected_pointwise_v2_pointwise_v2_s11,260000,0.0,0.0,0.0,0.0,0.0,0.0,
SafetyCarButton1-v0,pointwise_v2,starv2_core_100k_SafetyCarButton1_v0_selected_pointwise_v2_pointwise_v2_s11,265000,0.0,0.0,0.0,0.0,0.0,0.0,
SafetyCarButton1-v0,pointwise_v2,starv2_core_100k_SafetyCarButton1_v0_selected_pointwise_v2_pointwise_v2_s11,270000,0.0,0.0,0.0,0.0,0.0,0.0,
SafetyCarButton1-v0,pointwise_v2,starv2_core_100k_SafetyCarButton1_v0_selected_pointwise_v2_pointwise_v2_s11,275000,0.0,0.0,0.0,0.0,0.0,0.0,
SafetyCarButton1-v0,pointwise_v2,starv2_core_100k_SafetyCarButton1_v0_selected_pointwise_v2_pointwise_v2_s11,280000,0.0,0.0,0.0,0.0,0.0,0.0,
SafetyCarButton1-v0,pointwise_v2,starv2_core_100k_SafetyCarButton1_v0_selected_pointwise_v2_pointwise_v2_s11,285000,0.0,0.0,0.0,0.0,0.0,0.0,
SafetyCarButton1-v0,pointwise_v2,starv2_core_100k_SafetyCarButton1_v0_selected_pointwise_v2_pointwise_v2_s11,290000,0.0,0.0,0.0,0.0,0.0,0.0,
SafetyCarButton1-v0,pointwise_v2,starv2_core_100k_SafetyCarButton1_v0_selected_pointwise_v2_pointwise_v2_s11,295000,0.0,0.0,0.0,0.0,0.0,0.0,
SafetyCarButton1-v0,pointwise_v2,starv2_core_100k_SafetyCarButton1_v0_selected_pointwise_v2_pointwise_v2_s12,100000,0.0,0.0,0.0,0.0,0.0,0.0,
SafetyCarButton1-v0,pointwise_v2,starv2_core_100k_SafetyCarButton1_v0_selected_pointwise_v2_pointwise_v2_s12,105000,0.0,0.0,0.0,0.0,0.0,0.0,
SafetyCarButton1-v0,pointwise_v2,starv2_core_100k_SafetyCarButton1_v0_selected_pointwise_v2_pointwise_v2_s12,110000,0.0,0.0,0.0,0.0,0.0,0.0,
SafetyCarButton1-v0,pointwise_v2,starv2_core_100k_SafetyCarButton1_v0_selected_pointwise_v2_pointwise_v2_s12,115000,0.0,0.0,0.0,0.0,0.0,0.0,
SafetyCarButton1-v0,pointwise_v2,starv2_core_100k_SafetyCarButton1_v0_selected_pointwise_v2_pointwise_v2_s12,120000,0.0,0.0,0.0,0.0,0.0,0.0,
SafetyCarButton1-v0,pointwise_v2,starv2_core_100k_SafetyCarButton1_v0_selected_pointwise_v2_pointwise_v2_s12,125000,0.0,0.0,0.0,0.0,0.0,0.0,
SafetyCarButton1-v0,pointwise_v2,starv2_core_100k_SafetyCarButton1_v0_selected_pointwise_v2_pointwise_v2_s12,130000,0.0,0.0,0.0,0.0,0.0,0.0,
SafetyCarButton1-v0,pointwise_v2,starv2_core_100k_SafetyCarButton1_v0_selected_pointwise_v2_pointwise_v2_s12,135000,0.0,0.0,0.0,0.0,0.0,0.0,
SafetyCarButton1-v0,pointwise_v2,starv2_core_100k_SafetyCarButton1_v0_selected_pointwise_v2_pointwise_v2_s12,140000,0.0,0.0,0.0,0.0,0.0,0.0,
SafetyCarButton1-v0,pointwise_v2,starv2_core_100k_SafetyCarButton1_v0_selected_pointwise_v2_pointwise_v2_s12,145000,0.0,0.0,0.0,0.0,0.0,0.0,
SafetyCarButton1-v0,pointwise_v2,starv2_core_100k_SafetyCarButton1_v0_selected_pointwise_v2_pointwise_v2_s12,150000,0.0,0.0,0.0,0.0,0.0,0.0,
SafetyCarButton1-v0,pointwise_v2,starv2_core_100k_SafetyCarButton1_v0_selected_pointwise_v2_pointwise_v2_s12,155000,0.0,0.0,0.0,0.0,0.0,0.0,
SafetyCarButton1-v0,pointwise_v2,starv2_core_100k_SafetyCarButton1_v0_selected_pointwise_v2_pointwise_v2_s12,160000,0.0,0.0,0.0,0.0,0.0,0.0,
SafetyCarButton1-v0,pointwise_v2,starv2_core_100k_SafetyCarButton1_v0_selected_pointwise_v2_pointwise_v2_s12,165000,0.0,0.0,0.0,0.0,0.0,0.0,
SafetyCarButton1-v0,pointwise_v2,starv2_core_100k_SafetyCarButton1_v0_selected_pointwise_v2_pointwise_v2_s12,170000,0.0,0.0,0.0,0.0,0.0,0.0,
SafetyCarButton1-v0,pointwise_v2,starv2_core_100k_SafetyCarButton1_v0_selected_pointwise_v2_pointwise_v2_s12,175000,0.0,0.0,0.0,0.0,0.0,0.0,
SafetyCarButton1-v0,pointwise_v2,starv2_core_100k_SafetyCarButton1_v0_selected_pointwise_v2_pointwise_v2_s12,180000,0.0,0.0,0.0,0.0,0.0,0.0,
SafetyCarButton1-v0,pointwise_v2,starv2_core_100k_SafetyCarButton1_v0_selected_pointwise_v2_pointwise_v2_s12,185000,0.0,0.0,0.0,0.0,0.0,0.0,
SafetyCarButton1-v0,pointwise_v2,starv2_core_100k_SafetyCarButton1_v0_selected_pointwise_v2_pointwise_v2_s12,190000,0.0,0.0,0.0,0.0,0.0,0.0,
SafetyCarButton1-v0,pointwise_v2,starv2_core_100k_SafetyCarButton1_v0_selected_pointwise_v2_pointwise_v2_s12,195000,0.0,0.0,0.0,0.0,0.0,0.0,
SafetyCarButton1-v0,pointwise_v2,starv2_core_100k_SafetyCarButton1_v0_selected_pointwise_v2_pointwise_v2_s12,200000,0.0,0.0,0.0,0.0,0.0,0.0,
SafetyCarButton1-v0,pointwise_v2,starv2_core_100k_SafetyCarButton1_v0_selected_pointwise_v2_pointwise_v2_s12,205000,0.0,0.0,0.0,0.0,0.0,0.0,
SafetyCarButton1-v0,pointwise_v2,starv2_core_100k_SafetyCarButton1_v0_selected_pointwise_v2_pointwise_v2_s12,210000,0.0,0.0,0.0,0.0,0.0,0.0,
SafetyCarButton1-v0,pointwise_v2,starv2_core_100k_SafetyCarButton1_v0_selected_pointwise_v2_pointwise_v2_s12,215000,0.0,0.0,0.0,0.0,0.0,0.0,
SafetyCarButton1-v0,pointwise_v2,starv2_core_100k_SafetyCarButton1_v0_selected_pointwise_v2_pointwise_v2_s12,220000,0.0,0.0,0.0,0.0,0.0,0.0,
SafetyCarButton1-v0,pointwise_v2,starv2_core_100k_SafetyCarButton1_v0_selected_pointwise_v2_pointwise_v2_s12,225000,0.0,0.0,0.0,0.0,0.0,0.0,
SafetyCarButton1-v0,pointwise_v2,starv2_core_100k_SafetyCarButton1_v0_selected_pointwise_v2_pointwise_v2_s12,230000,0.0,0.0,0.0,0.0,0.0,0.0,
SafetyCarButton1-v0,pointwise_v2,starv2_core_100k_SafetyCarButton1_v0_selected_pointwise_v2_pointwise_v2_s12,235000,0.0,0.0,0.0,0.0,0.0,0.0,
SafetyCarButton1-v0,pointwise_v2,starv2_core_100k_SafetyCarButton1_v0_selected_pointwise_v2_pointwise_v2_s12,240000,0.0,0.0,0.0,0.0,0.0,0.0,
SafetyCarButton1-v0,pointwise_v2,starv2_core_100k_SafetyCarButton1_v0_selected_pointwise_v2_pointwise_v2_s12,245000,0.0,0.0,0.0,0.0,0.0,0.0,
SafetyCarButton1-v0,pointwise_v2,starv2_core_100k_SafetyCarButton1_v0_selected_pointwise_v2_pointwise_v2_s12,250000,0.0,0.0,0.0,0.0,0.0,0.0,
SafetyCarButton1-v0,pointwise_v2,starv2_core_100k_SafetyCarButton1_v0_selected_pointwise_v2_pointwise_v2_s12,255000,0.0,0.0,0.0,0.0,0.0,0.0,
SafetyCarButton1-v0,pointwise_v2,starv2_core_100k_SafetyCarButton1_v0_selected_pointwise_v2_pointwise_v2_s12,260000,0.0,0.0,0.0,0.0,0.0,0.0,
SafetyCarButton1-v0,pointwise_v2,starv2_core_100k_SafetyCarButton1_v0_selected_pointwise_v2_pointwise_v2_s12,265000,0.0,0.0,0.0,0.0,0.0,0.0,
SafetyCarButton1-v0,pointwise_v2,starv2_core_100k_SafetyCarButton1_v0_selected_pointwise_v2_pointwise_v2_s12,270000,0.0,0.0,0.0,0.0,0.0,0.0,
SafetyCarButton1-v0,pointwise_v2,starv2_core_100k_SafetyCarButton1_v0_selected_pointwise_v2_pointwise_v2_s12,275000,0.0,0.0,0.0,0.0,0.0,0.0,
SafetyCarButton1-v0,pointwise_v2,starv2_core_100k_SafetyCarButton1_v0_selected_pointwise_v2_pointwise_v2_s12,280000,0.0,0.0,0.0,0.0,0.0,0.0,
SafetyCarButton1-v0,pointwise_v2,starv2_core_100k_SafetyCarButton1_v0_selected_pointwise_v2_pointwise_v2_s12,285000,0.0,0.0,0.0,0.0,0.0,0.0,
SafetyCarButton1-v0,pointwise_v2,starv2_core_100k_SafetyCarButton1_v0_selected_pointwise_v2_pointwise_v2_s12,290000,0.0,0.0,0.0,0.0,0.0,0.0,
SafetyCarButton1-v0,pointwise_v2,starv2_core_100k_SafetyCarButton1_v0_selected_pointwise_v2_pointwise_v2_s12,295000,0.0,0.0,0.0,0.0,0.0,0.0,
SafetyCarButton1-v0,pointwise_v2,starv2_resume_300k_SafetyCarButton1_v0_selected_pointwise_v2_pointwise_v2_s13,5000,0.0,0.0,0.0,0.0,0.0,0.0,
SafetyCarButton1-v0,pointwise_v2,starv2_resume_300k_SafetyCarButton1_v0_selected_pointwise_v2_pointwise_v2_s13,10000,0.0,0.0,0.0,0.0,0.0,0.0,
SafetyCarButton1-v0,pointwise_v2,starv2_resume_300k_SafetyCarButton1_v0_selected_pointwise_v2_pointwise_v2_s13,15000,0.0,0.0,0.0,0.0,0.0,0.0,
SafetyCarButton1-v0,pointwise_v2,starv2_resume_300k_SafetyCarButton1_v0_selected_pointwise_v2_pointwise_v2_s13,20000,0.0,0.0,0.0,0.0,0.0,0.0,
SafetyCarButton1-v0,pointwise_v2,starv2_resume_300k_SafetyCarButton1_v0_selected_pointwise_v2_pointwise_v2_s13,25000,0.0,0.0,0.0,0.0,0.0,0.0,
SafetyCarButton1-v0,pointwise_v2,starv2_resume_300k_SafetyCarButton1_v0_selected_pointwise_v2_pointwise_v2_s13,30000,0.0,0.0,0.0,0.0,0.0,0.0,
SafetyCarButton1-v0,pointwise_v2,starv2_resume_300k_SafetyCarButton1_v0_selected_pointwise_v2_pointwise_v2_s13,35000,0.0,0.0,0.0,0.0,0.0,0.0,
SafetyCarButton1-v0,pointwise_v2,starv2_resume_300k_SafetyCarButton1_v0_selected_pointwise_v2_pointwise_v2_s13,40000,0.0,0.0,0.0,0.0,0.0,0.0,
SafetyCarButton1-v0,pointwise_v2,starv2_resume_300k_SafetyCarButton1_v0_selected_pointwise_v2_pointwise_v2_s13,45000,0.0,0.0,0.0,0.0,0.0,0.0,
SafetyCarButton1-v0,pointwise_v2,starv2_resume_300k_SafetyCarButton1_v0_selected_pointwise_v2_pointwise_v2_s13,50000,0.0,0.0,0.0,0.0,0.0,0.0,
SafetyCarButton1-v0,pointwise_v2,starv2_resume_300k_SafetyCarButton1_v0_selected_pointwise_v2_pointwise_v2_s13,55000,0.0,0.0,0.0,0.0,0.0,0.0,
SafetyCarButton1-v0,pointwise_v2,starv2_resume_300k_SafetyCarButton1_v0_selected_pointwise_v2_pointwise_v2_s13,60000,0.0,0.0,0.0,0.0,0.0,0.0,
SafetyCarButton1-v0,pointwise_v2,starv2_resume_300k_SafetyCarButton1_v0_selected_pointwise_v2_pointwise_v2_s13,65000,0.0,0.0,0.0,0.0,0.0,0.0,
SafetyCarButton1-v0,pointwise_v2,starv2_resume_300k_SafetyCarButton1_v0_selected_pointwise_v2_pointwise_v2_s13,70000,0.0,0.0,0.0,0.0,0.0,0.0,
SafetyCarButton1-v0,pointwise_v2,starv2_resume_300k_SafetyCarButton1_v0_selected_pointwise_v2_pointwise_v2_s13,75000,0.0,0.0,0.0,0.0,0.0,0.0,
SafetyCarButton1-v0,pointwise_v2,starv2_resume_300k_SafetyCarButton1_v0_selected_pointwise_v2_pointwise_v2_s13,80000,0.0,0.0,0.0,0.0,0.0,0.0,
SafetyCarButton1-v0,pointwise_v2,starv2_resume_300k_SafetyCarButton1_v0_selected_pointwise_v2_pointwise_v2_s13,85000,0.0,0.0,0.0,0.0,0.0,0.0,
SafetyCarButton1-v0,pointwise_v2,starv2_resume_300k_SafetyCarButton1_v0_selected_pointwise_v2_pointwise_v2_s13,90000,0.0,0.0,0.0,0.0,0.0,0.0,
SafetyCarButton1-v0,pointwise_v2,starv2_resume_300k_SafetyCarButton1_v0_selected_pointwise_v2_pointwise_v2_s13,95000,0.0,0.0,0.0,0.0,0.0,0.0,
SafetyCarButton1-v0,pointwise_v2,starv2_resume_300k_SafetyCarButton1_v0_selected_pointwise_v2_pointwise_v2_s13,100000,0.0,0.0,0.0,0.0,0.0,0.0,
SafetyCarButton1-v0,pointwise_v2,starv2_resume_300k_SafetyCarButton1_v0_selected_pointwise_v2_pointwise_v2_s13,105000,0.0,0.0,0.0,0.0,0.0,0.0,
SafetyCarButton1-v0,pointwise_v2,starv2_resume_300k_SafetyCarButton1_v0_selected_pointwise_v2_pointwise_v2_s13,110000,0.0,0.0,0.0,0.0,0.0,0.0,
SafetyCarButton1-v0,pointwise_v2,starv2_resume_300k_SafetyCarButton1_v0_selected_pointwise_v2_pointwise_v2_s13,115000,0.0,0.0,0.0,0.0,0.0,0.0,
SafetyCarButton1-v0,pointwise_v2,starv2_resume_300k_SafetyCarButton1_v0_selected_pointwise_v2_pointwise_v2_s13,120000,0.0,0.0,0.0,0.0,0.0,0.0,
SafetyCarButton1-v0,pointwise_v2,starv2_resume_300k_SafetyCarButton1_v0_selected_pointwise_v2_pointwise_v2_s13,125000,0.0,0.0,0.0,0.0,0.0,0.0,
SafetyCarButton1-v0,pointwise_v2,starv2_resume_300k_SafetyCarButton1_v0_selected_pointwise_v2_pointwise_v2_s13,130000,0.0,0.0,0.0,0.0,0.0,0.0,
SafetyCarButton1-v0,pointwise_v2,starv2_resume_300k_SafetyCarButton1_v0_selected_pointwise_v2_pointwise_v2_s13,135000,0.0,0.0,0.0,0.0,0.0,0.0,
SafetyCarButton1-v0,pointwise_v2,starv2_resume_300k_SafetyCarButton1_v0_selected_pointwise_v2_pointwise_v2_s13,140000,0.0,0.0,0.0,0.0,0.0,0.0,
SafetyCarButton1-v0,pointwise_v2,starv2_resume_300k_SafetyCarButton1_v0_selected_pointwise_v2_pointwise_v2_s13,145000,0.0,0.0,0.0,0.0,0.0,0.0,
SafetyCarButton1-v0,pointwise_v2,starv2_resume_300k_SafetyCarButton1_v0_selected_pointwise_v2_pointwise_v2_s13,150000,0.0,0.0,0.0,0.0,0.0,0.0,
SafetyCarButton1-v0,pointwise_v2,starv2_resume_300k_SafetyCarButton1_v0_selected_pointwise_v2_pointwise_v2_s13,155000,0.0,0.0,0.0,0.0,0.0,0.0,
SafetyCarButton1-v0,pointwise_v2,starv2_resume_300k_SafetyCarButton1_v0_selected_pointwise_v2_pointwise_v2_s13,160000,0.0,0.0,0.0,0.0,0.0,0.0,
SafetyCarButton1-v0,pointwise_v2,starv2_resume_300k_SafetyCarButton1_v0_selected_pointwise_v2_pointwise_v2_s13,165000,0.0,0.0,0.0,0.0,0.0,0.0,
SafetyCarButton1-v0,pointwise_v2,starv2_resume_300k_SafetyCarButton1_v0_selected_pointwise_v2_pointwise_v2_s13,170000,0.0,0.0,0.0,0.0,0.0,0.0,
SafetyCarButton1-v0,pointwise_v2,starv2_resume_300k_SafetyCarButton1_v0_selected_pointwise_v2_pointwise_v2_s13,175000,0.0,0.0,0.0,0.0,0.0,0.0,
SafetyCarButton1-v0,pointwise_v2,starv2_resume_300k_SafetyCarButton1_v0_selected_pointwise_v2_pointwise_v2_s13,180000,0.0,0.0,0.0,0.0,0.0,0.0,
SafetyCarButton1-v0,pointwise_v2,starv2_resume_300k_SafetyCarButton1_v0_selected_pointwise_v2_pointwise_v2_s13,185000,0.0,0.0,0.0,0.0,0.0,0.0,
SafetyCarButton1-v0,pointwise_v2,starv2_resume_300k_SafetyCarButton1_v0_selected_pointwise_v2_pointwise_v2_s13,190000,0.0,0.0,0.0,0.0,0.0,0.0,
SafetyCarButton1-v0,pointwise_v2,starv2_resume_300k_SafetyCarButton1_v0_selected_pointwise_v2_pointwise_v2_s13,195000,0.0,0.0,0.0,0.0,0.0,0.0,
SafetyCarButton1-v0,pointwise_v2,starv2_resume_300k_SafetyCarButton1_v0_selected_pointwise_v2_pointwise_v2_s13,200000,0.0,0.0,0.0,0.0,0.0,0.0,
SafetyCarButton1-v0,pointwise_v2,starv2_resume_300k_SafetyCarButton1_v0_selected_pointwise_v2_pointwise_v2_s13,205000,0.0,0.0,0.0,0.0,0.0,0.0,
SafetyCarButton1-v0,pointwise_v2,starv2_resume_300k_SafetyCarButton1_v0_selected_pointwise_v2_pointwise_v2_s13,210000,0.0,0.0,0.0,0.0,0.0,0.0,
SafetyCarButton1-v0,pointwise_v2,starv2_resume_300k_SafetyCarButton1_v0_selected_pointwise_v2_pointwise_v2_s13,215000,0.0,0.0,0.0,0.0,0.0,0.0,
SafetyCarButton1-v0,pointwise_v2,starv2_resume_300k_SafetyCarButton1_v0_selected_pointwise_v2_pointwise_v2_s13,220000,0.0,0.0,0.0,0.0,0.0,0.0,
SafetyCarButton1-v0,pointwise_v2,starv2_resume_300k_SafetyCarButton1_v0_selected_pointwise_v2_pointwise_v2_s13,225000,0.0,0.0,0.0,0.0,0.0,0.0,
SafetyCarButton1-v0,pointwise_v2,starv2_resume_300k_SafetyCarButton1_v0_selected_pointwise_v2_pointwise_v2_s13,230000,0.0,0.0,0.0,0.0,0.0,0.0,
SafetyCarButton1-v0,pointwise_v2,starv2_resume_300k_SafetyCarButton1_v0_selected_pointwise_v2_pointwise_v2_s13,235000,0.0,0.0,0.0,0.0,0.0,0.0,
SafetyCarButton1-v0,pointwise_v2,starv2_resume_300k_SafetyCarButton1_v0_selected_pointwise_v2_pointwise_v2_s13,240000,0.0,0.0,0.0,0.0,0.0,0.0,
SafetyCarButton1-v0,pointwise_v2,starv2_resume_300k_SafetyCarButton1_v0_selected_pointwise_v2_pointwise_v2_s13,245000,0.0,0.0,0.0,0.0,0.0,0.0,
SafetyCarButton1-v0,pointwise_v2,starv2_resume_300k_SafetyCarButton1_v0_selected_pointwise_v2_pointwise_v2_s13,250000,0.0,0.0,0.0,0.0,0.0,0.0,
SafetyCarButton1-v0,pointwise_v2,starv2_resume_300k_SafetyCarButton1_v0_selected_pointwise_v2_pointwise_v2_s13,255000,0.0,0.0,0.0,0.0,0.0,0.0,
SafetyCarButton1-v0,pointwise_v2,starv2_resume_300k_SafetyCarButton1_v0_selected_pointwise_v2_pointwise_v2_s13,260000,0.0,0.0,0.0,0.0,0.0,0.0,
SafetyCarButton1-v0,pointwise_v2,starv2_resume_300k_SafetyCarButton1_v0_selected_pointwise_v2_pointwise_v2_s13,265000,0.0,0.0,0.0,0.0,0.0,0.0,
SafetyCarButton1-v0,pointwise_v2,starv2_resume_300k_SafetyCarButton1_v0_selected_pointwise_v2_pointwise_v2_s13,270000,0.0,0.0,0.0,0.0,0.0,0.0,
SafetyCarButton1-v0,pointwise_v2,starv2_resume_300k_SafetyCarButton1_v0_selected_pointwise_v2_pointwise_v2_s13,275000,0.0,0.0,0.0,0.0,0.0,0.0,
SafetyCarButton1-v0,pointwise_v2,starv2_resume_300k_SafetyCarButton1_v0_selected_pointwise_v2_pointwise_v2_s13,280000,0.0,0.0,0.0,0.0,0.0,0.0,
SafetyCarButton1-v0,pointwise_v2,starv2_resume_300k_SafetyCarButton1_v0_selected_pointwise_v2_pointwise_v2_s13,285000,0.0,0.0,0.0,0.0,0.0,0.0,
SafetyCarButton1-v0,pointwise_v2,starv2_resume_300k_SafetyCarButton1_v0_selected_pointwise_v2_pointwise_v2_s13,290000,0.0,0.0,0.0,0.0,0.0,0.0,
SafetyCarButton1-v0,pointwise_v2,starv2_resume_300k_SafetyCarButton1_v0_selected_pointwise_v2_pointwise_v2_s13,295000,0.0,0.0,0.0,0.0,0.0,0.0,
SafetyCarButton1-v0,pointwise_v2,starv2_resume_300k_SafetyCarButton1_v0_selected_pointwise_v2_pointwise_v2_s14,5000,0.0,0.0,0.0,0.0,0.0,0.0,
SafetyCarButton1-v0,pointwise_v2,starv2_resume_300k_SafetyCarButton1_v0_selected_pointwise_v2_pointwise_v2_s14,10000,0.0,0.0,0.0,0.0,0.0,0.0,
SafetyCarButton1-v0,pointwise_v2,starv2_resume_300k_SafetyCarButton1_v0_selected_pointwise_v2_pointwise_v2_s14,15000,0.0,0.0,0.0,0.0,0.0,0.0,
SafetyCarButton1-v0,pointwise_v2,starv2_resume_300k_SafetyCarButton1_v0_selected_pointwise_v2_pointwise_v2_s14,20000,0.0,0.0,0.0,0.0,0.0,0.0,
SafetyCarButton1-v0,pointwise_v2,starv2_resume_300k_SafetyCarButton1_v0_selected_pointwise_v2_pointwise_v2_s14,25000,0.0,0.0,0.0,0.0,0.0,0.0,
SafetyCarButton1-v0,pointwise_v2,starv2_resume_300k_SafetyCarButton1_v0_selected_pointwise_v2_pointwise_v2_s14,30000,0.0,0.0,0.0,0.0,0.0,0.0,
SafetyCarButton1-v0,pointwise_v2,starv2_resume_300k_SafetyCarButton1_v0_selected_pointwise_v2_pointwise_v2_s14,35000,0.0,0.0,0.0,0.0,0.0,0.0,
SafetyCarButton1-v0,pointwise_v2,starv2_resume_300k_SafetyCarButton1_v0_selected_pointwise_v2_pointwise_v2_s14,40000,0.0,0.0,0.0,0.0,0.0,0.0,
SafetyCarButton1-v0,pointwise_v2,starv2_resume_300k_SafetyCarButton1_v0_selected_pointwise_v2_pointwise_v2_s14,45000,0.0,0.0,0.0,0.0,0.0,0.0,
SafetyCarButton1-v0,pointwise_v2,starv2_resume_300k_SafetyCarButton1_v0_selected_pointwise_v2_pointwise_v2_s14,50000,0.0,0.0,0.0,0.0,0.0,0.0,
SafetyCarButton1-v0,pointwise_v2,starv2_resume_300k_SafetyCarButton1_v0_selected_pointwise_v2_pointwise_v2_s14,55000,0.0,0.0,0.0,0.0,0.0,0.0,
SafetyCarButton1-v0,pointwise_v2,starv2_resume_300k_SafetyCarButton1_v0_selected_pointwise_v2_pointwise_v2_s14,60000,0.0,0.0,0.0,0.0,0.0,0.0,
SafetyCarButton1-v0,pointwise_v2,starv2_resume_300k_SafetyCarButton1_v0_selected_pointwise_v2_pointwise_v2_s14,65000,0.0,0.0,0.0,0.0,0.0,0.0,
SafetyCarButton1-v0,pointwise_v2,starv2_resume_300k_SafetyCarButton1_v0_selected_pointwise_v2_pointwise_v2_s14,70000,0.0,0.0,0.0,0.0,0.0,0.0,
SafetyCarButton1-v0,pointwise_v2,starv2_resume_300k_SafetyCarButton1_v0_selected_pointwise_v2_pointwise_v2_s14,75000,0.0,0.0,0.0,0.0,0.0,0.0,
SafetyCarButton1-v0,pointwise_v2,starv2_resume_300k_SafetyCarButton1_v0_selected_pointwise_v2_pointwise_v2_s14,80000,0.0,0.0,0.0,0.0,0.0,0.0,
SafetyCarButton1-v0,pointwise_v2,starv2_resume_300k_SafetyCarButton1_v0_selected_pointwise_v2_pointwise_v2_s14,85000,0.0,0.0,0.0,0.0,0.0,0.0,
SafetyCarButton1-v0,pointwise_v2,starv2_resume_300k_SafetyCarButton1_v0_selected_pointwise_v2_pointwise_v2_s14,90000,0.0,0.0,0.0,0.0,0.0,0.0,
SafetyCarButton1-v0,pointwise_v2,starv2_resume_300k_SafetyCarButton1_v0_selected_pointwise_v2_pointwise_v2_s14,95000,0.0,0.0,0.0,0.0,0.0,0.0,
SafetyCarButton1-v0,pointwise_v2,starv2_resume_300k_SafetyCarButton1_v0_selected_pointwise_v2_pointwise_v2_s14,100000,0.0,0.0,0.0,0.0,0.0,0.0,
SafetyCarButton1-v0,pointwise_v2,starv2_resume_300k_SafetyCarButton1_v0_selected_pointwise_v2_pointwise_v2_s14,105000,0.0,0.0,0.0,0.0,0.0,0.0,
SafetyCarButton1-v0,pointwise_v2,starv2_resume_300k_SafetyCarButton1_v0_selected_pointwise_v2_pointwise_v2_s14,110000,0.0,0.0,0.0,0.0,0.0,0.0,
SafetyCarButton1-v0,pointwise_v2,starv2_resume_300k_SafetyCarButton1_v0_selected_pointwise_v2_pointwise_v2_s14,115000,0.0,0.0,0.0,0.0,0.0,0.0,
SafetyCarButton1-v0,pointwise_v2,starv2_resume_300k_SafetyCarButton1_v0_selected_pointwise_v2_pointwise_v2_s14,120000,0.0,0.0,0.0,0.0,0.0,0.0,
SafetyCarButton1-v0,pointwise_v2,starv2_resume_300k_SafetyCarButton1_v0_selected_pointwise_v2_pointwise_v2_s14,125000,0.0,0.0,0.0,0.0,0.0,0.0,
SafetyCarButton1-v0,pointwise_v2,starv2_resume_300k_SafetyCarButton1_v0_selected_pointwise_v2_pointwise_v2_s14,130000,0.0,0.0,0.0,0.0,0.0,0.0,
SafetyCarButton1-v0,pointwise_v2,starv2_resume_300k_SafetyCarButton1_v0_selected_pointwise_v2_pointwise_v2_s14,135000,0.0,0.0,0.0,0.0,0.0,0.0,
SafetyCarButton1-v0,pointwise_v2,starv2_resume_300k_SafetyCarButton1_v0_selected_pointwise_v2_pointwise_v2_s14,140000,0.0,0.0,0.0,0.0,0.0,0.0,
SafetyCarButton1-v0,pointwise_v2,starv2_resume_300k_SafetyCarButton1_v0_selected_pointwise_v2_pointwise_v2_s14,145000,0.0,0.0,0.0,0.0,0.0,0.0,
SafetyCarButton1-v0,pointwise_v2,starv2_resume_300k_SafetyCarButton1_v0_selected_pointwise_v2_pointwise_v2_s14,150000,0.0,0.0,0.0,0.0,0.0,0.0,
SafetyCarButton1-v0,pointwise_v2,starv2_resume_300k_SafetyCarButton1_v0_selected_pointwise_v2_pointwise_v2_s14,155000,0.0,0.0,0.0,0.0,0.0,0.0,
SafetyCarButton1-v0,pointwise_v2,starv2_resume_300k_SafetyCarButton1_v0_selected_pointwise_v2_pointwise_v2_s14,160000,0.0,0.0,0.0,0.0,0.0,0.0,
SafetyCarButton1-v0,pointwise_v2,starv2_resume_300k_SafetyCarButton1_v0_selected_pointwise_v2_pointwise_v2_s14,165000,0.0,0.0,0.0,0.0,0.0,0.0,
SafetyCarButton1-v0,pointwise_v2,starv2_resume_300k_SafetyCarButton1_v0_selected_pointwise_v2_pointwise_v2_s14,170000,0.0,0.0,0.0,0.0,0.0,0.0,
SafetyCarButton1-v0,pointwise_v2,starv2_resume_300k_SafetyCarButton1_v0_selected_pointwise_v2_pointwise_v2_s14,175000,0.0,0.0,0.0,0.0,0.0,0.0,
SafetyCarButton1-v0,pointwise_v2,starv2_resume_300k_SafetyCarButton1_v0_selected_pointwise_v2_pointwise_v2_s14,180000,0.0,0.0,0.0,0.0,0.0,0.0,
SafetyCarButton1-v0,pointwise_v2,starv2_resume_300k_SafetyCarButton1_v0_selected_pointwise_v2_pointwise_v2_s14,185000,0.0,0.0,0.0,0.0,0.0,0.0,
SafetyCarButton1-v0,pointwise_v2,starv2_resume_300k_SafetyCarButton1_v0_selected_pointwise_v2_pointwise_v2_s14,190000,0.0,0.0,0.0,0.0,0.0,0.0,
SafetyCarButton1-v0,pointwise_v2,starv2_resume_300k_SafetyCarButton1_v0_selected_pointwise_v2_pointwise_v2_s14,195000,0.0,0.0,0.0,0.0,0.0,0.0,
SafetyCarButton1-v0,pointwise_v2,starv2_resume_300k_SafetyCarButton1_v0_selected_pointwise_v2_pointwise_v2_s14,200000,0.0,0.0,0.0,0.0,0.0,0.0,
SafetyCarButton1-v0,pointwise_v2,starv2_resume_300k_SafetyCarButton1_v0_selected_pointwise_v2_pointwise_v2_s14,205000,0.0,0.0,0.0,0.0,0.0,0.0,
SafetyCarButton1-v0,pointwise_v2,starv2_resume_300k_SafetyCarButton1_v0_selected_pointwise_v2_pointwise_v2_s14,210000,0.0,0.0,0.0,0.0,0.0,0.0,
SafetyCarButton1-v0,pointwise_v2,starv2_resume_300k_SafetyCarButton1_v0_selected_pointwise_v2_pointwise_v2_s14,215000,0.0,0.0,0.0,0.0,0.0,0.0,
SafetyCarButton1-v0,pointwise_v2,starv2_resume_300k_SafetyCarButton1_v0_selected_pointwise_v2_pointwise_v2_s14,220000,0.0,0.0,0.0,0.0,0.0,0.0,
SafetyCarButton1-v0,pointwise_v2,starv2_resume_300k_SafetyCarButton1_v0_selected_pointwise_v2_pointwise_v2_s14,225000,0.0,0.0,0.0,0.0,0.0,0.0,
SafetyCarButton1-v0,pointwise_v2,starv2_resume_300k_SafetyCarButton1_v0_selected_pointwise_v2_pointwise_v2_s14,230000,0.0,0.0,0.0,0.0,0.0,0.0,
SafetyCarButton1-v0,pointwise_v2,starv2_resume_300k_SafetyCarButton1_v0_selected_pointwise_v2_pointwise_v2_s14,235000,0.0,0.0,0.0,0.0,0.0,0.0,
SafetyCarButton1-v0,pointwise_v2,starv2_resume_300k_SafetyCarButton1_v0_selected_pointwise_v2_pointwise_v2_s14,240000,0.0,0.0,0.0,0.0,0.0,0.0,
SafetyCarButton1-v0,pointwise_v2,starv2_resume_300k_SafetyCarButton1_v0_selected_pointwise_v2_pointwise_v2_s14,245000,0.0,0.0,0.0,0.0,0.0,0.0,
SafetyCarButton1-v0,pointwise_v2,starv2_resume_300k_SafetyCarButton1_v0_selected_pointwise_v2_pointwise_v2_s14,250000,0.0,0.0,0.0,0.0,0.0,0.0,
SafetyCarButton1-v0,pointwise_v2,starv2_resume_300k_SafetyCarButton1_v0_selected_pointwise_v2_pointwise_v2_s14,255000,0.0,0.0,0.0,0.0,0.0,0.0,
SafetyCarButton1-v0,pointwise_v2,starv2_resume_300k_SafetyCarButton1_v0_selected_pointwise_v2_pointwise_v2_s14,260000,0.0,0.0,0.0,0.0,0.0,0.0,
SafetyCarButton1-v0,pointwise_v2,starv2_resume_300k_SafetyCarButton1_v0_selected_pointwise_v2_pointwise_v2_s14,265000,0.0,0.0,0.0,0.0,0.0,0.0,
SafetyCarButton1-v0,pointwise_v2,starv2_resume_300k_SafetyCarButton1_v0_selected_pointwise_v2_pointwise_v2_s14,270000,0.0,0.0,0.0,0.0,0.0,0.0,
SafetyCarButton1-v0,pointwise_v2,starv2_resume_300k_SafetyCarButton1_v0_selected_pointwise_v2_pointwise_v2_s14,275000,0.0,0.0,0.0,0.0,0.0,0.0,
SafetyCarButton1-v0,pointwise_v2,starv2_resume_300k_SafetyCarButton1_v0_selected_pointwise_v2_pointwise_v2_s14,280000,0.0,0.0,0.0,0.0,0.0,0.0,
SafetyCarButton1-v0,pointwise_v2,starv2_resume_300k_SafetyCarButton1_v0_selected_pointwise_v2_pointwise_v2_s14,285000,0.0,0.0,0.0,0.0,0.0,0.0,
SafetyCarButton1-v0,pointwise_v2,starv2_resume_300k_SafetyCarButton1_v0_selected_pointwise_v2_pointwise_v2_s14,290000,0.0,0.0,0.0,0.0,0.0,0.0,
SafetyCarButton1-v0,pointwise_v2,starv2_resume_300k_SafetyCarButton1_v0_selected_pointwise_v2_pointwise_v2_s14,295000,0.0,0.0,0.0,0.0,0.0,0.0,
SafetyCarButton1-v0,sac_lag,starv2_core_100k_SafetyCarButton1_v0_selected_sac_lag_sac_lag_s10,100000,0.0,0.0,0.0,0.0,0.0,0.0,
SafetyCarButton1-v0,sac_lag,starv2_core_100k_SafetyCarButton1_v0_selected_sac_lag_sac_lag_s10,105000,0.0,0.0,0.0,0.0,0.0,0.0,
SafetyCarButton1-v0,sac_lag,starv2_core_100k_SafetyCarButton1_v0_selected_sac_lag_sac_lag_s10,110000,0.0,0.0,0.0,0.0,0.0,0.0,
SafetyCarButton1-v0,sac_lag,starv2_core_100k_SafetyCarButton1_v0_selected_sac_lag_sac_lag_s10,115000,0.0,0.0,0.0,0.0,0.0,0.0,
SafetyCarButton1-v0,sac_lag,starv2_core_100k_SafetyCarButton1_v0_selected_sac_lag_sac_lag_s10,120000,0.0,0.0,0.0,0.0,0.0,0.0,
SafetyCarButton1-v0,sac_lag,starv2_core_100k_SafetyCarButton1_v0_selected_sac_lag_sac_lag_s10,125000,0.0,0.0,0.0,0.0,0.0,0.0,
SafetyCarButton1-v0,sac_lag,starv2_core_100k_SafetyCarButton1_v0_selected_sac_lag_sac_lag_s10,130000,0.0,0.0,0.0,0.0,0.0,0.0,
SafetyCarButton1-v0,sac_lag,starv2_core_100k_SafetyCarButton1_v0_selected_sac_lag_sac_lag_s10,135000,0.0,0.0,0.0,0.0,0.0,0.0,
SafetyCarButton1-v0,sac_lag,starv2_core_100k_SafetyCarButton1_v0_selected_sac_lag_sac_lag_s10,140000,0.0,0.0,0.0,0.0,0.0,0.0,
SafetyCarButton1-v0,sac_lag,starv2_core_100k_SafetyCarButton1_v0_selected_sac_lag_sac_lag_s10,145000,0.0,0.0,0.0,0.0,0.0,0.0,
SafetyCarButton1-v0,sac_lag,starv2_core_100k_SafetyCarButton1_v0_selected_sac_lag_sac_lag_s10,150000,0.0,0.0,0.0,0.0,0.0,0.0,
SafetyCarButton1-v0,sac_lag,starv2_core_100k_SafetyCarButton1_v0_selected_sac_lag_sac_lag_s10,155000,0.0,0.0,0.0,0.0,0.0,0.0,
SafetyCarButton1-v0,sac_lag,starv2_core_100k_SafetyCarButton1_v0_selected_sac_lag_sac_lag_s10,160000,0.0,0.0,0.0,0.0,0.0,0.0,
SafetyCarButton1-v0,sac_lag,starv2_core_100k_SafetyCarButton1_v0_selected_sac_lag_sac_lag_s10,165000,0.0,0.0,0.0,0.0,0.0,0.0,
SafetyCarButton1-v0,sac_lag,starv2_core_100k_SafetyCarButton1_v0_selected_sac_lag_sac_lag_s10,170000,0.0,0.0,0.0,0.0,0.0,0.0,
SafetyCarButton1-v0,sac_lag,starv2_core_100k_SafetyCarButton1_v0_selected_sac_lag_sac_lag_s10,175000,0.0,0.0,0.0,0.0,0.0,0.0,
SafetyCarButton1-v0,sac_lag,starv2_core_100k_SafetyCarButton1_v0_selected_sac_lag_sac_lag_s10,180000,0.0,0.0,0.0,0.0,0.0,0.0,
SafetyCarButton1-v0,sac_lag,starv2_core_100k_SafetyCarButton1_v0_selected_sac_lag_sac_lag_s10,185000,0.0,0.0,0.0,0.0,0.0,0.0,
SafetyCarButton1-v0,sac_lag,starv2_core_100k_SafetyCarButton1_v0_selected_sac_lag_sac_lag_s10,190000,0.0,0.0,0.0,0.0,0.0,0.0,
SafetyCarButton1-v0,sac_lag,starv2_core_100k_SafetyCarButton1_v0_selected_sac_lag_sac_lag_s10,195000,0.0,0.0,0.0,0.0,0.0,0.0,
SafetyCarButton1-v0,sac_lag,starv2_core_100k_SafetyCarButton1_v0_selected_sac_lag_sac_lag_s10,200000,0.0,0.0,0.0,0.0,0.0,0.0,
SafetyCarButton1-v0,sac_lag,starv2_core_100k_SafetyCarButton1_v0_selected_sac_lag_sac_lag_s10,205000,0.0,0.0,0.0,0.0,0.0,0.0,
SafetyCarButton1-v0,sac_lag,starv2_core_100k_SafetyCarButton1_v0_selected_sac_lag_sac_lag_s10,210000,0.0,0.0,0.0,0.0,0.0,0.0,
SafetyCarButton1-v0,sac_lag,starv2_core_100k_SafetyCarButton1_v0_selected_sac_lag_sac_lag_s10,215000,0.0,0.0,0.0,0.0,0.0,0.0,
SafetyCarButton1-v0,sac_lag,starv2_core_100k_SafetyCarButton1_v0_selected_sac_lag_sac_lag_s10,220000,0.0,0.0,0.0,0.0,0.0,0.0,
SafetyCarButton1-v0,sac_lag,starv2_core_100k_SafetyCarButton1_v0_selected_sac_lag_sac_lag_s10,225000,0.0,0.0,0.0,0.0,0.0,0.0,
SafetyCarButton1-v0,sac_lag,starv2_core_100k_SafetyCarButton1_v0_selected_sac_lag_sac_lag_s10,230000,0.0,0.0,0.0,0.0,0.0,0.0,
SafetyCarButton1-v0,sac_lag,starv2_core_100k_SafetyCarButton1_v0_selected_sac_lag_sac_lag_s10,235000,0.0,0.0,0.0,0.0,0.0,0.0,
SafetyCarButton1-v0,sac_lag,starv2_core_100k_SafetyCarButton1_v0_selected_sac_lag_sac_lag_s10,240000,0.0,0.0,0.0,0.0,0.0,0.0,
SafetyCarButton1-v0,sac_lag,starv2_core_100k_SafetyCarButton1_v0_selected_sac_lag_sac_lag_s10,245000,0.0,0.0,0.0,0.0,0.0,0.0,
SafetyCarButton1-v0,sac_lag,starv2_core_100k_SafetyCarButton1_v0_selected_sac_lag_sac_lag_s10,250000,0.0,0.0,0.0,0.0,0.0,0.0,
SafetyCarButton1-v0,sac_lag,starv2_core_100k_SafetyCarButton1_v0_selected_sac_lag_sac_lag_s10,255000,0.0,0.0,0.0,0.0,0.0,0.0,
SafetyCarButton1-v0,sac_lag,starv2_core_100k_SafetyCarButton1_v0_selected_sac_lag_sac_lag_s10,260000,0.0,0.0,0.0,0.0,0.0,0.0,
SafetyCarButton1-v0,sac_lag,starv2_core_100k_SafetyCarButton1_v0_selected_sac_lag_sac_lag_s10,265000,0.0,0.0,0.0,0.0,0.0,0.0,
SafetyCarButton1-v0,sac_lag,starv2_core_100k_SafetyCarButton1_v0_selected_sac_lag_sac_lag_s10,270000,0.0,0.0,0.0,0.0,0.0,0.0,
SafetyCarButton1-v0,sac_lag,starv2_core_100k_SafetyCarButton1_v0_selected_sac_lag_sac_lag_s10,275000,0.0,0.0,0.0,0.0,0.0,0.0,
SafetyCarButton1-v0,sac_lag,starv2_core_100k_SafetyCarButton1_v0_selected_sac_lag_sac_lag_s10,280000,0.0,0.0,0.0,0.0,0.0,0.0,
SafetyCarButton1-v0,sac_lag,starv2_core_100k_SafetyCarButton1_v0_selected_sac_lag_sac_lag_s10,285000,0.0,0.0,0.0,0.0,0.0,0.0,
SafetyCarButton1-v0,sac_lag,starv2_core_100k_SafetyCarButton1_v0_selected_sac_lag_sac_lag_s10,290000,0.0,0.0,0.0,0.0,0.0,0.0,
SafetyCarButton1-v0,sac_lag,starv2_core_100k_SafetyCarButton1_v0_selected_sac_lag_sac_lag_s10,295000,0.0,0.0,0.0,0.0,0.0,0.0,
SafetyCarButton1-v0,sac_lag,starv2_core_100k_SafetyCarButton1_v0_selected_sac_lag_sac_lag_s11,100000,0.0,0.0,0.0,0.0,0.0,0.0,
SafetyCarButton1-v0,sac_lag,starv2_core_100k_SafetyCarButton1_v0_selected_sac_lag_sac_lag_s11,105000,0.0,0.0,0.0,0.0,0.0,0.0,
SafetyCarButton1-v0,sac_lag,starv2_core_100k_SafetyCarButton1_v0_selected_sac_lag_sac_lag_s11,110000,0.0,0.0,0.0,0.0,0.0,0.0,
SafetyCarButton1-v0,sac_lag,starv2_core_100k_SafetyCarButton1_v0_selected_sac_lag_sac_lag_s11,115000,0.0,0.0,0.0,0.0,0.0,0.0,
SafetyCarButton1-v0,sac_lag,starv2_core_100k_SafetyCarButton1_v0_selected_sac_lag_sac_lag_s11,120000,0.0,0.0,0.0,0.0,0.0,0.0,
SafetyCarButton1-v0,sac_lag,starv2_core_100k_SafetyCarButton1_v0_selected_sac_lag_sac_lag_s11,125000,0.0,0.0,0.0,0.0,0.0,0.0,
SafetyCarButton1-v0,sac_lag,starv2_core_100k_SafetyCarButton1_v0_selected_sac_lag_sac_lag_s11,130000,0.0,0.0,0.0,0.0,0.0,0.0,
SafetyCarButton1-v0,sac_lag,starv2_core_100k_SafetyCarButton1_v0_selected_sac_lag_sac_lag_s11,135000,0.0,0.0,0.0,0.0,0.0,0.0,
SafetyCarButton1-v0,sac_lag,starv2_core_100k_SafetyCarButton1_v0_selected_sac_lag_sac_lag_s11,140000,0.0,0.0,0.0,0.0,0.0,0.0,
SafetyCarButton1-v0,sac_lag,starv2_core_100k_SafetyCarButton1_v0_selected_sac_lag_sac_lag_s11,145000,0.0,0.0,0.0,0.0,0.0,0.0,
SafetyCarButton1-v0,sac_lag,starv2_core_100k_SafetyCarButton1_v0_selected_sac_lag_sac_lag_s11,150000,0.0,0.0,0.0,0.0,0.0,0.0,
SafetyCarButton1-v0,sac_lag,starv2_core_100k_SafetyCarButton1_v0_selected_sac_lag_sac_lag_s11,155000,0.0,0.0,0.0,0.0,0.0,0.0,
SafetyCarButton1-v0,sac_lag,starv2_core_100k_SafetyCarButton1_v0_selected_sac_lag_sac_lag_s11,160000,0.0,0.0,0.0,0.0,0.0,0.0,
SafetyCarButton1-v0,sac_lag,starv2_core_100k_SafetyCarButton1_v0_selected_sac_lag_sac_lag_s11,165000,0.0,0.0,0.0,0.0,0.0,0.0,
SafetyCarButton1-v0,sac_lag,starv2_core_100k_SafetyCarButton1_v0_selected_sac_lag_sac_lag_s11,170000,0.0,0.0,0.0,0.0,0.0,0.0,
SafetyCarButton1-v0,sac_lag,starv2_core_100k_SafetyCarButton1_v0_selected_sac_lag_sac_lag_s11,175000,0.0,0.0,0.0,0.0,0.0,0.0,
SafetyCarButton1-v0,sac_lag,starv2_core_100k_SafetyCarButton1_v0_selected_sac_lag_sac_lag_s11,180000,0.0,0.0,0.0,0.0,0.0,0.0,
SafetyCarButton1-v0,sac_lag,starv2_core_100k_SafetyCarButton1_v0_selected_sac_lag_sac_lag_s11,185000,0.0,0.0,0.0,0.0,0.0,0.0,
SafetyCarButton1-v0,sac_lag,starv2_core_100k_SafetyCarButton1_v0_selected_sac_lag_sac_lag_s11,190000,0.0,0.0,0.0,0.0,0.0,0.0,
SafetyCarButton1-v0,sac_lag,starv2_core_100k_SafetyCarButton1_v0_selected_sac_lag_sac_lag_s11,195000,0.0,0.0,0.0,0.0,0.0,0.0,
SafetyCarButton1-v0,sac_lag,starv2_core_100k_SafetyCarButton1_v0_selected_sac_lag_sac_lag_s11,200000,0.0,0.0,0.0,0.0,0.0,0.0,
SafetyCarButton1-v0,sac_lag,starv2_core_100k_SafetyCarButton1_v0_selected_sac_lag_sac_lag_s11,205000,0.0,0.0,0.0,0.0,0.0,0.0,
SafetyCarButton1-v0,sac_lag,starv2_core_100k_SafetyCarButton1_v0_selected_sac_lag_sac_lag_s11,210000,0.0,0.0,0.0,0.0,0.0,0.0,
SafetyCarButton1-v0,sac_lag,starv2_core_100k_SafetyCarButton1_v0_selected_sac_lag_sac_lag_s11,215000,0.0,0.0,0.0,0.0,0.0,0.0,
SafetyCarButton1-v0,sac_lag,starv2_core_100k_SafetyCarButton1_v0_selected_sac_lag_sac_lag_s11,220000,0.0,0.0,0.0,0.0,0.0,0.0,
SafetyCarButton1-v0,sac_lag,starv2_core_100k_SafetyCarButton1_v0_selected_sac_lag_sac_lag_s11,225000,0.0,0.0,0.0,0.0,0.0,0.0,
SafetyCarButton1-v0,sac_lag,starv2_core_100k_SafetyCarButton1_v0_selected_sac_lag_sac_lag_s11,230000,0.0,0.0,0.0,0.0,0.0,0.0,
SafetyCarButton1-v0,sac_lag,starv2_core_100k_SafetyCarButton1_v0_selected_sac_lag_sac_lag_s11,235000,0.0,0.0,0.0,0.0,0.0,0.0,
SafetyCarButton1-v0,sac_lag,starv2_core_100k_SafetyCarButton1_v0_selected_sac_lag_sac_lag_s11,240000,0.0,0.0,0.0,0.0,0.0,0.0,
SafetyCarButton1-v0,sac_lag,starv2_core_100k_SafetyCarButton1_v0_selected_sac_lag_sac_lag_s11,245000,0.0,0.0,0.0,0.0,0.0,0.0,
SafetyCarButton1-v0,sac_lag,starv2_core_100k_SafetyCarButton1_v0_selected_sac_lag_sac_lag_s11,250000,0.0,0.0,0.0,0.0,0.0,0.0,
SafetyCarButton1-v0,sac_lag,starv2_core_100k_SafetyCarButton1_v0_selected_sac_lag_sac_lag_s11,255000,0.0,0.0,0.0,0.0,0.0,0.0,
SafetyCarButton1-v0,sac_lag,starv2_core_100k_SafetyCarButton1_v0_selected_sac_lag_sac_lag_s11,260000,0.0,0.0,0.0,0.0,0.0,0.0,
SafetyCarButton1-v0,sac_lag,starv2_core_100k_SafetyCarButton1_v0_selected_sac_lag_sac_lag_s11,265000,0.0,0.0,0.0,0.0,0.0,0.0,
SafetyCarButton1-v0,sac_lag,starv2_core_100k_SafetyCarButton1_v0_selected_sac_lag_sac_lag_s11,270000,0.0,0.0,0.0,0.0,0.0,0.0,
SafetyCarButton1-v0,sac_lag,starv2_core_100k_SafetyCarButton1_v0_selected_sac_lag_sac_lag_s11,275000,0.0,0.0,0.0,0.0,0.0,0.0,
SafetyCarButton1-v0,sac_lag,starv2_core_100k_SafetyCarButton1_v0_selected_sac_lag_sac_lag_s11,280000,0.0,0.0,0.0,0.0,0.0,0.0,
SafetyCarButton1-v0,sac_lag,starv2_core_100k_SafetyCarButton1_v0_selected_sac_lag_sac_lag_s11,285000,0.0,0.0,0.0,0.0,0.0,0.0,
SafetyCarButton1-v0,sac_lag,starv2_core_100k_SafetyCarButton1_v0_selected_sac_lag_sac_lag_s11,290000,0.0,0.0,0.0,0.0,0.0,0.0,
SafetyCarButton1-v0,sac_lag,starv2_core_100k_SafetyCarButton1_v0_selected_sac_lag_sac_lag_s11,295000,0.0,0.0,0.0,0.0,0.0,0.0,
SafetyCarButton1-v0,sac_lag,starv2_core_100k_SafetyCarButton1_v0_selected_sac_lag_sac_lag_s12,100000,0.0,0.0,0.0,0.0,0.0,0.0,
SafetyCarButton1-v0,sac_lag,starv2_core_100k_SafetyCarButton1_v0_selected_sac_lag_sac_lag_s12,105000,0.0,0.0,0.0,0.0,0.0,0.0,
SafetyCarButton1-v0,sac_lag,starv2_core_100k_SafetyCarButton1_v0_selected_sac_lag_sac_lag_s12,110000,0.0,0.0,0.0,0.0,0.0,0.0,
SafetyCarButton1-v0,sac_lag,starv2_core_100k_SafetyCarButton1_v0_selected_sac_lag_sac_lag_s12,115000,0.0,0.0,0.0,0.0,0.0,0.0,
SafetyCarButton1-v0,sac_lag,starv2_core_100k_SafetyCarButton1_v0_selected_sac_lag_sac_lag_s12,120000,0.0,0.0,0.0,0.0,0.0,0.0,
SafetyCarButton1-v0,sac_lag,starv2_core_100k_SafetyCarButton1_v0_selected_sac_lag_sac_lag_s12,125000,0.0,0.0,0.0,0.0,0.0,0.0,
SafetyCarButton1-v0,sac_lag,starv2_core_100k_SafetyCarButton1_v0_selected_sac_lag_sac_lag_s12,130000,0.0,0.0,0.0,0.0,0.0,0.0,
SafetyCarButton1-v0,sac_lag,starv2_core_100k_SafetyCarButton1_v0_selected_sac_lag_sac_lag_s12,135000,0.0,0.0,0.0,0.0,0.0,0.0,
SafetyCarButton1-v0,sac_lag,starv2_core_100k_SafetyCarButton1_v0_selected_sac_lag_sac_lag_s12,140000,0.0,0.0,0.0,0.0,0.0,0.0,
SafetyCarButton1-v0,sac_lag,starv2_core_100k_SafetyCarButton1_v0_selected_sac_lag_sac_lag_s12,145000,0.0,0.0,0.0,0.0,0.0,0.0,
SafetyCarButton1-v0,sac_lag,starv2_core_100k_SafetyCarButton1_v0_selected_sac_lag_sac_lag_s12,150000,0.0,0.0,0.0,0.0,0.0,0.0,
SafetyCarButton1-v0,sac_lag,starv2_core_100k_SafetyCarButton1_v0_selected_sac_lag_sac_lag_s12,155000,0.0,0.0,0.0,0.0,0.0,0.0,
SafetyCarButton1-v0,sac_lag,starv2_core_100k_SafetyCarButton1_v0_selected_sac_lag_sac_lag_s12,160000,0.0,0.0,0.0,0.0,0.0,0.0,
SafetyCarButton1-v0,sac_lag,starv2_core_100k_SafetyCarButton1_v0_selected_sac_lag_sac_lag_s12,165000,0.0,0.0,0.0,0.0,0.0,0.0,
SafetyCarButton1-v0,sac_lag,starv2_core_100k_SafetyCarButton1_v0_selected_sac_lag_sac_lag_s12,170000,0.0,0.0,0.0,0.0,0.0,0.0,
SafetyCarButton1-v0,sac_lag,starv2_core_100k_SafetyCarButton1_v0_selected_sac_lag_sac_lag_s12,175000,0.0,0.0,0.0,0.0,0.0,0.0,
SafetyCarButton1-v0,sac_lag,starv2_core_100k_SafetyCarButton1_v0_selected_sac_lag_sac_lag_s12,180000,0.0,0.0,0.0,0.0,0.0,0.0,
SafetyCarButton1-v0,sac_lag,starv2_core_100k_SafetyCarButton1_v0_selected_sac_lag_sac_lag_s12,185000,0.0,0.0,0.0,0.0,0.0,0.0,
SafetyCarButton1-v0,sac_lag,starv2_core_100k_SafetyCarButton1_v0_selected_sac_lag_sac_lag_s12,190000,0.0,0.0,0.0,0.0,0.0,0.0,
SafetyCarButton1-v0,sac_lag,starv2_core_100k_SafetyCarButton1_v0_selected_sac_lag_sac_lag_s12,195000,0.0,0.0,0.0,0.0,0.0,0.0,
SafetyCarButton1-v0,sac_lag,starv2_core_100k_SafetyCarButton1_v0_selected_sac_lag_sac_lag_s12,200000,0.0,0.0,0.0,0.0,0.0,0.0,
SafetyCarButton1-v0,sac_lag,starv2_core_100k_SafetyCarButton1_v0_selected_sac_lag_sac_lag_s12,205000,0.0,0.0,0.0,0.0,0.0,0.0,
SafetyCarButton1-v0,sac_lag,starv2_core_100k_SafetyCarButton1_v0_selected_sac_lag_sac_lag_s12,210000,0.0,0.0,0.0,0.0,0.0,0.0,
SafetyCarButton1-v0,sac_lag,starv2_core_100k_SafetyCarButton1_v0_selected_sac_lag_sac_lag_s12,215000,0.0,0.0,0.0,0.0,0.0,0.0,
SafetyCarButton1-v0,sac_lag,starv2_core_100k_SafetyCarButton1_v0_selected_sac_lag_sac_lag_s12,220000,0.0,0.0,0.0,0.0,0.0,0.0,
SafetyCarButton1-v0,sac_lag,starv2_core_100k_SafetyCarButton1_v0_selected_sac_lag_sac_lag_s12,225000,0.0,0.0,0.0,0.0,0.0,0.0,
SafetyCarButton1-v0,sac_lag,starv2_core_100k_SafetyCarButton1_v0_selected_sac_lag_sac_lag_s12,230000,0.0,0.0,0.0,0.0,0.0,0.0,
SafetyCarButton1-v0,sac_lag,starv2_core_100k_SafetyCarButton1_v0_selected_sac_lag_sac_lag_s12,235000,0.0,0.0,0.0,0.0,0.0,0.0,
SafetyCarButton1-v0,sac_lag,starv2_core_100k_SafetyCarButton1_v0_selected_sac_lag_sac_lag_s12,240000,0.0,0.0,0.0,0.0,0.0,0.0,
SafetyCarButton1-v0,sac_lag,starv2_core_100k_SafetyCarButton1_v0_selected_sac_lag_sac_lag_s12,245000,0.0,0.0,0.0,0.0,0.0,0.0,
SafetyCarButton1-v0,sac_lag,starv2_core_100k_SafetyCarButton1_v0_selected_sac_lag_sac_lag_s12,250000,0.0,0.0,0.0,0.0,0.0,0.0,
SafetyCarButton1-v0,sac_lag,starv2_core_100k_SafetyCarButton1_v0_selected_sac_lag_sac_lag_s12,255000,0.0,0.0,0.0,0.0,0.0,0.0,
SafetyCarButton1-v0,sac_lag,starv2_core_100k_SafetyCarButton1_v0_selected_sac_lag_sac_lag_s12,260000,0.0,0.0,0.0,0.0,0.0,0.0,
SafetyCarButton1-v0,sac_lag,starv2_core_100k_SafetyCarButton1_v0_selected_sac_lag_sac_lag_s12,265000,0.0,0.0,0.0,0.0,0.0,0.0,
SafetyCarButton1-v0,sac_lag,starv2_core_100k_SafetyCarButton1_v0_selected_sac_lag_sac_lag_s12,270000,0.0,0.0,0.0,0.0,0.0,0.0,
SafetyCarButton1-v0,sac_lag,starv2_core_100k_SafetyCarButton1_v0_selected_sac_lag_sac_lag_s12,275000,0.0,0.0,0.0,0.0,0.0,0.0,
SafetyCarButton1-v0,sac_lag,starv2_core_100k_SafetyCarButton1_v0_selected_sac_lag_sac_lag_s12,280000,0.0,0.0,0.0,0.0,0.0,0.0,
SafetyCarButton1-v0,sac_lag,starv2_core_100k_SafetyCarButton1_v0_selected_sac_lag_sac_lag_s12,285000,0.0,0.0,0.0,0.0,0.0,0.0,
SafetyCarButton1-v0,sac_lag,starv2_core_100k_SafetyCarButton1_v0_selected_sac_lag_sac_lag_s12,290000,0.0,0.0,0.0,0.0,0.0,0.0,
SafetyCarButton1-v0,sac_lag,starv2_core_100k_SafetyCarButton1_v0_selected_sac_lag_sac_lag_s12,295000,0.0,0.0,0.0,0.0,0.0,0.0,
SafetyCarButton1-v0,sac_lag,starv2_resume_300k_SafetyCarButton1_v0_selected_sac_lag_sac_lag_s13,5000,0.0,0.0,0.0,0.0,0.0,0.0,
SafetyCarButton1-v0,sac_lag,starv2_resume_300k_SafetyCarButton1_v0_selected_sac_lag_sac_lag_s13,10000,0.0,0.0,0.0,0.0,0.0,0.0,
SafetyCarButton1-v0,sac_lag,starv2_resume_300k_SafetyCarButton1_v0_selected_sac_lag_sac_lag_s13,15000,0.0,0.0,0.0,0.0,0.0,0.0,
SafetyCarButton1-v0,sac_lag,starv2_resume_300k_SafetyCarButton1_v0_selected_sac_lag_sac_lag_s13,20000,0.0,0.0,0.0,0.0,0.0,0.0,
SafetyCarButton1-v0,sac_lag,starv2_resume_300k_SafetyCarButton1_v0_selected_sac_lag_sac_lag_s13,25000,0.0,0.0,0.0,0.0,0.0,0.0,
SafetyCarButton1-v0,sac_lag,starv2_resume_300k_SafetyCarButton1_v0_selected_sac_lag_sac_lag_s13,30000,0.0,0.0,0.0,0.0,0.0,0.0,
SafetyCarButton1-v0,sac_lag,starv2_resume_300k_SafetyCarButton1_v0_selected_sac_lag_sac_lag_s13,35000,0.0,0.0,0.0,0.0,0.0,0.0,
SafetyCarButton1-v0,sac_lag,starv2_resume_300k_SafetyCarButton1_v0_selected_sac_lag_sac_lag_s13,40000,0.0,0.0,0.0,0.0,0.0,0.0,
SafetyCarButton1-v0,sac_lag,starv2_resume_300k_SafetyCarButton1_v0_selected_sac_lag_sac_lag_s13,45000,0.0,0.0,0.0,0.0,0.0,0.0,
SafetyCarButton1-v0,sac_lag,starv2_resume_300k_SafetyCarButton1_v0_selected_sac_lag_sac_lag_s13,50000,0.0,0.0,0.0,0.0,0.0,0.0,
SafetyCarButton1-v0,sac_lag,starv2_resume_300k_SafetyCarButton1_v0_selected_sac_lag_sac_lag_s13,55000,0.0,0.0,0.0,0.0,0.0,0.0,
SafetyCarButton1-v0,sac_lag,starv2_resume_300k_SafetyCarButton1_v0_selected_sac_lag_sac_lag_s13,60000,0.0,0.0,0.0,0.0,0.0,0.0,
SafetyCarButton1-v0,sac_lag,starv2_resume_300k_SafetyCarButton1_v0_selected_sac_lag_sac_lag_s13,65000,0.0,0.0,0.0,0.0,0.0,0.0,
SafetyCarButton1-v0,sac_lag,starv2_resume_300k_SafetyCarButton1_v0_selected_sac_lag_sac_lag_s13,70000,0.0,0.0,0.0,0.0,0.0,0.0,
SafetyCarButton1-v0,sac_lag,starv2_resume_300k_SafetyCarButton1_v0_selected_sac_lag_sac_lag_s13,75000,0.0,0.0,0.0,0.0,0.0,0.0,
SafetyCarButton1-v0,sac_lag,starv2_resume_300k_SafetyCarButton1_v0_selected_sac_lag_sac_lag_s13,80000,0.0,0.0,0.0,0.0,0.0,0.0,
SafetyCarButton1-v0,sac_lag,starv2_resume_300k_SafetyCarButton1_v0_selected_sac_lag_sac_lag_s13,85000,0.0,0.0,0.0,0.0,0.0,0.0,
SafetyCarButton1-v0,sac_lag,starv2_resume_300k_SafetyCarButton1_v0_selected_sac_lag_sac_lag_s13,90000,0.0,0.0,0.0,0.0,0.0,0.0,
SafetyCarButton1-v0,sac_lag,starv2_resume_300k_SafetyCarButton1_v0_selected_sac_lag_sac_lag_s13,95000,0.0,0.0,0.0,0.0,0.0,0.0,
SafetyCarButton1-v0,sac_lag,starv2_resume_300k_SafetyCarButton1_v0_selected_sac_lag_sac_lag_s13,100000,0.0,0.0,0.0,0.0,0.0,0.0,
SafetyCarButton1-v0,sac_lag,starv2_resume_300k_SafetyCarButton1_v0_selected_sac_lag_sac_lag_s13,105000,0.0,0.0,0.0,0.0,0.0,0.0,
SafetyCarButton1-v0,sac_lag,starv2_resume_300k_SafetyCarButton1_v0_selected_sac_lag_sac_lag_s13,110000,0.0,0.0,0.0,0.0,0.0,0.0,
SafetyCarButton1-v0,sac_lag,starv2_resume_300k_SafetyCarButton1_v0_selected_sac_lag_sac_lag_s13,115000,0.0,0.0,0.0,0.0,0.0,0.0,
SafetyCarButton1-v0,sac_lag,starv2_resume_300k_SafetyCarButton1_v0_selected_sac_lag_sac_lag_s13,120000,0.0,0.0,0.0,0.0,0.0,0.0,
SafetyCarButton1-v0,sac_lag,starv2_resume_300k_SafetyCarButton1_v0_selected_sac_lag_sac_lag_s13,125000,0.0,0.0,0.0,0.0,0.0,0.0,
SafetyCarButton1-v0,sac_lag,starv2_resume_300k_SafetyCarButton1_v0_selected_sac_lag_sac_lag_s13,130000,0.0,0.0,0.0,0.0,0.0,0.0,
SafetyCarButton1-v0,sac_lag,starv2_resume_300k_SafetyCarButton1_v0_selected_sac_lag_sac_lag_s13,135000,0.0,0.0,0.0,0.0,0.0,0.0,
SafetyCarButton1-v0,sac_lag,starv2_resume_300k_SafetyCarButton1_v0_selected_sac_lag_sac_lag_s13,140000,0.0,0.0,0.0,0.0,0.0,0.0,
SafetyCarButton1-v0,sac_lag,starv2_resume_300k_SafetyCarButton1_v0_selected_sac_lag_sac_lag_s13,145000,0.0,0.0,0.0,0.0,0.0,0.0,
SafetyCarButton1-v0,sac_lag,starv2_resume_300k_SafetyCarButton1_v0_selected_sac_lag_sac_lag_s13,150000,0.0,0.0,0.0,0.0,0.0,0.0,
SafetyCarButton1-v0,sac_lag,starv2_resume_300k_SafetyCarButton1_v0_selected_sac_lag_sac_lag_s13,155000,0.0,0.0,0.0,0.0,0.0,0.0,
SafetyCarButton1-v0,sac_lag,starv2_resume_300k_SafetyCarButton1_v0_selected_sac_lag_sac_lag_s13,160000,0.0,0.0,0.0,0.0,0.0,0.0,
SafetyCarButton1-v0,sac_lag,starv2_resume_300k_SafetyCarButton1_v0_selected_sac_lag_sac_lag_s13,165000,0.0,0.0,0.0,0.0,0.0,0.0,
SafetyCarButton1-v0,sac_lag,starv2_resume_300k_SafetyCarButton1_v0_selected_sac_lag_sac_lag_s13,170000,0.0,0.0,0.0,0.0,0.0,0.0,
SafetyCarButton1-v0,sac_lag,starv2_resume_300k_SafetyCarButton1_v0_selected_sac_lag_sac_lag_s13,175000,0.0,0.0,0.0,0.0,0.0,0.0,
SafetyCarButton1-v0,sac_lag,starv2_resume_300k_SafetyCarButton1_v0_selected_sac_lag_sac_lag_s13,180000,0.0,0.0,0.0,0.0,0.0,0.0,
SafetyCarButton1-v0,sac_lag,starv2_resume_300k_SafetyCarButton1_v0_selected_sac_lag_sac_lag_s13,185000,0.0,0.0,0.0,0.0,0.0,0.0,
SafetyCarButton1-v0,sac_lag,starv2_resume_300k_SafetyCarButton1_v0_selected_sac_lag_sac_lag_s13,190000,0.0,0.0,0.0,0.0,0.0,0.0,
SafetyCarButton1-v0,sac_lag,starv2_resume_300k_SafetyCarButton1_v0_selected_sac_lag_sac_lag_s13,195000,0.0,0.0,0.0,0.0,0.0,0.0,
SafetyCarButton1-v0,sac_lag,starv2_resume_300k_SafetyCarButton1_v0_selected_sac_lag_sac_lag_s13,200000,0.0,0.0,0.0,0.0,0.0,0.0,
SafetyCarButton1-v0,sac_lag,starv2_resume_300k_SafetyCarButton1_v0_selected_sac_lag_sac_lag_s13,205000,0.0,0.0,0.0,0.0,0.0,0.0,
SafetyCarButton1-v0,sac_lag,starv2_resume_300k_SafetyCarButton1_v0_selected_sac_lag_sac_lag_s13,210000,0.0,0.0,0.0,0.0,0.0,0.0,
SafetyCarButton1-v0,sac_lag,starv2_resume_300k_SafetyCarButton1_v0_selected_sac_lag_sac_lag_s13,215000,0.0,0.0,0.0,0.0,0.0,0.0,
SafetyCarButton1-v0,sac_lag,starv2_resume_300k_SafetyCarButton1_v0_selected_sac_lag_sac_lag_s13,220000,0.0,0.0,0.0,0.0,0.0,0.0,
SafetyCarButton1-v0,sac_lag,starv2_resume_300k_SafetyCarButton1_v0_selected_sac_lag_sac_lag_s13,225000,0.0,0.0,0.0,0.0,0.0,0.0,
SafetyCarButton1-v0,sac_lag,starv2_resume_300k_SafetyCarButton1_v0_selected_sac_lag_sac_lag_s13,230000,0.0,0.0,0.0,0.0,0.0,0.0,
SafetyCarButton1-v0,sac_lag,starv2_resume_300k_SafetyCarButton1_v0_selected_sac_lag_sac_lag_s13,235000,0.0,0.0,0.0,0.0,0.0,0.0,
SafetyCarButton1-v0,sac_lag,starv2_resume_300k_SafetyCarButton1_v0_selected_sac_lag_sac_lag_s13,240000,0.0,0.0,0.0,0.0,0.0,0.0,
SafetyCarButton1-v0,sac_lag,starv2_resume_300k_SafetyCarButton1_v0_selected_sac_lag_sac_lag_s13,245000,0.0,0.0,0.0,0.0,0.0,0.0,
SafetyCarButton1-v0,sac_lag,starv2_resume_300k_SafetyCarButton1_v0_selected_sac_lag_sac_lag_s13,250000,0.0,0.0,0.0,0.0,0.0,0.0,
SafetyCarButton1-v0,sac_lag,starv2_resume_300k_SafetyCarButton1_v0_selected_sac_lag_sac_lag_s13,255000,0.0,0.0,0.0,0.0,0.0,0.0,
SafetyCarButton1-v0,sac_lag,starv2_resume_300k_SafetyCarButton1_v0_selected_sac_lag_sac_lag_s13,260000,0.0,0.0,0.0,0.0,0.0,0.0,
SafetyCarButton1-v0,sac_lag,starv2_resume_300k_SafetyCarButton1_v0_selected_sac_lag_sac_lag_s13,265000,0.0,0.0,0.0,0.0,0.0,0.0,
SafetyCarButton1-v0,sac_lag,starv2_resume_300k_SafetyCarButton1_v0_selected_sac_lag_sac_lag_s13,270000,0.0,0.0,0.0,0.0,0.0,0.0,
SafetyCarButton1-v0,sac_lag,starv2_resume_300k_SafetyCarButton1_v0_selected_sac_lag_sac_lag_s13,275000,0.0,0.0,0.0,0.0,0.0,0.0,
SafetyCarButton1-v0,sac_lag,starv2_resume_300k_SafetyCarButton1_v0_selected_sac_lag_sac_lag_s13,280000,0.0,0.0,0.0,0.0,0.0,0.0,
SafetyCarButton1-v0,sac_lag,starv2_resume_300k_SafetyCarButton1_v0_selected_sac_lag_sac_lag_s13,285000,0.0,0.0,0.0,0.0,0.0,0.0,
SafetyCarButton1-v0,sac_lag,starv2_resume_300k_SafetyCarButton1_v0_selected_sac_lag_sac_lag_s13,290000,0.0,0.0,0.0,0.0,0.0,0.0,
SafetyCarButton1-v0,sac_lag,starv2_resume_300k_SafetyCarButton1_v0_selected_sac_lag_sac_lag_s13,295000,0.0,0.0,0.0,0.0,0.0,0.0,
SafetyCarButton1-v0,sac_lag,starv2_resume_300k_SafetyCarButton1_v0_selected_sac_lag_sac_lag_s14,5000,0.0,0.0,0.0,0.0,0.0,0.0,
SafetyCarButton1-v0,sac_lag,starv2_resume_300k_SafetyCarButton1_v0_selected_sac_lag_sac_lag_s14,10000,0.0,0.0,0.0,0.0,0.0,0.0,
SafetyCarButton1-v0,sac_lag,starv2_resume_300k_SafetyCarButton1_v0_selected_sac_lag_sac_lag_s14,15000,0.0,0.0,0.0,0.0,0.0,0.0,
SafetyCarButton1-v0,sac_lag,starv2_resume_300k_SafetyCarButton1_v0_selected_sac_lag_sac_lag_s14,20000,0.0,0.0,0.0,0.0,0.0,0.0,
SafetyCarButton1-v0,sac_lag,starv2_resume_300k_SafetyCarButton1_v0_selected_sac_lag_sac_lag_s14,25000,0.0,0.0,0.0,0.0,0.0,0.0,
SafetyCarButton1-v0,sac_lag,starv2_resume_300k_SafetyCarButton1_v0_selected_sac_lag_sac_lag_s14,30000,0.0,0.0,0.0,0.0,0.0,0.0,
SafetyCarButton1-v0,sac_lag,starv2_resume_300k_SafetyCarButton1_v0_selected_sac_lag_sac_lag_s14,35000,0.0,0.0,0.0,0.0,0.0,0.0,
SafetyCarButton1-v0,sac_lag,starv2_resume_300k_SafetyCarButton1_v0_selected_sac_lag_sac_lag_s14,40000,0.0,0.0,0.0,0.0,0.0,0.0,
SafetyCarButton1-v0,sac_lag,starv2_resume_300k_SafetyCarButton1_v0_selected_sac_lag_sac_lag_s14,45000,0.0,0.0,0.0,0.0,0.0,0.0,
SafetyCarButton1-v0,sac_lag,starv2_resume_300k_SafetyCarButton1_v0_selected_sac_lag_sac_lag_s14,50000,0.0,0.0,0.0,0.0,0.0,0.0,
SafetyCarButton1-v0,sac_lag,starv2_resume_300k_SafetyCarButton1_v0_selected_sac_lag_sac_lag_s14,55000,0.0,0.0,0.0,0.0,0.0,0.0,
SafetyCarButton1-v0,sac_lag,starv2_resume_300k_SafetyCarButton1_v0_selected_sac_lag_sac_lag_s14,60000,0.0,0.0,0.0,0.0,0.0,0.0,
SafetyCarButton1-v0,sac_lag,starv2_resume_300k_SafetyCarButton1_v0_selected_sac_lag_sac_lag_s14,65000,0.0,0.0,0.0,0.0,0.0,0.0,
SafetyCarButton1-v0,sac_lag,starv2_resume_300k_SafetyCarButton1_v0_selected_sac_lag_sac_lag_s14,70000,0.0,0.0,0.0,0.0,0.0,0.0,
SafetyCarButton1-v0,sac_lag,starv2_resume_300k_SafetyCarButton1_v0_selected_sac_lag_sac_lag_s14,75000,0.0,0.0,0.0,0.0,0.0,0.0,
SafetyCarButton1-v0,sac_lag,starv2_resume_300k_SafetyCarButton1_v0_selected_sac_lag_sac_lag_s14,80000,0.0,0.0,0.0,0.0,0.0,0.0,
SafetyCarButton1-v0,sac_lag,starv2_resume_300k_SafetyCarButton1_v0_selected_sac_lag_sac_lag_s14,85000,0.0,0.0,0.0,0.0,0.0,0.0,
SafetyCarButton1-v0,sac_lag,starv2_resume_300k_SafetyCarButton1_v0_selected_sac_lag_sac_lag_s14,90000,0.0,0.0,0.0,0.0,0.0,0.0,
SafetyCarButton1-v0,sac_lag,starv2_resume_300k_SafetyCarButton1_v0_selected_sac_lag_sac_lag_s14,95000,0.0,0.0,0.0,0.0,0.0,0.0,
SafetyCarButton1-v0,sac_lag,starv2_resume_300k_SafetyCarButton1_v0_selected_sac_lag_sac_lag_s14,100000,0.0,0.0,0.0,0.0,0.0,0.0,
SafetyCarButton1-v0,sac_lag,starv2_resume_300k_SafetyCarButton1_v0_selected_sac_lag_sac_lag_s14,105000,0.0,0.0,0.0,0.0,0.0,0.0,
SafetyCarButton1-v0,sac_lag,starv2_resume_300k_SafetyCarButton1_v0_selected_sac_lag_sac_lag_s14,110000,0.0,0.0,0.0,0.0,0.0,0.0,
SafetyCarButton1-v0,sac_lag,starv2_resume_300k_SafetyCarButton1_v0_selected_sac_lag_sac_lag_s14,115000,0.0,0.0,0.0,0.0,0.0,0.0,
SafetyCarButton1-v0,sac_lag,starv2_resume_300k_SafetyCarButton1_v0_selected_sac_lag_sac_lag_s14,120000,0.0,0.0,0.0,0.0,0.0,0.0,
SafetyCarButton1-v0,sac_lag,starv2_resume_300k_SafetyCarButton1_v0_selected_sac_lag_sac_lag_s14,125000,0.0,0.0,0.0,0.0,0.0,0.0,
SafetyCarButton1-v0,sac_lag,starv2_resume_300k_SafetyCarButton1_v0_selected_sac_lag_sac_lag_s14,130000,0.0,0.0,0.0,0.0,0.0,0.0,
SafetyCarButton1-v0,sac_lag,starv2_resume_300k_SafetyCarButton1_v0_selected_sac_lag_sac_lag_s14,135000,0.0,0.0,0.0,0.0,0.0,0.0,
SafetyCarButton1-v0,sac_lag,starv2_resume_300k_SafetyCarButton1_v0_selected_sac_lag_sac_lag_s14,140000,0.0,0.0,0.0,0.0,0.0,0.0,
SafetyCarButton1-v0,sac_lag,starv2_resume_300k_SafetyCarButton1_v0_selected_sac_lag_sac_lag_s14,145000,0.0,0.0,0.0,0.0,0.0,0.0,
SafetyCarButton1-v0,sac_lag,starv2_resume_300k_SafetyCarButton1_v0_selected_sac_lag_sac_lag_s14,150000,0.0,0.0,0.0,0.0,0.0,0.0,
SafetyCarButton1-v0,sac_lag,starv2_resume_300k_SafetyCarButton1_v0_selected_sac_lag_sac_lag_s14,155000,0.0,0.0,0.0,0.0,0.0,0.0,
SafetyCarButton1-v0,sac_lag,starv2_resume_300k_SafetyCarButton1_v0_selected_sac_lag_sac_lag_s14,160000,0.0,0.0,0.0,0.0,0.0,0.0,
SafetyCarButton1-v0,sac_lag,starv2_resume_300k_SafetyCarButton1_v0_selected_sac_lag_sac_lag_s14,165000,0.0,0.0,0.0,0.0,0.0,0.0,
SafetyCarButton1-v0,sac_lag,starv2_resume_300k_SafetyCarButton1_v0_selected_sac_lag_sac_lag_s14,170000,0.0,0.0,0.0,0.0,0.0,0.0,
SafetyCarButton1-v0,sac_lag,starv2_resume_300k_SafetyCarButton1_v0_selected_sac_lag_sac_lag_s14,175000,0.0,0.0,0.0,0.0,0.0,0.0,
SafetyCarButton1-v0,sac_lag,starv2_resume_300k_SafetyCarButton1_v0_selected_sac_lag_sac_lag_s14,180000,0.0,0.0,0.0,0.0,0.0,0.0,
SafetyCarButton1-v0,sac_lag,starv2_resume_300k_SafetyCarButton1_v0_selected_sac_lag_sac_lag_s14,185000,0.0,0.0,0.0,0.0,0.0,0.0,
SafetyCarButton1-v0,sac_lag,starv2_resume_300k_SafetyCarButton1_v0_selected_sac_lag_sac_lag_s14,190000,0.0,0.0,0.0,0.0,0.0,0.0,
SafetyCarButton1-v0,sac_lag,starv2_resume_300k_SafetyCarButton1_v0_selected_sac_lag_sac_lag_s14,195000,0.0,0.0,0.0,0.0,0.0,0.0,
SafetyCarButton1-v0,sac_lag,starv2_resume_300k_SafetyCarButton1_v0_selected_sac_lag_sac_lag_s14,200000,0.0,0.0,0.0,0.0,0.0,0.0,
SafetyCarButton1-v0,sac_lag,starv2_resume_300k_SafetyCarButton1_v0_selected_sac_lag_sac_lag_s14,205000,0.0,0.0,0.0,0.0,0.0,0.0,
SafetyCarButton1-v0,sac_lag,starv2_resume_300k_SafetyCarButton1_v0_selected_sac_lag_sac_lag_s14,210000,0.0,0.0,0.0,0.0,0.0,0.0,
SafetyCarButton1-v0,sac_lag,starv2_resume_300k_SafetyCarButton1_v0_selected_sac_lag_sac_lag_s14,215000,0.0,0.0,0.0,0.0,0.0,0.0,
SafetyCarButton1-v0,sac_lag,starv2_resume_300k_SafetyCarButton1_v0_selected_sac_lag_sac_lag_s14,220000,0.0,0.0,0.0,0.0,0.0,0.0,
SafetyCarButton1-v0,sac_lag,starv2_resume_300k_SafetyCarButton1_v0_selected_sac_lag_sac_lag_s14,225000,0.0,0.0,0.0,0.0,0.0,0.0,
SafetyCarButton1-v0,sac_lag,starv2_resume_300k_SafetyCarButton1_v0_selected_sac_lag_sac_lag_s14,230000,0.0,0.0,0.0,0.0,0.0,0.0,
SafetyCarButton1-v0,sac_lag,starv2_resume_300k_SafetyCarButton1_v0_selected_sac_lag_sac_lag_s14,235000,0.0,0.0,0.0,0.0,0.0,0.0,
SafetyCarButton1-v0,sac_lag,starv2_resume_300k_SafetyCarButton1_v0_selected_sac_lag_sac_lag_s14,240000,0.0,0.0,0.0,0.0,0.0,0.0,
SafetyCarButton1-v0,sac_lag,starv2_resume_300k_SafetyCarButton1_v0_selected_sac_lag_sac_lag_s14,245000,0.0,0.0,0.0,0.0,0.0,0.0,
SafetyCarButton1-v0,sac_lag,starv2_resume_300k_SafetyCarButton1_v0_selected_sac_lag_sac_lag_s14,250000,0.0,0.0,0.0,0.0,0.0,0.0,
SafetyCarButton1-v0,sac_lag,starv2_resume_300k_SafetyCarButton1_v0_selected_sac_lag_sac_lag_s14,255000,0.0,0.0,0.0,0.0,0.0,0.0,
SafetyCarButton1-v0,sac_lag,starv2_resume_300k_SafetyCarButton1_v0_selected_sac_lag_sac_lag_s14,260000,0.0,0.0,0.0,0.0,0.0,0.0,
SafetyCarButton1-v0,sac_lag,starv2_resume_300k_SafetyCarButton1_v0_selected_sac_lag_sac_lag_s14,265000,0.0,0.0,0.0,0.0,0.0,0.0,
SafetyCarButton1-v0,sac_lag,starv2_resume_300k_SafetyCarButton1_v0_selected_sac_lag_sac_lag_s14,270000,0.0,0.0,0.0,0.0,0.0,0.0,
SafetyCarButton1-v0,sac_lag,starv2_resume_300k_SafetyCarButton1_v0_selected_sac_lag_sac_lag_s14,275000,0.0,0.0,0.0,0.0,0.0,0.0,
SafetyCarButton1-v0,sac_lag,starv2_resume_300k_SafetyCarButton1_v0_selected_sac_lag_sac_lag_s14,280000,0.0,0.0,0.0,0.0,0.0,0.0,
SafetyCarButton1-v0,sac_lag,starv2_resume_300k_SafetyCarButton1_v0_selected_sac_lag_sac_lag_s14,285000,0.0,0.0,0.0,0.0,0.0,0.0,
SafetyCarButton1-v0,sac_lag,starv2_resume_300k_SafetyCarButton1_v0_selected_sac_lag_sac_lag_s14,290000,0.0,0.0,0.0,0.0,0.0,0.0,
SafetyCarButton1-v0,sac_lag,starv2_resume_300k_SafetyCarButton1_v0_selected_sac_lag_sac_lag_s14,295000,0.0,0.0,0.0,0.0,0.0,0.0,
SafetyCarButton1-v0,star_v2,starv2_core_100k_SafetyCarButton1_v0_selected_star_v2_star_v2_s10,100000,0.648627519607544,0.648627519607544,8.440110832452774e-10,1.0,0.5305346250534058,0.20012983679771423,
SafetyCarButton1-v0,star_v2,starv2_core_100k_SafetyCarButton1_v0_selected_star_v2_star_v2_s10,105000,0.6616377830505371,0.6616377830505371,3.7834979593753815e-10,1.0,0.5310244560241699,0.21297943592071533,
SafetyCarButton1-v0,star_v2,starv2_core_100k_SafetyCarButton1_v0_selected_star_v2_star_v2_s10,110000,0.634385347366333,0.634385347366333,6.111804395914078e-10,1.0,0.5304061770439148,0.19207580387592316,
SafetyCarButton1-v0,star_v2,starv2_core_100k_SafetyCarButton1_v0_selected_star_v2_star_v2_s10,115000,0.6197283864021301,0.6197283864021301,-7.8580342233181e-10,0.0,0.5311328172683716,0.18279342353343964,
SafetyCarButton1-v0,star_v2,starv2_core_100k_SafetyCarButton1_v0_selected_star_v2_star_v2_s10,120000,0.6289470195770264,0.6289470195770264,2.3283064365386963e-10,1.0,0.5330122709274292,0.18837758898735046,
SafetyCarButton1-v0,star_v2,starv2_core_100k_SafetyCarButton1_v0_selected_star_v2_star_v2_s10,125000,0.6490843892097473,0.6490843892097473,-4.0745362639427185e-10,0.0,0.5336474776268005,0.2013874351978302,
SafetyCarButton1-v0,star_v2,starv2_core_100k_SafetyCarButton1_v0_selected_star_v2_star_v2_s10,130000,0.6546686887741089,0.6546686887741089,-1.4551915228366852e-10,0.0,0.5286651849746704,0.2030465006828308,
SafetyCarButton1-v0,star_v2,starv2_core_100k_SafetyCarButton1_v0_selected_star_v2_star_v2_s10,135000,0.6487055420875549,0.6487055420875549,8.149072527885437e-10,1.0,0.533710241317749,0.19946520030498505,
SafetyCarButton1-v0,star_v2,starv2_core_100k_SafetyCarButton1_v0_selected_star_v2_star_v2_s10,140000,0.6491861343383789,0.6491861343383789,-5.238689482212067e-10,0.0,0.5296132564544678,0.1901884227991104,
SafetyCarButton1-v0,star_v2,starv2_core_100k_SafetyCarButton1_v0_selected_star_v2_star_v2_s10,145000,0.6589406728744507,0.6589406728744507,5.820766091346741e-11,1.0,0.5316358804702759,0.20456522703170776,
SafetyCarButton1-v0,star_v2,starv2_core_100k_SafetyCarButton1_v0_selected_star_v2_star_v2_s10,150000,0.6510643362998962,0.6510643362998962,1.1641532182693481e-10,1.0,0.532261848449707,0.19427749514579773,
SafetyCarButton1-v0,star_v2,starv2_core_100k_SafetyCarButton1_v0_selected_star_v2_star_v2_s10,155000,0.6529734134674072,0.6529734134674072,-4.656612873077393e-10,0.0,0.5312076807022095,0.1917625069618225,
SafetyCarButton1-v0,star_v2,starv2_core_100k_SafetyCarButton1_v0_selected_star_v2_star_v2_s10,160000,0.6978351473808289,0.6978352069854736,-1.1641532182693481e-10,0.0,0.5306967496871948,0.22914016246795654,
SafetyCarButton1-v0,star_v2,starv2_core_100k_SafetyCarButton1_v0_selected_star_v2_star_v2_s10,165000,0.651962161064148,0.651962161064148,-5.820766091346741e-10,0.0,0.5305098295211792,0.1990734040737152,
SafetyCarButton1-v0,star_v2,starv2_core_100k_SafetyCarButton1_v0_selected_star_v2_star_v2_s10,170000,0.6709206104278564,0.6709206104278564,1.1641532182693481e-10,1.0,0.533089280128479,0.2119618058204651,
SafetyCarButton1-v0,star_v2,starv2_core_100k_SafetyCarButton1_v0_selected_star_v2_star_v2_s10,175000,0.6841675043106079,0.6841675043106079,-4.656612873077393e-10,0.0,0.5285273790359497,0.21884332597255707,
SafetyCarButton1-v0,star_v2,starv2_core_100k_SafetyCarButton1_v0_selected_star_v2_star_v2_s10,180000,0.6587972640991211,0.6587972640991211,5.238689482212067e-10,1.0,0.5344613790512085,0.2031932771205902,
SafetyCarButton1-v0,star_v2,starv2_core_100k_SafetyCarButton1_v0_selected_star_v2_star_v2_s10,185000,0.6637812852859497,0.6637812852859497,5.820766091346741e-10,1.0,0.5300976037979126,0.2043209969997406,
SafetyCarButton1-v0,star_v2,starv2_core_100k_SafetyCarButton1_v0_selected_star_v2_star_v2_s10,190000,0.6711736917495728,0.6711736917495728,1.7462298274040222e-09,1.0,0.5337238311767578,0.2149922251701355,
SafetyCarButton1-v0,star_v2,starv2_core_100k_SafetyCarButton1_v0_selected_star_v2_star_v2_s10,195000,0.6767197847366333,0.6767197847366333,9.89530235528946e-10,1.0,0.5321738719940186,0.2127189040184021,
SafetyCarButton1-v0,star_v2,starv2_core_100k_SafetyCarButton1_v0_selected_star_v2_star_v2_s10,200000,0.6903371214866638,0.6903371214866638,-1.1641532182693481e-10,0.0,0.5267370939254761,0.21947795152664185,
SafetyCarButton1-v0,star_v2,starv2_core_100k_SafetyCarButton1_v0_selected_star_v2_star_v2_s10,205000,0.6796118021011353,0.6796118021011353,-4.656612873077393e-10,0.0,0.5317870378494263,0.2073434442281723,
SafetyCarButton1-v0,star_v2,starv2_core_100k_SafetyCarButton1_v0_selected_star_v2_star_v2_s10,210000,0.6788697838783264,0.6788697838783264,-1.1641532182693481e-10,0.0,0.533594012260437,0.21256083250045776,
SafetyCarButton1-v0,star_v2,starv2_core_100k_SafetyCarButton1_v0_selected_star_v2_star_v2_s10,215000,0.7020406723022461,0.7020406723022461,6.984919309616089e-10,1.0,0.5301129817962646,0.23064443469047546,
SafetyCarButton1-v0,star_v2,starv2_core_100k_SafetyCarButton1_v0_selected_star_v2_star_v2_s10,220000,0.6968994736671448,0.6968994736671448,-1.1641532182693481e-10,0.0,0.5344104170799255,0.22533488273620605,
SafetyCarButton1-v0,star_v2,starv2_core_100k_SafetyCarButton1_v0_selected_star_v2_star_v2_s10,225000,0.6602175235748291,0.6602175235748291,-1.0477378964424133e-09,0.0,0.5290449857711792,0.19494947791099548,
SafetyCarButton1-v0,star_v2,starv2_core_100k_SafetyCarButton1_v0_selected_star_v2_star_v2_s10,230000,0.6653698086738586,0.6653698086738586,5.820766091346741e-10,1.0,0.5316709280014038,0.20471125841140747,
SafetyCarButton1-v0,star_v2,starv2_core_100k_SafetyCarButton1_v0_selected_star_v2_star_v2_s10,235000,0.6869829893112183,0.6869829893112183,-3.4924596548080444e-10,0.0,0.5277746915817261,0.21686796844005585,
SafetyCarButton1-v0,star_v2,starv2_core_100k_SafetyCarButton1_v0_selected_star_v2_star_v2_s10,240000,0.6914972066879272,0.6914972066879272,-8.149072527885437e-10,0.0,0.5302895307540894,0.2195780873298645,
SafetyCarButton1-v0,star_v2,starv2_core_100k_SafetyCarButton1_v0_selected_star_v2_star_v2_s10,245000,0.6712815761566162,0.6712815761566162,1.4551915228366852e-09,1.0,0.5314606428146362,0.20624208450317383,
SafetyCarButton1-v0,star_v2,starv2_core_100k_SafetyCarButton1_v0_selected_star_v2_star_v2_s10,250000,0.6890172362327576,0.6890172362327576,2.3283064365386963e-10,1.0,0.5302600860595703,0.21927717328071594,
SafetyCarButton1-v0,star_v2,starv2_core_100k_SafetyCarButton1_v0_selected_star_v2_star_v2_s10,255000,0.697091817855835,0.697091817855835,-6.984919309616089e-10,0.0,0.5337224006652832,0.2287929356098175,
SafetyCarButton1-v0,star_v2,starv2_core_100k_SafetyCarButton1_v0_selected_star_v2_star_v2_s10,260000,0.7025583386421204,0.7025583386421204,0.0,0.0,0.528728723526001,0.23123109340667725,
SafetyCarButton1-v0,star_v2,starv2_core_100k_SafetyCarButton1_v0_selected_star_v2_star_v2_s10,265000,0.7021048069000244,0.7021048069000244,8.149072527885437e-10,1.0,0.5335725545883179,0.2320975959300995,
SafetyCarButton1-v0,star_v2,starv2_core_100k_SafetyCarButton1_v0_selected_star_v2_star_v2_s10,270000,0.6977006196975708,0.6977006196975708,1.280568540096283e-09,1.0,0.5284594297409058,0.2257293462753296,
SafetyCarButton1-v0,star_v2,starv2_core_100k_SafetyCarButton1_v0_selected_star_v2_star_v2_s10,275000,0.6647289395332336,0.6647289395332336,-1.0477378964424133e-09,0.0,0.5330461263656616,0.2022329866886139,
SafetyCarButton1-v0,star_v2,starv2_core_100k_SafetyCarButton1_v0_selected_star_v2_star_v2_s10,280000,0.6895785927772522,0.6895785927772522,-1.280568540096283e-09,0.0,0.5314846038818359,0.21945390105247498,
SafetyCarButton1-v0,star_v2,starv2_core_100k_SafetyCarButton1_v0_selected_star_v2_star_v2_s10,285000,0.6786483526229858,0.6786483526229858,3.4924596548080444e-10,1.0,0.5310630798339844,0.20661941170692444,
SafetyCarButton1-v0,star_v2,starv2_core_100k_SafetyCarButton1_v0_selected_star_v2_star_v2_s10,290000,0.6889691352844238,0.6889691352844238,1.280568540096283e-09,1.0,0.5317614674568176,0.2150711715221405,
SafetyCarButton1-v0,star_v2,starv2_core_100k_SafetyCarButton1_v0_selected_star_v2_star_v2_s10,295000,0.6825334429740906,0.6825334429740906,-5.820766091346741e-10,0.0,0.5334897637367249,0.21587060391902924,
SafetyCarButton1-v0,star_v2,starv2_core_100k_SafetyCarButton1_v0_selected_star_v2_star_v2_s11,100000,0.6842944622039795,0.6842944622039795,-6.984919309616089e-10,0.0,0.5289082527160645,0.21845635771751404,
SafetyCarButton1-v0,star_v2,starv2_core_100k_SafetyCarButton1_v0_selected_star_v2_star_v2_s11,105000,0.6417704820632935,0.6417704820632935,1.0477378964424133e-09,1.0,0.531380295753479,0.19017648696899414,
SafetyCarButton1-v0,star_v2,starv2_core_100k_SafetyCarButton1_v0_selected_star_v2_star_v2_s11,110000,0.65934157371521,0.65934157371521,-1.1641532182693481e-09,0.0,0.5310202836990356,0.21204707026481628,
SafetyCarButton1-v0,star_v2,starv2_core_100k_SafetyCarButton1_v0_selected_star_v2_star_v2_s11,115000,0.663299560546875,0.663299560546875,-3.4924596548080444e-10,0.0,0.5303026437759399,0.20223179459571838,
SafetyCarButton1-v0,star_v2,starv2_core_100k_SafetyCarButton1_v0_selected_star_v2_star_v2_s11,120000,0.6583908796310425,0.6583908796310425,8.149072527885437e-10,1.0,0.5342323780059814,0.2041761726140976,
SafetyCarButton1-v0,star_v2,starv2_core_100k_SafetyCarButton1_v0_selected_star_v2_star_v2_s11,125000,0.6932321786880493,0.6932321786880493,1.3969838619232178e-09,1.0,0.5289440155029297,0.22819167375564575,
SafetyCarButton1-v0,star_v2,starv2_core_100k_SafetyCarButton1_v0_selected_star_v2_star_v2_s11,130000,0.6438363194465637,0.6438363194465637,6.402842700481415e-10,1.0,0.5321052074432373,0.19629669189453125,
SafetyCarButton1-v0,star_v2,starv2_core_100k_SafetyCarButton1_v0_selected_star_v2_star_v2_s11,135000,0.6701548099517822,0.6701548099517822,-1.1641532182693481e-10,0.0,0.5323463678359985,0.20427218079566956,
SafetyCarButton1-v0,star_v2,starv2_core_100k_SafetyCarButton1_v0_selected_star_v2_star_v2_s11,140000,0.6550306081771851,0.6550306081771851,-3.026798367500305e-09,0.0,0.5296047925949097,0.19675707817077637,
SafetyCarButton1-v0,star_v2,starv2_core_100k_SafetyCarButton1_v0_selected_star_v2_star_v2_s11,145000,0.6712701320648193,0.6712701320648193,-6.984919309616089e-10,0.0,0.5293269157409668,0.20472076535224915,
SafetyCarButton1-v0,star_v2,starv2_core_100k_SafetyCarButton1_v0_selected_star_v2_star_v2_s11,150000,0.6635639667510986,0.6635639667510986,-6.984919309616089e-10,0.0,0.5300165414810181,0.20479026436805725,
SafetyCarButton1-v0,star_v2,starv2_core_100k_SafetyCarButton1_v0_selected_star_v2_star_v2_s11,155000,0.6661782264709473,0.6661782264709473,-8.149072527885437e-10,0.0,0.5313403606414795,0.20585405826568604,
SafetyCarButton1-v0,star_v2,starv2_core_100k_SafetyCarButton1_v0_selected_star_v2_star_v2_s11,160000,0.6919193863868713,0.6919193863868713,-1.1641532182693481e-09,0.0,0.5281862020492554,0.22728696465492249,
SafetyCarButton1-v0,star_v2,starv2_core_100k_SafetyCarButton1_v0_selected_star_v2_star_v2_s11,165000,0.6551599502563477,0.6551599502563477,-6.984919309616089e-10,0.0,0.5309067964553833,0.1932658851146698,
SafetyCarButton1-v0,star_v2,starv2_core_100k_SafetyCarButton1_v0_selected_star_v2_star_v2_s11,170000,0.6370840072631836,0.6370840072631836,5.238689482212067e-10,1.0,0.5295883417129517,0.18673795461654663,
SafetyCarButton1-v0,star_v2,starv2_core_100k_SafetyCarButton1_v0_selected_star_v2_star_v2_s11,175000,0.6672917008399963,0.6672917008399963,1.862645149230957e-09,1.0,0.5316359996795654,0.20900294184684753,
SafetyCarButton1-v0,star_v2,starv2_core_100k_SafetyCarButton1_v0_selected_star_v2_star_v2_s11,180000,0.6619011759757996,0.6619011759757996,-5.820766091346741e-10,0.0,0.5300658941268921,0.19976326823234558,
SafetyCarButton1-v0,star_v2,starv2_core_100k_SafetyCarButton1_v0_selected_star_v2_star_v2_s11,185000,0.6474611759185791,0.6474611759185791,-9.313225746154785e-10,0.0,0.5323415994644165,0.1943865716457367,
SafetyCarButton1-v0,star_v2,starv2_core_100k_SafetyCarButton1_v0_selected_star_v2_star_v2_s11,190000,0.6638399362564087,0.6638399362564087,2.3283064365386963e-10,1.0,0.5328817367553711,0.19814550876617432,
SafetyCarButton1-v0,star_v2,starv2_core_100k_SafetyCarButton1_v0_selected_star_v2_star_v2_s11,195000,0.6910326480865479,0.6910326480865479,-1.6298145055770874e-09,0.0,0.530913770198822,0.22236305475234985,
SafetyCarButton1-v0,star_v2,starv2_core_100k_SafetyCarButton1_v0_selected_star_v2_star_v2_s11,200000,0.6873606443405151,0.6873606443405151,1.5133991837501526e-09,1.0,0.5290985703468323,0.21545015275478363,
SafetyCarButton1-v0,star_v2,starv2_core_100k_SafetyCarButton1_v0_selected_star_v2_star_v2_s11,205000,0.667176365852356,0.667176365852356,1.7462298274040222e-09,1.0,0.5296344757080078,0.20598046481609344,
SafetyCarButton1-v0,star_v2,starv2_core_100k_SafetyCarButton1_v0_selected_star_v2_star_v2_s11,210000,0.6798074245452881,0.6798074245452881,9.89530235528946e-10,1.0,0.5302314758300781,0.21541458368301392,
SafetyCarButton1-v0,star_v2,starv2_core_100k_SafetyCarButton1_v0_selected_star_v2_star_v2_s11,215000,0.6729046106338501,0.6729046106338501,-1.280568540096283e-09,0.0,0.5282221436500549,0.2025882750749588,
SafetyCarButton1-v0,star_v2,starv2_core_100k_SafetyCarButton1_v0_selected_star_v2_star_v2_s11,220000,0.6843909025192261,0.6843909025192261,-5.820766091346741e-10,0.0,0.5334794521331787,0.22309058904647827,
SafetyCarButton1-v0,star_v2,starv2_core_100k_SafetyCarButton1_v0_selected_star_v2_star_v2_s11,225000,0.664910078048706,0.664910078048706,-1.280568540096283e-09,0.0,0.5309585332870483,0.20184823870658875,
SafetyCarButton1-v0,star_v2,starv2_core_100k_SafetyCarButton1_v0_selected_star_v2_star_v2_s11,230000,0.6671514511108398,0.6671514511108398,3.4924596548080444e-09,1.0,0.5311428308486938,0.20272612571716309,
SafetyCarButton1-v0,star_v2,starv2_core_100k_SafetyCarButton1_v0_selected_star_v2_star_v2_s11,235000,0.6489218473434448,0.6489218473434448,-2.3283064365386963e-10,0.0,0.5325708985328674,0.1880706548690796,
SafetyCarButton1-v0,star_v2,starv2_core_100k_SafetyCarButton1_v0_selected_star_v2_star_v2_s11,240000,0.6870169639587402,0.6870169639587402,1.1641532182693481e-09,1.0,0.5317257642745972,0.2212875783443451,
SafetyCarButton1-v0,star_v2,starv2_core_100k_SafetyCarButton1_v0_selected_star_v2_star_v2_s11,245000,0.6730626821517944,0.6730626821517944,-5.820766091346741e-10,0.0,0.5299761295318604,0.20601439476013184,
SafetyCarButton1-v0,star_v2,starv2_core_100k_SafetyCarButton1_v0_selected_star_v2_star_v2_s11,250000,0.6708056330680847,0.6708056330680847,-8.149072527885437e-10,0.0,0.5309204459190369,0.1999225616455078,
SafetyCarButton1-v0,star_v2,starv2_core_100k_SafetyCarButton1_v0_selected_star_v2_star_v2_s11,255000,0.6820192337036133,0.6820192337036133,0.0,0.0,0.5343031883239746,0.21589162945747375,
SafetyCarButton1-v0,star_v2,starv2_core_100k_SafetyCarButton1_v0_selected_star_v2_star_v2_s11,260000,0.685366153717041,0.685366153717041,-6.402842700481415e-10,0.0,0.5317013263702393,0.21881763637065887,
SafetyCarButton1-v0,star_v2,starv2_core_100k_SafetyCarButton1_v0_selected_star_v2_star_v2_s11,265000,0.6861116886138916,0.6861116886138916,5.820766091346741e-10,1.0,0.532443642616272,0.22121405601501465,
SafetyCarButton1-v0,star_v2,starv2_core_100k_SafetyCarButton1_v0_selected_star_v2_star_v2_s11,270000,0.6799551248550415,0.6799551248550415,-1.3969838619232178e-09,0.0,0.5291295647621155,0.20759786665439606,
SafetyCarButton1-v0,star_v2,starv2_core_100k_SafetyCarButton1_v0_selected_star_v2_star_v2_s11,275000,0.7089210152626038,0.7089210152626038,1.1641532182693481e-10,1.0,0.5311243534088135,0.23543016612529755,
SafetyCarButton1-v0,star_v2,starv2_core_100k_SafetyCarButton1_v0_selected_star_v2_star_v2_s11,280000,0.6717631220817566,0.6717631220817566,-1.0477378964424133e-09,0.0,0.5307737588882446,0.2027478814125061,
SafetyCarButton1-v0,star_v2,starv2_core_100k_SafetyCarButton1_v0_selected_star_v2_star_v2_s11,285000,0.6803512573242188,0.6803512573242188,4.656612873077393e-10,1.0,0.5305023193359375,0.2086760699748993,
SafetyCarButton1-v0,star_v2,starv2_core_100k_SafetyCarButton1_v0_selected_star_v2_star_v2_s11,290000,0.6898085474967957,0.6898085474967957,1.1641532182693481e-10,1.0,0.5338420867919922,0.21595622599124908,
SafetyCarButton1-v0,star_v2,starv2_core_100k_SafetyCarButton1_v0_selected_star_v2_star_v2_s11,295000,0.6972364187240601,0.6972364187240601,-1.280568540096283e-09,0.0,0.5305858850479126,0.22746044397354126,
SafetyCarButton1-v0,star_v2,starv2_core_100k_SafetyCarButton1_v0_selected_star_v2_star_v2_s12,100000,0.5928981304168701,0.5928981304168701,-9.89530235528946e-10,0.0,0.5276192426681519,0.16659346222877502,
SafetyCarButton1-v0,star_v2,starv2_core_100k_SafetyCarButton1_v0_selected_star_v2_star_v2_s12,105000,0.6398792266845703,0.6398792266845703,-1.0477378964424133e-09,0.0,0.5282655954360962,0.19853521883487701,
SafetyCarButton1-v0,star_v2,starv2_core_100k_SafetyCarButton1_v0_selected_star_v2_star_v2_s12,110000,0.6028773784637451,0.6028773784637451,4.656612873077393e-10,1.0,0.5328466892242432,0.17280402779579163,
SafetyCarButton1-v0,star_v2,starv2_core_100k_SafetyCarButton1_v0_selected_star_v2_star_v2_s12,115000,0.6489931344985962,0.6489931344985962,-1.862645149230957e-09,0.0,0.5317152738571167,0.20774966478347778,
SafetyCarButton1-v0,star_v2,starv2_core_100k_SafetyCarButton1_v0_selected_star_v2_star_v2_s12,120000,0.6513811349868774,0.6513811349868774,-1.6298145055770874e-09,0.0,0.5293040871620178,0.20831595361232758,
SafetyCarButton1-v0,star_v2,starv2_core_100k_SafetyCarButton1_v0_selected_star_v2_star_v2_s12,125000,0.6220613718032837,0.6220613718032837,-2.6193447411060333e-10,0.0,0.5318759679794312,0.18964102864265442,
SafetyCarButton1-v0,star_v2,starv2_core_100k_SafetyCarButton1_v0_selected_star_v2_star_v2_s12,130000,0.6420150995254517,0.6420150995254517,1.7462298274040222e-10,1.0,0.5304913520812988,0.19266262650489807,
SafetyCarButton1-v0,star_v2,starv2_core_100k_SafetyCarButton1_v0_selected_star_v2_star_v2_s12,135000,0.6489617824554443,0.6489617824554443,-1.7462298274040222e-10,0.0,0.5297417640686035,0.20016399025917053,
SafetyCarButton1-v0,star_v2,starv2_core_100k_SafetyCarButton1_v0_selected_star_v2_star_v2_s12,140000,0.6549118757247925,0.6549118757247925,6.984919309616089e-10,1.0,0.5298621654510498,0.19969037175178528,
SafetyCarButton1-v0,star_v2,starv2_core_100k_SafetyCarButton1_v0_selected_star_v2_star_v2_s12,145000,0.6504766345024109,0.6504766345024109,1.1641532182693481e-10,1.0,0.5329147577285767,0.20012632012367249,
SafetyCarButton1-v0,star_v2,starv2_core_100k_SafetyCarButton1_v0_selected_star_v2_star_v2_s12,150000,0.6424689292907715,0.6424689292907715,6.111804395914078e-10,1.0,0.5277755260467529,0.19792383909225464,
SafetyCarButton1-v0,star_v2,starv2_core_100k_SafetyCarButton1_v0_selected_star_v2_star_v2_s12,155000,0.651624321937561,0.651624321937561,-4.656612873077393e-10,0.0,0.5330519676208496,0.19831210374832153,
SafetyCarButton1-v0,star_v2,starv2_core_100k_SafetyCarButton1_v0_selected_star_v2_star_v2_s12,160000,0.6807793974876404,0.6807793974876404,1.862645149230957e-09,1.0,0.5336824655532837,0.21335476636886597,
SafetyCarButton1-v0,star_v2,starv2_core_100k_SafetyCarButton1_v0_selected_star_v2_star_v2_s12,165000,0.6585342884063721,0.6585342884063721,-8.149072527885437e-10,0.0,0.5304813385009766,0.19780367612838745,
SafetyCarButton1-v0,star_v2,starv2_core_100k_SafetyCarButton1_v0_selected_star_v2_star_v2_s12,170000,0.6675390005111694,0.6675390005111694,3.4924596548080444e-10,1.0,0.5309799909591675,0.2108207494020462,
SafetyCarButton1-v0,star_v2,starv2_core_100k_SafetyCarButton1_v0_selected_star_v2_star_v2_s12,175000,0.6702585816383362,0.6702585816383362,-8.149072527885437e-10,0.0,0.5288403034210205,0.215585857629776,
SafetyCarButton1-v0,star_v2,starv2_core_100k_SafetyCarButton1_v0_selected_star_v2_star_v2_s12,180000,0.6671330332756042,0.6671330332756042,1.7462298274040222e-10,1.0,0.5310244560241699,0.20630821585655212,
SafetyCarButton1-v0,star_v2,starv2_core_100k_SafetyCarButton1_v0_selected_star_v2_star_v2_s12,185000,0.6958101987838745,0.6958101987838745,1.1641532182693481e-10,1.0,0.5338430404663086,0.23186376690864563,
SafetyCarButton1-v0,star_v2,starv2_core_100k_SafetyCarButton1_v0_selected_star_v2_star_v2_s12,190000,0.6955862641334534,0.6955862641334534,7.566995918750763e-10,1.0,0.5292971730232239,0.225864440202713,
SafetyCarButton1-v0,star_v2,starv2_core_100k_SafetyCarButton1_v0_selected_star_v2_star_v2_s12,195000,0.7121329307556152,0.7121329307556152,3.4924596548080444e-10,1.0,0.5323183536529541,0.2404632717370987,
SafetyCarButton1-v0,star_v2,starv2_core_100k_SafetyCarButton1_v0_selected_star_v2_star_v2_s12,200000,0.669120728969574,0.669120728969574,5.820766091346741e-10,1.0,0.5316909551620483,0.20724046230316162,
SafetyCarButton1-v0,star_v2,starv2_core_100k_SafetyCarButton1_v0_selected_star_v2_star_v2_s12,205000,0.6484979391098022,0.6484979391098022,6.984919309616089e-10,1.0,0.5307482481002808,0.1875612735748291,
SafetyCarButton1-v0,star_v2,starv2_core_100k_SafetyCarButton1_v0_selected_star_v2_star_v2_s12,210000,0.6749758124351501,0.6749758124351501,-1.57160684466362e-09,0.0,0.5287590622901917,0.20705515146255493,
SafetyCarButton1-v0,star_v2,starv2_core_100k_SafetyCarButton1_v0_selected_star_v2_star_v2_s12,215000,0.6991608142852783,0.6991608142852783,-2.3283064365386963e-10,0.0,0.5310378074645996,0.22701673209667206,
SafetyCarButton1-v0,star_v2,starv2_core_100k_SafetyCarButton1_v0_selected_star_v2_star_v2_s12,220000,0.7094573974609375,0.7094573974609375,-1.1641532182693481e-09,0.0,0.5295143127441406,0.23267067968845367,
SafetyCarButton1-v0,star_v2,starv2_core_100k_SafetyCarButton1_v0_selected_star_v2_star_v2_s12,225000,0.6693433523178101,0.6693433523178101,-5.820766091346741e-10,0.0,0.5311038494110107,0.20385584235191345,
SafetyCarButton1-v0,star_v2,starv2_core_100k_SafetyCarButton1_v0_selected_star_v2_star_v2_s12,230000,0.6733958721160889,0.6733958721160889,1.57160684466362e-09,1.0,0.5324492454528809,0.21185962855815887,
SafetyCarButton1-v0,star_v2,starv2_core_100k_SafetyCarButton1_v0_selected_star_v2_star_v2_s12,235000,0.6743123531341553,0.6743123531341553,6.984919309616089e-10,1.0,0.5328435301780701,0.20934413373470306,
SafetyCarButton1-v0,star_v2,starv2_core_100k_SafetyCarButton1_v0_selected_star_v2_star_v2_s12,240000,0.6707990169525146,0.6707990169525146,1.979060471057892e-09,1.0,0.5308365821838379,0.20513185858726501,
SafetyCarButton1-v0,star_v2,starv2_core_100k_SafetyCarButton1_v0_selected_star_v2_star_v2_s12,245000,0.6912370920181274,0.6912370920181274,-5.820766091346741e-10,0.0,0.5301229357719421,0.2208007127046585,
SafetyCarButton1-v0,star_v2,starv2_core_100k_SafetyCarButton1_v0_selected_star_v2_star_v2_s12,250000,0.7131606340408325,0.7131606340408325,1.1641532182693481e-10,1.0,0.5306785106658936,0.23761959373950958,
SafetyCarButton1-v0,star_v2,starv2_core_100k_SafetyCarButton1_v0_selected_star_v2_star_v2_s12,255000,0.7171368598937988,0.7171368598937988,3.4924596548080444e-10,1.0,0.5327316522598267,0.2401355654001236,
SafetyCarButton1-v0,star_v2,starv2_core_100k_SafetyCarButton1_v0_selected_star_v2_star_v2_s12,260000,0.6944698095321655,0.6944698095321655,1.6298145055770874e-09,1.0,0.5281186699867249,0.2211986482143402,
SafetyCarButton1-v0,star_v2,starv2_core_100k_SafetyCarButton1_v0_selected_star_v2_star_v2_s12,265000,0.6869913935661316,0.6869913935661316,-1.979060471057892e-09,0.0,0.5331581234931946,0.21629756689071655,
SafetyCarButton1-v0,star_v2,starv2_core_100k_SafetyCarButton1_v0_selected_star_v2_star_v2_s12,270000,0.6821355223655701,0.6821355223655701,2.3283064365386963e-10,1.0,0.5332224369049072,0.20891976356506348,
SafetyCarButton1-v0,star_v2,starv2_core_100k_SafetyCarButton1_v0_selected_star_v2_star_v2_s12,275000,0.6780146360397339,0.6780146956443787,6.984919309616089e-10,1.0,0.5303307771682739,0.203452005982399,
SafetyCarButton1-v0,star_v2,starv2_core_100k_SafetyCarButton1_v0_selected_star_v2_star_v2_s12,280000,0.7212828397750854,0.7212828397750854,1.6298145055770874e-09,1.0,0.5301647186279297,0.24170944094657898,
SafetyCarButton1-v0,star_v2,starv2_core_100k_SafetyCarButton1_v0_selected_star_v2_star_v2_s12,285000,0.6927136182785034,0.6927136182785034,-1.1641532182693481e-09,0.0,0.5330703854560852,0.22281426191329956,
SafetyCarButton1-v0,star_v2,starv2_core_100k_SafetyCarButton1_v0_selected_star_v2_star_v2_s12,290000,0.6966633796691895,0.6966633796691895,-3.259629011154175e-09,0.0,0.5307502746582031,0.2187098264694214,
SafetyCarButton1-v0,star_v2,starv2_core_100k_SafetyCarButton1_v0_selected_star_v2_star_v2_s12,295000,0.6903480291366577,0.6903480291366577,-1.1641532182693481e-10,0.0,0.528708279132843,0.21900856494903564,
SafetyCarButton1-v0,star_v2,starv2_resume_300k_SafetyCarButton1_v0_selected_star_v2_star_v2_s13,5000,5.945528507232666,5.945528507232666,1.862645149230957e-09,1.0,0.5311362743377686,5.445019721984863,
SafetyCarButton1-v0,star_v2,starv2_resume_300k_SafetyCarButton1_v0_selected_star_v2_star_v2_s13,10000,0.4627729654312134,0.4627729654312134,8.731149137020111e-10,1.0,0.530730128288269,0.0929822027683258,
SafetyCarButton1-v0,star_v2,starv2_resume_300k_SafetyCarButton1_v0_selected_star_v2_star_v2_s13,15000,0.33090999722480774,0.33090999722480774,1.4551915228366852e-10,1.0,0.5301536917686462,0.07600999623537064,
SafetyCarButton1-v0,star_v2,starv2_resume_300k_SafetyCarButton1_v0_selected_star_v2_star_v2_s13,20000,0.31850796937942505,0.31850796937942505,-1.4551915228366852e-10,0.0,0.532913327217102,0.082022525370121,
SafetyCarButton1-v0,star_v2,starv2_resume_300k_SafetyCarButton1_v0_selected_star_v2_star_v2_s13,25000,0.36525559425354004,0.36525559425354004,6.693881005048752e-10,1.0,0.5338510274887085,0.10511022806167603,
SafetyCarButton1-v0,star_v2,starv2_resume_300k_SafetyCarButton1_v0_selected_star_v2_star_v2_s13,30000,0.43513330817222595,0.43513330817222595,2.0372681319713593e-10,1.0,0.5317548513412476,0.10100588202476501,
SafetyCarButton1-v0,star_v2,starv2_resume_300k_SafetyCarButton1_v0_selected_star_v2_star_v2_s13,35000,0.4817880392074585,0.4817880392074585,2.3283064365386963e-10,1.0,0.5303314924240112,0.11940093338489532,
SafetyCarButton1-v0,star_v2,starv2_resume_300k_SafetyCarButton1_v0_selected_star_v2_star_v2_s13,40000,0.5471199750900269,0.5471199750900269,-9.89530235528946e-10,0.0,0.5299156308174133,0.1508398950099945,
SafetyCarButton1-v0,star_v2,starv2_resume_300k_SafetyCarButton1_v0_selected_star_v2_star_v2_s13,45000,0.5646319389343262,0.5646319389343262,7.130438461899757e-10,1.0,0.5312312841415405,0.1592613160610199,
SafetyCarButton1-v0,star_v2,starv2_resume_300k_SafetyCarButton1_v0_selected_star_v2_star_v2_s13,50000,0.5947736501693726,0.5947736501693726,-1.5133991837501526e-09,0.0,0.5336763262748718,0.160200297832489,
SafetyCarButton1-v0,star_v2,starv2_resume_300k_SafetyCarButton1_v0_selected_star_v2_star_v2_s13,55000,0.5994252562522888,0.5994252562522888,-1.1641532182693481e-10,0.0,0.529708206653595,0.16840770840644836,
SafetyCarButton1-v0,star_v2,starv2_resume_300k_SafetyCarButton1_v0_selected_star_v2_star_v2_s13,60000,0.6113156080245972,0.6113156080245972,-3.4924596548080444e-10,0.0,0.5307866334915161,0.1789531111717224,
SafetyCarButton1-v0,star_v2,starv2_resume_300k_SafetyCarButton1_v0_selected_star_v2_star_v2_s13,65000,0.5810104608535767,0.5810104608535767,0.0,0.0,0.5317530632019043,0.15783970057964325,
SafetyCarButton1-v0,star_v2,starv2_resume_300k_SafetyCarButton1_v0_selected_star_v2_star_v2_s13,70000,0.6007384061813354,0.6007384061813354,-6.402842700481415e-10,0.0,0.5323731899261475,0.16901618242263794,
SafetyCarButton1-v0,star_v2,starv2_resume_300k_SafetyCarButton1_v0_selected_star_v2_star_v2_s13,75000,0.6477816104888916,0.6477816104888916,-4.656612873077393e-10,0.0,0.5316640138626099,0.19808930158615112,
SafetyCarButton1-v0,star_v2,starv2_resume_300k_SafetyCarButton1_v0_selected_star_v2_star_v2_s13,80000,0.6585880517959595,0.6585881114006042,-8.149072527885437e-10,0.0,0.5303084850311279,0.20276406407356262,
SafetyCarButton1-v0,star_v2,starv2_resume_300k_SafetyCarButton1_v0_selected_star_v2_star_v2_s13,85000,0.6417645215988159,0.6417645215988159,2.3283064365386963e-10,1.0,0.5333622694015503,0.1936895251274109,
SafetyCarButton1-v0,star_v2,starv2_resume_300k_SafetyCarButton1_v0_selected_star_v2_star_v2_s13,90000,0.6198623180389404,0.6198623180389404,1.1641532182693481e-10,1.0,0.5292990207672119,0.17959335446357727,
SafetyCarButton1-v0,star_v2,starv2_resume_300k_SafetyCarButton1_v0_selected_star_v2_star_v2_s13,95000,0.6169544458389282,0.6169544458389282,5.820766091346741e-10,1.0,0.5323824286460876,0.18123158812522888,
SafetyCarButton1-v0,star_v2,starv2_resume_300k_SafetyCarButton1_v0_selected_star_v2_star_v2_s13,100000,0.6192237138748169,0.6192237138748169,-3.4924596548080444e-10,0.0,0.5295076370239258,0.18710516393184662,
SafetyCarButton1-v0,star_v2,starv2_resume_300k_SafetyCarButton1_v0_selected_star_v2_star_v2_s13,105000,0.6555683612823486,0.6555683612823486,1.6298145055770874e-09,1.0,0.5305522084236145,0.2044556438922882,
SafetyCarButton1-v0,star_v2,starv2_resume_300k_SafetyCarButton1_v0_selected_star_v2_star_v2_s13,110000,0.635831356048584,0.635831356048584,1.1641532182693481e-10,1.0,0.5299118161201477,0.1806042343378067,
SafetyCarButton1-v0,star_v2,starv2_resume_300k_SafetyCarButton1_v0_selected_star_v2_star_v2_s13,115000,0.6437457203865051,0.6437457203865051,1.280568540096283e-09,1.0,0.5324587821960449,0.192632257938385,
SafetyCarButton1-v0,star_v2,starv2_resume_300k_SafetyCarButton1_v0_selected_star_v2_star_v2_s13,120000,0.6589274406433105,0.6589274406433105,-5.820766091346741e-11,0.0,0.5290203094482422,0.20388787984848022,
SafetyCarButton1-v0,star_v2,starv2_resume_300k_SafetyCarButton1_v0_selected_star_v2_star_v2_s13,125000,0.6495456695556641,0.6495456695556641,-8.731149137020111e-10,0.0,0.5317811965942383,0.19308555126190186,
SafetyCarButton1-v0,star_v2,starv2_resume_300k_SafetyCarButton1_v0_selected_star_v2_star_v2_s13,130000,0.6899116039276123,0.6899116039276123,-1.1641532182693481e-09,0.0,0.5335732698440552,0.22641563415527344,
SafetyCarButton1-v0,star_v2,starv2_resume_300k_SafetyCarButton1_v0_selected_star_v2_star_v2_s13,135000,0.6499283313751221,0.6499283313751221,-4.656612873077393e-10,0.0,0.5288469195365906,0.19251832365989685,
SafetyCarButton1-v0,star_v2,starv2_resume_300k_SafetyCarButton1_v0_selected_star_v2_star_v2_s13,140000,0.6704646348953247,0.6704646348953247,9.313225746154785e-10,1.0,0.5308253765106201,0.21308296918869019,
SafetyCarButton1-v0,star_v2,starv2_resume_300k_SafetyCarButton1_v0_selected_star_v2_star_v2_s13,145000,0.6321250200271606,0.6321250200271606,6.984919309616089e-10,1.0,0.5291070938110352,0.17905031144618988,
SafetyCarButton1-v0,star_v2,starv2_resume_300k_SafetyCarButton1_v0_selected_star_v2_star_v2_s13,150000,0.646439790725708,0.646439790725708,3.4924596548080444e-10,1.0,0.5280499458312988,0.19426414370536804,
SafetyCarButton1-v0,star_v2,starv2_resume_300k_SafetyCarButton1_v0_selected_star_v2_star_v2_s13,155000,0.6380820870399475,0.6380820870399475,-2.3283064365386963e-10,0.0,0.5307849645614624,0.18627700209617615,
SafetyCarButton1-v0,star_v2,starv2_resume_300k_SafetyCarButton1_v0_selected_star_v2_star_v2_s13,160000,0.6176867485046387,0.6176867485046387,-1.3969838619232178e-09,0.0,0.5320593118667603,0.15867504477500916,
SafetyCarButton1-v0,star_v2,starv2_resume_300k_SafetyCarButton1_v0_selected_star_v2_star_v2_s13,165000,0.63343745470047,0.63343745470047,-1.0477378964424133e-09,0.0,0.5336195826530457,0.1838701218366623,
SafetyCarButton1-v0,star_v2,starv2_resume_300k_SafetyCarButton1_v0_selected_star_v2_star_v2_s13,170000,0.6716656684875488,0.6716656684875488,1.3969838619232178e-09,1.0,0.5348309278488159,0.20728853344917297,
SafetyCarButton1-v0,star_v2,starv2_resume_300k_SafetyCarButton1_v0_selected_star_v2_star_v2_s13,175000,0.6643897891044617,0.6643897891044617,1.6298145055770874e-09,1.0,0.5322403907775879,0.20568376779556274,
SafetyCarButton1-v0,star_v2,starv2_resume_300k_SafetyCarButton1_v0_selected_star_v2_star_v2_s13,180000,0.6477883458137512,0.6477883458137512,6.984919309616089e-10,1.0,0.5315855741500854,0.18770578503608704,
SafetyCarButton1-v0,star_v2,starv2_resume_300k_SafetyCarButton1_v0_selected_star_v2_star_v2_s13,185000,0.6895517110824585,0.6895517110824585,2.3283064365386963e-10,1.0,0.5306520462036133,0.2205173522233963,
SafetyCarButton1-v0,star_v2,starv2_resume_300k_SafetyCarButton1_v0_selected_star_v2_star_v2_s13,190000,0.6424232721328735,0.6424232721328735,-1.3969838619232178e-09,0.0,0.531198263168335,0.18087652325630188,
SafetyCarButton1-v0,star_v2,starv2_resume_300k_SafetyCarButton1_v0_selected_star_v2_star_v2_s13,195000,0.6665904521942139,0.6665904521942139,6.984919309616089e-10,1.0,0.5318953990936279,0.2013365924358368,
SafetyCarButton1-v0,star_v2,starv2_resume_300k_SafetyCarButton1_v0_selected_star_v2_star_v2_s13,200000,0.654979944229126,0.654979944229126,2.3283064365386963e-10,1.0,0.5338169932365417,0.19088205695152283,
SafetyCarButton1-v0,star_v2,starv2_resume_300k_SafetyCarButton1_v0_selected_star_v2_star_v2_s13,205000,0.6684679985046387,0.6684679985046387,-1.3969838619232178e-09,0.0,0.5326993465423584,0.20555821061134338,
SafetyCarButton1-v0,star_v2,starv2_resume_300k_SafetyCarButton1_v0_selected_star_v2_star_v2_s13,210000,0.6980607509613037,0.6980607509613037,-2.3283064365386963e-10,0.0,0.529983639717102,0.23089845478534698,
SafetyCarButton1-v0,star_v2,starv2_resume_300k_SafetyCarButton1_v0_selected_star_v2_star_v2_s13,215000,0.661674976348877,0.661674976348877,2.3283064365386963e-10,1.0,0.5320682525634766,0.20011739432811737,
SafetyCarButton1-v0,star_v2,starv2_resume_300k_SafetyCarButton1_v0_selected_star_v2_star_v2_s13,220000,0.6663918495178223,0.6663918495178223,6.984919309616089e-10,1.0,0.5272958874702454,0.20063278079032898,
SafetyCarButton1-v0,star_v2,starv2_resume_300k_SafetyCarButton1_v0_selected_star_v2_star_v2_s13,225000,0.6962990760803223,0.6962990760803223,-2.3283064365386963e-10,0.0,0.5300452709197998,0.22346284985542297,
SafetyCarButton1-v0,star_v2,starv2_resume_300k_SafetyCarButton1_v0_selected_star_v2_star_v2_s13,230000,0.6720170974731445,0.6720170974731445,-1.3969838619232178e-09,0.0,0.5348165035247803,0.20516720414161682,
SafetyCarButton1-v0,star_v2,starv2_resume_300k_SafetyCarButton1_v0_selected_star_v2_star_v2_s13,235000,0.6999145746231079,0.6999145746231079,3.4924596548080444e-10,1.0,0.5314202308654785,0.2275620847940445,
SafetyCarButton1-v0,star_v2,starv2_resume_300k_SafetyCarButton1_v0_selected_star_v2_star_v2_s13,240000,0.6955562829971313,0.6955562829971313,1.3969838619232178e-09,1.0,0.5327972173690796,0.21966156363487244,
SafetyCarButton1-v0,star_v2,starv2_resume_300k_SafetyCarButton1_v0_selected_star_v2_star_v2_s13,245000,0.6852763891220093,0.6852763891220093,2.0954757928848267e-09,1.0,0.528228223323822,0.2147672027349472,
SafetyCarButton1-v0,star_v2,starv2_resume_300k_SafetyCarButton1_v0_selected_star_v2_star_v2_s13,250000,0.6941421031951904,0.6941421031951904,-4.656612873077393e-10,0.0,0.5287721753120422,0.22917792201042175,
SafetyCarButton1-v0,star_v2,starv2_resume_300k_SafetyCarButton1_v0_selected_star_v2_star_v2_s13,255000,0.6790950298309326,0.6790949702262878,9.89530235528946e-10,1.0,0.5295122861862183,0.2099199742078781,
SafetyCarButton1-v0,star_v2,starv2_resume_300k_SafetyCarButton1_v0_selected_star_v2_star_v2_s13,260000,0.648106038570404,0.648106038570404,1.1641532182693481e-10,1.0,0.5313452482223511,0.18044525384902954,
SafetyCarButton1-v0,star_v2,starv2_resume_300k_SafetyCarButton1_v0_selected_star_v2_star_v2_s13,265000,0.6887621879577637,0.6887621879577637,-8.149072527885437e-10,0.0,0.5321108102798462,0.21572163701057434,
SafetyCarButton1-v0,star_v2,starv2_resume_300k_SafetyCarButton1_v0_selected_star_v2_star_v2_s13,270000,0.6790965795516968,0.6790965795516968,-2.3283064365386963e-10,0.0,0.531919002532959,0.2054896354675293,
SafetyCarButton1-v0,star_v2,starv2_resume_300k_SafetyCarButton1_v0_selected_star_v2_star_v2_s13,275000,0.6780979633331299,0.6780979633331299,1.979060471057892e-09,1.0,0.5282655358314514,0.20969729125499725,
SafetyCarButton1-v0,star_v2,starv2_resume_300k_SafetyCarButton1_v0_selected_star_v2_star_v2_s13,280000,0.6704528331756592,0.6704528331756592,8.149072527885437e-10,1.0,0.527466893196106,0.20398804545402527,
SafetyCarButton1-v0,star_v2,starv2_resume_300k_SafetyCarButton1_v0_selected_star_v2_star_v2_s13,285000,0.7063672542572021,0.7063672542572021,9.313225746154785e-10,1.0,0.5320705771446228,0.2336953729391098,
SafetyCarButton1-v0,star_v2,starv2_resume_300k_SafetyCarButton1_v0_selected_star_v2_star_v2_s13,290000,0.7232776880264282,0.7232776880264282,-1.1641532182693481e-09,0.0,0.5306094884872437,0.2443968802690506,
SafetyCarButton1-v0,star_v2,starv2_resume_300k_SafetyCarButton1_v0_selected_star_v2_star_v2_s13,295000,0.691311240196228,0.691311240196228,3.4924596548080444e-10,1.0,0.5303529500961304,0.22044703364372253,
SafetyCarButton1-v0,star_v2,starv2_resume_300k_SafetyCarButton1_v0_selected_star_v2_star_v2_s14,5000,6.090859413146973,6.090859413146973,-1.862645149230957e-09,0.0,0.5237239599227905,5.590188026428223,
SafetyCarButton1-v0,star_v2,starv2_resume_300k_SafetyCarButton1_v0_selected_star_v2_star_v2_s14,10000,0.5058521628379822,0.5058521628379822,7.566995918750763e-10,1.0,0.5331008434295654,0.10100479423999786,
SafetyCarButton1-v0,star_v2,starv2_resume_300k_SafetyCarButton1_v0_selected_star_v2_star_v2_s14,15000,0.4381456971168518,0.4381456971168518,-5.820766091346741e-10,0.0,0.5298863649368286,0.10222966969013214,
SafetyCarButton1-v0,star_v2,starv2_resume_300k_SafetyCarButton1_v0_selected_star_v2_star_v2_s14,20000,0.34334325790405273,0.34334325790405273,-9.604264050722122e-10,0.0,0.5284106731414795,0.07512470334768295,
SafetyCarButton1-v0,star_v2,starv2_resume_300k_SafetyCarButton1_v0_selected_star_v2_star_v2_s14,25000,0.29328811168670654,0.29328811168670654,5.238689482212067e-10,1.0,0.5352733731269836,0.0541439950466156,
SafetyCarButton1-v0,star_v2,starv2_resume_300k_SafetyCarButton1_v0_selected_star_v2_star_v2_s14,30000,0.3122085630893707,0.3122085630893707,0.0,0.0,0.5312479138374329,0.056407418102025986,
SafetyCarButton1-v0,star_v2,starv2_resume_300k_SafetyCarButton1_v0_selected_star_v2_star_v2_s14,35000,0.413735032081604,0.413735032081604,1.1641532182693481e-10,1.0,0.5326494574546814,0.07734791934490204,
SafetyCarButton1-v0,star_v2,starv2_resume_300k_SafetyCarButton1_v0_selected_star_v2_star_v2_s14,40000,0.4774702787399292,0.4774702787399292,5.529727786779404e-10,1.0,0.5338351726531982,0.1152411550283432,
SafetyCarButton1-v0,star_v2,starv2_resume_300k_SafetyCarButton1_v0_selected_star_v2_star_v2_s14,45000,0.5411554574966431,0.5411554574966431,5.820766091346741e-11,1.0,0.5323747992515564,0.14930850267410278,
SafetyCarButton1-v0,star_v2,starv2_resume_300k_SafetyCarButton1_v0_selected_star_v2_star_v2_s14,50000,0.532943844795227,0.532943844795227,-6.693881005048752e-10,0.0,0.5366029739379883,0.13133959472179413,
SafetyCarButton1-v0,star_v2,starv2_resume_300k_SafetyCarButton1_v0_selected_star_v2_star_v2_s14,55000,0.5587340593338013,0.5587340593338013,-4.656612873077393e-10,0.0,0.5334353446960449,0.12314007431268692,
SafetyCarButton1-v0,star_v2,starv2_resume_300k_SafetyCarButton1_v0_selected_star_v2_star_v2_s14,60000,0.5748150944709778,0.5748150944709778,0.0,0.0,0.5338811874389648,0.1391652524471283,
SafetyCarButton1-v0,star_v2,starv2_resume_300k_SafetyCarButton1_v0_selected_star_v2_star_v2_s14,65000,0.6117963790893555,0.6117963790893555,-9.313225746154785e-10,0.0,0.5285054445266724,0.16922304034233093,
SafetyCarButton1-v0,star_v2,starv2_resume_300k_SafetyCarButton1_v0_selected_star_v2_star_v2_s14,70000,0.635588526725769,0.635588526725769,1.4551915228366852e-09,1.0,0.5319192409515381,0.178483247756958,
SafetyCarButton1-v0,star_v2,starv2_resume_300k_SafetyCarButton1_v0_selected_star_v2_star_v2_s14,75000,0.6269937753677368,0.6269937753677368,6.984919309616089e-10,1.0,0.531039834022522,0.1811767965555191,
SafetyCarButton1-v0,star_v2,starv2_resume_300k_SafetyCarButton1_v0_selected_star_v2_star_v2_s14,80000,0.6260653138160706,0.6260653138160706,5.820766091346741e-10,1.0,0.5321742296218872,0.17499741911888123,
SafetyCarButton1-v0,star_v2,starv2_resume_300k_SafetyCarButton1_v0_selected_star_v2_star_v2_s14,85000,0.623384952545166,0.623384952545166,-5.820766091346741e-10,0.0,0.5304707288742065,0.17933814227581024,
SafetyCarButton1-v0,star_v2,starv2_resume_300k_SafetyCarButton1_v0_selected_star_v2_star_v2_s14,90000,0.640144944190979,0.6401448845863342,-1.1641532182693481e-10,0.0,0.5329795479774475,0.1861458718776703,
SafetyCarButton1-v0,star_v2,starv2_resume_300k_SafetyCarButton1_v0_selected_star_v2_star_v2_s14,95000,0.6213225722312927,0.6213225722312927,4.656612873077393e-10,1.0,0.5321394801139832,0.17661547660827637,
SafetyCarButton1-v0,star_v2,starv2_resume_300k_SafetyCarButton1_v0_selected_star_v2_star_v2_s14,100000,0.6478872299194336,0.6478872299194336,5.820766091346741e-10,1.0,0.5274639129638672,0.19816797971725464,
SafetyCarButton1-v0,star_v2,starv2_resume_300k_SafetyCarButton1_v0_selected_star_v2_star_v2_s14,105000,0.634413480758667,0.634413480758667,0.0,0.0,0.5281387567520142,0.18948528170585632,
SafetyCarButton1-v0,star_v2,starv2_resume_300k_SafetyCarButton1_v0_selected_star_v2_star_v2_s14,110000,0.6674697995185852,0.6674697995185852,1.3387762010097504e-09,1.0,0.5320203304290771,0.20939263701438904,
SafetyCarButton1-v0,star_v2,starv2_resume_300k_SafetyCarButton1_v0_selected_star_v2_star_v2_s14,115000,0.6444599032402039,0.6444599032402039,4.656612873077393e-10,1.0,0.5322220325469971,0.1930001676082611,
SafetyCarButton1-v0,star_v2,starv2_resume_300k_SafetyCarButton1_v0_selected_star_v2_star_v2_s14,120000,0.6669723987579346,0.6669723987579346,-1.862645149230957e-09,0.0,0.5319278836250305,0.21588918566703796,
SafetyCarButton1-v0,star_v2,starv2_resume_300k_SafetyCarButton1_v0_selected_star_v2_star_v2_s14,125000,0.6341090202331543,0.6341090798377991,2.3283064365386963e-10,1.0,0.5323206186294556,0.18245196342468262,
SafetyCarButton1-v0,star_v2,starv2_resume_300k_SafetyCarButton1_v0_selected_star_v2_star_v2_s14,130000,0.6674482822418213,0.6674482822418213,4.656612873077393e-10,1.0,0.5296596884727478,0.21264684200286865,
SafetyCarButton1-v0,star_v2,starv2_resume_300k_SafetyCarButton1_v0_selected_star_v2_star_v2_s14,135000,0.6300519704818726,0.6300519704818726,-1.0477378964424133e-09,0.0,0.5304783582687378,0.18060067296028137,
SafetyCarButton1-v0,star_v2,starv2_resume_300k_SafetyCarButton1_v0_selected_star_v2_star_v2_s14,140000,0.6163291335105896,0.6163291335105896,2.6193447411060333e-10,1.0,0.5343461036682129,0.16781429946422577,
SafetyCarButton1-v0,star_v2,starv2_resume_300k_SafetyCarButton1_v0_selected_star_v2_star_v2_s14,145000,0.6405985355377197,0.6405985355377197,-4.656612873077393e-10,0.0,0.5332596302032471,0.19017431139945984,
SafetyCarButton1-v0,star_v2,starv2_resume_300k_SafetyCarButton1_v0_selected_star_v2_star_v2_s14,150000,0.679615318775177,0.679615318775177,2.3283064365386963e-10,1.0,0.5275116562843323,0.21332073211669922,
SafetyCarButton1-v0,star_v2,starv2_resume_300k_SafetyCarButton1_v0_selected_star_v2_star_v2_s14,155000,0.6950538158416748,0.6950538158416748,8.731149137020111e-11,1.0,0.5326039791107178,0.2238754779100418,
SafetyCarButton1-v0,star_v2,starv2_resume_300k_SafetyCarButton1_v0_selected_star_v2_star_v2_s14,160000,0.6888233423233032,0.6888233423233032,-9.313225746154785e-10,0.0,0.5320980548858643,0.21948668360710144,
SafetyCarButton1-v0,star_v2,starv2_resume_300k_SafetyCarButton1_v0_selected_star_v2_star_v2_s14,165000,0.6430658102035522,0.6430658102035522,-5.529727786779404e-10,0.0,0.5290303230285645,0.18700961768627167,
SafetyCarButton1-v0,star_v2,starv2_resume_300k_SafetyCarButton1_v0_selected_star_v2_star_v2_s14,170000,0.6692910194396973,0.6692910194396973,-1.1350493878126144e-09,0.0,0.531470000743866,0.2030995786190033,
SafetyCarButton1-v0,star_v2,starv2_resume_300k_SafetyCarButton1_v0_selected_star_v2_star_v2_s14,175000,0.6787821650505066,0.6787821650505066,-1.1641532182693481e-09,0.0,0.5337822437286377,0.21042828261852264,
SafetyCarButton1-v0,star_v2,starv2_resume_300k_SafetyCarButton1_v0_selected_star_v2_star_v2_s14,180000,0.6812255382537842,0.6812255382537842,1.1641532182693481e-10,1.0,0.5338015556335449,0.21169376373291016,
SafetyCarButton1-v0,star_v2,starv2_resume_300k_SafetyCarButton1_v0_selected_star_v2_star_v2_s14,185000,0.6973481178283691,0.6973481178283691,1.4551915228366852e-10,1.0,0.5306906700134277,0.22455233335494995,
SafetyCarButton1-v0,star_v2,starv2_resume_300k_SafetyCarButton1_v0_selected_star_v2_star_v2_s14,190000,0.6591798067092896,0.6591798067092896,-1.5133991837501526e-09,0.0,0.5322839021682739,0.19446980953216553,
SafetyCarButton1-v0,star_v2,starv2_resume_300k_SafetyCarButton1_v0_selected_star_v2_star_v2_s14,195000,0.671513557434082,0.671513557434082,-1.1641532182693481e-10,0.0,0.5281621813774109,0.20770040154457092,
SafetyCarButton1-v0,star_v2,starv2_resume_300k_SafetyCarButton1_v0_selected_star_v2_star_v2_s14,200000,0.6734089851379395,0.6734089851379395,2.9103830456733704e-10,1.0,0.5308625102043152,0.20896291732788086,
SafetyCarButton1-v0,star_v2,starv2_resume_300k_SafetyCarButton1_v0_selected_star_v2_star_v2_s14,205000,0.6711614727973938,0.6711614727973938,0.0,0.0,0.5337001085281372,0.20601624250411987,
SafetyCarButton1-v0,star_v2,starv2_resume_300k_SafetyCarButton1_v0_selected_star_v2_star_v2_s14,210000,0.7028153538703918,0.7028153538703918,-1.280568540096283e-09,0.0,0.529321014881134,0.23467186093330383,
SafetyCarButton1-v0,star_v2,starv2_resume_300k_SafetyCarButton1_v0_selected_star_v2_star_v2_s14,215000,0.6751444935798645,0.6751444935798645,2.9103830456733704e-10,1.0,0.5300641059875488,0.20554551482200623,
SafetyCarButton1-v0,star_v2,starv2_resume_300k_SafetyCarButton1_v0_selected_star_v2_star_v2_s14,220000,0.7028912305831909,0.7028912305831909,-8.149072527885437e-10,0.0,0.5294202566146851,0.22717531025409698,
SafetyCarButton1-v0,star_v2,starv2_resume_300k_SafetyCarButton1_v0_selected_star_v2_star_v2_s14,225000,0.6899561882019043,0.6899561882019043,1.1641532182693481e-10,1.0,0.533899188041687,0.2205493450164795,
SafetyCarButton1-v0,star_v2,starv2_resume_300k_SafetyCarButton1_v0_selected_star_v2_star_v2_s14,230000,0.712733268737793,0.712733268737793,9.313225746154785e-10,1.0,0.5263279676437378,0.2392427623271942,
SafetyCarButton1-v0,star_v2,starv2_resume_300k_SafetyCarButton1_v0_selected_star_v2_star_v2_s14,235000,0.7003558874130249,0.7003558874130249,1.979060471057892e-09,1.0,0.5296827554702759,0.22700044512748718,
SafetyCarButton1-v0,star_v2,starv2_resume_300k_SafetyCarButton1_v0_selected_star_v2_star_v2_s14,240000,0.682428240776062,0.682428240776062,-9.313225746154785e-10,0.0,0.5278548002243042,0.21259233355522156,
SafetyCarButton1-v0,star_v2,starv2_resume_300k_SafetyCarButton1_v0_selected_star_v2_star_v2_s14,245000,0.6935231685638428,0.6935231685638428,1.5133991837501526e-09,1.0,0.5322880148887634,0.23002909123897552,
SafetyCarButton1-v0,star_v2,starv2_resume_300k_SafetyCarButton1_v0_selected_star_v2_star_v2_s14,250000,0.7006562948226929,0.7006562948226929,5.820766091346741e-10,1.0,0.5331296324729919,0.22520233690738678,
SafetyCarButton1-v0,star_v2,starv2_resume_300k_SafetyCarButton1_v0_selected_star_v2_star_v2_s14,255000,0.7013562917709351,0.7013562917709351,-4.656612873077393e-10,0.0,0.527230978012085,0.22383108735084534,
SafetyCarButton1-v0,star_v2,starv2_resume_300k_SafetyCarButton1_v0_selected_star_v2_star_v2_s14,260000,0.7072605490684509,0.7072605490684509,-2.9103830456733704e-10,0.0,0.5313490629196167,0.2272522747516632,
SafetyCarButton1-v0,star_v2,starv2_resume_300k_SafetyCarButton1_v0_selected_star_v2_star_v2_s14,265000,0.7066578269004822,0.7066578269004822,-8.149072527885437e-10,0.0,0.5313227772712708,0.229024738073349,
SafetyCarButton1-v0,star_v2,starv2_resume_300k_SafetyCarButton1_v0_selected_star_v2_star_v2_s14,270000,0.7141894698143005,0.7141894698143005,5.820766091346741e-10,1.0,0.5295641422271729,0.23195704817771912,
SafetyCarButton1-v0,star_v2,starv2_resume_300k_SafetyCarButton1_v0_selected_star_v2_star_v2_s14,275000,0.7280299663543701,0.7280299663543701,5.820766091346741e-10,1.0,0.5334770679473877,0.246232807636261,
SafetyCarButton1-v0,star_v2,starv2_resume_300k_SafetyCarButton1_v0_selected_star_v2_star_v2_s14,280000,0.7046827077865601,0.7046827077865601,4.656612873077393e-10,1.0,0.5333694219589233,0.22321607172489166,
SafetyCarButton1-v0,star_v2,starv2_resume_300k_SafetyCarButton1_v0_selected_star_v2_star_v2_s14,285000,0.7327135801315308,0.7327135801315308,8.149072527885437e-10,1.0,0.5313726663589478,0.2523908019065857,
SafetyCarButton1-v0,star_v2,starv2_resume_300k_SafetyCarButton1_v0_selected_star_v2_star_v2_s14,290000,0.7289016246795654,0.7289016246795654,0.0,0.0,0.5336330533027649,0.2464907020330429,
SafetyCarButton1-v0,star_v2,starv2_resume_300k_SafetyCarButton1_v0_selected_star_v2_star_v2_s14,295000,0.6993260383605957,0.6993260383605957,-2.3283064365386963e-10,0.0,0.5307018160820007,0.22187305986881256,
SafetyCarGoal1-v0,current_only_v2,starv2_core_100k_SafetyCarGoal1_v0_selected_current_only_v2_current_only_v2_s10,100000,0.2490987926721573,0.2490987926721573,-5.820766091346741e-11,0.0,1.0,0.04358575493097305,
SafetyCarGoal1-v0,current_only_v2,starv2_core_100k_SafetyCarGoal1_v0_selected_current_only_v2_current_only_v2_s10,105000,0.23626363277435303,0.23626363277435303,1.3096723705530167e-10,1.0,1.0,0.040190450847148895,
SafetyCarGoal1-v0,current_only_v2,starv2_core_100k_SafetyCarGoal1_v0_selected_current_only_v2_current_only_v2_s10,110000,0.2685478627681732,0.2685478627681732,-6.257323548197746e-10,0.0,1.0,0.05753792077302933,
SafetyCarGoal1-v0,current_only_v2,starv2_core_100k_SafetyCarGoal1_v0_selected_current_only_v2_current_only_v2_s10,115000,0.2537640333175659,0.2537640333175659,-1.1641532182693481e-10,0.0,1.0,0.04129323363304138,
SafetyCarGoal1-v0,current_only_v2,starv2_core_100k_SafetyCarGoal1_v0_selected_current_only_v2_current_only_v2_s10,120000,0.23837009072303772,0.23837009072303772,4.3655745685100555e-10,1.0,1.0,0.04461558535695076,
SafetyCarGoal1-v0,current_only_v2,starv2_core_100k_SafetyCarGoal1_v0_selected_current_only_v2_current_only_v2_s10,125000,0.24258676171302795,0.24258676171302795,-1.1641532182693481e-10,0.0,1.0,0.0415472686290741,
SafetyCarGoal1-v0,current_only_v2,starv2_core_100k_SafetyCarGoal1_v0_selected_current_only_v2_current_only_v2_s10,130000,0.254457950592041,0.254457950592041,-8.585629984736443e-10,0.0,1.0,0.04148769751191139,
SafetyCarGoal1-v0,current_only_v2,starv2_core_100k_SafetyCarGoal1_v0_selected_current_only_v2_current_only_v2_s10,135000,0.24586115777492523,0.24586115777492523,1.1641532182693481e-10,1.0,1.0,0.04504724219441414,
SafetyCarGoal1-v0,current_only_v2,starv2_core_100k_SafetyCarGoal1_v0_selected_current_only_v2_current_only_v2_s10,140000,0.2299111932516098,0.2299111932516098,-5.820766091346741e-10,0.0,1.0,0.03812430799007416,
SafetyCarGoal1-v0,current_only_v2,starv2_core_100k_SafetyCarGoal1_v0_selected_current_only_v2_current_only_v2_s10,145000,0.2395705282688141,0.2395705282688141,2.9103830456733704e-10,1.0,1.0,0.033271823078393936,
SafetyCarGoal1-v0,current_only_v2,starv2_core_100k_SafetyCarGoal1_v0_selected_current_only_v2_current_only_v2_s10,150000,0.23193685710430145,0.23193685710430145,-2.0372681319713593e-10,0.0,1.0,0.03624116629362106,
SafetyCarGoal1-v0,current_only_v2,starv2_core_100k_SafetyCarGoal1_v0_selected_current_only_v2_current_only_v2_s10,155000,0.26951470971107483,0.26951470971107483,9.458744898438454e-10,1.0,1.0,0.055339016020298004,
SafetyCarGoal1-v0,current_only_v2,starv2_core_100k_SafetyCarGoal1_v0_selected_current_only_v2_current_only_v2_s10,160000,0.278995156288147,0.278995156288147,-4.0745362639427185e-10,0.0,1.0,0.0540744923055172,
SafetyCarGoal1-v0,current_only_v2,starv2_core_100k_SafetyCarGoal1_v0_selected_current_only_v2_current_only_v2_s10,165000,0.2426895648241043,0.2426895648241043,2.9103830456733704e-11,1.0,1.0,0.033774830400943756,
SafetyCarGoal1-v0,current_only_v2,starv2_core_100k_SafetyCarGoal1_v0_selected_current_only_v2_current_only_v2_s10,170000,0.24426952004432678,0.24426952004432678,3.4924596548080444e-10,1.0,1.0,0.03718630224466324,
SafetyCarGoal1-v0,current_only_v2,starv2_core_100k_SafetyCarGoal1_v0_selected_current_only_v2_current_only_v2_s10,175000,0.2550230026245117,0.2550230026245117,-4.94765117764473e-10,0.0,1.0,0.03712569922208786,
SafetyCarGoal1-v0,current_only_v2,starv2_core_100k_SafetyCarGoal1_v0_selected_current_only_v2_current_only_v2_s10,180000,0.28712978959083557,0.28712978959083557,3.4924596548080444e-10,1.0,1.0,0.06173018366098404,
SafetyCarGoal1-v0,current_only_v2,starv2_core_100k_SafetyCarGoal1_v0_selected_current_only_v2_current_only_v2_s10,185000,0.2509440779685974,0.2509440779685974,-5.820766091346741e-11,0.0,1.0,0.04662429913878441,
SafetyCarGoal1-v0,current_only_v2,starv2_core_100k_SafetyCarGoal1_v0_selected_current_only_v2_current_only_v2_s10,190000,0.24495597183704376,0.24495597183704376,2.473825588822365e-10,1.0,1.0,0.03341471031308174,
SafetyCarGoal1-v0,current_only_v2,starv2_core_100k_SafetyCarGoal1_v0_selected_current_only_v2_current_only_v2_s10,195000,0.3187773823738098,0.3187773823738098,-5.820766091346741e-11,0.0,1.0,0.0741417407989502,
SafetyCarGoal1-v0,current_only_v2,starv2_core_100k_SafetyCarGoal1_v0_selected_current_only_v2_current_only_v2_s10,200000,0.2761648893356323,0.2761648893356323,-8.294591680169106e-10,0.0,1.0,0.04252823442220688,
SafetyCarGoal1-v0,current_only_v2,starv2_core_100k_SafetyCarGoal1_v0_selected_current_only_v2_current_only_v2_s10,205000,0.25062406063079834,0.25062406063079834,1.8917489796876907e-10,1.0,1.0,0.03503552824258804,
SafetyCarGoal1-v0,current_only_v2,starv2_core_100k_SafetyCarGoal1_v0_selected_current_only_v2_current_only_v2_s10,210000,0.2510024309158325,0.2510024309158325,1.7462298274040222e-10,1.0,1.0,0.04131809249520302,
SafetyCarGoal1-v0,current_only_v2,starv2_core_100k_SafetyCarGoal1_v0_selected_current_only_v2_current_only_v2_s10,215000,0.2692738175392151,0.2692738175392151,2.9103830456733704e-10,1.0,1.0,0.047822415828704834,
SafetyCarGoal1-v0,current_only_v2,starv2_core_100k_SafetyCarGoal1_v0_selected_current_only_v2_current_only_v2_s10,220000,0.26140397787094116,0.26140397787094116,1.1932570487260818e-09,1.0,1.0,0.04362605884671211,
SafetyCarGoal1-v0,current_only_v2,starv2_core_100k_SafetyCarGoal1_v0_selected_current_only_v2_current_only_v2_s10,225000,0.2954586148262024,0.2954586148262024,3.7834979593753815e-10,1.0,1.0,0.06320733577013016,
SafetyCarGoal1-v0,current_only_v2,starv2_core_100k_SafetyCarGoal1_v0_selected_current_only_v2_current_only_v2_s10,230000,0.2809890806674957,0.2809890806674957,-8.440110832452774e-10,0.0,1.0,0.046835340559482574,
SafetyCarGoal1-v0,current_only_v2,starv2_core_100k_SafetyCarGoal1_v0_selected_current_only_v2_current_only_v2_s10,235000,0.3277263045310974,0.3277263045310974,-5.820766091346741e-11,0.0,1.0,0.07588788866996765,
SafetyCarGoal1-v0,current_only_v2,starv2_core_100k_SafetyCarGoal1_v0_selected_current_only_v2_current_only_v2_s10,240000,0.29048168659210205,0.29048168659210205,4.656612873077393e-10,1.0,1.0,0.04295499622821808,
SafetyCarGoal1-v0,current_only_v2,starv2_core_100k_SafetyCarGoal1_v0_selected_current_only_v2_current_only_v2_s10,245000,0.2849094867706299,0.2849094867706299,-2.0372681319713593e-10,0.0,1.0,0.04649760574102402,
SafetyCarGoal1-v0,current_only_v2,starv2_core_100k_SafetyCarGoal1_v0_selected_current_only_v2_current_only_v2_s10,250000,0.2843138873577118,0.2843138873577118,-2.9103830456733704e-11,0.0,1.0,0.04733645170927048,
SafetyCarGoal1-v0,current_only_v2,starv2_core_100k_SafetyCarGoal1_v0_selected_current_only_v2_current_only_v2_s10,255000,0.27011245489120483,0.27011245489120483,-5.238689482212067e-10,0.0,1.0,0.034496571868658066,
SafetyCarGoal1-v0,current_only_v2,starv2_core_100k_SafetyCarGoal1_v0_selected_current_only_v2_current_only_v2_s10,260000,0.2789539694786072,0.2789539694786072,1.2223608791828156e-09,1.0,1.0,0.04888162761926651,
SafetyCarGoal1-v0,current_only_v2,starv2_core_100k_SafetyCarGoal1_v0_selected_current_only_v2_current_only_v2_s10,265000,0.26208817958831787,0.26208817958831787,2.3283064365386963e-10,1.0,1.0,0.040665119886398315,
SafetyCarGoal1-v0,current_only_v2,starv2_core_100k_SafetyCarGoal1_v0_selected_current_only_v2_current_only_v2_s10,270000,0.31037041544914246,0.31037041544914246,5.820766091346741e-11,1.0,1.0,0.06537725031375885,
SafetyCarGoal1-v0,current_only_v2,starv2_core_100k_SafetyCarGoal1_v0_selected_current_only_v2_current_only_v2_s10,275000,0.29780253767967224,0.29780253767967224,-1.7462298274040222e-10,0.0,1.0,0.05169947072863579,
SafetyCarGoal1-v0,current_only_v2,starv2_core_100k_SafetyCarGoal1_v0_selected_current_only_v2_current_only_v2_s10,280000,0.29112356901168823,0.29112356901168823,2.9103830456733704e-11,1.0,1.0,0.05287882685661316,
SafetyCarGoal1-v0,current_only_v2,starv2_core_100k_SafetyCarGoal1_v0_selected_current_only_v2_current_only_v2_s10,285000,0.30032652616500854,0.30032652616500854,-7.275957614183426e-10,0.0,1.0,0.0609431117773056,
SafetyCarGoal1-v0,current_only_v2,starv2_core_100k_SafetyCarGoal1_v0_selected_current_only_v2_current_only_v2_s10,290000,0.3073190450668335,0.3073190450668335,-7.275957614183426e-11,0.0,1.0,0.05396967753767967,
SafetyCarGoal1-v0,current_only_v2,starv2_core_100k_SafetyCarGoal1_v0_selected_current_only_v2_current_only_v2_s10,295000,0.29102015495300293,0.29102015495300293,-5.529727786779404e-10,0.0,1.0,0.051975712180137634,
SafetyCarGoal1-v0,current_only_v2,starv2_core_100k_SafetyCarGoal1_v0_selected_current_only_v2_current_only_v2_s11,100000,0.25225692987442017,0.25225692987442017,5.238689482212067e-10,1.0,1.0,0.05132363364100456,
SafetyCarGoal1-v0,current_only_v2,starv2_core_100k_SafetyCarGoal1_v0_selected_current_only_v2_current_only_v2_s11,105000,0.2881758213043213,0.2881758213043213,1.4551915228366852e-11,1.0,1.0,0.06552278995513916,
SafetyCarGoal1-v0,current_only_v2,starv2_core_100k_SafetyCarGoal1_v0_selected_current_only_v2_current_only_v2_s11,110000,0.23945438861846924,0.23945438861846924,-2.1827872842550278e-10,0.0,1.0,0.046013422310352325,
SafetyCarGoal1-v0,current_only_v2,starv2_core_100k_SafetyCarGoal1_v0_selected_current_only_v2_current_only_v2_s11,115000,0.25221461057662964,0.25221461057662964,7.130438461899757e-10,1.0,1.0,0.04391391575336456,
SafetyCarGoal1-v0,current_only_v2,starv2_core_100k_SafetyCarGoal1_v0_selected_current_only_v2_current_only_v2_s11,120000,0.27857449650764465,0.27857449650764465,-6.693881005048752e-10,0.0,1.0,0.05516290292143822,
SafetyCarGoal1-v0,current_only_v2,starv2_core_100k_SafetyCarGoal1_v0_selected_current_only_v2_current_only_v2_s11,125000,0.24144716560840607,0.24144716560840607,-2.473825588822365e-10,0.0,1.0,0.037731852382421494,
SafetyCarGoal1-v0,current_only_v2,starv2_core_100k_SafetyCarGoal1_v0_selected_current_only_v2_current_only_v2_s11,130000,0.21730351448059082,0.21730349957942963,9.167706593871117e-10,1.0,1.0,0.029846787452697754,
SafetyCarGoal1-v0,current_only_v2,starv2_core_100k_SafetyCarGoal1_v0_selected_current_only_v2_current_only_v2_s11,135000,0.23585282266139984,0.23585282266139984,0.0,0.0,1.0,0.03721338510513306,
SafetyCarGoal1-v0,current_only_v2,starv2_core_100k_SafetyCarGoal1_v0_selected_current_only_v2_current_only_v2_s11,140000,0.25663235783576965,0.25663235783576965,3.055902197957039e-10,1.0,1.0,0.050172340124845505,
SafetyCarGoal1-v0,current_only_v2,starv2_core_100k_SafetyCarGoal1_v0_selected_current_only_v2_current_only_v2_s11,145000,0.25528275966644287,0.25528275966644287,9.167706593871117e-10,1.0,1.0,0.0478341318666935,
SafetyCarGoal1-v0,current_only_v2,starv2_core_100k_SafetyCarGoal1_v0_selected_current_only_v2_current_only_v2_s11,150000,0.27531278133392334,0.27531278133392334,5.820766091346741e-11,1.0,1.0,0.05879694223403931,
SafetyCarGoal1-v0,current_only_v2,starv2_core_100k_SafetyCarGoal1_v0_selected_current_only_v2_current_only_v2_s11,155000,0.2561437785625458,0.2561437785625458,-3.2014213502407074e-10,0.0,1.0,0.05706753581762314,
SafetyCarGoal1-v0,current_only_v2,starv2_core_100k_SafetyCarGoal1_v0_selected_current_only_v2_current_only_v2_s11,160000,0.24958175420761108,0.24958175420761108,-1.4551915228366852e-11,0.0,1.0,0.04494208097457886,
SafetyCarGoal1-v0,current_only_v2,starv2_core_100k_SafetyCarGoal1_v0_selected_current_only_v2_current_only_v2_s11,165000,0.23613247275352478,0.2361324578523636,-1.367880031466484e-09,0.0,1.0,0.034964803606271744,
SafetyCarGoal1-v0,current_only_v2,starv2_core_100k_SafetyCarGoal1_v0_selected_current_only_v2_current_only_v2_s11,170000,0.23911786079406738,0.23911786079406738,4.3655745685100555e-10,1.0,1.0,0.04107676446437836,
SafetyCarGoal1-v0,current_only_v2,starv2_core_100k_SafetyCarGoal1_v0_selected_current_only_v2_current_only_v2_s11,175000,0.27304601669311523,0.27304601669311523,-1.0186340659856796e-10,0.0,1.0,0.059887804090976715,
SafetyCarGoal1-v0,current_only_v2,starv2_core_100k_SafetyCarGoal1_v0_selected_current_only_v2_current_only_v2_s11,180000,0.23309540748596191,0.23309539258480072,9.74978320300579e-10,1.0,1.0,0.03802279382944107,
SafetyCarGoal1-v0,current_only_v2,starv2_core_100k_SafetyCarGoal1_v0_selected_current_only_v2_current_only_v2_s11,185000,0.23754370212554932,0.23754370212554932,0.0,0.0,1.0,0.03502674773335457,
SafetyCarGoal1-v0,current_only_v2,starv2_core_100k_SafetyCarGoal1_v0_selected_current_only_v2_current_only_v2_s11,190000,0.24091745913028717,0.24091745913028717,-1.6007106751203537e-10,0.0,1.0,0.043425820767879486,
SafetyCarGoal1-v0,current_only_v2,starv2_core_100k_SafetyCarGoal1_v0_selected_current_only_v2_current_only_v2_s11,195000,0.2570914030075073,0.2570914030075073,4.656612873077393e-10,1.0,1.0,0.05053936690092087,
SafetyCarGoal1-v0,current_only_v2,starv2_core_100k_SafetyCarGoal1_v0_selected_current_only_v2_current_only_v2_s11,200000,0.23189574480056763,0.23189574480056763,-5.093170329928398e-10,0.0,1.0,0.03687103092670441,
SafetyCarGoal1-v0,current_only_v2,starv2_core_100k_SafetyCarGoal1_v0_selected_current_only_v2_current_only_v2_s11,205000,0.2588011622428894,0.2588011920452118,-9.74978320300579e-10,0.0,1.0,0.04681116342544556,
SafetyCarGoal1-v0,current_only_v2,starv2_core_100k_SafetyCarGoal1_v0_selected_current_only_v2_current_only_v2_s11,210000,0.26455098390579224,0.26455098390579224,-8.731149137020111e-11,0.0,1.0,0.04760250821709633,
SafetyCarGoal1-v0,current_only_v2,starv2_core_100k_SafetyCarGoal1_v0_selected_current_only_v2_current_only_v2_s11,215000,0.25742125511169434,0.25742125511169434,-1.6589183360338211e-09,0.0,1.0,0.04400695860385895,
SafetyCarGoal1-v0,current_only_v2,starv2_core_100k_SafetyCarGoal1_v0_selected_current_only_v2_current_only_v2_s11,220000,0.26518601179122925,0.26518601179122925,-5.529727786779404e-10,0.0,1.0,0.04965227097272873,
SafetyCarGoal1-v0,current_only_v2,starv2_core_100k_SafetyCarGoal1_v0_selected_current_only_v2_current_only_v2_s11,225000,0.27368149161338806,0.27368149161338806,-2.764863893389702e-10,0.0,1.0,0.05420660972595215,
SafetyCarGoal1-v0,current_only_v2,starv2_core_100k_SafetyCarGoal1_v0_selected_current_only_v2_current_only_v2_s11,230000,0.24127213656902313,0.24127212166786194,-5.384208634495735e-10,0.0,1.0,0.03499593213200569,
SafetyCarGoal1-v0,current_only_v2,starv2_core_100k_SafetyCarGoal1_v0_selected_current_only_v2_current_only_v2_s11,235000,0.2537112236022949,0.2537112236022949,6.693881005048752e-10,1.0,1.0,0.040741048753261566,
SafetyCarGoal1-v0,current_only_v2,starv2_core_100k_SafetyCarGoal1_v0_selected_current_only_v2_current_only_v2_s11,240000,0.2625105381011963,0.2625105381011963,7.275957614183426e-11,1.0,1.0,0.052279312163591385,
SafetyCarGoal1-v0,current_only_v2,starv2_core_100k_SafetyCarGoal1_v0_selected_current_only_v2_current_only_v2_s11,245000,0.2879371643066406,0.2879371643066406,-1.4551915228366852e-11,0.0,1.0,0.05775225907564163,
SafetyCarGoal1-v0,current_only_v2,starv2_core_100k_SafetyCarGoal1_v0_selected_current_only_v2_current_only_v2_s11,250000,0.2819482982158661,0.2819482982158661,-4.0745362639427185e-10,0.0,1.0,0.05776122584939003,
SafetyCarGoal1-v0,current_only_v2,starv2_core_100k_SafetyCarGoal1_v0_selected_current_only_v2_current_only_v2_s11,255000,0.2639628052711487,0.2639628052711487,-1.4551915228366852e-10,0.0,1.0,0.038057953119277954,
SafetyCarGoal1-v0,current_only_v2,starv2_core_100k_SafetyCarGoal1_v0_selected_current_only_v2_current_only_v2_s11,260000,0.25315427780151367,0.25315427780151367,6.984919309616089e-10,1.0,1.0,0.03678883984684944,
SafetyCarGoal1-v0,current_only_v2,starv2_core_100k_SafetyCarGoal1_v0_selected_current_only_v2_current_only_v2_s11,265000,0.24624261260032654,0.24624261260032654,4.3655745685100555e-11,1.0,1.0,0.03392527997493744,
SafetyCarGoal1-v0,current_only_v2,starv2_core_100k_SafetyCarGoal1_v0_selected_current_only_v2_current_only_v2_s11,270000,0.259238064289093,0.259238064289093,-8.585629984736443e-10,0.0,1.0,0.045585669577121735,
SafetyCarGoal1-v0,current_only_v2,starv2_core_100k_SafetyCarGoal1_v0_selected_current_only_v2_current_only_v2_s11,275000,0.26395392417907715,0.26395392417907715,-4.94765117764473e-10,0.0,1.0,0.03955937549471855,
SafetyCarGoal1-v0,current_only_v2,starv2_core_100k_SafetyCarGoal1_v0_selected_current_only_v2_current_only_v2_s11,280000,0.3095506429672241,0.3095506429672241,9.313225746154785e-10,1.0,1.0,0.06667254865169525,
SafetyCarGoal1-v0,current_only_v2,starv2_core_100k_SafetyCarGoal1_v0_selected_current_only_v2_current_only_v2_s11,285000,0.2549726963043213,0.2549726963043213,3.2014213502407074e-10,1.0,1.0,0.04203330725431442,
SafetyCarGoal1-v0,current_only_v2,starv2_core_100k_SafetyCarGoal1_v0_selected_current_only_v2_current_only_v2_s11,290000,0.2818492352962494,0.2818492352962494,6.984919309616089e-10,1.0,1.0,0.04845155030488968,
SafetyCarGoal1-v0,current_only_v2,starv2_core_100k_SafetyCarGoal1_v0_selected_current_only_v2_current_only_v2_s11,295000,0.27531737089157104,0.27531737089157104,-2.9103830456733704e-11,0.0,1.0,0.0518321767449379,
SafetyCarGoal1-v0,current_only_v2,starv2_core_100k_SafetyCarGoal1_v0_selected_current_only_v2_current_only_v2_s12,100000,0.22604697942733765,0.22604697942733765,-8.731149137020111e-11,0.0,1.0,0.05181637406349182,
SafetyCarGoal1-v0,current_only_v2,starv2_core_100k_SafetyCarGoal1_v0_selected_current_only_v2_current_only_v2_s12,105000,0.2253328561782837,0.2253328561782837,-1.4551915228366852e-11,0.0,1.0,0.04763536900281906,
SafetyCarGoal1-v0,current_only_v2,starv2_core_100k_SafetyCarGoal1_v0_selected_current_only_v2_current_only_v2_s12,110000,0.20482708513736725,0.20482708513736725,4.656612873077393e-10,1.0,1.0,0.036485061049461365,
SafetyCarGoal1-v0,current_only_v2,starv2_core_100k_SafetyCarGoal1_v0_selected_current_only_v2_current_only_v2_s12,115000,0.21662819385528564,0.21662817895412445,8.731149137020111e-11,1.0,1.0,0.04186481982469559,
SafetyCarGoal1-v0,current_only_v2,starv2_core_100k_SafetyCarGoal1_v0_selected_current_only_v2_current_only_v2_s12,120000,0.22042135894298553,0.22042135894298553,5.238689482212067e-10,1.0,1.0,0.03909419849514961,
SafetyCarGoal1-v0,current_only_v2,starv2_core_100k_SafetyCarGoal1_v0_selected_current_only_v2_current_only_v2_s12,125000,0.21302781999111176,0.21302781999111176,3.7834979593753815e-10,1.0,1.0,0.03475170582532883,
SafetyCarGoal1-v0,current_only_v2,starv2_core_100k_SafetyCarGoal1_v0_selected_current_only_v2_current_only_v2_s12,130000,0.2319771647453308,0.2319771647453308,-2.473825588822365e-10,0.0,1.0,0.042829375714063644,
SafetyCarGoal1-v0,current_only_v2,starv2_core_100k_SafetyCarGoal1_v0_selected_current_only_v2_current_only_v2_s12,135000,0.2142864614725113,0.2142864614725113,2.6193447411060333e-10,1.0,1.0,0.03499613702297211,
SafetyCarGoal1-v0,current_only_v2,starv2_core_100k_SafetyCarGoal1_v0_selected_current_only_v2_current_only_v2_s12,140000,0.2426462173461914,0.2426462173461914,-1.3096723705530167e-10,0.0,1.0,0.0446481928229332,
SafetyCarGoal1-v0,current_only_v2,starv2_core_100k_SafetyCarGoal1_v0_selected_current_only_v2_current_only_v2_s12,145000,0.2567232847213745,0.2567232847213745,-1.1641532182693481e-10,0.0,1.0,0.05720876157283783,
SafetyCarGoal1-v0,current_only_v2,starv2_core_100k_SafetyCarGoal1_v0_selected_current_only_v2_current_only_v2_s12,150000,0.23857420682907104,0.23857420682907104,-3.7834979593753815e-10,0.0,1.0,0.04439196735620499,
SafetyCarGoal1-v0,current_only_v2,starv2_core_100k_SafetyCarGoal1_v0_selected_current_only_v2_current_only_v2_s12,155000,0.25586259365081787,0.25586259365081787,-1.1641532182693481e-10,0.0,1.0,0.052106261253356934,
SafetyCarGoal1-v0,current_only_v2,starv2_core_100k_SafetyCarGoal1_v0_selected_current_only_v2_current_only_v2_s12,160000,0.24739335477352142,0.24739335477352142,-7.8580342233181e-10,0.0,1.0,0.04929624870419502,
SafetyCarGoal1-v0,current_only_v2,starv2_core_100k_SafetyCarGoal1_v0_selected_current_only_v2_current_only_v2_s12,165000,0.2598441541194916,0.25984418392181396,0.0,0.0,1.0,0.05430964007973671,
SafetyCarGoal1-v0,current_only_v2,starv2_core_100k_SafetyCarGoal1_v0_selected_current_only_v2_current_only_v2_s12,170000,0.25504782795906067,0.25504785776138306,-4.0745362639427185e-10,0.0,1.0,0.04862241819500923,
SafetyCarGoal1-v0,current_only_v2,starv2_core_100k_SafetyCarGoal1_v0_selected_current_only_v2_current_only_v2_s12,175000,0.27596092224121094,0.27596092224121094,-5.820766091346741e-11,0.0,1.0,0.056153468787670135,
SafetyCarGoal1-v0,current_only_v2,starv2_core_100k_SafetyCarGoal1_v0_selected_current_only_v2_current_only_v2_s12,180000,0.2526546120643616,0.2526546120643616,1.1204974725842476e-09,1.0,1.0,0.04544004052877426,
SafetyCarGoal1-v0,current_only_v2,starv2_core_100k_SafetyCarGoal1_v0_selected_current_only_v2_current_only_v2_s12,185000,0.2620874345302582,0.2620874345302582,4.0745362639427185e-10,1.0,1.0,0.05314887315034866,
SafetyCarGoal1-v0,current_only_v2,starv2_core_100k_SafetyCarGoal1_v0_selected_current_only_v2_current_only_v2_s12,190000,0.23326750099658966,0.23326750099658966,-2.6193447411060333e-10,0.0,1.0,0.03598705679178238,
SafetyCarGoal1-v0,current_only_v2,starv2_core_100k_SafetyCarGoal1_v0_selected_current_only_v2_current_only_v2_s12,195000,0.24267369508743286,0.24267369508743286,7.275957614183426e-10,1.0,1.0,0.03972349315881729,
SafetyCarGoal1-v0,current_only_v2,starv2_core_100k_SafetyCarGoal1_v0_selected_current_only_v2_current_only_v2_s12,200000,0.2776201367378235,0.2776201367378235,9.89530235528946e-10,1.0,1.0,0.053436700254678726,
SafetyCarGoal1-v0,current_only_v2,starv2_core_100k_SafetyCarGoal1_v0_selected_current_only_v2_current_only_v2_s12,205000,0.2597012221813202,0.2597012221813202,-1.7462298274040222e-10,0.0,1.0,0.05018940940499306,
SafetyCarGoal1-v0,current_only_v2,starv2_core_100k_SafetyCarGoal1_v0_selected_current_only_v2_current_only_v2_s12,210000,0.23785066604614258,0.23785066604614258,-4.94765117764473e-10,0.0,1.0,0.03863820806145668,
SafetyCarGoal1-v0,current_only_v2,starv2_core_100k_SafetyCarGoal1_v0_selected_current_only_v2_current_only_v2_s12,215000,0.23493659496307373,0.23493659496307373,7.8580342233181e-10,1.0,1.0,0.03808783367276192,
SafetyCarGoal1-v0,current_only_v2,starv2_core_100k_SafetyCarGoal1_v0_selected_current_only_v2_current_only_v2_s12,220000,0.2728198170661926,0.2728198170661926,4.656612873077393e-10,1.0,1.0,0.0484529584646225,
SafetyCarGoal1-v0,current_only_v2,starv2_core_100k_SafetyCarGoal1_v0_selected_current_only_v2_current_only_v2_s12,225000,0.26156866550445557,0.26156866550445557,-2.6193447411060333e-10,0.0,1.0,0.050801388919353485,
SafetyCarGoal1-v0,current_only_v2,starv2_core_100k_SafetyCarGoal1_v0_selected_current_only_v2_current_only_v2_s12,230000,0.2634434401988983,0.2634434401988983,1.1641532182693481e-10,1.0,1.0,0.044407911598682404,
SafetyCarGoal1-v0,current_only_v2,starv2_core_100k_SafetyCarGoal1_v0_selected_current_only_v2_current_only_v2_s12,235000,0.2572416365146637,0.2572416365146637,1.7462298274040222e-10,1.0,1.0,0.04047311842441559,
SafetyCarGoal1-v0,current_only_v2,starv2_core_100k_SafetyCarGoal1_v0_selected_current_only_v2_current_only_v2_s12,240000,0.27178865671157837,0.27178865671157837,-3.4924596548080444e-10,0.0,1.0,0.049287281930446625,
SafetyCarGoal1-v0,current_only_v2,starv2_core_100k_SafetyCarGoal1_v0_selected_current_only_v2_current_only_v2_s12,245000,0.27846992015838623,0.27846992015838623,-3.7834979593753815e-10,0.0,1.0,0.05586470663547516,
SafetyCarGoal1-v0,current_only_v2,starv2_core_100k_SafetyCarGoal1_v0_selected_current_only_v2_current_only_v2_s12,250000,0.28045082092285156,0.28045082092285156,5.529727786779404e-10,1.0,1.0,0.05188851058483124,
SafetyCarGoal1-v0,current_only_v2,starv2_core_100k_SafetyCarGoal1_v0_selected_current_only_v2_current_only_v2_s12,255000,0.2911568880081177,0.2911568880081177,4.0745362639427185e-10,1.0,1.0,0.053502827882766724,
SafetyCarGoal1-v0,current_only_v2,starv2_core_100k_SafetyCarGoal1_v0_selected_current_only_v2_current_only_v2_s12,260000,0.2880544662475586,0.2880544662475586,4.656612873077393e-10,1.0,1.0,0.057177893817424774,
SafetyCarGoal1-v0,current_only_v2,starv2_core_100k_SafetyCarGoal1_v0_selected_current_only_v2_current_only_v2_s12,265000,0.2652595043182373,0.2652595043182373,-1.5279510989785194e-09,0.0,1.0,0.04448096826672554,
SafetyCarGoal1-v0,current_only_v2,starv2_core_100k_SafetyCarGoal1_v0_selected_current_only_v2_current_only_v2_s12,270000,0.27958250045776367,0.27958250045776367,3.7834979593753815e-10,1.0,1.0,0.04365783557295799,
SafetyCarGoal1-v0,current_only_v2,starv2_core_100k_SafetyCarGoal1_v0_selected_current_only_v2_current_only_v2_s12,275000,0.282726526260376,0.282726526260376,-1.7462298274040222e-10,0.0,1.0,0.05280463024973869,
SafetyCarGoal1-v0,current_only_v2,starv2_core_100k_SafetyCarGoal1_v0_selected_current_only_v2_current_only_v2_s12,280000,0.2897980809211731,0.2897981107234955,-5.238689482212067e-10,0.0,1.0,0.05450437217950821,
SafetyCarGoal1-v0,current_only_v2,starv2_core_100k_SafetyCarGoal1_v0_selected_current_only_v2_current_only_v2_s12,285000,0.3161470890045166,0.3161470890045166,-4.94765117764473e-10,0.0,1.0,0.06623940914869308,
SafetyCarGoal1-v0,current_only_v2,starv2_core_100k_SafetyCarGoal1_v0_selected_current_only_v2_current_only_v2_s12,290000,0.26236167550086975,0.26236167550086975,-1.4551915228366852e-10,0.0,1.0,0.043104711920022964,
SafetyCarGoal1-v0,current_only_v2,starv2_core_100k_SafetyCarGoal1_v0_selected_current_only_v2_current_only_v2_s12,295000,0.27646592259407043,0.27646592259407043,5.820766091346741e-11,1.0,1.0,0.05452709645032883,
SafetyCarGoal1-v0,current_only_v2,starv2_resume_300k_SafetyCarGoal1_v0_selected_current_only_v2_current_only_v2_s13,5000,4.939158916473389,4.939158916473389,-2.7939677238464355e-09,0.0,1.0,4.435964584350586,
SafetyCarGoal1-v0,current_only_v2,starv2_resume_300k_SafetyCarGoal1_v0_selected_current_only_v2_current_only_v2_s13,10000,0.5325124263763428,0.5325124263763428,-4.656612873077393e-10,0.0,1.0,0.07400576770305634,
SafetyCarGoal1-v0,current_only_v2,starv2_resume_300k_SafetyCarGoal1_v0_selected_current_only_v2_current_only_v2_s13,15000,0.23265193402767181,0.232651948928833,-5.820766091346741e-11,0.0,1.0,0.029782073572278023,
SafetyCarGoal1-v0,current_only_v2,starv2_resume_300k_SafetyCarGoal1_v0_selected_current_only_v2_current_only_v2_s13,20000,0.13302943110466003,0.13302943110466003,-5.384208634495735e-10,0.0,1.0,0.023001929745078087,
SafetyCarGoal1-v0,current_only_v2,starv2_resume_300k_SafetyCarGoal1_v0_selected_current_only_v2_current_only_v2_s13,25000,0.11925722658634186,0.11925722658634186,-2.6193447411060333e-10,0.0,1.0,0.02543620951473713,
SafetyCarGoal1-v0,current_only_v2,starv2_resume_300k_SafetyCarGoal1_v0_selected_current_only_v2_current_only_v2_s13,30000,0.18597477674484253,0.18597477674484253,5.820766091346741e-11,1.0,1.0,0.03922227770090103,
SafetyCarGoal1-v0,current_only_v2,starv2_resume_300k_SafetyCarGoal1_v0_selected_current_only_v2_current_only_v2_s13,35000,0.20286552608013153,0.20286552608013153,5.238689482212067e-10,1.0,1.0,0.04080009460449219,
SafetyCarGoal1-v0,current_only_v2,starv2_resume_300k_SafetyCarGoal1_v0_selected_current_only_v2_current_only_v2_s13,40000,0.20956505835056305,0.20956505835056305,2.764863893389702e-10,1.0,1.0,0.036807794123888016,
SafetyCarGoal1-v0,current_only_v2,starv2_resume_300k_SafetyCarGoal1_v0_selected_current_only_v2_current_only_v2_s13,45000,0.19116488099098206,0.19116486608982086,4.3655745685100555e-11,1.0,1.0,0.03495817258954048,
SafetyCarGoal1-v0,current_only_v2,starv2_resume_300k_SafetyCarGoal1_v0_selected_current_only_v2_current_only_v2_s13,50000,0.18257294595241547,0.18257294595241547,6.039044819772243e-10,1.0,1.0,0.02827734313905239,
SafetyCarGoal1-v0,current_only_v2,starv2_resume_300k_SafetyCarGoal1_v0_selected_current_only_v2_current_only_v2_s13,55000,0.1946050524711609,0.1946050524711609,2.3283064365386963e-10,1.0,1.0,0.030887994915246964,
SafetyCarGoal1-v0,current_only_v2,starv2_resume_300k_SafetyCarGoal1_v0_selected_current_only_v2_current_only_v2_s13,60000,0.20684044063091278,0.20684044063091278,-5.384208634495735e-10,0.0,1.0,0.039373837411403656,
SafetyCarGoal1-v0,current_only_v2,starv2_resume_300k_SafetyCarGoal1_v0_selected_current_only_v2_current_only_v2_s13,65000,0.2065950632095337,0.2065950632095337,8.731149137020111e-11,1.0,1.0,0.02937983348965645,
SafetyCarGoal1-v0,current_only_v2,starv2_resume_300k_SafetyCarGoal1_v0_selected_current_only_v2_current_only_v2_s13,70000,0.21284468472003937,0.21284468472003937,1.7462298274040222e-10,1.0,1.0,0.03266032785177231,
SafetyCarGoal1-v0,current_only_v2,starv2_resume_300k_SafetyCarGoal1_v0_selected_current_only_v2_current_only_v2_s13,75000,0.23632308840751648,0.23632308840751648,1.3096723705530167e-10,1.0,1.0,0.04626708850264549,
SafetyCarGoal1-v0,current_only_v2,starv2_resume_300k_SafetyCarGoal1_v0_selected_current_only_v2_current_only_v2_s13,80000,0.2283676117658615,0.2283676117658615,1.4551915228366852e-10,1.0,1.0,0.04223966971039772,
SafetyCarGoal1-v0,current_only_v2,starv2_resume_300k_SafetyCarGoal1_v0_selected_current_only_v2_current_only_v2_s13,85000,0.23142515122890472,0.23142515122890472,4.94765117764473e-10,1.0,1.0,0.04196832329034805,
SafetyCarGoal1-v0,current_only_v2,starv2_resume_300k_SafetyCarGoal1_v0_selected_current_only_v2_current_only_v2_s13,90000,0.24095410108566284,0.24095410108566284,-7.275957614183426e-11,0.0,1.0,0.0460512712597847,
SafetyCarGoal1-v0,current_only_v2,starv2_resume_300k_SafetyCarGoal1_v0_selected_current_only_v2_current_only_v2_s13,95000,0.22215965390205383,0.22215965390205383,-6.111804395914078e-10,0.0,1.0,0.04229317605495453,
SafetyCarGoal1-v0,current_only_v2,starv2_resume_300k_SafetyCarGoal1_v0_selected_current_only_v2_current_only_v2_s13,100000,0.21877405047416687,0.21877405047416687,1.7462298274040222e-10,1.0,1.0,0.0348912812769413,
SafetyCarGoal1-v0,current_only_v2,starv2_resume_300k_SafetyCarGoal1_v0_selected_current_only_v2_current_only_v2_s13,105000,0.24710753560066223,0.24710753560066223,3.2014213502407074e-10,1.0,1.0,0.046734508126974106,
SafetyCarGoal1-v0,current_only_v2,starv2_resume_300k_SafetyCarGoal1_v0_selected_current_only_v2_current_only_v2_s13,110000,0.25508493185043335,0.25508493185043335,-9.313225746154785e-10,0.0,1.0,0.05316555127501488,
SafetyCarGoal1-v0,current_only_v2,starv2_resume_300k_SafetyCarGoal1_v0_selected_current_only_v2_current_only_v2_s13,115000,0.2663699984550476,0.2663699984550476,8.731149137020111e-11,1.0,1.0,0.0563710518181324,
SafetyCarGoal1-v0,current_only_v2,starv2_resume_300k_SafetyCarGoal1_v0_selected_current_only_v2_current_only_v2_s13,120000,0.2391088604927063,0.2391088604927063,-5.529727786779404e-10,0.0,1.0,0.03495945408940315,
SafetyCarGoal1-v0,current_only_v2,starv2_resume_300k_SafetyCarGoal1_v0_selected_current_only_v2_current_only_v2_s13,125000,0.2559543251991272,0.2559543251991272,5.384208634495735e-10,1.0,1.0,0.055983930826187134,
SafetyCarGoal1-v0,current_only_v2,starv2_resume_300k_SafetyCarGoal1_v0_selected_current_only_v2_current_only_v2_s13,130000,0.2407267689704895,0.2407267689704895,4.0745362639427185e-10,1.0,1.0,0.03909888491034508,
SafetyCarGoal1-v0,current_only_v2,starv2_resume_300k_SafetyCarGoal1_v0_selected_current_only_v2_current_only_v2_s13,135000,0.2542606592178345,0.2542606592178345,-1.7462298274040222e-10,0.0,1.0,0.04902190715074539,
SafetyCarGoal1-v0,current_only_v2,starv2_resume_300k_SafetyCarGoal1_v0_selected_current_only_v2_current_only_v2_s13,140000,0.2426133155822754,0.2426133155822754,-1.1641532182693481e-10,0.0,1.0,0.0481816790997982,
SafetyCarGoal1-v0,current_only_v2,starv2_resume_300k_SafetyCarGoal1_v0_selected_current_only_v2_current_only_v2_s13,145000,0.23220044374465942,0.23220044374465942,-1.4551915228366852e-11,0.0,1.0,0.038391467183828354,
SafetyCarGoal1-v0,current_only_v2,starv2_resume_300k_SafetyCarGoal1_v0_selected_current_only_v2_current_only_v2_s13,150000,0.2477397322654724,0.2477397322654724,-5.820766091346741e-10,0.0,1.0,0.04154394567012787,
SafetyCarGoal1-v0,current_only_v2,starv2_resume_300k_SafetyCarGoal1_v0_selected_current_only_v2_current_only_v2_s13,155000,0.2738335430622101,0.2738335430622101,8.731149137020111e-11,1.0,1.0,0.05489689111709595,
SafetyCarGoal1-v0,current_only_v2,starv2_resume_300k_SafetyCarGoal1_v0_selected_current_only_v2_current_only_v2_s13,160000,0.2500392198562622,0.2500392198562622,2.6193447411060333e-10,1.0,1.0,0.047536782920360565,
SafetyCarGoal1-v0,current_only_v2,starv2_resume_300k_SafetyCarGoal1_v0_selected_current_only_v2_current_only_v2_s13,165000,0.26251572370529175,0.26251572370529175,6.111804395914078e-10,1.0,1.0,0.049571044743061066,
SafetyCarGoal1-v0,current_only_v2,starv2_resume_300k_SafetyCarGoal1_v0_selected_current_only_v2_current_only_v2_s13,170000,0.28671425580978394,0.28671425580978394,-4.94765117764473e-10,0.0,1.0,0.060088399797677994,
SafetyCarGoal1-v0,current_only_v2,starv2_resume_300k_SafetyCarGoal1_v0_selected_current_only_v2_current_only_v2_s13,175000,0.29314523935317993,0.29314523935317993,6.693881005048752e-10,1.0,1.0,0.05826862156391144,
SafetyCarGoal1-v0,current_only_v2,starv2_resume_300k_SafetyCarGoal1_v0_selected_current_only_v2_current_only_v2_s13,180000,0.2606514096260071,0.2606514096260071,3.7834979593753815e-10,1.0,1.0,0.047430433332920074,
SafetyCarGoal1-v0,current_only_v2,starv2_resume_300k_SafetyCarGoal1_v0_selected_current_only_v2_current_only_v2_s13,185000,0.2724495828151703,0.2724495828151703,8.731149137020111e-11,1.0,1.0,0.05702146142721176,
SafetyCarGoal1-v0,current_only_v2,starv2_resume_300k_SafetyCarGoal1_v0_selected_current_only_v2_current_only_v2_s13,190000,0.23234567046165466,0.23234568536281586,5.529727786779404e-10,1.0,1.0,0.03182064741849899,
SafetyCarGoal1-v0,current_only_v2,starv2_resume_300k_SafetyCarGoal1_v0_selected_current_only_v2_current_only_v2_s13,195000,0.25884440541267395,0.25884443521499634,-7.566995918750763e-10,0.0,1.0,0.04310184717178345,
SafetyCarGoal1-v0,current_only_v2,starv2_resume_300k_SafetyCarGoal1_v0_selected_current_only_v2_current_only_v2_s13,200000,0.27223140001296997,0.27223140001296997,-4.656612873077393e-10,0.0,1.0,0.05480025336146355,
SafetyCarGoal1-v0,current_only_v2,starv2_resume_300k_SafetyCarGoal1_v0_selected_current_only_v2_current_only_v2_s13,205000,0.24457138776779175,0.24457138776779175,-2.9103830456733704e-11,0.0,1.0,0.039402395486831665,
SafetyCarGoal1-v0,current_only_v2,starv2_resume_300k_SafetyCarGoal1_v0_selected_current_only_v2_current_only_v2_s13,210000,0.23622900247573853,0.23622900247573853,7.275957614183426e-10,1.0,1.0,0.04187915474176407,
SafetyCarGoal1-v0,current_only_v2,starv2_resume_300k_SafetyCarGoal1_v0_selected_current_only_v2_current_only_v2_s13,215000,0.24502825736999512,0.24502825736999512,-1.4551915228366852e-10,0.0,1.0,0.041818492114543915,
SafetyCarGoal1-v0,current_only_v2,starv2_resume_300k_SafetyCarGoal1_v0_selected_current_only_v2_current_only_v2_s13,220000,0.2572953701019287,0.2572953701019287,-4.94765117764473e-10,0.0,1.0,0.042852625250816345,
SafetyCarGoal1-v0,current_only_v2,starv2_resume_300k_SafetyCarGoal1_v0_selected_current_only_v2_current_only_v2_s13,225000,0.25431716442108154,0.25431716442108154,2.9103830456733704e-11,1.0,1.0,0.04228876903653145,
SafetyCarGoal1-v0,current_only_v2,starv2_resume_300k_SafetyCarGoal1_v0_selected_current_only_v2_current_only_v2_s13,230000,0.2539336085319519,0.2539336085319519,4.94765117764473e-10,1.0,1.0,0.041024789214134216,
SafetyCarGoal1-v0,current_only_v2,starv2_resume_300k_SafetyCarGoal1_v0_selected_current_only_v2_current_only_v2_s13,235000,0.274844765663147,0.27484479546546936,-2.0372681319713593e-10,0.0,1.0,0.05010722577571869,
SafetyCarGoal1-v0,current_only_v2,starv2_resume_300k_SafetyCarGoal1_v0_selected_current_only_v2_current_only_v2_s13,240000,0.25823289155960083,0.25823289155960083,4.0745362639427185e-10,1.0,1.0,0.038376979529857635,
SafetyCarGoal1-v0,current_only_v2,starv2_resume_300k_SafetyCarGoal1_v0_selected_current_only_v2_current_only_v2_s13,245000,0.2627272307872772,0.2627272307872772,0.0,0.0,1.0,0.04699648544192314,
SafetyCarGoal1-v0,current_only_v2,starv2_resume_300k_SafetyCarGoal1_v0_selected_current_only_v2_current_only_v2_s13,250000,0.27441829442977905,0.27441829442977905,-1.1641532182693481e-10,0.0,1.0,0.05270661413669586,
SafetyCarGoal1-v0,current_only_v2,starv2_resume_300k_SafetyCarGoal1_v0_selected_current_only_v2_current_only_v2_s13,255000,0.2902222275733948,0.2902222275733948,-1.1641532182693481e-10,0.0,1.0,0.059523195028305054,
SafetyCarGoal1-v0,current_only_v2,starv2_resume_300k_SafetyCarGoal1_v0_selected_current_only_v2_current_only_v2_s13,260000,0.26451677083969116,0.26451677083969116,-5.529727786779404e-10,0.0,1.0,0.04440505430102348,
SafetyCarGoal1-v0,current_only_v2,starv2_resume_300k_SafetyCarGoal1_v0_selected_current_only_v2_current_only_v2_s13,265000,0.2669227719306946,0.2669227719306946,9.89530235528946e-10,1.0,1.0,0.048100702464580536,
SafetyCarGoal1-v0,current_only_v2,starv2_resume_300k_SafetyCarGoal1_v0_selected_current_only_v2_current_only_v2_s13,270000,0.23585417866706848,0.23585417866706848,-6.402842700481415e-10,0.0,1.0,0.030945558100938797,
SafetyCarGoal1-v0,current_only_v2,starv2_resume_300k_SafetyCarGoal1_v0_selected_current_only_v2_current_only_v2_s13,275000,0.27097442746162415,0.27097442746162415,2.9103830456733704e-10,1.0,1.0,0.04515162110328674,
SafetyCarGoal1-v0,current_only_v2,starv2_resume_300k_SafetyCarGoal1_v0_selected_current_only_v2_current_only_v2_s13,280000,0.25412845611572266,0.25412845611572266,-5.820766091346741e-10,0.0,1.0,0.04410189017653465,
SafetyCarGoal1-v0,current_only_v2,starv2_resume_300k_SafetyCarGoal1_v0_selected_current_only_v2_current_only_v2_s13,285000,0.2708449363708496,0.2708449363708496,6.402842700481415e-10,1.0,1.0,0.04365213215351105,
SafetyCarGoal1-v0,current_only_v2,starv2_resume_300k_SafetyCarGoal1_v0_selected_current_only_v2_current_only_v2_s13,290000,0.2755315899848938,0.2755315899848938,2.0372681319713593e-10,1.0,1.0,0.05094251409173012,
SafetyCarGoal1-v0,current_only_v2,starv2_resume_300k_SafetyCarGoal1_v0_selected_current_only_v2_current_only_v2_s13,295000,0.2529374361038208,0.2529374361038208,-1.1641532182693481e-10,0.0,1.0,0.03848453238606453,
SafetyCarGoal1-v0,current_only_v2,starv2_resume_300k_SafetyCarGoal1_v0_selected_current_only_v2_current_only_v2_s14,5000,4.010775566101074,4.010775566101074,5.122274160385132e-09,1.0,1.0,3.5765719413757324,
SafetyCarGoal1-v0,current_only_v2,starv2_resume_300k_SafetyCarGoal1_v0_selected_current_only_v2_current_only_v2_s14,10000,0.38359951972961426,0.38359951972961426,1.1641532182693481e-10,1.0,1.0,0.0033670191187411547,
SafetyCarGoal1-v0,current_only_v2,starv2_resume_300k_SafetyCarGoal1_v0_selected_current_only_v2_current_only_v2_s14,15000,0.14924024045467377,0.14924024045467377,-6.984919309616089e-10,0.0,1.0,0.006654789671301842,
SafetyCarGoal1-v0,current_only_v2,starv2_resume_300k_SafetyCarGoal1_v0_selected_current_only_v2_current_only_v2_s14,20000,0.0726165845990181,0.0726165845990181,8.731149137020111e-11,1.0,1.0,0.005140041932463646,
SafetyCarGoal1-v0,current_only_v2,starv2_resume_300k_SafetyCarGoal1_v0_selected_current_only_v2_current_only_v2_s14,25000,0.1061791256070137,0.1061791256070137,1.8917489796876907e-10,1.0,1.0,0.016335025429725647,
SafetyCarGoal1-v0,current_only_v2,starv2_resume_300k_SafetyCarGoal1_v0_selected_current_only_v2_current_only_v2_s14,30000,0.13371656835079193,0.13371658325195312,-9.458744898438454e-10,0.0,1.0,0.030267205089330673,
SafetyCarGoal1-v0,current_only_v2,starv2_resume_300k_SafetyCarGoal1_v0_selected_current_only_v2_current_only_v2_s14,35000,0.19586819410324097,0.19586819410324097,-1.8189894035458565e-12,0.0,1.0,0.048621732741594315,
SafetyCarGoal1-v0,current_only_v2,starv2_resume_300k_SafetyCarGoal1_v0_selected_current_only_v2_current_only_v2_s14,40000,0.14589296281337738,0.1458929479122162,2.1645973902195692e-10,1.0,1.0,0.02062898501753807,
SafetyCarGoal1-v0,current_only_v2,starv2_resume_300k_SafetyCarGoal1_v0_selected_current_only_v2_current_only_v2_s14,45000,0.17741160094738007,0.17741160094738007,-1.2732925824820995e-11,0.0,1.0,0.04174871742725372,
SafetyCarGoal1-v0,current_only_v2,starv2_resume_300k_SafetyCarGoal1_v0_selected_current_only_v2_current_only_v2_s14,50000,0.19169755280017853,0.19169755280017853,9.367795428261161e-11,1.0,1.0,0.03070489689707756,
SafetyCarGoal1-v0,current_only_v2,starv2_resume_300k_SafetyCarGoal1_v0_selected_current_only_v2_current_only_v2_s14,55000,0.1782190203666687,0.1782190203666687,8.312781574204564e-10,1.0,1.0,0.03378252312541008,
SafetyCarGoal1-v0,current_only_v2,starv2_resume_300k_SafetyCarGoal1_v0_selected_current_only_v2_current_only_v2_s14,60000,0.1682910919189453,0.1682910919189453,2.764863893389702e-10,1.0,1.0,0.025186242535710335,
SafetyCarGoal1-v0,current_only_v2,starv2_resume_300k_SafetyCarGoal1_v0_selected_current_only_v2_current_only_v2_s14,65000,0.229745015501976,0.229745015501976,2.9103830456733704e-10,1.0,1.0,0.05341409146785736,
SafetyCarGoal1-v0,current_only_v2,starv2_resume_300k_SafetyCarGoal1_v0_selected_current_only_v2_current_only_v2_s14,70000,0.22632300853729248,0.22632300853729248,-1.04046193882823e-09,0.0,1.0,0.04556814208626747,
SafetyCarGoal1-v0,current_only_v2,starv2_resume_300k_SafetyCarGoal1_v0_selected_current_only_v2_current_only_v2_s14,75000,0.22403109073638916,0.22403109073638916,5.4569682106375694e-11,1.0,1.0,0.04235062003135681,
SafetyCarGoal1-v0,current_only_v2,starv2_resume_300k_SafetyCarGoal1_v0_selected_current_only_v2_current_only_v2_s14,80000,0.2251095026731491,0.2251095026731491,-5.820766091346741e-11,0.0,1.0,0.04247963801026344,
SafetyCarGoal1-v0,current_only_v2,starv2_resume_300k_SafetyCarGoal1_v0_selected_current_only_v2_current_only_v2_s14,85000,0.22044086456298828,0.22044086456298828,8.440110832452774e-10,1.0,1.0,0.037895623594522476,
SafetyCarGoal1-v0,current_only_v2,starv2_resume_300k_SafetyCarGoal1_v0_selected_current_only_v2_current_only_v2_s14,90000,0.2134454846382141,0.2134454846382141,-7.275957614183426e-11,0.0,1.0,0.03978300094604492,
SafetyCarGoal1-v0,current_only_v2,starv2_resume_300k_SafetyCarGoal1_v0_selected_current_only_v2_current_only_v2_s14,95000,0.2507894039154053,0.2507894039154053,2.0372681319713593e-10,1.0,1.0,0.06566543877124786,
SafetyCarGoal1-v0,current_only_v2,starv2_resume_300k_SafetyCarGoal1_v0_selected_current_only_v2_current_only_v2_s14,100000,0.21456369757652283,0.21456369757652283,3.637978807091713e-11,1.0,1.0,0.034333303570747375,
SafetyCarGoal1-v0,current_only_v2,starv2_resume_300k_SafetyCarGoal1_v0_selected_current_only_v2_current_only_v2_s14,105000,0.24325475096702576,0.24325475096702576,-1.8553691916167736e-09,0.0,1.0,0.05162271857261658,
SafetyCarGoal1-v0,current_only_v2,starv2_resume_300k_SafetyCarGoal1_v0_selected_current_only_v2_current_only_v2_s14,110000,0.24956855177879333,0.24956855177879333,2.0372681319713593e-10,1.0,1.0,0.047062166035175323,
SafetyCarGoal1-v0,current_only_v2,starv2_resume_300k_SafetyCarGoal1_v0_selected_current_only_v2_current_only_v2_s14,115000,0.25526711344718933,0.25526711344718933,5.820766091346741e-11,1.0,1.0,0.04756530374288559,
SafetyCarGoal1-v0,current_only_v2,starv2_resume_300k_SafetyCarGoal1_v0_selected_current_only_v2_current_only_v2_s14,120000,0.26183655858039856,0.26183655858039856,-1.7462298274040222e-10,0.0,1.0,0.06347933411598206,
SafetyCarGoal1-v0,current_only_v2,starv2_resume_300k_SafetyCarGoal1_v0_selected_current_only_v2_current_only_v2_s14,125000,0.2726404666900635,0.2726404666900635,7.8580342233181e-10,1.0,1.0,0.06660686433315277,
SafetyCarGoal1-v0,current_only_v2,starv2_resume_300k_SafetyCarGoal1_v0_selected_current_only_v2_current_only_v2_s14,130000,0.3169505000114441,0.3169505000114441,-8.440110832452774e-10,0.0,1.0,0.07788345962762833,
SafetyCarGoal1-v0,current_only_v2,starv2_resume_300k_SafetyCarGoal1_v0_selected_current_only_v2_current_only_v2_s14,135000,0.2301110327243805,0.2301110327243805,-6.548361852765083e-11,0.0,1.0,0.04064597934484482,
SafetyCarGoal1-v0,current_only_v2,starv2_resume_300k_SafetyCarGoal1_v0_selected_current_only_v2_current_only_v2_s14,140000,0.25573742389678955,0.25573742389678955,7.275957614183426e-10,1.0,1.0,0.05639146640896797,
SafetyCarGoal1-v0,current_only_v2,starv2_resume_300k_SafetyCarGoal1_v0_selected_current_only_v2_current_only_v2_s14,145000,0.2685277462005615,0.2685277462005615,-4.3655745685100555e-10,0.0,1.0,0.05576984956860542,
SafetyCarGoal1-v0,current_only_v2,starv2_resume_300k_SafetyCarGoal1_v0_selected_current_only_v2_current_only_v2_s14,150000,0.2575885057449341,0.2575885057449341,9.74978320300579e-10,1.0,1.0,0.04567825794219971,
SafetyCarGoal1-v0,current_only_v2,starv2_resume_300k_SafetyCarGoal1_v0_selected_current_only_v2_current_only_v2_s14,155000,0.26833027601242065,0.26833027601242065,8.731149137020111e-11,1.0,1.0,0.05362104997038841,
SafetyCarGoal1-v0,current_only_v2,starv2_resume_300k_SafetyCarGoal1_v0_selected_current_only_v2_current_only_v2_s14,160000,0.2586124539375305,0.2586124539375305,-2.3283064365386963e-10,0.0,1.0,0.05061689391732216,
SafetyCarGoal1-v0,current_only_v2,starv2_resume_300k_SafetyCarGoal1_v0_selected_current_only_v2_current_only_v2_s14,165000,0.24649076163768768,0.24649076163768768,3.637978807091713e-10,1.0,1.0,0.03721166402101517,
SafetyCarGoal1-v0,current_only_v2,starv2_resume_300k_SafetyCarGoal1_v0_selected_current_only_v2_current_only_v2_s14,170000,0.2778981924057007,0.2778981924057007,4.220055416226387e-10,1.0,1.0,0.056606754660606384,
SafetyCarGoal1-v0,current_only_v2,starv2_resume_300k_SafetyCarGoal1_v0_selected_current_only_v2_current_only_v2_s14,175000,0.28083738684654236,0.28083738684654236,-1.8917489796876907e-10,0.0,1.0,0.062239669263362885,
SafetyCarGoal1-v0,current_only_v2,starv2_resume_300k_SafetyCarGoal1_v0_selected_current_only_v2_current_only_v2_s14,180000,0.27332618832588196,0.27332618832588196,2.6193447411060333e-10,1.0,1.0,0.05414333939552307,
SafetyCarGoal1-v0,current_only_v2,starv2_resume_300k_SafetyCarGoal1_v0_selected_current_only_v2_current_only_v2_s14,185000,0.29896116256713867,0.29896116256713867,-2.0372681319713593e-10,0.0,1.0,0.06030375510454178,
SafetyCarGoal1-v0,current_only_v2,starv2_resume_300k_SafetyCarGoal1_v0_selected_current_only_v2_current_only_v2_s14,190000,0.25378113985061646,0.25378113985061646,2.9103830456733704e-11,1.0,1.0,0.045337505638599396,
SafetyCarGoal1-v0,current_only_v2,starv2_resume_300k_SafetyCarGoal1_v0_selected_current_only_v2_current_only_v2_s14,195000,0.28298187255859375,0.28298187255859375,-1.862645149230957e-09,0.0,1.0,0.054743483662605286,
SafetyCarGoal1-v0,current_only_v2,starv2_resume_300k_SafetyCarGoal1_v0_selected_current_only_v2_current_only_v2_s14,200000,0.29703670740127563,0.29703670740127563,-1.0186340659856796e-10,0.0,1.0,0.06179605796933174,
SafetyCarGoal1-v0,current_only_v2,starv2_resume_300k_SafetyCarGoal1_v0_selected_current_only_v2_current_only_v2_s14,205000,0.2883879840373993,0.2883879840373993,5.675246939063072e-10,1.0,1.0,0.05571262538433075,
SafetyCarGoal1-v0,current_only_v2,starv2_resume_300k_SafetyCarGoal1_v0_selected_current_only_v2_current_only_v2_s14,210000,0.3028603792190552,0.3028603792190552,-3.055902197957039e-10,0.0,1.0,0.063898965716362,
SafetyCarGoal1-v0,current_only_v2,starv2_resume_300k_SafetyCarGoal1_v0_selected_current_only_v2_current_only_v2_s14,215000,0.26480579376220703,0.26480579376220703,-2.3283064365386963e-10,0.0,1.0,0.048623450100421906,
SafetyCarGoal1-v0,current_only_v2,starv2_resume_300k_SafetyCarGoal1_v0_selected_current_only_v2_current_only_v2_s14,220000,0.30478209257125854,0.30478209257125854,-1.0477378964424133e-09,0.0,1.0,0.06184955686330795,
SafetyCarGoal1-v0,current_only_v2,starv2_resume_300k_SafetyCarGoal1_v0_selected_current_only_v2_current_only_v2_s14,225000,0.2761702537536621,0.2761702537536621,2.6193447411060333e-10,1.0,1.0,0.050879258662462234,
SafetyCarGoal1-v0,current_only_v2,starv2_resume_300k_SafetyCarGoal1_v0_selected_current_only_v2_current_only_v2_s14,230000,0.290106862783432,0.290106862783432,-6.111804395914078e-10,0.0,1.0,0.04987579584121704,
SafetyCarGoal1-v0,current_only_v2,starv2_resume_300k_SafetyCarGoal1_v0_selected_current_only_v2_current_only_v2_s14,235000,0.3039191961288452,0.3039191961288452,4.94765117764473e-10,1.0,1.0,0.05564448982477188,
SafetyCarGoal1-v0,current_only_v2,starv2_resume_300k_SafetyCarGoal1_v0_selected_current_only_v2_current_only_v2_s14,240000,0.2736978828907013,0.2736978828907013,-8.294591680169106e-10,0.0,1.0,0.05278707668185234,
SafetyCarGoal1-v0,current_only_v2,starv2_resume_300k_SafetyCarGoal1_v0_selected_current_only_v2_current_only_v2_s14,245000,0.28517064452171326,0.28517064452171326,2.9103830456733704e-10,1.0,1.0,0.055191971361637115,
SafetyCarGoal1-v0,current_only_v2,starv2_resume_300k_SafetyCarGoal1_v0_selected_current_only_v2_current_only_v2_s14,250000,0.2897406816482544,0.2897406816482544,0.0,0.0,1.0,0.060904327780008316,
SafetyCarGoal1-v0,current_only_v2,starv2_resume_300k_SafetyCarGoal1_v0_selected_current_only_v2_current_only_v2_s14,255000,0.2920879125595093,0.2920879125595093,1.1641532182693481e-10,1.0,1.0,0.06212134659290314,
SafetyCarGoal1-v0,current_only_v2,starv2_resume_300k_SafetyCarGoal1_v0_selected_current_only_v2_current_only_v2_s14,260000,0.3326604664325714,0.3326604664325714,1.4551915228366852e-09,1.0,1.0,0.07476548850536346,
SafetyCarGoal1-v0,current_only_v2,starv2_resume_300k_SafetyCarGoal1_v0_selected_current_only_v2_current_only_v2_s14,265000,0.3009908199310303,0.3009908199310303,-3.4924596548080444e-10,0.0,1.0,0.054284028708934784,
SafetyCarGoal1-v0,current_only_v2,starv2_resume_300k_SafetyCarGoal1_v0_selected_current_only_v2_current_only_v2_s14,270000,0.2925012707710266,0.2925012707710266,-1.4260876923799515e-09,0.0,1.0,0.05109658092260361,
SafetyCarGoal1-v0,current_only_v2,starv2_resume_300k_SafetyCarGoal1_v0_selected_current_only_v2_current_only_v2_s14,275000,0.31719881296157837,0.31719881296157837,2.3283064365386963e-10,1.0,1.0,0.07004927843809128,
SafetyCarGoal1-v0,current_only_v2,starv2_resume_300k_SafetyCarGoal1_v0_selected_current_only_v2_current_only_v2_s14,280000,0.26994556188583374,0.26994556188583374,6.402842700481415e-10,1.0,1.0,0.04570513963699341,
SafetyCarGoal1-v0,current_only_v2,starv2_resume_300k_SafetyCarGoal1_v0_selected_current_only_v2_current_only_v2_s14,285000,0.31525057554244995,0.31525057554244995,1.4551915228366852e-11,1.0,1.0,0.06927117705345154,
SafetyCarGoal1-v0,current_only_v2,starv2_resume_300k_SafetyCarGoal1_v0_selected_current_only_v2_current_only_v2_s14,290000,0.2775883078575134,0.2775883078575134,-3.7834979593753815e-10,0.0,1.0,0.04457307606935501,
SafetyCarGoal1-v0,current_only_v2,starv2_resume_300k_SafetyCarGoal1_v0_selected_current_only_v2_current_only_v2_s14,295000,0.28873831033706665,0.28873831033706665,-1.4551915228366852e-10,0.0,1.0,0.050104402005672455,
SafetyCarGoal1-v0,pointwise_v2,starv2_core_100k_SafetyCarGoal1_v0_selected_pointwise_v2_pointwise_v2_s10,100000,0.0,0.0,0.0,0.0,0.0,0.0,
SafetyCarGoal1-v0,pointwise_v2,starv2_core_100k_SafetyCarGoal1_v0_selected_pointwise_v2_pointwise_v2_s10,105000,0.0,0.0,0.0,0.0,0.0,0.0,
SafetyCarGoal1-v0,pointwise_v2,starv2_core_100k_SafetyCarGoal1_v0_selected_pointwise_v2_pointwise_v2_s10,110000,0.0,0.0,0.0,0.0,0.0,0.0,
SafetyCarGoal1-v0,pointwise_v2,starv2_core_100k_SafetyCarGoal1_v0_selected_pointwise_v2_pointwise_v2_s10,115000,0.0,0.0,0.0,0.0,0.0,0.0,
SafetyCarGoal1-v0,pointwise_v2,starv2_core_100k_SafetyCarGoal1_v0_selected_pointwise_v2_pointwise_v2_s10,120000,0.0,0.0,0.0,0.0,0.0,0.0,
SafetyCarGoal1-v0,pointwise_v2,starv2_core_100k_SafetyCarGoal1_v0_selected_pointwise_v2_pointwise_v2_s10,125000,0.0,0.0,0.0,0.0,0.0,0.0,
SafetyCarGoal1-v0,pointwise_v2,starv2_core_100k_SafetyCarGoal1_v0_selected_pointwise_v2_pointwise_v2_s10,130000,0.0,0.0,0.0,0.0,0.0,0.0,
SafetyCarGoal1-v0,pointwise_v2,starv2_core_100k_SafetyCarGoal1_v0_selected_pointwise_v2_pointwise_v2_s10,135000,0.0,0.0,0.0,0.0,0.0,0.0,
SafetyCarGoal1-v0,pointwise_v2,starv2_core_100k_SafetyCarGoal1_v0_selected_pointwise_v2_pointwise_v2_s10,100000,0.0,0.0,0.0,0.0,0.0,0.0,
SafetyCarGoal1-v0,pointwise_v2,starv2_core_100k_SafetyCarGoal1_v0_selected_pointwise_v2_pointwise_v2_s10,105000,0.0,0.0,0.0,0.0,0.0,0.0,
SafetyCarGoal1-v0,pointwise_v2,starv2_core_100k_SafetyCarGoal1_v0_selected_pointwise_v2_pointwise_v2_s10,110000,0.0,0.0,0.0,0.0,0.0,0.0,
SafetyCarGoal1-v0,pointwise_v2,starv2_core_100k_SafetyCarGoal1_v0_selected_pointwise_v2_pointwise_v2_s10,115000,0.0,0.0,0.0,0.0,0.0,0.0,
SafetyCarGoal1-v0,pointwise_v2,starv2_core_100k_SafetyCarGoal1_v0_selected_pointwise_v2_pointwise_v2_s10,120000,0.0,0.0,0.0,0.0,0.0,0.0,
SafetyCarGoal1-v0,pointwise_v2,starv2_core_100k_SafetyCarGoal1_v0_selected_pointwise_v2_pointwise_v2_s10,125000,0.0,0.0,0.0,0.0,0.0,0.0,
SafetyCarGoal1-v0,pointwise_v2,starv2_core_100k_SafetyCarGoal1_v0_selected_pointwise_v2_pointwise_v2_s10,130000,0.0,0.0,0.0,0.0,0.0,0.0,
SafetyCarGoal1-v0,pointwise_v2,starv2_core_100k_SafetyCarGoal1_v0_selected_pointwise_v2_pointwise_v2_s10,135000,0.0,0.0,0.0,0.0,0.0,0.0,
SafetyCarGoal1-v0,pointwise_v2,starv2_core_100k_SafetyCarGoal1_v0_selected_pointwise_v2_pointwise_v2_s10,140000,0.0,0.0,0.0,0.0,0.0,0.0,
SafetyCarGoal1-v0,pointwise_v2,starv2_core_100k_SafetyCarGoal1_v0_selected_pointwise_v2_pointwise_v2_s10,145000,0.0,0.0,0.0,0.0,0.0,0.0,
SafetyCarGoal1-v0,pointwise_v2,starv2_core_100k_SafetyCarGoal1_v0_selected_pointwise_v2_pointwise_v2_s10,150000,0.0,0.0,0.0,0.0,0.0,0.0,
SafetyCarGoal1-v0,pointwise_v2,starv2_core_100k_SafetyCarGoal1_v0_selected_pointwise_v2_pointwise_v2_s10,155000,0.0,0.0,0.0,0.0,0.0,0.0,
SafetyCarGoal1-v0,pointwise_v2,starv2_core_100k_SafetyCarGoal1_v0_selected_pointwise_v2_pointwise_v2_s10,160000,0.0,0.0,0.0,0.0,0.0,0.0,
SafetyCarGoal1-v0,pointwise_v2,starv2_core_100k_SafetyCarGoal1_v0_selected_pointwise_v2_pointwise_v2_s10,165000,0.0,0.0,0.0,0.0,0.0,0.0,
SafetyCarGoal1-v0,pointwise_v2,starv2_core_100k_SafetyCarGoal1_v0_selected_pointwise_v2_pointwise_v2_s10,170000,0.0,0.0,0.0,0.0,0.0,0.0,
SafetyCarGoal1-v0,pointwise_v2,starv2_core_100k_SafetyCarGoal1_v0_selected_pointwise_v2_pointwise_v2_s10,175000,0.0,0.0,0.0,0.0,0.0,0.0,
SafetyCarGoal1-v0,pointwise_v2,starv2_core_100k_SafetyCarGoal1_v0_selected_pointwise_v2_pointwise_v2_s10,180000,0.0,0.0,0.0,0.0,0.0,0.0,
SafetyCarGoal1-v0,pointwise_v2,starv2_core_100k_SafetyCarGoal1_v0_selected_pointwise_v2_pointwise_v2_s10,185000,0.0,0.0,0.0,0.0,0.0,0.0,
SafetyCarGoal1-v0,pointwise_v2,starv2_core_100k_SafetyCarGoal1_v0_selected_pointwise_v2_pointwise_v2_s10,190000,0.0,0.0,0.0,0.0,0.0,0.0,
SafetyCarGoal1-v0,pointwise_v2,starv2_core_100k_SafetyCarGoal1_v0_selected_pointwise_v2_pointwise_v2_s10,195000,0.0,0.0,0.0,0.0,0.0,0.0,
SafetyCarGoal1-v0,pointwise_v2,starv2_core_100k_SafetyCarGoal1_v0_selected_pointwise_v2_pointwise_v2_s10,200000,0.0,0.0,0.0,0.0,0.0,0.0,
SafetyCarGoal1-v0,pointwise_v2,starv2_core_100k_SafetyCarGoal1_v0_selected_pointwise_v2_pointwise_v2_s10,205000,0.0,0.0,0.0,0.0,0.0,0.0,
SafetyCarGoal1-v0,pointwise_v2,starv2_core_100k_SafetyCarGoal1_v0_selected_pointwise_v2_pointwise_v2_s10,210000,0.0,0.0,0.0,0.0,0.0,0.0,
SafetyCarGoal1-v0,pointwise_v2,starv2_core_100k_SafetyCarGoal1_v0_selected_pointwise_v2_pointwise_v2_s10,215000,0.0,0.0,0.0,0.0,0.0,0.0,
SafetyCarGoal1-v0,pointwise_v2,starv2_core_100k_SafetyCarGoal1_v0_selected_pointwise_v2_pointwise_v2_s10,220000,0.0,0.0,0.0,0.0,0.0,0.0,
SafetyCarGoal1-v0,pointwise_v2,starv2_core_100k_SafetyCarGoal1_v0_selected_pointwise_v2_pointwise_v2_s10,225000,0.0,0.0,0.0,0.0,0.0,0.0,
SafetyCarGoal1-v0,pointwise_v2,starv2_core_100k_SafetyCarGoal1_v0_selected_pointwise_v2_pointwise_v2_s10,230000,0.0,0.0,0.0,0.0,0.0,0.0,
SafetyCarGoal1-v0,pointwise_v2,starv2_core_100k_SafetyCarGoal1_v0_selected_pointwise_v2_pointwise_v2_s10,235000,0.0,0.0,0.0,0.0,0.0,0.0,
SafetyCarGoal1-v0,pointwise_v2,starv2_core_100k_SafetyCarGoal1_v0_selected_pointwise_v2_pointwise_v2_s10,240000,0.0,0.0,0.0,0.0,0.0,0.0,
SafetyCarGoal1-v0,pointwise_v2,starv2_core_100k_SafetyCarGoal1_v0_selected_pointwise_v2_pointwise_v2_s10,245000,0.0,0.0,0.0,0.0,0.0,0.0,
SafetyCarGoal1-v0,pointwise_v2,starv2_core_100k_SafetyCarGoal1_v0_selected_pointwise_v2_pointwise_v2_s10,250000,0.0,0.0,0.0,0.0,0.0,0.0,
SafetyCarGoal1-v0,pointwise_v2,starv2_core_100k_SafetyCarGoal1_v0_selected_pointwise_v2_pointwise_v2_s10,255000,0.0,0.0,0.0,0.0,0.0,0.0,
SafetyCarGoal1-v0,pointwise_v2,starv2_core_100k_SafetyCarGoal1_v0_selected_pointwise_v2_pointwise_v2_s10,260000,0.0,0.0,0.0,0.0,0.0,0.0,
SafetyCarGoal1-v0,pointwise_v2,starv2_core_100k_SafetyCarGoal1_v0_selected_pointwise_v2_pointwise_v2_s10,265000,0.0,0.0,0.0,0.0,0.0,0.0,
SafetyCarGoal1-v0,pointwise_v2,starv2_core_100k_SafetyCarGoal1_v0_selected_pointwise_v2_pointwise_v2_s10,270000,0.0,0.0,0.0,0.0,0.0,0.0,
SafetyCarGoal1-v0,pointwise_v2,starv2_core_100k_SafetyCarGoal1_v0_selected_pointwise_v2_pointwise_v2_s10,275000,0.0,0.0,0.0,0.0,0.0,0.0,
SafetyCarGoal1-v0,pointwise_v2,starv2_core_100k_SafetyCarGoal1_v0_selected_pointwise_v2_pointwise_v2_s10,280000,0.0,0.0,0.0,0.0,0.0,0.0,
SafetyCarGoal1-v0,pointwise_v2,starv2_core_100k_SafetyCarGoal1_v0_selected_pointwise_v2_pointwise_v2_s10,285000,0.0,0.0,0.0,0.0,0.0,0.0,
SafetyCarGoal1-v0,pointwise_v2,starv2_core_100k_SafetyCarGoal1_v0_selected_pointwise_v2_pointwise_v2_s10,290000,0.0,0.0,0.0,0.0,0.0,0.0,
SafetyCarGoal1-v0,pointwise_v2,starv2_core_100k_SafetyCarGoal1_v0_selected_pointwise_v2_pointwise_v2_s10,295000,0.0,0.0,0.0,0.0,0.0,0.0,
SafetyCarGoal1-v0,pointwise_v2,starv2_core_100k_SafetyCarGoal1_v0_selected_pointwise_v2_pointwise_v2_s11,100000,0.0,0.0,0.0,0.0,0.0,0.0,
SafetyCarGoal1-v0,pointwise_v2,starv2_core_100k_SafetyCarGoal1_v0_selected_pointwise_v2_pointwise_v2_s11,105000,0.0,0.0,0.0,0.0,0.0,0.0,
SafetyCarGoal1-v0,pointwise_v2,starv2_core_100k_SafetyCarGoal1_v0_selected_pointwise_v2_pointwise_v2_s11,110000,0.0,0.0,0.0,0.0,0.0,0.0,
SafetyCarGoal1-v0,pointwise_v2,starv2_core_100k_SafetyCarGoal1_v0_selected_pointwise_v2_pointwise_v2_s11,115000,0.0,0.0,0.0,0.0,0.0,0.0,
SafetyCarGoal1-v0,pointwise_v2,starv2_core_100k_SafetyCarGoal1_v0_selected_pointwise_v2_pointwise_v2_s11,120000,0.0,0.0,0.0,0.0,0.0,0.0,
SafetyCarGoal1-v0,pointwise_v2,starv2_core_100k_SafetyCarGoal1_v0_selected_pointwise_v2_pointwise_v2_s11,125000,0.0,0.0,0.0,0.0,0.0,0.0,
SafetyCarGoal1-v0,pointwise_v2,starv2_core_100k_SafetyCarGoal1_v0_selected_pointwise_v2_pointwise_v2_s11,130000,0.0,0.0,0.0,0.0,0.0,0.0,
SafetyCarGoal1-v0,pointwise_v2,starv2_core_100k_SafetyCarGoal1_v0_selected_pointwise_v2_pointwise_v2_s11,135000,0.0,0.0,0.0,0.0,0.0,0.0,
SafetyCarGoal1-v0,pointwise_v2,starv2_core_100k_SafetyCarGoal1_v0_selected_pointwise_v2_pointwise_v2_s11,100000,0.0,0.0,0.0,0.0,0.0,0.0,
SafetyCarGoal1-v0,pointwise_v2,starv2_core_100k_SafetyCarGoal1_v0_selected_pointwise_v2_pointwise_v2_s11,105000,0.0,0.0,0.0,0.0,0.0,0.0,
SafetyCarGoal1-v0,pointwise_v2,starv2_core_100k_SafetyCarGoal1_v0_selected_pointwise_v2_pointwise_v2_s11,110000,0.0,0.0,0.0,0.0,0.0,0.0,
SafetyCarGoal1-v0,pointwise_v2,starv2_core_100k_SafetyCarGoal1_v0_selected_pointwise_v2_pointwise_v2_s11,115000,0.0,0.0,0.0,0.0,0.0,0.0,
SafetyCarGoal1-v0,pointwise_v2,starv2_core_100k_SafetyCarGoal1_v0_selected_pointwise_v2_pointwise_v2_s11,120000,0.0,0.0,0.0,0.0,0.0,0.0,
SafetyCarGoal1-v0,pointwise_v2,starv2_core_100k_SafetyCarGoal1_v0_selected_pointwise_v2_pointwise_v2_s11,125000,0.0,0.0,0.0,0.0,0.0,0.0,
SafetyCarGoal1-v0,pointwise_v2,starv2_core_100k_SafetyCarGoal1_v0_selected_pointwise_v2_pointwise_v2_s11,130000,0.0,0.0,0.0,0.0,0.0,0.0,
SafetyCarGoal1-v0,pointwise_v2,starv2_core_100k_SafetyCarGoal1_v0_selected_pointwise_v2_pointwise_v2_s11,135000,0.0,0.0,0.0,0.0,0.0,0.0,
SafetyCarGoal1-v0,pointwise_v2,starv2_core_100k_SafetyCarGoal1_v0_selected_pointwise_v2_pointwise_v2_s11,140000,0.0,0.0,0.0,0.0,0.0,0.0,
SafetyCarGoal1-v0,pointwise_v2,starv2_core_100k_SafetyCarGoal1_v0_selected_pointwise_v2_pointwise_v2_s11,145000,0.0,0.0,0.0,0.0,0.0,0.0,
SafetyCarGoal1-v0,pointwise_v2,starv2_core_100k_SafetyCarGoal1_v0_selected_pointwise_v2_pointwise_v2_s11,150000,0.0,0.0,0.0,0.0,0.0,0.0,
SafetyCarGoal1-v0,pointwise_v2,starv2_core_100k_SafetyCarGoal1_v0_selected_pointwise_v2_pointwise_v2_s11,155000,0.0,0.0,0.0,0.0,0.0,0.0,
SafetyCarGoal1-v0,pointwise_v2,starv2_core_100k_SafetyCarGoal1_v0_selected_pointwise_v2_pointwise_v2_s11,160000,0.0,0.0,0.0,0.0,0.0,0.0,
SafetyCarGoal1-v0,pointwise_v2,starv2_core_100k_SafetyCarGoal1_v0_selected_pointwise_v2_pointwise_v2_s11,165000,0.0,0.0,0.0,0.0,0.0,0.0,
SafetyCarGoal1-v0,pointwise_v2,starv2_core_100k_SafetyCarGoal1_v0_selected_pointwise_v2_pointwise_v2_s11,170000,0.0,0.0,0.0,0.0,0.0,0.0,
SafetyCarGoal1-v0,pointwise_v2,starv2_core_100k_SafetyCarGoal1_v0_selected_pointwise_v2_pointwise_v2_s11,175000,0.0,0.0,0.0,0.0,0.0,0.0,
SafetyCarGoal1-v0,pointwise_v2,starv2_core_100k_SafetyCarGoal1_v0_selected_pointwise_v2_pointwise_v2_s11,180000,0.0,0.0,0.0,0.0,0.0,0.0,
SafetyCarGoal1-v0,pointwise_v2,starv2_core_100k_SafetyCarGoal1_v0_selected_pointwise_v2_pointwise_v2_s11,185000,0.0,0.0,0.0,0.0,0.0,0.0,
SafetyCarGoal1-v0,pointwise_v2,starv2_core_100k_SafetyCarGoal1_v0_selected_pointwise_v2_pointwise_v2_s11,190000,0.0,0.0,0.0,0.0,0.0,0.0,
SafetyCarGoal1-v0,pointwise_v2,starv2_core_100k_SafetyCarGoal1_v0_selected_pointwise_v2_pointwise_v2_s11,195000,0.0,0.0,0.0,0.0,0.0,0.0,
SafetyCarGoal1-v0,pointwise_v2,starv2_core_100k_SafetyCarGoal1_v0_selected_pointwise_v2_pointwise_v2_s11,200000,0.0,0.0,0.0,0.0,0.0,0.0,
SafetyCarGoal1-v0,pointwise_v2,starv2_core_100k_SafetyCarGoal1_v0_selected_pointwise_v2_pointwise_v2_s11,205000,0.0,0.0,0.0,0.0,0.0,0.0,
SafetyCarGoal1-v0,pointwise_v2,starv2_core_100k_SafetyCarGoal1_v0_selected_pointwise_v2_pointwise_v2_s11,210000,0.0,0.0,0.0,0.0,0.0,0.0,
SafetyCarGoal1-v0,pointwise_v2,starv2_core_100k_SafetyCarGoal1_v0_selected_pointwise_v2_pointwise_v2_s11,215000,0.0,0.0,0.0,0.0,0.0,0.0,
SafetyCarGoal1-v0,pointwise_v2,starv2_core_100k_SafetyCarGoal1_v0_selected_pointwise_v2_pointwise_v2_s11,220000,0.0,0.0,0.0,0.0,0.0,0.0,
SafetyCarGoal1-v0,pointwise_v2,starv2_core_100k_SafetyCarGoal1_v0_selected_pointwise_v2_pointwise_v2_s11,225000,0.0,0.0,0.0,0.0,0.0,0.0,
SafetyCarGoal1-v0,pointwise_v2,starv2_core_100k_SafetyCarGoal1_v0_selected_pointwise_v2_pointwise_v2_s11,230000,0.0,0.0,0.0,0.0,0.0,0.0,
SafetyCarGoal1-v0,pointwise_v2,starv2_core_100k_SafetyCarGoal1_v0_selected_pointwise_v2_pointwise_v2_s11,235000,0.0,0.0,0.0,0.0,0.0,0.0,
SafetyCarGoal1-v0,pointwise_v2,starv2_core_100k_SafetyCarGoal1_v0_selected_pointwise_v2_pointwise_v2_s11,240000,0.0,0.0,0.0,0.0,0.0,0.0,
SafetyCarGoal1-v0,pointwise_v2,starv2_core_100k_SafetyCarGoal1_v0_selected_pointwise_v2_pointwise_v2_s11,245000,0.0,0.0,0.0,0.0,0.0,0.0,
SafetyCarGoal1-v0,pointwise_v2,starv2_core_100k_SafetyCarGoal1_v0_selected_pointwise_v2_pointwise_v2_s11,250000,0.0,0.0,0.0,0.0,0.0,0.0,
SafetyCarGoal1-v0,pointwise_v2,starv2_core_100k_SafetyCarGoal1_v0_selected_pointwise_v2_pointwise_v2_s11,255000,0.0,0.0,0.0,0.0,0.0,0.0,
SafetyCarGoal1-v0,pointwise_v2,starv2_core_100k_SafetyCarGoal1_v0_selected_pointwise_v2_pointwise_v2_s11,260000,0.0,0.0,0.0,0.0,0.0,0.0,
SafetyCarGoal1-v0,pointwise_v2,starv2_core_100k_SafetyCarGoal1_v0_selected_pointwise_v2_pointwise_v2_s11,265000,0.0,0.0,0.0,0.0,0.0,0.0,
SafetyCarGoal1-v0,pointwise_v2,starv2_core_100k_SafetyCarGoal1_v0_selected_pointwise_v2_pointwise_v2_s11,270000,0.0,0.0,0.0,0.0,0.0,0.0,
SafetyCarGoal1-v0,pointwise_v2,starv2_core_100k_SafetyCarGoal1_v0_selected_pointwise_v2_pointwise_v2_s11,275000,0.0,0.0,0.0,0.0,0.0,0.0,
SafetyCarGoal1-v0,pointwise_v2,starv2_core_100k_SafetyCarGoal1_v0_selected_pointwise_v2_pointwise_v2_s11,280000,0.0,0.0,0.0,0.0,0.0,0.0,
SafetyCarGoal1-v0,pointwise_v2,starv2_core_100k_SafetyCarGoal1_v0_selected_pointwise_v2_pointwise_v2_s11,285000,0.0,0.0,0.0,0.0,0.0,0.0,
SafetyCarGoal1-v0,pointwise_v2,starv2_core_100k_SafetyCarGoal1_v0_selected_pointwise_v2_pointwise_v2_s11,290000,0.0,0.0,0.0,0.0,0.0,0.0,
SafetyCarGoal1-v0,pointwise_v2,starv2_core_100k_SafetyCarGoal1_v0_selected_pointwise_v2_pointwise_v2_s11,295000,0.0,0.0,0.0,0.0,0.0,0.0,
SafetyCarGoal1-v0,pointwise_v2,starv2_core_100k_SafetyCarGoal1_v0_selected_pointwise_v2_pointwise_v2_s12,100000,0.0,0.0,0.0,0.0,0.0,0.0,
SafetyCarGoal1-v0,pointwise_v2,starv2_core_100k_SafetyCarGoal1_v0_selected_pointwise_v2_pointwise_v2_s12,105000,0.0,0.0,0.0,0.0,0.0,0.0,
SafetyCarGoal1-v0,pointwise_v2,starv2_core_100k_SafetyCarGoal1_v0_selected_pointwise_v2_pointwise_v2_s12,110000,0.0,0.0,0.0,0.0,0.0,0.0,
SafetyCarGoal1-v0,pointwise_v2,starv2_core_100k_SafetyCarGoal1_v0_selected_pointwise_v2_pointwise_v2_s12,115000,0.0,0.0,0.0,0.0,0.0,0.0,
SafetyCarGoal1-v0,pointwise_v2,starv2_core_100k_SafetyCarGoal1_v0_selected_pointwise_v2_pointwise_v2_s12,120000,0.0,0.0,0.0,0.0,0.0,0.0,
SafetyCarGoal1-v0,pointwise_v2,starv2_core_100k_SafetyCarGoal1_v0_selected_pointwise_v2_pointwise_v2_s12,100000,0.0,0.0,0.0,0.0,0.0,0.0,
SafetyCarGoal1-v0,pointwise_v2,starv2_core_100k_SafetyCarGoal1_v0_selected_pointwise_v2_pointwise_v2_s12,105000,0.0,0.0,0.0,0.0,0.0,0.0,
SafetyCarGoal1-v0,pointwise_v2,starv2_core_100k_SafetyCarGoal1_v0_selected_pointwise_v2_pointwise_v2_s12,110000,0.0,0.0,0.0,0.0,0.0,0.0,
SafetyCarGoal1-v0,pointwise_v2,starv2_core_100k_SafetyCarGoal1_v0_selected_pointwise_v2_pointwise_v2_s12,115000,0.0,0.0,0.0,0.0,0.0,0.0,
SafetyCarGoal1-v0,pointwise_v2,starv2_core_100k_SafetyCarGoal1_v0_selected_pointwise_v2_pointwise_v2_s12,120000,0.0,0.0,0.0,0.0,0.0,0.0,
SafetyCarGoal1-v0,pointwise_v2,starv2_core_100k_SafetyCarGoal1_v0_selected_pointwise_v2_pointwise_v2_s12,125000,0.0,0.0,0.0,0.0,0.0,0.0,
SafetyCarGoal1-v0,pointwise_v2,starv2_core_100k_SafetyCarGoal1_v0_selected_pointwise_v2_pointwise_v2_s12,130000,0.0,0.0,0.0,0.0,0.0,0.0,
SafetyCarGoal1-v0,pointwise_v2,starv2_core_100k_SafetyCarGoal1_v0_selected_pointwise_v2_pointwise_v2_s12,135000,0.0,0.0,0.0,0.0,0.0,0.0,
SafetyCarGoal1-v0,pointwise_v2,starv2_core_100k_SafetyCarGoal1_v0_selected_pointwise_v2_pointwise_v2_s12,140000,0.0,0.0,0.0,0.0,0.0,0.0,
SafetyCarGoal1-v0,pointwise_v2,starv2_core_100k_SafetyCarGoal1_v0_selected_pointwise_v2_pointwise_v2_s12,145000,0.0,0.0,0.0,0.0,0.0,0.0,
SafetyCarGoal1-v0,pointwise_v2,starv2_core_100k_SafetyCarGoal1_v0_selected_pointwise_v2_pointwise_v2_s12,150000,0.0,0.0,0.0,0.0,0.0,0.0,
SafetyCarGoal1-v0,pointwise_v2,starv2_core_100k_SafetyCarGoal1_v0_selected_pointwise_v2_pointwise_v2_s12,155000,0.0,0.0,0.0,0.0,0.0,0.0,
SafetyCarGoal1-v0,pointwise_v2,starv2_core_100k_SafetyCarGoal1_v0_selected_pointwise_v2_pointwise_v2_s12,160000,0.0,0.0,0.0,0.0,0.0,0.0,
SafetyCarGoal1-v0,pointwise_v2,starv2_core_100k_SafetyCarGoal1_v0_selected_pointwise_v2_pointwise_v2_s12,165000,0.0,0.0,0.0,0.0,0.0,0.0,
SafetyCarGoal1-v0,pointwise_v2,starv2_core_100k_SafetyCarGoal1_v0_selected_pointwise_v2_pointwise_v2_s12,170000,0.0,0.0,0.0,0.0,0.0,0.0,
SafetyCarGoal1-v0,pointwise_v2,starv2_core_100k_SafetyCarGoal1_v0_selected_pointwise_v2_pointwise_v2_s12,175000,0.0,0.0,0.0,0.0,0.0,0.0,
SafetyCarGoal1-v0,pointwise_v2,starv2_core_100k_SafetyCarGoal1_v0_selected_pointwise_v2_pointwise_v2_s12,180000,0.0,0.0,0.0,0.0,0.0,0.0,
SafetyCarGoal1-v0,pointwise_v2,starv2_core_100k_SafetyCarGoal1_v0_selected_pointwise_v2_pointwise_v2_s12,185000,0.0,0.0,0.0,0.0,0.0,0.0,
SafetyCarGoal1-v0,pointwise_v2,starv2_core_100k_SafetyCarGoal1_v0_selected_pointwise_v2_pointwise_v2_s12,190000,0.0,0.0,0.0,0.0,0.0,0.0,
SafetyCarGoal1-v0,pointwise_v2,starv2_core_100k_SafetyCarGoal1_v0_selected_pointwise_v2_pointwise_v2_s12,195000,0.0,0.0,0.0,0.0,0.0,0.0,
SafetyCarGoal1-v0,pointwise_v2,starv2_core_100k_SafetyCarGoal1_v0_selected_pointwise_v2_pointwise_v2_s12,200000,0.0,0.0,0.0,0.0,0.0,0.0,
SafetyCarGoal1-v0,pointwise_v2,starv2_core_100k_SafetyCarGoal1_v0_selected_pointwise_v2_pointwise_v2_s12,205000,0.0,0.0,0.0,0.0,0.0,0.0,
SafetyCarGoal1-v0,pointwise_v2,starv2_core_100k_SafetyCarGoal1_v0_selected_pointwise_v2_pointwise_v2_s12,210000,0.0,0.0,0.0,0.0,0.0,0.0,
SafetyCarGoal1-v0,pointwise_v2,starv2_core_100k_SafetyCarGoal1_v0_selected_pointwise_v2_pointwise_v2_s12,215000,0.0,0.0,0.0,0.0,0.0,0.0,
SafetyCarGoal1-v0,pointwise_v2,starv2_core_100k_SafetyCarGoal1_v0_selected_pointwise_v2_pointwise_v2_s12,220000,0.0,0.0,0.0,0.0,0.0,0.0,
SafetyCarGoal1-v0,pointwise_v2,starv2_core_100k_SafetyCarGoal1_v0_selected_pointwise_v2_pointwise_v2_s12,225000,0.0,0.0,0.0,0.0,0.0,0.0,
SafetyCarGoal1-v0,pointwise_v2,starv2_core_100k_SafetyCarGoal1_v0_selected_pointwise_v2_pointwise_v2_s12,230000,0.0,0.0,0.0,0.0,0.0,0.0,
SafetyCarGoal1-v0,pointwise_v2,starv2_core_100k_SafetyCarGoal1_v0_selected_pointwise_v2_pointwise_v2_s12,235000,0.0,0.0,0.0,0.0,0.0,0.0,
SafetyCarGoal1-v0,pointwise_v2,starv2_core_100k_SafetyCarGoal1_v0_selected_pointwise_v2_pointwise_v2_s12,240000,0.0,0.0,0.0,0.0,0.0,0.0,
SafetyCarGoal1-v0,pointwise_v2,starv2_core_100k_SafetyCarGoal1_v0_selected_pointwise_v2_pointwise_v2_s12,245000,0.0,0.0,0.0,0.0,0.0,0.0,
SafetyCarGoal1-v0,pointwise_v2,starv2_core_100k_SafetyCarGoal1_v0_selected_pointwise_v2_pointwise_v2_s12,250000,0.0,0.0,0.0,0.0,0.0,0.0,
SafetyCarGoal1-v0,pointwise_v2,starv2_core_100k_SafetyCarGoal1_v0_selected_pointwise_v2_pointwise_v2_s12,255000,0.0,0.0,0.0,0.0,0.0,0.0,
SafetyCarGoal1-v0,pointwise_v2,starv2_core_100k_SafetyCarGoal1_v0_selected_pointwise_v2_pointwise_v2_s12,260000,0.0,0.0,0.0,0.0,0.0,0.0,
SafetyCarGoal1-v0,pointwise_v2,starv2_core_100k_SafetyCarGoal1_v0_selected_pointwise_v2_pointwise_v2_s12,265000,0.0,0.0,0.0,0.0,0.0,0.0,
SafetyCarGoal1-v0,pointwise_v2,starv2_core_100k_SafetyCarGoal1_v0_selected_pointwise_v2_pointwise_v2_s12,270000,0.0,0.0,0.0,0.0,0.0,0.0,
SafetyCarGoal1-v0,pointwise_v2,starv2_core_100k_SafetyCarGoal1_v0_selected_pointwise_v2_pointwise_v2_s12,275000,0.0,0.0,0.0,0.0,0.0,0.0,
SafetyCarGoal1-v0,pointwise_v2,starv2_core_100k_SafetyCarGoal1_v0_selected_pointwise_v2_pointwise_v2_s12,280000,0.0,0.0,0.0,0.0,0.0,0.0,
SafetyCarGoal1-v0,pointwise_v2,starv2_core_100k_SafetyCarGoal1_v0_selected_pointwise_v2_pointwise_v2_s12,285000,0.0,0.0,0.0,0.0,0.0,0.0,
SafetyCarGoal1-v0,pointwise_v2,starv2_core_100k_SafetyCarGoal1_v0_selected_pointwise_v2_pointwise_v2_s12,290000,0.0,0.0,0.0,0.0,0.0,0.0,
SafetyCarGoal1-v0,pointwise_v2,starv2_core_100k_SafetyCarGoal1_v0_selected_pointwise_v2_pointwise_v2_s12,295000,0.0,0.0,0.0,0.0,0.0,0.0,
SafetyCarGoal1-v0,pointwise_v2,starv2_resume_300k_SafetyCarGoal1_v0_selected_pointwise_v2_pointwise_v2_s13,5000,0.0,0.0,0.0,0.0,0.0,0.0,
SafetyCarGoal1-v0,pointwise_v2,starv2_resume_300k_SafetyCarGoal1_v0_selected_pointwise_v2_pointwise_v2_s13,10000,0.0,0.0,0.0,0.0,0.0,0.0,
SafetyCarGoal1-v0,pointwise_v2,starv2_resume_300k_SafetyCarGoal1_v0_selected_pointwise_v2_pointwise_v2_s13,15000,0.0,0.0,0.0,0.0,0.0,0.0,
SafetyCarGoal1-v0,pointwise_v2,starv2_resume_300k_SafetyCarGoal1_v0_selected_pointwise_v2_pointwise_v2_s13,20000,0.0,0.0,0.0,0.0,0.0,0.0,
SafetyCarGoal1-v0,pointwise_v2,starv2_resume_300k_SafetyCarGoal1_v0_selected_pointwise_v2_pointwise_v2_s13,25000,0.0,0.0,0.0,0.0,0.0,0.0,
SafetyCarGoal1-v0,pointwise_v2,starv2_resume_300k_SafetyCarGoal1_v0_selected_pointwise_v2_pointwise_v2_s13,30000,0.0,0.0,0.0,0.0,0.0,0.0,
SafetyCarGoal1-v0,pointwise_v2,starv2_resume_300k_SafetyCarGoal1_v0_selected_pointwise_v2_pointwise_v2_s13,35000,0.0,0.0,0.0,0.0,0.0,0.0,
SafetyCarGoal1-v0,pointwise_v2,starv2_resume_300k_SafetyCarGoal1_v0_selected_pointwise_v2_pointwise_v2_s13,40000,0.0,0.0,0.0,0.0,0.0,0.0,
SafetyCarGoal1-v0,pointwise_v2,starv2_resume_300k_SafetyCarGoal1_v0_selected_pointwise_v2_pointwise_v2_s13,45000,0.0,0.0,0.0,0.0,0.0,0.0,
SafetyCarGoal1-v0,pointwise_v2,starv2_resume_300k_SafetyCarGoal1_v0_selected_pointwise_v2_pointwise_v2_s13,50000,0.0,0.0,0.0,0.0,0.0,0.0,
SafetyCarGoal1-v0,pointwise_v2,starv2_resume_300k_SafetyCarGoal1_v0_selected_pointwise_v2_pointwise_v2_s13,55000,0.0,0.0,0.0,0.0,0.0,0.0,
SafetyCarGoal1-v0,pointwise_v2,starv2_resume_300k_SafetyCarGoal1_v0_selected_pointwise_v2_pointwise_v2_s13,60000,0.0,0.0,0.0,0.0,0.0,0.0,
SafetyCarGoal1-v0,pointwise_v2,starv2_resume_300k_SafetyCarGoal1_v0_selected_pointwise_v2_pointwise_v2_s13,65000,0.0,0.0,0.0,0.0,0.0,0.0,
SafetyCarGoal1-v0,pointwise_v2,starv2_resume_300k_SafetyCarGoal1_v0_selected_pointwise_v2_pointwise_v2_s13,70000,0.0,0.0,0.0,0.0,0.0,0.0,
SafetyCarGoal1-v0,pointwise_v2,starv2_resume_300k_SafetyCarGoal1_v0_selected_pointwise_v2_pointwise_v2_s13,75000,0.0,0.0,0.0,0.0,0.0,0.0,
SafetyCarGoal1-v0,pointwise_v2,starv2_resume_300k_SafetyCarGoal1_v0_selected_pointwise_v2_pointwise_v2_s13,80000,0.0,0.0,0.0,0.0,0.0,0.0,
SafetyCarGoal1-v0,pointwise_v2,starv2_resume_300k_SafetyCarGoal1_v0_selected_pointwise_v2_pointwise_v2_s13,85000,0.0,0.0,0.0,0.0,0.0,0.0,
SafetyCarGoal1-v0,pointwise_v2,starv2_resume_300k_SafetyCarGoal1_v0_selected_pointwise_v2_pointwise_v2_s13,90000,0.0,0.0,0.0,0.0,0.0,0.0,
SafetyCarGoal1-v0,pointwise_v2,starv2_resume_300k_SafetyCarGoal1_v0_selected_pointwise_v2_pointwise_v2_s13,95000,0.0,0.0,0.0,0.0,0.0,0.0,
SafetyCarGoal1-v0,pointwise_v2,starv2_resume_300k_SafetyCarGoal1_v0_selected_pointwise_v2_pointwise_v2_s13,100000,0.0,0.0,0.0,0.0,0.0,0.0,
SafetyCarGoal1-v0,pointwise_v2,starv2_resume_300k_SafetyCarGoal1_v0_selected_pointwise_v2_pointwise_v2_s13,105000,0.0,0.0,0.0,0.0,0.0,0.0,
SafetyCarGoal1-v0,pointwise_v2,starv2_resume_300k_SafetyCarGoal1_v0_selected_pointwise_v2_pointwise_v2_s13,110000,0.0,0.0,0.0,0.0,0.0,0.0,
SafetyCarGoal1-v0,pointwise_v2,starv2_resume_300k_SafetyCarGoal1_v0_selected_pointwise_v2_pointwise_v2_s13,115000,0.0,0.0,0.0,0.0,0.0,0.0,
SafetyCarGoal1-v0,pointwise_v2,starv2_resume_300k_SafetyCarGoal1_v0_selected_pointwise_v2_pointwise_v2_s13,120000,0.0,0.0,0.0,0.0,0.0,0.0,
SafetyCarGoal1-v0,pointwise_v2,starv2_resume_300k_SafetyCarGoal1_v0_selected_pointwise_v2_pointwise_v2_s13,125000,0.0,0.0,0.0,0.0,0.0,0.0,
SafetyCarGoal1-v0,pointwise_v2,starv2_resume_300k_SafetyCarGoal1_v0_selected_pointwise_v2_pointwise_v2_s13,130000,0.0,0.0,0.0,0.0,0.0,0.0,
SafetyCarGoal1-v0,pointwise_v2,starv2_resume_300k_SafetyCarGoal1_v0_selected_pointwise_v2_pointwise_v2_s13,135000,0.0,0.0,0.0,0.0,0.0,0.0,
SafetyCarGoal1-v0,pointwise_v2,starv2_resume_300k_SafetyCarGoal1_v0_selected_pointwise_v2_pointwise_v2_s13,140000,0.0,0.0,0.0,0.0,0.0,0.0,
SafetyCarGoal1-v0,pointwise_v2,starv2_resume_300k_SafetyCarGoal1_v0_selected_pointwise_v2_pointwise_v2_s13,145000,0.0,0.0,0.0,0.0,0.0,0.0,
SafetyCarGoal1-v0,pointwise_v2,starv2_resume_300k_SafetyCarGoal1_v0_selected_pointwise_v2_pointwise_v2_s13,150000,0.0,0.0,0.0,0.0,0.0,0.0,
SafetyCarGoal1-v0,pointwise_v2,starv2_resume_300k_SafetyCarGoal1_v0_selected_pointwise_v2_pointwise_v2_s13,155000,0.0,0.0,0.0,0.0,0.0,0.0,
SafetyCarGoal1-v0,pointwise_v2,starv2_resume_300k_SafetyCarGoal1_v0_selected_pointwise_v2_pointwise_v2_s13,160000,0.0,0.0,0.0,0.0,0.0,0.0,
SafetyCarGoal1-v0,pointwise_v2,starv2_resume_300k_SafetyCarGoal1_v0_selected_pointwise_v2_pointwise_v2_s13,165000,0.0,0.0,0.0,0.0,0.0,0.0,
SafetyCarGoal1-v0,pointwise_v2,starv2_resume_300k_SafetyCarGoal1_v0_selected_pointwise_v2_pointwise_v2_s13,170000,0.0,0.0,0.0,0.0,0.0,0.0,
SafetyCarGoal1-v0,pointwise_v2,starv2_resume_300k_SafetyCarGoal1_v0_selected_pointwise_v2_pointwise_v2_s13,175000,0.0,0.0,0.0,0.0,0.0,0.0,
SafetyCarGoal1-v0,pointwise_v2,starv2_resume_300k_SafetyCarGoal1_v0_selected_pointwise_v2_pointwise_v2_s13,180000,0.0,0.0,0.0,0.0,0.0,0.0,
SafetyCarGoal1-v0,pointwise_v2,starv2_resume_300k_SafetyCarGoal1_v0_selected_pointwise_v2_pointwise_v2_s13,185000,0.0,0.0,0.0,0.0,0.0,0.0,
SafetyCarGoal1-v0,pointwise_v2,starv2_resume_300k_SafetyCarGoal1_v0_selected_pointwise_v2_pointwise_v2_s13,190000,0.0,0.0,0.0,0.0,0.0,0.0,
SafetyCarGoal1-v0,pointwise_v2,starv2_resume_300k_SafetyCarGoal1_v0_selected_pointwise_v2_pointwise_v2_s13,195000,0.0,0.0,0.0,0.0,0.0,0.0,
SafetyCarGoal1-v0,pointwise_v2,starv2_resume_300k_SafetyCarGoal1_v0_selected_pointwise_v2_pointwise_v2_s13,200000,0.0,0.0,0.0,0.0,0.0,0.0,
SafetyCarGoal1-v0,pointwise_v2,starv2_resume_300k_SafetyCarGoal1_v0_selected_pointwise_v2_pointwise_v2_s13,205000,0.0,0.0,0.0,0.0,0.0,0.0,
SafetyCarGoal1-v0,pointwise_v2,starv2_resume_300k_SafetyCarGoal1_v0_selected_pointwise_v2_pointwise_v2_s13,210000,0.0,0.0,0.0,0.0,0.0,0.0,
SafetyCarGoal1-v0,pointwise_v2,starv2_resume_300k_SafetyCarGoal1_v0_selected_pointwise_v2_pointwise_v2_s13,215000,0.0,0.0,0.0,0.0,0.0,0.0,
SafetyCarGoal1-v0,pointwise_v2,starv2_resume_300k_SafetyCarGoal1_v0_selected_pointwise_v2_pointwise_v2_s13,220000,0.0,0.0,0.0,0.0,0.0,0.0,
SafetyCarGoal1-v0,pointwise_v2,starv2_resume_300k_SafetyCarGoal1_v0_selected_pointwise_v2_pointwise_v2_s13,225000,0.0,0.0,0.0,0.0,0.0,0.0,
SafetyCarGoal1-v0,pointwise_v2,starv2_resume_300k_SafetyCarGoal1_v0_selected_pointwise_v2_pointwise_v2_s13,230000,0.0,0.0,0.0,0.0,0.0,0.0,
SafetyCarGoal1-v0,pointwise_v2,starv2_resume_300k_SafetyCarGoal1_v0_selected_pointwise_v2_pointwise_v2_s13,235000,0.0,0.0,0.0,0.0,0.0,0.0,
SafetyCarGoal1-v0,pointwise_v2,starv2_resume_300k_SafetyCarGoal1_v0_selected_pointwise_v2_pointwise_v2_s13,240000,0.0,0.0,0.0,0.0,0.0,0.0,
SafetyCarGoal1-v0,pointwise_v2,starv2_resume_300k_SafetyCarGoal1_v0_selected_pointwise_v2_pointwise_v2_s13,245000,0.0,0.0,0.0,0.0,0.0,0.0,
SafetyCarGoal1-v0,pointwise_v2,starv2_resume_300k_SafetyCarGoal1_v0_selected_pointwise_v2_pointwise_v2_s13,250000,0.0,0.0,0.0,0.0,0.0,0.0,
SafetyCarGoal1-v0,pointwise_v2,starv2_resume_300k_SafetyCarGoal1_v0_selected_pointwise_v2_pointwise_v2_s13,255000,0.0,0.0,0.0,0.0,0.0,0.0,
SafetyCarGoal1-v0,pointwise_v2,starv2_resume_300k_SafetyCarGoal1_v0_selected_pointwise_v2_pointwise_v2_s13,260000,0.0,0.0,0.0,0.0,0.0,0.0,
SafetyCarGoal1-v0,pointwise_v2,starv2_resume_300k_SafetyCarGoal1_v0_selected_pointwise_v2_pointwise_v2_s13,265000,0.0,0.0,0.0,0.0,0.0,0.0,
SafetyCarGoal1-v0,pointwise_v2,starv2_resume_300k_SafetyCarGoal1_v0_selected_pointwise_v2_pointwise_v2_s13,270000,0.0,0.0,0.0,0.0,0.0,0.0,
SafetyCarGoal1-v0,pointwise_v2,starv2_resume_300k_SafetyCarGoal1_v0_selected_pointwise_v2_pointwise_v2_s13,275000,0.0,0.0,0.0,0.0,0.0,0.0,
SafetyCarGoal1-v0,pointwise_v2,starv2_resume_300k_SafetyCarGoal1_v0_selected_pointwise_v2_pointwise_v2_s13,280000,0.0,0.0,0.0,0.0,0.0,0.0,
SafetyCarGoal1-v0,pointwise_v2,starv2_resume_300k_SafetyCarGoal1_v0_selected_pointwise_v2_pointwise_v2_s13,285000,0.0,0.0,0.0,0.0,0.0,0.0,
SafetyCarGoal1-v0,pointwise_v2,starv2_resume_300k_SafetyCarGoal1_v0_selected_pointwise_v2_pointwise_v2_s13,290000,0.0,0.0,0.0,0.0,0.0,0.0,
SafetyCarGoal1-v0,pointwise_v2,starv2_resume_300k_SafetyCarGoal1_v0_selected_pointwise_v2_pointwise_v2_s13,295000,0.0,0.0,0.0,0.0,0.0,0.0,
SafetyCarGoal1-v0,pointwise_v2,starv2_resume_300k_SafetyCarGoal1_v0_selected_pointwise_v2_pointwise_v2_s14,5000,0.0,0.0,0.0,0.0,0.0,0.0,
SafetyCarGoal1-v0,pointwise_v2,starv2_resume_300k_SafetyCarGoal1_v0_selected_pointwise_v2_pointwise_v2_s14,10000,0.0,0.0,0.0,0.0,0.0,0.0,
SafetyCarGoal1-v0,pointwise_v2,starv2_resume_300k_SafetyCarGoal1_v0_selected_pointwise_v2_pointwise_v2_s14,15000,0.0,0.0,0.0,0.0,0.0,0.0,
SafetyCarGoal1-v0,pointwise_v2,starv2_resume_300k_SafetyCarGoal1_v0_selected_pointwise_v2_pointwise_v2_s14,20000,0.0,0.0,0.0,0.0,0.0,0.0,
SafetyCarGoal1-v0,pointwise_v2,starv2_resume_300k_SafetyCarGoal1_v0_selected_pointwise_v2_pointwise_v2_s14,25000,0.0,0.0,0.0,0.0,0.0,0.0,
SafetyCarGoal1-v0,pointwise_v2,starv2_resume_300k_SafetyCarGoal1_v0_selected_pointwise_v2_pointwise_v2_s14,30000,0.0,0.0,0.0,0.0,0.0,0.0,
SafetyCarGoal1-v0,pointwise_v2,starv2_resume_300k_SafetyCarGoal1_v0_selected_pointwise_v2_pointwise_v2_s14,35000,0.0,0.0,0.0,0.0,0.0,0.0,
SafetyCarGoal1-v0,pointwise_v2,starv2_resume_300k_SafetyCarGoal1_v0_selected_pointwise_v2_pointwise_v2_s14,40000,0.0,0.0,0.0,0.0,0.0,0.0,
SafetyCarGoal1-v0,pointwise_v2,starv2_resume_300k_SafetyCarGoal1_v0_selected_pointwise_v2_pointwise_v2_s14,45000,0.0,0.0,0.0,0.0,0.0,0.0,
SafetyCarGoal1-v0,pointwise_v2,starv2_resume_300k_SafetyCarGoal1_v0_selected_pointwise_v2_pointwise_v2_s14,50000,0.0,0.0,0.0,0.0,0.0,0.0,
SafetyCarGoal1-v0,pointwise_v2,starv2_resume_300k_SafetyCarGoal1_v0_selected_pointwise_v2_pointwise_v2_s14,55000,0.0,0.0,0.0,0.0,0.0,0.0,
SafetyCarGoal1-v0,pointwise_v2,starv2_resume_300k_SafetyCarGoal1_v0_selected_pointwise_v2_pointwise_v2_s14,60000,0.0,0.0,0.0,0.0,0.0,0.0,
SafetyCarGoal1-v0,pointwise_v2,starv2_resume_300k_SafetyCarGoal1_v0_selected_pointwise_v2_pointwise_v2_s14,65000,0.0,0.0,0.0,0.0,0.0,0.0,
SafetyCarGoal1-v0,pointwise_v2,starv2_resume_300k_SafetyCarGoal1_v0_selected_pointwise_v2_pointwise_v2_s14,70000,0.0,0.0,0.0,0.0,0.0,0.0,
SafetyCarGoal1-v0,pointwise_v2,starv2_resume_300k_SafetyCarGoal1_v0_selected_pointwise_v2_pointwise_v2_s14,75000,0.0,0.0,0.0,0.0,0.0,0.0,
SafetyCarGoal1-v0,pointwise_v2,starv2_resume_300k_SafetyCarGoal1_v0_selected_pointwise_v2_pointwise_v2_s14,80000,0.0,0.0,0.0,0.0,0.0,0.0,
SafetyCarGoal1-v0,pointwise_v2,starv2_resume_300k_SafetyCarGoal1_v0_selected_pointwise_v2_pointwise_v2_s14,85000,0.0,0.0,0.0,0.0,0.0,0.0,
SafetyCarGoal1-v0,pointwise_v2,starv2_resume_300k_SafetyCarGoal1_v0_selected_pointwise_v2_pointwise_v2_s14,90000,0.0,0.0,0.0,0.0,0.0,0.0,
SafetyCarGoal1-v0,pointwise_v2,starv2_resume_300k_SafetyCarGoal1_v0_selected_pointwise_v2_pointwise_v2_s14,95000,0.0,0.0,0.0,0.0,0.0,0.0,
SafetyCarGoal1-v0,pointwise_v2,starv2_resume_300k_SafetyCarGoal1_v0_selected_pointwise_v2_pointwise_v2_s14,100000,0.0,0.0,0.0,0.0,0.0,0.0,
SafetyCarGoal1-v0,pointwise_v2,starv2_resume_300k_SafetyCarGoal1_v0_selected_pointwise_v2_pointwise_v2_s14,105000,0.0,0.0,0.0,0.0,0.0,0.0,
SafetyCarGoal1-v0,pointwise_v2,starv2_resume_300k_SafetyCarGoal1_v0_selected_pointwise_v2_pointwise_v2_s14,110000,0.0,0.0,0.0,0.0,0.0,0.0,
SafetyCarGoal1-v0,pointwise_v2,starv2_resume_300k_SafetyCarGoal1_v0_selected_pointwise_v2_pointwise_v2_s14,115000,0.0,0.0,0.0,0.0,0.0,0.0,
SafetyCarGoal1-v0,pointwise_v2,starv2_resume_300k_SafetyCarGoal1_v0_selected_pointwise_v2_pointwise_v2_s14,120000,0.0,0.0,0.0,0.0,0.0,0.0,
SafetyCarGoal1-v0,pointwise_v2,starv2_resume_300k_SafetyCarGoal1_v0_selected_pointwise_v2_pointwise_v2_s14,125000,0.0,0.0,0.0,0.0,0.0,0.0,
SafetyCarGoal1-v0,pointwise_v2,starv2_resume_300k_SafetyCarGoal1_v0_selected_pointwise_v2_pointwise_v2_s14,130000,0.0,0.0,0.0,0.0,0.0,0.0,
SafetyCarGoal1-v0,pointwise_v2,starv2_resume_300k_SafetyCarGoal1_v0_selected_pointwise_v2_pointwise_v2_s14,135000,0.0,0.0,0.0,0.0,0.0,0.0,
SafetyCarGoal1-v0,pointwise_v2,starv2_resume_300k_SafetyCarGoal1_v0_selected_pointwise_v2_pointwise_v2_s14,140000,0.0,0.0,0.0,0.0,0.0,0.0,
SafetyCarGoal1-v0,pointwise_v2,starv2_resume_300k_SafetyCarGoal1_v0_selected_pointwise_v2_pointwise_v2_s14,145000,0.0,0.0,0.0,0.0,0.0,0.0,
SafetyCarGoal1-v0,pointwise_v2,starv2_resume_300k_SafetyCarGoal1_v0_selected_pointwise_v2_pointwise_v2_s14,150000,0.0,0.0,0.0,0.0,0.0,0.0,
SafetyCarGoal1-v0,pointwise_v2,starv2_resume_300k_SafetyCarGoal1_v0_selected_pointwise_v2_pointwise_v2_s14,155000,0.0,0.0,0.0,0.0,0.0,0.0,
SafetyCarGoal1-v0,pointwise_v2,starv2_resume_300k_SafetyCarGoal1_v0_selected_pointwise_v2_pointwise_v2_s14,160000,0.0,0.0,0.0,0.0,0.0,0.0,
SafetyCarGoal1-v0,pointwise_v2,starv2_resume_300k_SafetyCarGoal1_v0_selected_pointwise_v2_pointwise_v2_s14,165000,0.0,0.0,0.0,0.0,0.0,0.0,
SafetyCarGoal1-v0,pointwise_v2,starv2_resume_300k_SafetyCarGoal1_v0_selected_pointwise_v2_pointwise_v2_s14,170000,0.0,0.0,0.0,0.0,0.0,0.0,
SafetyCarGoal1-v0,pointwise_v2,starv2_resume_300k_SafetyCarGoal1_v0_selected_pointwise_v2_pointwise_v2_s14,175000,0.0,0.0,0.0,0.0,0.0,0.0,
SafetyCarGoal1-v0,pointwise_v2,starv2_resume_300k_SafetyCarGoal1_v0_selected_pointwise_v2_pointwise_v2_s14,180000,0.0,0.0,0.0,0.0,0.0,0.0,
SafetyCarGoal1-v0,pointwise_v2,starv2_resume_300k_SafetyCarGoal1_v0_selected_pointwise_v2_pointwise_v2_s14,185000,0.0,0.0,0.0,0.0,0.0,0.0,
SafetyCarGoal1-v0,pointwise_v2,starv2_resume_300k_SafetyCarGoal1_v0_selected_pointwise_v2_pointwise_v2_s14,190000,0.0,0.0,0.0,0.0,0.0,0.0,
SafetyCarGoal1-v0,pointwise_v2,starv2_resume_300k_SafetyCarGoal1_v0_selected_pointwise_v2_pointwise_v2_s14,195000,0.0,0.0,0.0,0.0,0.0,0.0,
SafetyCarGoal1-v0,pointwise_v2,starv2_resume_300k_SafetyCarGoal1_v0_selected_pointwise_v2_pointwise_v2_s14,200000,0.0,0.0,0.0,0.0,0.0,0.0,
SafetyCarGoal1-v0,pointwise_v2,starv2_resume_300k_SafetyCarGoal1_v0_selected_pointwise_v2_pointwise_v2_s14,205000,0.0,0.0,0.0,0.0,0.0,0.0,
SafetyCarGoal1-v0,pointwise_v2,starv2_resume_300k_SafetyCarGoal1_v0_selected_pointwise_v2_pointwise_v2_s14,210000,0.0,0.0,0.0,0.0,0.0,0.0,
SafetyCarGoal1-v0,pointwise_v2,starv2_resume_300k_SafetyCarGoal1_v0_selected_pointwise_v2_pointwise_v2_s14,215000,0.0,0.0,0.0,0.0,0.0,0.0,
SafetyCarGoal1-v0,pointwise_v2,starv2_resume_300k_SafetyCarGoal1_v0_selected_pointwise_v2_pointwise_v2_s14,220000,0.0,0.0,0.0,0.0,0.0,0.0,
SafetyCarGoal1-v0,pointwise_v2,starv2_resume_300k_SafetyCarGoal1_v0_selected_pointwise_v2_pointwise_v2_s14,225000,0.0,0.0,0.0,0.0,0.0,0.0,
SafetyCarGoal1-v0,pointwise_v2,starv2_resume_300k_SafetyCarGoal1_v0_selected_pointwise_v2_pointwise_v2_s14,230000,0.0,0.0,0.0,0.0,0.0,0.0,
SafetyCarGoal1-v0,pointwise_v2,starv2_resume_300k_SafetyCarGoal1_v0_selected_pointwise_v2_pointwise_v2_s14,235000,0.0,0.0,0.0,0.0,0.0,0.0,
SafetyCarGoal1-v0,pointwise_v2,starv2_resume_300k_SafetyCarGoal1_v0_selected_pointwise_v2_pointwise_v2_s14,240000,0.0,0.0,0.0,0.0,0.0,0.0,
SafetyCarGoal1-v0,pointwise_v2,starv2_resume_300k_SafetyCarGoal1_v0_selected_pointwise_v2_pointwise_v2_s14,245000,0.0,0.0,0.0,0.0,0.0,0.0,
SafetyCarGoal1-v0,pointwise_v2,starv2_resume_300k_SafetyCarGoal1_v0_selected_pointwise_v2_pointwise_v2_s14,250000,0.0,0.0,0.0,0.0,0.0,0.0,
SafetyCarGoal1-v0,pointwise_v2,starv2_resume_300k_SafetyCarGoal1_v0_selected_pointwise_v2_pointwise_v2_s14,255000,0.0,0.0,0.0,0.0,0.0,0.0,
SafetyCarGoal1-v0,pointwise_v2,starv2_resume_300k_SafetyCarGoal1_v0_selected_pointwise_v2_pointwise_v2_s14,260000,0.0,0.0,0.0,0.0,0.0,0.0,
SafetyCarGoal1-v0,pointwise_v2,starv2_resume_300k_SafetyCarGoal1_v0_selected_pointwise_v2_pointwise_v2_s14,265000,0.0,0.0,0.0,0.0,0.0,0.0,
SafetyCarGoal1-v0,pointwise_v2,starv2_resume_300k_SafetyCarGoal1_v0_selected_pointwise_v2_pointwise_v2_s14,270000,0.0,0.0,0.0,0.0,0.0,0.0,
SafetyCarGoal1-v0,pointwise_v2,starv2_resume_300k_SafetyCarGoal1_v0_selected_pointwise_v2_pointwise_v2_s14,275000,0.0,0.0,0.0,0.0,0.0,0.0,
SafetyCarGoal1-v0,pointwise_v2,starv2_resume_300k_SafetyCarGoal1_v0_selected_pointwise_v2_pointwise_v2_s14,280000,0.0,0.0,0.0,0.0,0.0,0.0,
SafetyCarGoal1-v0,pointwise_v2,starv2_resume_300k_SafetyCarGoal1_v0_selected_pointwise_v2_pointwise_v2_s14,285000,0.0,0.0,0.0,0.0,0.0,0.0,
SafetyCarGoal1-v0,pointwise_v2,starv2_resume_300k_SafetyCarGoal1_v0_selected_pointwise_v2_pointwise_v2_s14,290000,0.0,0.0,0.0,0.0,0.0,0.0,
SafetyCarGoal1-v0,pointwise_v2,starv2_resume_300k_SafetyCarGoal1_v0_selected_pointwise_v2_pointwise_v2_s14,295000,0.0,0.0,0.0,0.0,0.0,0.0,
SafetyCarGoal1-v0,sac_lag,starv2_core_100k_SafetyCarGoal1_v0_selected_sac_lag_sac_lag_s10,100000,0.0,0.0,0.0,0.0,0.0,0.0,
SafetyCarGoal1-v0,sac_lag,starv2_core_100k_SafetyCarGoal1_v0_selected_sac_lag_sac_lag_s10,105000,0.0,0.0,0.0,0.0,0.0,0.0,
SafetyCarGoal1-v0,sac_lag,starv2_core_100k_SafetyCarGoal1_v0_selected_sac_lag_sac_lag_s10,110000,0.0,0.0,0.0,0.0,0.0,0.0,
SafetyCarGoal1-v0,sac_lag,starv2_core_100k_SafetyCarGoal1_v0_selected_sac_lag_sac_lag_s10,115000,0.0,0.0,0.0,0.0,0.0,0.0,
SafetyCarGoal1-v0,sac_lag,starv2_core_100k_SafetyCarGoal1_v0_selected_sac_lag_sac_lag_s10,120000,0.0,0.0,0.0,0.0,0.0,0.0,
SafetyCarGoal1-v0,sac_lag,starv2_core_100k_SafetyCarGoal1_v0_selected_sac_lag_sac_lag_s10,125000,0.0,0.0,0.0,0.0,0.0,0.0,
SafetyCarGoal1-v0,sac_lag,starv2_core_100k_SafetyCarGoal1_v0_selected_sac_lag_sac_lag_s10,130000,0.0,0.0,0.0,0.0,0.0,0.0,
SafetyCarGoal1-v0,sac_lag,starv2_core_100k_SafetyCarGoal1_v0_selected_sac_lag_sac_lag_s10,135000,0.0,0.0,0.0,0.0,0.0,0.0,
SafetyCarGoal1-v0,sac_lag,starv2_core_100k_SafetyCarGoal1_v0_selected_sac_lag_sac_lag_s10,140000,0.0,0.0,0.0,0.0,0.0,0.0,
SafetyCarGoal1-v0,sac_lag,starv2_core_100k_SafetyCarGoal1_v0_selected_sac_lag_sac_lag_s10,145000,0.0,0.0,0.0,0.0,0.0,0.0,
SafetyCarGoal1-v0,sac_lag,starv2_core_100k_SafetyCarGoal1_v0_selected_sac_lag_sac_lag_s10,150000,0.0,0.0,0.0,0.0,0.0,0.0,
SafetyCarGoal1-v0,sac_lag,starv2_core_100k_SafetyCarGoal1_v0_selected_sac_lag_sac_lag_s10,155000,0.0,0.0,0.0,0.0,0.0,0.0,
SafetyCarGoal1-v0,sac_lag,starv2_core_100k_SafetyCarGoal1_v0_selected_sac_lag_sac_lag_s10,160000,0.0,0.0,0.0,0.0,0.0,0.0,
SafetyCarGoal1-v0,sac_lag,starv2_core_100k_SafetyCarGoal1_v0_selected_sac_lag_sac_lag_s10,165000,0.0,0.0,0.0,0.0,0.0,0.0,
SafetyCarGoal1-v0,sac_lag,starv2_core_100k_SafetyCarGoal1_v0_selected_sac_lag_sac_lag_s10,170000,0.0,0.0,0.0,0.0,0.0,0.0,
SafetyCarGoal1-v0,sac_lag,starv2_core_100k_SafetyCarGoal1_v0_selected_sac_lag_sac_lag_s10,175000,0.0,0.0,0.0,0.0,0.0,0.0,
SafetyCarGoal1-v0,sac_lag,starv2_core_100k_SafetyCarGoal1_v0_selected_sac_lag_sac_lag_s10,180000,0.0,0.0,0.0,0.0,0.0,0.0,
SafetyCarGoal1-v0,sac_lag,starv2_core_100k_SafetyCarGoal1_v0_selected_sac_lag_sac_lag_s10,185000,0.0,0.0,0.0,0.0,0.0,0.0,
SafetyCarGoal1-v0,sac_lag,starv2_core_100k_SafetyCarGoal1_v0_selected_sac_lag_sac_lag_s10,190000,0.0,0.0,0.0,0.0,0.0,0.0,
SafetyCarGoal1-v0,sac_lag,starv2_core_100k_SafetyCarGoal1_v0_selected_sac_lag_sac_lag_s10,195000,0.0,0.0,0.0,0.0,0.0,0.0,
SafetyCarGoal1-v0,sac_lag,starv2_core_100k_SafetyCarGoal1_v0_selected_sac_lag_sac_lag_s10,200000,0.0,0.0,0.0,0.0,0.0,0.0,
SafetyCarGoal1-v0,sac_lag,starv2_core_100k_SafetyCarGoal1_v0_selected_sac_lag_sac_lag_s10,205000,0.0,0.0,0.0,0.0,0.0,0.0,
SafetyCarGoal1-v0,sac_lag,starv2_core_100k_SafetyCarGoal1_v0_selected_sac_lag_sac_lag_s10,210000,0.0,0.0,0.0,0.0,0.0,0.0,
SafetyCarGoal1-v0,sac_lag,starv2_core_100k_SafetyCarGoal1_v0_selected_sac_lag_sac_lag_s10,215000,0.0,0.0,0.0,0.0,0.0,0.0,
SafetyCarGoal1-v0,sac_lag,starv2_core_100k_SafetyCarGoal1_v0_selected_sac_lag_sac_lag_s10,220000,0.0,0.0,0.0,0.0,0.0,0.0,
SafetyCarGoal1-v0,sac_lag,starv2_core_100k_SafetyCarGoal1_v0_selected_sac_lag_sac_lag_s10,225000,0.0,0.0,0.0,0.0,0.0,0.0,
SafetyCarGoal1-v0,sac_lag,starv2_core_100k_SafetyCarGoal1_v0_selected_sac_lag_sac_lag_s10,230000,0.0,0.0,0.0,0.0,0.0,0.0,
SafetyCarGoal1-v0,sac_lag,starv2_core_100k_SafetyCarGoal1_v0_selected_sac_lag_sac_lag_s10,235000,0.0,0.0,0.0,0.0,0.0,0.0,
SafetyCarGoal1-v0,sac_lag,starv2_core_100k_SafetyCarGoal1_v0_selected_sac_lag_sac_lag_s10,240000,0.0,0.0,0.0,0.0,0.0,0.0,
SafetyCarGoal1-v0,sac_lag,starv2_core_100k_SafetyCarGoal1_v0_selected_sac_lag_sac_lag_s10,245000,0.0,0.0,0.0,0.0,0.0,0.0,
SafetyCarGoal1-v0,sac_lag,starv2_core_100k_SafetyCarGoal1_v0_selected_sac_lag_sac_lag_s10,250000,0.0,0.0,0.0,0.0,0.0,0.0,
SafetyCarGoal1-v0,sac_lag,starv2_core_100k_SafetyCarGoal1_v0_selected_sac_lag_sac_lag_s10,255000,0.0,0.0,0.0,0.0,0.0,0.0,
SafetyCarGoal1-v0,sac_lag,starv2_core_100k_SafetyCarGoal1_v0_selected_sac_lag_sac_lag_s10,260000,0.0,0.0,0.0,0.0,0.0,0.0,
SafetyCarGoal1-v0,sac_lag,starv2_core_100k_SafetyCarGoal1_v0_selected_sac_lag_sac_lag_s10,265000,0.0,0.0,0.0,0.0,0.0,0.0,
SafetyCarGoal1-v0,sac_lag,starv2_core_100k_SafetyCarGoal1_v0_selected_sac_lag_sac_lag_s10,270000,0.0,0.0,0.0,0.0,0.0,0.0,
SafetyCarGoal1-v0,sac_lag,starv2_core_100k_SafetyCarGoal1_v0_selected_sac_lag_sac_lag_s10,275000,0.0,0.0,0.0,0.0,0.0,0.0,
SafetyCarGoal1-v0,sac_lag,starv2_core_100k_SafetyCarGoal1_v0_selected_sac_lag_sac_lag_s10,280000,0.0,0.0,0.0,0.0,0.0,0.0,
SafetyCarGoal1-v0,sac_lag,starv2_core_100k_SafetyCarGoal1_v0_selected_sac_lag_sac_lag_s10,285000,0.0,0.0,0.0,0.0,0.0,0.0,
SafetyCarGoal1-v0,sac_lag,starv2_core_100k_SafetyCarGoal1_v0_selected_sac_lag_sac_lag_s10,290000,0.0,0.0,0.0,0.0,0.0,0.0,
SafetyCarGoal1-v0,sac_lag,starv2_core_100k_SafetyCarGoal1_v0_selected_sac_lag_sac_lag_s10,295000,0.0,0.0,0.0,0.0,0.0,0.0,
SafetyCarGoal1-v0,sac_lag,starv2_core_100k_SafetyCarGoal1_v0_selected_sac_lag_sac_lag_s11,100000,0.0,0.0,0.0,0.0,0.0,0.0,
SafetyCarGoal1-v0,sac_lag,starv2_core_100k_SafetyCarGoal1_v0_selected_sac_lag_sac_lag_s11,105000,0.0,0.0,0.0,0.0,0.0,0.0,
SafetyCarGoal1-v0,sac_lag,starv2_core_100k_SafetyCarGoal1_v0_selected_sac_lag_sac_lag_s11,110000,0.0,0.0,0.0,0.0,0.0,0.0,
SafetyCarGoal1-v0,sac_lag,starv2_core_100k_SafetyCarGoal1_v0_selected_sac_lag_sac_lag_s11,115000,0.0,0.0,0.0,0.0,0.0,0.0,
SafetyCarGoal1-v0,sac_lag,starv2_core_100k_SafetyCarGoal1_v0_selected_sac_lag_sac_lag_s11,120000,0.0,0.0,0.0,0.0,0.0,0.0,
SafetyCarGoal1-v0,sac_lag,starv2_core_100k_SafetyCarGoal1_v0_selected_sac_lag_sac_lag_s11,125000,0.0,0.0,0.0,0.0,0.0,0.0,
SafetyCarGoal1-v0,sac_lag,starv2_core_100k_SafetyCarGoal1_v0_selected_sac_lag_sac_lag_s11,130000,0.0,0.0,0.0,0.0,0.0,0.0,
SafetyCarGoal1-v0,sac_lag,starv2_core_100k_SafetyCarGoal1_v0_selected_sac_lag_sac_lag_s11,135000,0.0,0.0,0.0,0.0,0.0,0.0,
SafetyCarGoal1-v0,sac_lag,starv2_core_100k_SafetyCarGoal1_v0_selected_sac_lag_sac_lag_s11,140000,0.0,0.0,0.0,0.0,0.0,0.0,
SafetyCarGoal1-v0,sac_lag,starv2_core_100k_SafetyCarGoal1_v0_selected_sac_lag_sac_lag_s11,145000,0.0,0.0,0.0,0.0,0.0,0.0,
SafetyCarGoal1-v0,sac_lag,starv2_core_100k_SafetyCarGoal1_v0_selected_sac_lag_sac_lag_s11,150000,0.0,0.0,0.0,0.0,0.0,0.0,
SafetyCarGoal1-v0,sac_lag,starv2_core_100k_SafetyCarGoal1_v0_selected_sac_lag_sac_lag_s11,155000,0.0,0.0,0.0,0.0,0.0,0.0,
SafetyCarGoal1-v0,sac_lag,starv2_core_100k_SafetyCarGoal1_v0_selected_sac_lag_sac_lag_s11,160000,0.0,0.0,0.0,0.0,0.0,0.0,
SafetyCarGoal1-v0,sac_lag,starv2_core_100k_SafetyCarGoal1_v0_selected_sac_lag_sac_lag_s11,165000,0.0,0.0,0.0,0.0,0.0,0.0,
SafetyCarGoal1-v0,sac_lag,starv2_core_100k_SafetyCarGoal1_v0_selected_sac_lag_sac_lag_s11,170000,0.0,0.0,0.0,0.0,0.0,0.0,
SafetyCarGoal1-v0,sac_lag,starv2_core_100k_SafetyCarGoal1_v0_selected_sac_lag_sac_lag_s11,175000,0.0,0.0,0.0,0.0,0.0,0.0,
SafetyCarGoal1-v0,sac_lag,starv2_core_100k_SafetyCarGoal1_v0_selected_sac_lag_sac_lag_s11,180000,0.0,0.0,0.0,0.0,0.0,0.0,
SafetyCarGoal1-v0,sac_lag,starv2_core_100k_SafetyCarGoal1_v0_selected_sac_lag_sac_lag_s11,185000,0.0,0.0,0.0,0.0,0.0,0.0,
SafetyCarGoal1-v0,sac_lag,starv2_core_100k_SafetyCarGoal1_v0_selected_sac_lag_sac_lag_s11,190000,0.0,0.0,0.0,0.0,0.0,0.0,
SafetyCarGoal1-v0,sac_lag,starv2_core_100k_SafetyCarGoal1_v0_selected_sac_lag_sac_lag_s11,195000,0.0,0.0,0.0,0.0,0.0,0.0,
SafetyCarGoal1-v0,sac_lag,starv2_core_100k_SafetyCarGoal1_v0_selected_sac_lag_sac_lag_s11,200000,0.0,0.0,0.0,0.0,0.0,0.0,
SafetyCarGoal1-v0,sac_lag,starv2_core_100k_SafetyCarGoal1_v0_selected_sac_lag_sac_lag_s11,205000,0.0,0.0,0.0,0.0,0.0,0.0,
SafetyCarGoal1-v0,sac_lag,starv2_core_100k_SafetyCarGoal1_v0_selected_sac_lag_sac_lag_s11,210000,0.0,0.0,0.0,0.0,0.0,0.0,
SafetyCarGoal1-v0,sac_lag,starv2_core_100k_SafetyCarGoal1_v0_selected_sac_lag_sac_lag_s11,215000,0.0,0.0,0.0,0.0,0.0,0.0,
SafetyCarGoal1-v0,sac_lag,starv2_core_100k_SafetyCarGoal1_v0_selected_sac_lag_sac_lag_s11,220000,0.0,0.0,0.0,0.0,0.0,0.0,
SafetyCarGoal1-v0,sac_lag,starv2_core_100k_SafetyCarGoal1_v0_selected_sac_lag_sac_lag_s11,225000,0.0,0.0,0.0,0.0,0.0,0.0,
SafetyCarGoal1-v0,sac_lag,starv2_core_100k_SafetyCarGoal1_v0_selected_sac_lag_sac_lag_s11,230000,0.0,0.0,0.0,0.0,0.0,0.0,
SafetyCarGoal1-v0,sac_lag,starv2_core_100k_SafetyCarGoal1_v0_selected_sac_lag_sac_lag_s11,235000,0.0,0.0,0.0,0.0,0.0,0.0,
SafetyCarGoal1-v0,sac_lag,starv2_core_100k_SafetyCarGoal1_v0_selected_sac_lag_sac_lag_s11,240000,0.0,0.0,0.0,0.0,0.0,0.0,
SafetyCarGoal1-v0,sac_lag,starv2_core_100k_SafetyCarGoal1_v0_selected_sac_lag_sac_lag_s11,245000,0.0,0.0,0.0,0.0,0.0,0.0,
SafetyCarGoal1-v0,sac_lag,starv2_core_100k_SafetyCarGoal1_v0_selected_sac_lag_sac_lag_s11,250000,0.0,0.0,0.0,0.0,0.0,0.0,
SafetyCarGoal1-v0,sac_lag,starv2_core_100k_SafetyCarGoal1_v0_selected_sac_lag_sac_lag_s11,255000,0.0,0.0,0.0,0.0,0.0,0.0,
SafetyCarGoal1-v0,sac_lag,starv2_core_100k_SafetyCarGoal1_v0_selected_sac_lag_sac_lag_s11,260000,0.0,0.0,0.0,0.0,0.0,0.0,
SafetyCarGoal1-v0,sac_lag,starv2_core_100k_SafetyCarGoal1_v0_selected_sac_lag_sac_lag_s11,265000,0.0,0.0,0.0,0.0,0.0,0.0,
SafetyCarGoal1-v0,sac_lag,starv2_core_100k_SafetyCarGoal1_v0_selected_sac_lag_sac_lag_s11,270000,0.0,0.0,0.0,0.0,0.0,0.0,
SafetyCarGoal1-v0,sac_lag,starv2_core_100k_SafetyCarGoal1_v0_selected_sac_lag_sac_lag_s11,275000,0.0,0.0,0.0,0.0,0.0,0.0,
SafetyCarGoal1-v0,sac_lag,starv2_core_100k_SafetyCarGoal1_v0_selected_sac_lag_sac_lag_s11,280000,0.0,0.0,0.0,0.0,0.0,0.0,
SafetyCarGoal1-v0,sac_lag,starv2_core_100k_SafetyCarGoal1_v0_selected_sac_lag_sac_lag_s11,285000,0.0,0.0,0.0,0.0,0.0,0.0,
SafetyCarGoal1-v0,sac_lag,starv2_core_100k_SafetyCarGoal1_v0_selected_sac_lag_sac_lag_s11,290000,0.0,0.0,0.0,0.0,0.0,0.0,
SafetyCarGoal1-v0,sac_lag,starv2_core_100k_SafetyCarGoal1_v0_selected_sac_lag_sac_lag_s11,295000,0.0,0.0,0.0,0.0,0.0,0.0,
SafetyCarGoal1-v0,sac_lag,starv2_core_100k_SafetyCarGoal1_v0_selected_sac_lag_sac_lag_s12,100000,0.0,0.0,0.0,0.0,0.0,0.0,
SafetyCarGoal1-v0,sac_lag,starv2_core_100k_SafetyCarGoal1_v0_selected_sac_lag_sac_lag_s12,105000,0.0,0.0,0.0,0.0,0.0,0.0,
SafetyCarGoal1-v0,sac_lag,starv2_core_100k_SafetyCarGoal1_v0_selected_sac_lag_sac_lag_s12,110000,0.0,0.0,0.0,0.0,0.0,0.0,
SafetyCarGoal1-v0,sac_lag,starv2_core_100k_SafetyCarGoal1_v0_selected_sac_lag_sac_lag_s12,115000,0.0,0.0,0.0,0.0,0.0,0.0,
SafetyCarGoal1-v0,sac_lag,starv2_core_100k_SafetyCarGoal1_v0_selected_sac_lag_sac_lag_s12,120000,0.0,0.0,0.0,0.0,0.0,0.0,
SafetyCarGoal1-v0,sac_lag,starv2_core_100k_SafetyCarGoal1_v0_selected_sac_lag_sac_lag_s12,125000,0.0,0.0,0.0,0.0,0.0,0.0,
SafetyCarGoal1-v0,sac_lag,starv2_core_100k_SafetyCarGoal1_v0_selected_sac_lag_sac_lag_s12,130000,0.0,0.0,0.0,0.0,0.0,0.0,
SafetyCarGoal1-v0,sac_lag,starv2_core_100k_SafetyCarGoal1_v0_selected_sac_lag_sac_lag_s12,135000,0.0,0.0,0.0,0.0,0.0,0.0,
SafetyCarGoal1-v0,sac_lag,starv2_core_100k_SafetyCarGoal1_v0_selected_sac_lag_sac_lag_s12,140000,0.0,0.0,0.0,0.0,0.0,0.0,
SafetyCarGoal1-v0,sac_lag,starv2_core_100k_SafetyCarGoal1_v0_selected_sac_lag_sac_lag_s12,145000,0.0,0.0,0.0,0.0,0.0,0.0,
SafetyCarGoal1-v0,sac_lag,starv2_core_100k_SafetyCarGoal1_v0_selected_sac_lag_sac_lag_s12,150000,0.0,0.0,0.0,0.0,0.0,0.0,
SafetyCarGoal1-v0,sac_lag,starv2_core_100k_SafetyCarGoal1_v0_selected_sac_lag_sac_lag_s12,155000,0.0,0.0,0.0,0.0,0.0,0.0,
SafetyCarGoal1-v0,sac_lag,starv2_core_100k_SafetyCarGoal1_v0_selected_sac_lag_sac_lag_s12,160000,0.0,0.0,0.0,0.0,0.0,0.0,
SafetyCarGoal1-v0,sac_lag,starv2_core_100k_SafetyCarGoal1_v0_selected_sac_lag_sac_lag_s12,165000,0.0,0.0,0.0,0.0,0.0,0.0,
SafetyCarGoal1-v0,sac_lag,starv2_core_100k_SafetyCarGoal1_v0_selected_sac_lag_sac_lag_s12,170000,0.0,0.0,0.0,0.0,0.0,0.0,
SafetyCarGoal1-v0,sac_lag,starv2_core_100k_SafetyCarGoal1_v0_selected_sac_lag_sac_lag_s12,175000,0.0,0.0,0.0,0.0,0.0,0.0,
SafetyCarGoal1-v0,sac_lag,starv2_core_100k_SafetyCarGoal1_v0_selected_sac_lag_sac_lag_s12,180000,0.0,0.0,0.0,0.0,0.0,0.0,
SafetyCarGoal1-v0,sac_lag,starv2_core_100k_SafetyCarGoal1_v0_selected_sac_lag_sac_lag_s12,185000,0.0,0.0,0.0,0.0,0.0,0.0,
SafetyCarGoal1-v0,sac_lag,starv2_core_100k_SafetyCarGoal1_v0_selected_sac_lag_sac_lag_s12,190000,0.0,0.0,0.0,0.0,0.0,0.0,
SafetyCarGoal1-v0,sac_lag,starv2_core_100k_SafetyCarGoal1_v0_selected_sac_lag_sac_lag_s12,195000,0.0,0.0,0.0,0.0,0.0,0.0,
SafetyCarGoal1-v0,sac_lag,starv2_core_100k_SafetyCarGoal1_v0_selected_sac_lag_sac_lag_s12,200000,0.0,0.0,0.0,0.0,0.0,0.0,
SafetyCarGoal1-v0,sac_lag,starv2_core_100k_SafetyCarGoal1_v0_selected_sac_lag_sac_lag_s12,205000,0.0,0.0,0.0,0.0,0.0,0.0,
SafetyCarGoal1-v0,sac_lag,starv2_core_100k_SafetyCarGoal1_v0_selected_sac_lag_sac_lag_s12,210000,0.0,0.0,0.0,0.0,0.0,0.0,
SafetyCarGoal1-v0,sac_lag,starv2_core_100k_SafetyCarGoal1_v0_selected_sac_lag_sac_lag_s12,215000,0.0,0.0,0.0,0.0,0.0,0.0,
SafetyCarGoal1-v0,sac_lag,starv2_core_100k_SafetyCarGoal1_v0_selected_sac_lag_sac_lag_s12,220000,0.0,0.0,0.0,0.0,0.0,0.0,
SafetyCarGoal1-v0,sac_lag,starv2_core_100k_SafetyCarGoal1_v0_selected_sac_lag_sac_lag_s12,225000,0.0,0.0,0.0,0.0,0.0,0.0,
SafetyCarGoal1-v0,sac_lag,starv2_core_100k_SafetyCarGoal1_v0_selected_sac_lag_sac_lag_s12,230000,0.0,0.0,0.0,0.0,0.0,0.0,
SafetyCarGoal1-v0,sac_lag,starv2_core_100k_SafetyCarGoal1_v0_selected_sac_lag_sac_lag_s12,235000,0.0,0.0,0.0,0.0,0.0,0.0,
SafetyCarGoal1-v0,sac_lag,starv2_core_100k_SafetyCarGoal1_v0_selected_sac_lag_sac_lag_s12,240000,0.0,0.0,0.0,0.0,0.0,0.0,
SafetyCarGoal1-v0,sac_lag,starv2_core_100k_SafetyCarGoal1_v0_selected_sac_lag_sac_lag_s12,245000,0.0,0.0,0.0,0.0,0.0,0.0,
SafetyCarGoal1-v0,sac_lag,starv2_core_100k_SafetyCarGoal1_v0_selected_sac_lag_sac_lag_s12,250000,0.0,0.0,0.0,0.0,0.0,0.0,
SafetyCarGoal1-v0,sac_lag,starv2_core_100k_SafetyCarGoal1_v0_selected_sac_lag_sac_lag_s12,255000,0.0,0.0,0.0,0.0,0.0,0.0,
SafetyCarGoal1-v0,sac_lag,starv2_core_100k_SafetyCarGoal1_v0_selected_sac_lag_sac_lag_s12,260000,0.0,0.0,0.0,0.0,0.0,0.0,
SafetyCarGoal1-v0,sac_lag,starv2_core_100k_SafetyCarGoal1_v0_selected_sac_lag_sac_lag_s12,265000,0.0,0.0,0.0,0.0,0.0,0.0,
SafetyCarGoal1-v0,sac_lag,starv2_core_100k_SafetyCarGoal1_v0_selected_sac_lag_sac_lag_s12,270000,0.0,0.0,0.0,0.0,0.0,0.0,
SafetyCarGoal1-v0,sac_lag,starv2_core_100k_SafetyCarGoal1_v0_selected_sac_lag_sac_lag_s12,275000,0.0,0.0,0.0,0.0,0.0,0.0,
SafetyCarGoal1-v0,sac_lag,starv2_core_100k_SafetyCarGoal1_v0_selected_sac_lag_sac_lag_s12,280000,0.0,0.0,0.0,0.0,0.0,0.0,
SafetyCarGoal1-v0,sac_lag,starv2_core_100k_SafetyCarGoal1_v0_selected_sac_lag_sac_lag_s12,285000,0.0,0.0,0.0,0.0,0.0,0.0,
SafetyCarGoal1-v0,sac_lag,starv2_core_100k_SafetyCarGoal1_v0_selected_sac_lag_sac_lag_s12,290000,0.0,0.0,0.0,0.0,0.0,0.0,
SafetyCarGoal1-v0,sac_lag,starv2_core_100k_SafetyCarGoal1_v0_selected_sac_lag_sac_lag_s12,295000,0.0,0.0,0.0,0.0,0.0,0.0,
SafetyCarGoal1-v0,sac_lag,starv2_resume_300k_SafetyCarGoal1_v0_selected_sac_lag_sac_lag_s13,5000,0.0,0.0,0.0,0.0,0.0,0.0,
SafetyCarGoal1-v0,sac_lag,starv2_resume_300k_SafetyCarGoal1_v0_selected_sac_lag_sac_lag_s13,10000,0.0,0.0,0.0,0.0,0.0,0.0,
SafetyCarGoal1-v0,sac_lag,starv2_resume_300k_SafetyCarGoal1_v0_selected_sac_lag_sac_lag_s13,15000,0.0,0.0,0.0,0.0,0.0,0.0,
SafetyCarGoal1-v0,sac_lag,starv2_resume_300k_SafetyCarGoal1_v0_selected_sac_lag_sac_lag_s13,20000,0.0,0.0,0.0,0.0,0.0,0.0,
SafetyCarGoal1-v0,sac_lag,starv2_resume_300k_SafetyCarGoal1_v0_selected_sac_lag_sac_lag_s13,25000,0.0,0.0,0.0,0.0,0.0,0.0,
SafetyCarGoal1-v0,sac_lag,starv2_resume_300k_SafetyCarGoal1_v0_selected_sac_lag_sac_lag_s13,30000,0.0,0.0,0.0,0.0,0.0,0.0,
SafetyCarGoal1-v0,sac_lag,starv2_resume_300k_SafetyCarGoal1_v0_selected_sac_lag_sac_lag_s13,35000,0.0,0.0,0.0,0.0,0.0,0.0,
SafetyCarGoal1-v0,sac_lag,starv2_resume_300k_SafetyCarGoal1_v0_selected_sac_lag_sac_lag_s13,40000,0.0,0.0,0.0,0.0,0.0,0.0,
SafetyCarGoal1-v0,sac_lag,starv2_resume_300k_SafetyCarGoal1_v0_selected_sac_lag_sac_lag_s13,45000,0.0,0.0,0.0,0.0,0.0,0.0,
SafetyCarGoal1-v0,sac_lag,starv2_resume_300k_SafetyCarGoal1_v0_selected_sac_lag_sac_lag_s13,50000,0.0,0.0,0.0,0.0,0.0,0.0,
SafetyCarGoal1-v0,sac_lag,starv2_resume_300k_SafetyCarGoal1_v0_selected_sac_lag_sac_lag_s13,55000,0.0,0.0,0.0,0.0,0.0,0.0,
SafetyCarGoal1-v0,sac_lag,starv2_resume_300k_SafetyCarGoal1_v0_selected_sac_lag_sac_lag_s13,60000,0.0,0.0,0.0,0.0,0.0,0.0,
SafetyCarGoal1-v0,sac_lag,starv2_resume_300k_SafetyCarGoal1_v0_selected_sac_lag_sac_lag_s13,65000,0.0,0.0,0.0,0.0,0.0,0.0,
SafetyCarGoal1-v0,sac_lag,starv2_resume_300k_SafetyCarGoal1_v0_selected_sac_lag_sac_lag_s13,70000,0.0,0.0,0.0,0.0,0.0,0.0,
SafetyCarGoal1-v0,sac_lag,starv2_resume_300k_SafetyCarGoal1_v0_selected_sac_lag_sac_lag_s13,75000,0.0,0.0,0.0,0.0,0.0,0.0,
SafetyCarGoal1-v0,sac_lag,starv2_resume_300k_SafetyCarGoal1_v0_selected_sac_lag_sac_lag_s13,80000,0.0,0.0,0.0,0.0,0.0,0.0,
SafetyCarGoal1-v0,sac_lag,starv2_resume_300k_SafetyCarGoal1_v0_selected_sac_lag_sac_lag_s13,85000,0.0,0.0,0.0,0.0,0.0,0.0,
SafetyCarGoal1-v0,sac_lag,starv2_resume_300k_SafetyCarGoal1_v0_selected_sac_lag_sac_lag_s13,90000,0.0,0.0,0.0,0.0,0.0,0.0,
SafetyCarGoal1-v0,sac_lag,starv2_resume_300k_SafetyCarGoal1_v0_selected_sac_lag_sac_lag_s13,95000,0.0,0.0,0.0,0.0,0.0,0.0,
SafetyCarGoal1-v0,sac_lag,starv2_resume_300k_SafetyCarGoal1_v0_selected_sac_lag_sac_lag_s13,100000,0.0,0.0,0.0,0.0,0.0,0.0,
SafetyCarGoal1-v0,sac_lag,starv2_resume_300k_SafetyCarGoal1_v0_selected_sac_lag_sac_lag_s13,105000,0.0,0.0,0.0,0.0,0.0,0.0,
SafetyCarGoal1-v0,sac_lag,starv2_resume_300k_SafetyCarGoal1_v0_selected_sac_lag_sac_lag_s13,110000,0.0,0.0,0.0,0.0,0.0,0.0,
SafetyCarGoal1-v0,sac_lag,starv2_resume_300k_SafetyCarGoal1_v0_selected_sac_lag_sac_lag_s13,115000,0.0,0.0,0.0,0.0,0.0,0.0,
SafetyCarGoal1-v0,sac_lag,starv2_resume_300k_SafetyCarGoal1_v0_selected_sac_lag_sac_lag_s13,120000,0.0,0.0,0.0,0.0,0.0,0.0,
SafetyCarGoal1-v0,sac_lag,starv2_resume_300k_SafetyCarGoal1_v0_selected_sac_lag_sac_lag_s13,125000,0.0,0.0,0.0,0.0,0.0,0.0,
SafetyCarGoal1-v0,sac_lag,starv2_resume_300k_SafetyCarGoal1_v0_selected_sac_lag_sac_lag_s13,130000,0.0,0.0,0.0,0.0,0.0,0.0,
SafetyCarGoal1-v0,sac_lag,starv2_resume_300k_SafetyCarGoal1_v0_selected_sac_lag_sac_lag_s13,135000,0.0,0.0,0.0,0.0,0.0,0.0,
SafetyCarGoal1-v0,sac_lag,starv2_resume_300k_SafetyCarGoal1_v0_selected_sac_lag_sac_lag_s13,140000,0.0,0.0,0.0,0.0,0.0,0.0,
SafetyCarGoal1-v0,sac_lag,starv2_resume_300k_SafetyCarGoal1_v0_selected_sac_lag_sac_lag_s13,145000,0.0,0.0,0.0,0.0,0.0,0.0,
SafetyCarGoal1-v0,sac_lag,starv2_resume_300k_SafetyCarGoal1_v0_selected_sac_lag_sac_lag_s13,150000,0.0,0.0,0.0,0.0,0.0,0.0,
SafetyCarGoal1-v0,sac_lag,starv2_resume_300k_SafetyCarGoal1_v0_selected_sac_lag_sac_lag_s13,155000,0.0,0.0,0.0,0.0,0.0,0.0,
SafetyCarGoal1-v0,sac_lag,starv2_resume_300k_SafetyCarGoal1_v0_selected_sac_lag_sac_lag_s13,160000,0.0,0.0,0.0,0.0,0.0,0.0,
SafetyCarGoal1-v0,sac_lag,starv2_resume_300k_SafetyCarGoal1_v0_selected_sac_lag_sac_lag_s13,165000,0.0,0.0,0.0,0.0,0.0,0.0,
SafetyCarGoal1-v0,sac_lag,starv2_resume_300k_SafetyCarGoal1_v0_selected_sac_lag_sac_lag_s13,170000,0.0,0.0,0.0,0.0,0.0,0.0,
SafetyCarGoal1-v0,sac_lag,starv2_resume_300k_SafetyCarGoal1_v0_selected_sac_lag_sac_lag_s13,175000,0.0,0.0,0.0,0.0,0.0,0.0,
SafetyCarGoal1-v0,sac_lag,starv2_resume_300k_SafetyCarGoal1_v0_selected_sac_lag_sac_lag_s13,180000,0.0,0.0,0.0,0.0,0.0,0.0,
SafetyCarGoal1-v0,sac_lag,starv2_resume_300k_SafetyCarGoal1_v0_selected_sac_lag_sac_lag_s13,185000,0.0,0.0,0.0,0.0,0.0,0.0,
SafetyCarGoal1-v0,sac_lag,starv2_resume_300k_SafetyCarGoal1_v0_selected_sac_lag_sac_lag_s13,190000,0.0,0.0,0.0,0.0,0.0,0.0,
SafetyCarGoal1-v0,sac_lag,starv2_resume_300k_SafetyCarGoal1_v0_selected_sac_lag_sac_lag_s13,195000,0.0,0.0,0.0,0.0,0.0,0.0,
SafetyCarGoal1-v0,sac_lag,starv2_resume_300k_SafetyCarGoal1_v0_selected_sac_lag_sac_lag_s13,200000,0.0,0.0,0.0,0.0,0.0,0.0,
SafetyCarGoal1-v0,sac_lag,starv2_resume_300k_SafetyCarGoal1_v0_selected_sac_lag_sac_lag_s13,205000,0.0,0.0,0.0,0.0,0.0,0.0,
SafetyCarGoal1-v0,sac_lag,starv2_resume_300k_SafetyCarGoal1_v0_selected_sac_lag_sac_lag_s13,210000,0.0,0.0,0.0,0.0,0.0,0.0,
SafetyCarGoal1-v0,sac_lag,starv2_resume_300k_SafetyCarGoal1_v0_selected_sac_lag_sac_lag_s13,215000,0.0,0.0,0.0,0.0,0.0,0.0,
SafetyCarGoal1-v0,sac_lag,starv2_resume_300k_SafetyCarGoal1_v0_selected_sac_lag_sac_lag_s13,220000,0.0,0.0,0.0,0.0,0.0,0.0,
SafetyCarGoal1-v0,sac_lag,starv2_resume_300k_SafetyCarGoal1_v0_selected_sac_lag_sac_lag_s13,225000,0.0,0.0,0.0,0.0,0.0,0.0,
SafetyCarGoal1-v0,sac_lag,starv2_resume_300k_SafetyCarGoal1_v0_selected_sac_lag_sac_lag_s13,230000,0.0,0.0,0.0,0.0,0.0,0.0,
SafetyCarGoal1-v0,sac_lag,starv2_resume_300k_SafetyCarGoal1_v0_selected_sac_lag_sac_lag_s13,235000,0.0,0.0,0.0,0.0,0.0,0.0,
SafetyCarGoal1-v0,sac_lag,starv2_resume_300k_SafetyCarGoal1_v0_selected_sac_lag_sac_lag_s13,240000,0.0,0.0,0.0,0.0,0.0,0.0,
SafetyCarGoal1-v0,sac_lag,starv2_resume_300k_SafetyCarGoal1_v0_selected_sac_lag_sac_lag_s13,245000,0.0,0.0,0.0,0.0,0.0,0.0,
SafetyCarGoal1-v0,sac_lag,starv2_resume_300k_SafetyCarGoal1_v0_selected_sac_lag_sac_lag_s13,250000,0.0,0.0,0.0,0.0,0.0,0.0,
SafetyCarGoal1-v0,sac_lag,starv2_resume_300k_SafetyCarGoal1_v0_selected_sac_lag_sac_lag_s13,255000,0.0,0.0,0.0,0.0,0.0,0.0,
SafetyCarGoal1-v0,sac_lag,starv2_resume_300k_SafetyCarGoal1_v0_selected_sac_lag_sac_lag_s13,260000,0.0,0.0,0.0,0.0,0.0,0.0,
SafetyCarGoal1-v0,sac_lag,starv2_resume_300k_SafetyCarGoal1_v0_selected_sac_lag_sac_lag_s13,265000,0.0,0.0,0.0,0.0,0.0,0.0,
SafetyCarGoal1-v0,sac_lag,starv2_resume_300k_SafetyCarGoal1_v0_selected_sac_lag_sac_lag_s13,270000,0.0,0.0,0.0,0.0,0.0,0.0,
SafetyCarGoal1-v0,sac_lag,starv2_resume_300k_SafetyCarGoal1_v0_selected_sac_lag_sac_lag_s13,275000,0.0,0.0,0.0,0.0,0.0,0.0,
SafetyCarGoal1-v0,sac_lag,starv2_resume_300k_SafetyCarGoal1_v0_selected_sac_lag_sac_lag_s13,280000,0.0,0.0,0.0,0.0,0.0,0.0,
SafetyCarGoal1-v0,sac_lag,starv2_resume_300k_SafetyCarGoal1_v0_selected_sac_lag_sac_lag_s13,285000,0.0,0.0,0.0,0.0,0.0,0.0,
SafetyCarGoal1-v0,sac_lag,starv2_resume_300k_SafetyCarGoal1_v0_selected_sac_lag_sac_lag_s13,290000,0.0,0.0,0.0,0.0,0.0,0.0,
SafetyCarGoal1-v0,sac_lag,starv2_resume_300k_SafetyCarGoal1_v0_selected_sac_lag_sac_lag_s13,295000,0.0,0.0,0.0,0.0,0.0,0.0,
SafetyCarGoal1-v0,sac_lag,starv2_resume_300k_SafetyCarGoal1_v0_selected_sac_lag_sac_lag_s14,5000,0.0,0.0,0.0,0.0,0.0,0.0,
SafetyCarGoal1-v0,sac_lag,starv2_resume_300k_SafetyCarGoal1_v0_selected_sac_lag_sac_lag_s14,10000,0.0,0.0,0.0,0.0,0.0,0.0,
SafetyCarGoal1-v0,sac_lag,starv2_resume_300k_SafetyCarGoal1_v0_selected_sac_lag_sac_lag_s14,15000,0.0,0.0,0.0,0.0,0.0,0.0,
SafetyCarGoal1-v0,sac_lag,starv2_resume_300k_SafetyCarGoal1_v0_selected_sac_lag_sac_lag_s14,20000,0.0,0.0,0.0,0.0,0.0,0.0,
SafetyCarGoal1-v0,sac_lag,starv2_resume_300k_SafetyCarGoal1_v0_selected_sac_lag_sac_lag_s14,25000,0.0,0.0,0.0,0.0,0.0,0.0,
SafetyCarGoal1-v0,sac_lag,starv2_resume_300k_SafetyCarGoal1_v0_selected_sac_lag_sac_lag_s14,30000,0.0,0.0,0.0,0.0,0.0,0.0,
SafetyCarGoal1-v0,sac_lag,starv2_resume_300k_SafetyCarGoal1_v0_selected_sac_lag_sac_lag_s14,35000,0.0,0.0,0.0,0.0,0.0,0.0,
SafetyCarGoal1-v0,sac_lag,starv2_resume_300k_SafetyCarGoal1_v0_selected_sac_lag_sac_lag_s14,40000,0.0,0.0,0.0,0.0,0.0,0.0,
SafetyCarGoal1-v0,sac_lag,starv2_resume_300k_SafetyCarGoal1_v0_selected_sac_lag_sac_lag_s14,45000,0.0,0.0,0.0,0.0,0.0,0.0,
SafetyCarGoal1-v0,sac_lag,starv2_resume_300k_SafetyCarGoal1_v0_selected_sac_lag_sac_lag_s14,50000,0.0,0.0,0.0,0.0,0.0,0.0,
SafetyCarGoal1-v0,sac_lag,starv2_resume_300k_SafetyCarGoal1_v0_selected_sac_lag_sac_lag_s14,55000,0.0,0.0,0.0,0.0,0.0,0.0,
SafetyCarGoal1-v0,sac_lag,starv2_resume_300k_SafetyCarGoal1_v0_selected_sac_lag_sac_lag_s14,60000,0.0,0.0,0.0,0.0,0.0,0.0,
SafetyCarGoal1-v0,sac_lag,starv2_resume_300k_SafetyCarGoal1_v0_selected_sac_lag_sac_lag_s14,65000,0.0,0.0,0.0,0.0,0.0,0.0,
SafetyCarGoal1-v0,sac_lag,starv2_resume_300k_SafetyCarGoal1_v0_selected_sac_lag_sac_lag_s14,70000,0.0,0.0,0.0,0.0,0.0,0.0,
SafetyCarGoal1-v0,sac_lag,starv2_resume_300k_SafetyCarGoal1_v0_selected_sac_lag_sac_lag_s14,75000,0.0,0.0,0.0,0.0,0.0,0.0,
SafetyCarGoal1-v0,sac_lag,starv2_resume_300k_SafetyCarGoal1_v0_selected_sac_lag_sac_lag_s14,80000,0.0,0.0,0.0,0.0,0.0,0.0,
SafetyCarGoal1-v0,sac_lag,starv2_resume_300k_SafetyCarGoal1_v0_selected_sac_lag_sac_lag_s14,85000,0.0,0.0,0.0,0.0,0.0,0.0,
SafetyCarGoal1-v0,sac_lag,starv2_resume_300k_SafetyCarGoal1_v0_selected_sac_lag_sac_lag_s14,90000,0.0,0.0,0.0,0.0,0.0,0.0,
SafetyCarGoal1-v0,sac_lag,starv2_resume_300k_SafetyCarGoal1_v0_selected_sac_lag_sac_lag_s14,95000,0.0,0.0,0.0,0.0,0.0,0.0,
SafetyCarGoal1-v0,sac_lag,starv2_resume_300k_SafetyCarGoal1_v0_selected_sac_lag_sac_lag_s14,100000,0.0,0.0,0.0,0.0,0.0,0.0,
SafetyCarGoal1-v0,sac_lag,starv2_resume_300k_SafetyCarGoal1_v0_selected_sac_lag_sac_lag_s14,105000,0.0,0.0,0.0,0.0,0.0,0.0,
SafetyCarGoal1-v0,sac_lag,starv2_resume_300k_SafetyCarGoal1_v0_selected_sac_lag_sac_lag_s14,110000,0.0,0.0,0.0,0.0,0.0,0.0,
SafetyCarGoal1-v0,sac_lag,starv2_resume_300k_SafetyCarGoal1_v0_selected_sac_lag_sac_lag_s14,115000,0.0,0.0,0.0,0.0,0.0,0.0,
SafetyCarGoal1-v0,sac_lag,starv2_resume_300k_SafetyCarGoal1_v0_selected_sac_lag_sac_lag_s14,120000,0.0,0.0,0.0,0.0,0.0,0.0,
SafetyCarGoal1-v0,sac_lag,starv2_resume_300k_SafetyCarGoal1_v0_selected_sac_lag_sac_lag_s14,125000,0.0,0.0,0.0,0.0,0.0,0.0,
SafetyCarGoal1-v0,sac_lag,starv2_resume_300k_SafetyCarGoal1_v0_selected_sac_lag_sac_lag_s14,130000,0.0,0.0,0.0,0.0,0.0,0.0,
SafetyCarGoal1-v0,sac_lag,starv2_resume_300k_SafetyCarGoal1_v0_selected_sac_lag_sac_lag_s14,135000,0.0,0.0,0.0,0.0,0.0,0.0,
SafetyCarGoal1-v0,sac_lag,starv2_resume_300k_SafetyCarGoal1_v0_selected_sac_lag_sac_lag_s14,140000,0.0,0.0,0.0,0.0,0.0,0.0,
SafetyCarGoal1-v0,sac_lag,starv2_resume_300k_SafetyCarGoal1_v0_selected_sac_lag_sac_lag_s14,145000,0.0,0.0,0.0,0.0,0.0,0.0,
SafetyCarGoal1-v0,sac_lag,starv2_resume_300k_SafetyCarGoal1_v0_selected_sac_lag_sac_lag_s14,150000,0.0,0.0,0.0,0.0,0.0,0.0,
SafetyCarGoal1-v0,sac_lag,starv2_resume_300k_SafetyCarGoal1_v0_selected_sac_lag_sac_lag_s14,155000,0.0,0.0,0.0,0.0,0.0,0.0,
SafetyCarGoal1-v0,sac_lag,starv2_resume_300k_SafetyCarGoal1_v0_selected_sac_lag_sac_lag_s14,160000,0.0,0.0,0.0,0.0,0.0,0.0,
SafetyCarGoal1-v0,sac_lag,starv2_resume_300k_SafetyCarGoal1_v0_selected_sac_lag_sac_lag_s14,165000,0.0,0.0,0.0,0.0,0.0,0.0,
SafetyCarGoal1-v0,sac_lag,starv2_resume_300k_SafetyCarGoal1_v0_selected_sac_lag_sac_lag_s14,170000,0.0,0.0,0.0,0.0,0.0,0.0,
SafetyCarGoal1-v0,sac_lag,starv2_resume_300k_SafetyCarGoal1_v0_selected_sac_lag_sac_lag_s14,175000,0.0,0.0,0.0,0.0,0.0,0.0,
SafetyCarGoal1-v0,sac_lag,starv2_resume_300k_SafetyCarGoal1_v0_selected_sac_lag_sac_lag_s14,180000,0.0,0.0,0.0,0.0,0.0,0.0,
SafetyCarGoal1-v0,sac_lag,starv2_resume_300k_SafetyCarGoal1_v0_selected_sac_lag_sac_lag_s14,185000,0.0,0.0,0.0,0.0,0.0,0.0,
SafetyCarGoal1-v0,sac_lag,starv2_resume_300k_SafetyCarGoal1_v0_selected_sac_lag_sac_lag_s14,190000,0.0,0.0,0.0,0.0,0.0,0.0,
SafetyCarGoal1-v0,sac_lag,starv2_resume_300k_SafetyCarGoal1_v0_selected_sac_lag_sac_lag_s14,195000,0.0,0.0,0.0,0.0,0.0,0.0,
SafetyCarGoal1-v0,sac_lag,starv2_resume_300k_SafetyCarGoal1_v0_selected_sac_lag_sac_lag_s14,200000,0.0,0.0,0.0,0.0,0.0,0.0,
SafetyCarGoal1-v0,sac_lag,starv2_resume_300k_SafetyCarGoal1_v0_selected_sac_lag_sac_lag_s14,205000,0.0,0.0,0.0,0.0,0.0,0.0,
SafetyCarGoal1-v0,sac_lag,starv2_resume_300k_SafetyCarGoal1_v0_selected_sac_lag_sac_lag_s14,210000,0.0,0.0,0.0,0.0,0.0,0.0,
SafetyCarGoal1-v0,sac_lag,starv2_resume_300k_SafetyCarGoal1_v0_selected_sac_lag_sac_lag_s14,215000,0.0,0.0,0.0,0.0,0.0,0.0,
SafetyCarGoal1-v0,sac_lag,starv2_resume_300k_SafetyCarGoal1_v0_selected_sac_lag_sac_lag_s14,220000,0.0,0.0,0.0,0.0,0.0,0.0,
SafetyCarGoal1-v0,sac_lag,starv2_resume_300k_SafetyCarGoal1_v0_selected_sac_lag_sac_lag_s14,225000,0.0,0.0,0.0,0.0,0.0,0.0,
SafetyCarGoal1-v0,sac_lag,starv2_resume_300k_SafetyCarGoal1_v0_selected_sac_lag_sac_lag_s14,230000,0.0,0.0,0.0,0.0,0.0,0.0,
SafetyCarGoal1-v0,sac_lag,starv2_resume_300k_SafetyCarGoal1_v0_selected_sac_lag_sac_lag_s14,235000,0.0,0.0,0.0,0.0,0.0,0.0,
SafetyCarGoal1-v0,sac_lag,starv2_resume_300k_SafetyCarGoal1_v0_selected_sac_lag_sac_lag_s14,240000,0.0,0.0,0.0,0.0,0.0,0.0,
SafetyCarGoal1-v0,sac_lag,starv2_resume_300k_SafetyCarGoal1_v0_selected_sac_lag_sac_lag_s14,245000,0.0,0.0,0.0,0.0,0.0,0.0,
SafetyCarGoal1-v0,sac_lag,starv2_resume_300k_SafetyCarGoal1_v0_selected_sac_lag_sac_lag_s14,250000,0.0,0.0,0.0,0.0,0.0,0.0,
SafetyCarGoal1-v0,sac_lag,starv2_resume_300k_SafetyCarGoal1_v0_selected_sac_lag_sac_lag_s14,255000,0.0,0.0,0.0,0.0,0.0,0.0,
SafetyCarGoal1-v0,sac_lag,starv2_resume_300k_SafetyCarGoal1_v0_selected_sac_lag_sac_lag_s14,260000,0.0,0.0,0.0,0.0,0.0,0.0,
SafetyCarGoal1-v0,sac_lag,starv2_resume_300k_SafetyCarGoal1_v0_selected_sac_lag_sac_lag_s14,265000,0.0,0.0,0.0,0.0,0.0,0.0,
SafetyCarGoal1-v0,sac_lag,starv2_resume_300k_SafetyCarGoal1_v0_selected_sac_lag_sac_lag_s14,270000,0.0,0.0,0.0,0.0,0.0,0.0,
SafetyCarGoal1-v0,sac_lag,starv2_resume_300k_SafetyCarGoal1_v0_selected_sac_lag_sac_lag_s14,275000,0.0,0.0,0.0,0.0,0.0,0.0,
SafetyCarGoal1-v0,sac_lag,starv2_resume_300k_SafetyCarGoal1_v0_selected_sac_lag_sac_lag_s14,280000,0.0,0.0,0.0,0.0,0.0,0.0,
SafetyCarGoal1-v0,sac_lag,starv2_resume_300k_SafetyCarGoal1_v0_selected_sac_lag_sac_lag_s14,285000,0.0,0.0,0.0,0.0,0.0,0.0,
SafetyCarGoal1-v0,sac_lag,starv2_resume_300k_SafetyCarGoal1_v0_selected_sac_lag_sac_lag_s14,290000,0.0,0.0,0.0,0.0,0.0,0.0,
SafetyCarGoal1-v0,sac_lag,starv2_resume_300k_SafetyCarGoal1_v0_selected_sac_lag_sac_lag_s14,295000,0.0,0.0,0.0,0.0,0.0,0.0,
SafetyCarGoal1-v0,star_v2,starv2_core_100k_SafetyCarGoal1_v0_selected_star_v2_star_v2_s10,100000,0.24308499693870544,0.24308499693870544,-1.8917489796876907e-10,0.0,0.5310723781585693,0.04237353056669235,
SafetyCarGoal1-v0,star_v2,starv2_core_100k_SafetyCarGoal1_v0_selected_star_v2_star_v2_s10,105000,0.22762513160705566,0.22762513160705566,6.83940015733242e-10,1.0,0.5317144989967346,0.03578394651412964,
SafetyCarGoal1-v0,star_v2,starv2_core_100k_SafetyCarGoal1_v0_selected_star_v2_star_v2_s10,110000,0.24655327200889587,0.24655327200889587,8.731149137020111e-11,1.0,0.5312652587890625,0.04759310185909271,
SafetyCarGoal1-v0,star_v2,starv2_core_100k_SafetyCarGoal1_v0_selected_star_v2_star_v2_s10,115000,0.25081053376197815,0.25081053376197815,2.9103830456733704e-11,1.0,0.5311745405197144,0.04662248119711876,
SafetyCarGoal1-v0,star_v2,starv2_core_100k_SafetyCarGoal1_v0_selected_star_v2_star_v2_s10,120000,0.22418907284736633,0.22418907284736633,-1.8917489796876907e-10,0.0,0.5314335823059082,0.03795989975333214,
SafetyCarGoal1-v0,star_v2,starv2_core_100k_SafetyCarGoal1_v0_selected_star_v2_star_v2_s10,125000,0.265865683555603,0.265865683555603,3.92901711165905e-10,1.0,0.5316241979598999,0.04985014721751213,
SafetyCarGoal1-v0,star_v2,starv2_core_100k_SafetyCarGoal1_v0_selected_star_v2_star_v2_s10,130000,0.2548627257347107,0.2548627257347107,-5.238689482212067e-10,0.0,0.5309849977493286,0.04446638375520706,
SafetyCarGoal1-v0,star_v2,starv2_core_100k_SafetyCarGoal1_v0_selected_star_v2_star_v2_s10,135000,0.23628859221935272,0.23628859221935272,-5.820766091346741e-11,0.0,0.5316706895828247,0.043632179498672485,
SafetyCarGoal1-v0,star_v2,starv2_core_100k_SafetyCarGoal1_v0_selected_star_v2_star_v2_s10,140000,0.26697930693626404,0.26697930693626404,4.0745362639427185e-10,1.0,0.531213104724884,0.05714913457632065,
SafetyCarGoal1-v0,star_v2,starv2_core_100k_SafetyCarGoal1_v0_selected_star_v2_star_v2_s10,145000,0.294134259223938,0.294134259223938,-1.4551915228366852e-10,0.0,0.5312510132789612,0.06269939988851547,
SafetyCarGoal1-v0,star_v2,starv2_core_100k_SafetyCarGoal1_v0_selected_star_v2_star_v2_s10,150000,0.24766433238983154,0.24766433238983154,1.7462298274040222e-10,1.0,0.531059741973877,0.044711366295814514,
SafetyCarGoal1-v0,star_v2,starv2_core_100k_SafetyCarGoal1_v0_selected_star_v2_star_v2_s10,155000,0.23793146014213562,0.23793146014213562,-3.4924596548080444e-10,0.0,0.531393826007843,0.04433376342058182,
SafetyCarGoal1-v0,star_v2,starv2_core_100k_SafetyCarGoal1_v0_selected_star_v2_star_v2_s10,160000,0.27025002241134644,0.27025002241134644,2.6193447411060333e-10,1.0,0.530987024307251,0.05128905922174454,
SafetyCarGoal1-v0,star_v2,starv2_core_100k_SafetyCarGoal1_v0_selected_star_v2_star_v2_s10,165000,0.25386130809783936,0.25386130809783936,-6.693881005048752e-10,0.0,0.5315614342689514,0.053981177508831024,
SafetyCarGoal1-v0,star_v2,starv2_core_100k_SafetyCarGoal1_v0_selected_star_v2_star_v2_s10,170000,0.2573719322681427,0.2573719322681427,-6.111804395914078e-10,0.0,0.5313127040863037,0.05085211247205734,
SafetyCarGoal1-v0,star_v2,starv2_core_100k_SafetyCarGoal1_v0_selected_star_v2_star_v2_s10,175000,0.233019158244133,0.233019158244133,8.731149137020111e-11,1.0,0.5308448672294617,0.03011414036154747,
SafetyCarGoal1-v0,star_v2,starv2_core_100k_SafetyCarGoal1_v0_selected_star_v2_star_v2_s10,180000,0.28422975540161133,0.28422975540161133,-2.9103830456733704e-10,0.0,0.5310146808624268,0.054589126259088516,
SafetyCarGoal1-v0,star_v2,starv2_core_100k_SafetyCarGoal1_v0_selected_star_v2_star_v2_s10,185000,0.24287152290344238,0.24287152290344238,8.149072527885437e-10,1.0,0.5309597253799438,0.04335726052522659,
SafetyCarGoal1-v0,star_v2,starv2_core_100k_SafetyCarGoal1_v0_selected_star_v2_star_v2_s10,190000,0.27038902044296265,0.27038902044296265,-1.4551915228366852e-10,0.0,0.5312426686286926,0.05659669265151024,
SafetyCarGoal1-v0,star_v2,starv2_core_100k_SafetyCarGoal1_v0_selected_star_v2_star_v2_s10,195000,0.30919671058654785,0.30919671058654785,1.1641532182693481e-10,1.0,0.5309690237045288,0.07441601157188416,
SafetyCarGoal1-v0,star_v2,starv2_core_100k_SafetyCarGoal1_v0_selected_star_v2_star_v2_s10,200000,0.2476683259010315,0.2476683259010315,-1.4551915228366852e-10,0.0,0.5314249992370605,0.03885461017489433,
SafetyCarGoal1-v0,star_v2,starv2_core_100k_SafetyCarGoal1_v0_selected_star_v2_star_v2_s10,205000,0.236419677734375,0.236419677734375,-4.94765117764473e-10,0.0,0.5313125848770142,0.031214017421007156,
SafetyCarGoal1-v0,star_v2,starv2_core_100k_SafetyCarGoal1_v0_selected_star_v2_star_v2_s10,210000,0.27223333716392517,0.27223333716392517,-3.7834979593753815e-10,0.0,0.5312831401824951,0.04821038991212845,
SafetyCarGoal1-v0,star_v2,starv2_core_100k_SafetyCarGoal1_v0_selected_star_v2_star_v2_s10,215000,0.30188602209091187,0.30188602209091187,-2.9103830456733704e-10,0.0,0.5311151742935181,0.06379017978906631,
SafetyCarGoal1-v0,star_v2,starv2_core_100k_SafetyCarGoal1_v0_selected_star_v2_star_v2_s10,220000,0.2578628361225128,0.2578628361225128,-2.9103830456733704e-11,0.0,0.5309642553329468,0.03934192657470703,
SafetyCarGoal1-v0,star_v2,starv2_core_100k_SafetyCarGoal1_v0_selected_star_v2_star_v2_s10,225000,0.30995750427246094,0.30995750427246094,-5.820766091346741e-11,0.0,0.5317010879516602,0.06902424991130829,
SafetyCarGoal1-v0,star_v2,starv2_core_100k_SafetyCarGoal1_v0_selected_star_v2_star_v2_s10,230000,0.3200509250164032,0.3200509250164032,-2.6193447411060333e-10,0.0,0.5309233665466309,0.06753914058208466,
SafetyCarGoal1-v0,star_v2,starv2_core_100k_SafetyCarGoal1_v0_selected_star_v2_star_v2_s10,235000,0.2855847179889679,0.2855847179889679,5.820766091346741e-11,1.0,0.5313593149185181,0.047718264162540436,
SafetyCarGoal1-v0,star_v2,starv2_core_100k_SafetyCarGoal1_v0_selected_star_v2_star_v2_s10,240000,0.2507399320602417,0.2507399320602417,3.4924596548080444e-10,1.0,0.5314736366271973,0.03721851482987404,
SafetyCarGoal1-v0,star_v2,starv2_core_100k_SafetyCarGoal1_v0_selected_star_v2_star_v2_s10,245000,0.26735401153564453,0.26735401153564453,5.820766091346741e-11,1.0,0.5320169925689697,0.04321107640862465,
SafetyCarGoal1-v0,star_v2,starv2_core_100k_SafetyCarGoal1_v0_selected_star_v2_star_v2_s10,250000,0.27806729078292847,0.27806729078292847,2.0372681319713593e-10,1.0,0.5318285822868347,0.05187935009598732,
SafetyCarGoal1-v0,star_v2,starv2_core_100k_SafetyCarGoal1_v0_selected_star_v2_star_v2_s10,255000,0.28191202878952026,0.28191202878952026,3.4924596548080444e-10,1.0,0.5312681198120117,0.05227867141366005,
SafetyCarGoal1-v0,star_v2,starv2_core_100k_SafetyCarGoal1_v0_selected_star_v2_star_v2_s10,260000,0.2889108955860138,0.2889108955860138,-8.149072527885437e-10,0.0,0.5313843488693237,0.0527481772005558,
SafetyCarGoal1-v0,star_v2,starv2_core_100k_SafetyCarGoal1_v0_selected_star_v2_star_v2_s10,265000,0.30972355604171753,0.30972355604171753,2.9103830456733704e-10,1.0,0.5310876965522766,0.06349717825651169,
SafetyCarGoal1-v0,star_v2,starv2_core_100k_SafetyCarGoal1_v0_selected_star_v2_star_v2_s10,270000,0.30295342206954956,0.30295342206954956,5.529727786779404e-10,1.0,0.5321978330612183,0.06610847264528275,
SafetyCarGoal1-v0,star_v2,starv2_core_100k_SafetyCarGoal1_v0_selected_star_v2_star_v2_s10,275000,0.2981870174407959,0.2981870174407959,2.9103830456733704e-11,1.0,0.5314663648605347,0.05352339521050453,
SafetyCarGoal1-v0,star_v2,starv2_core_100k_SafetyCarGoal1_v0_selected_star_v2_star_v2_s10,280000,0.2816550135612488,0.2816550135612488,-7.566995918750763e-10,0.0,0.5308597087860107,0.04743310809135437,
SafetyCarGoal1-v0,star_v2,starv2_core_100k_SafetyCarGoal1_v0_selected_star_v2_star_v2_s10,285000,0.2978796362876892,0.2978796362876892,0.0,0.0,0.5315624475479126,0.058042336255311966,
SafetyCarGoal1-v0,star_v2,starv2_core_100k_SafetyCarGoal1_v0_selected_star_v2_star_v2_s10,290000,0.3017127513885498,0.3017127513885498,6.984919309616089e-10,1.0,0.5314298868179321,0.05531037598848343,
SafetyCarGoal1-v0,star_v2,starv2_core_100k_SafetyCarGoal1_v0_selected_star_v2_star_v2_s10,295000,0.3191789388656616,0.3191789388656616,2.3283064365386963e-10,1.0,0.5312598943710327,0.06360439211130142,
SafetyCarGoal1-v0,star_v2,starv2_core_100k_SafetyCarGoal1_v0_selected_star_v2_star_v2_s11,100000,0.25367438793182373,0.25367438793182373,-7.8580342233181e-10,0.0,0.5310434103012085,0.06587719172239304,
SafetyCarGoal1-v0,star_v2,starv2_core_100k_SafetyCarGoal1_v0_selected_star_v2_star_v2_s11,105000,0.22334283590316772,0.22334283590316772,-1.4551915228366852e-10,0.0,0.5311068296432495,0.036937154829502106,
SafetyCarGoal1-v0,star_v2,starv2_core_100k_SafetyCarGoal1_v0_selected_star_v2_star_v2_s11,110000,0.22808758914470673,0.22808758914470673,-3.637978807091713e-10,0.0,0.5309515595436096,0.03865097463130951,
SafetyCarGoal1-v0,star_v2,starv2_core_100k_SafetyCarGoal1_v0_selected_star_v2_star_v2_s11,115000,0.23335464298725128,0.23335464298725128,4.511093720793724e-10,1.0,0.5314620137214661,0.03686970844864845,
SafetyCarGoal1-v0,star_v2,starv2_core_100k_SafetyCarGoal1_v0_selected_star_v2_star_v2_s11,120000,0.23035839200019836,0.23035837709903717,-3.055902197957039e-10,0.0,0.5312042236328125,0.042278267443180084,
SafetyCarGoal1-v0,star_v2,starv2_core_100k_SafetyCarGoal1_v0_selected_star_v2_star_v2_s11,125000,0.25703734159469604,0.25703734159469604,7.8580342233181e-10,1.0,0.5309469699859619,0.05434952676296234,
SafetyCarGoal1-v0,star_v2,starv2_core_100k_SafetyCarGoal1_v0_selected_star_v2_star_v2_s11,130000,0.28076785802841187,0.28076785802841187,2.0372681319713593e-10,1.0,0.5309189558029175,0.05943528562784195,
SafetyCarGoal1-v0,star_v2,starv2_core_100k_SafetyCarGoal1_v0_selected_star_v2_star_v2_s11,135000,0.2651030421257019,0.2651030421257019,-5.820766091346741e-10,0.0,0.5312069654464722,0.056866470724344254,
SafetyCarGoal1-v0,star_v2,starv2_core_100k_SafetyCarGoal1_v0_selected_star_v2_star_v2_s11,140000,0.25218117237091064,0.25218117237091064,8.731149137020111e-11,1.0,0.5314955711364746,0.0475701242685318,
SafetyCarGoal1-v0,star_v2,starv2_core_100k_SafetyCarGoal1_v0_selected_star_v2_star_v2_s11,145000,0.2544758915901184,0.2544758915901184,-3.4924596548080444e-10,0.0,0.5315292477607727,0.045510731637477875,
SafetyCarGoal1-v0,star_v2,starv2_core_100k_SafetyCarGoal1_v0_selected_star_v2_star_v2_s11,150000,0.279908150434494,0.279908150434494,1.4551915228366852e-10,1.0,0.5314772725105286,0.05771221965551376,
SafetyCarGoal1-v0,star_v2,starv2_core_100k_SafetyCarGoal1_v0_selected_star_v2_star_v2_s11,155000,0.268828809261322,0.268828809261322,-1.1204974725842476e-09,0.0,0.5308735966682434,0.054915376007556915,
SafetyCarGoal1-v0,star_v2,starv2_core_100k_SafetyCarGoal1_v0_selected_star_v2_star_v2_s11,160000,0.2700386643409729,0.2700386643409729,-1.4551915228366852e-10,0.0,0.5312985181808472,0.058154404163360596,
SafetyCarGoal1-v0,star_v2,starv2_core_100k_SafetyCarGoal1_v0_selected_star_v2_star_v2_s11,165000,0.24278724193572998,0.24278724193572998,-6.402842700481415e-10,0.0,0.5315479040145874,0.04241277649998665,
SafetyCarGoal1-v0,star_v2,starv2_core_100k_SafetyCarGoal1_v0_selected_star_v2_star_v2_s11,170000,0.26416015625,0.26416015625,-4.0745362639427185e-10,0.0,0.5314372777938843,0.05414944514632225,
SafetyCarGoal1-v0,star_v2,starv2_core_100k_SafetyCarGoal1_v0_selected_star_v2_star_v2_s11,175000,0.25371551513671875,0.25371548533439636,1.3533281162381172e-09,1.0,0.5310085415840149,0.04780743271112442,
SafetyCarGoal1-v0,star_v2,starv2_core_100k_SafetyCarGoal1_v0_selected_star_v2_star_v2_s11,180000,0.2682056427001953,0.2682056427001953,5.820766091346741e-10,1.0,0.5311772227287292,0.05978342518210411,
SafetyCarGoal1-v0,star_v2,starv2_core_100k_SafetyCarGoal1_v0_selected_star_v2_star_v2_s11,185000,0.2841068506240845,0.2841068506240845,-5.238689482212067e-10,0.0,0.5313847064971924,0.06268817186355591,
SafetyCarGoal1-v0,star_v2,starv2_core_100k_SafetyCarGoal1_v0_selected_star_v2_star_v2_s11,190000,0.26092612743377686,0.26092612743377686,8.731149137020111e-11,1.0,0.531104326248169,0.052020758390426636,
SafetyCarGoal1-v0,star_v2,starv2_core_100k_SafetyCarGoal1_v0_selected_star_v2_star_v2_s11,195000,0.28399986028671265,0.28399986028671265,-2.9103830456733704e-11,0.0,0.5311017036437988,0.05785006284713745,
SafetyCarGoal1-v0,star_v2,starv2_core_100k_SafetyCarGoal1_v0_selected_star_v2_star_v2_s11,200000,0.26140493154525757,0.26140493154525757,8.440110832452774e-10,1.0,0.5311102867126465,0.04727891832590103,
SafetyCarGoal1-v0,star_v2,starv2_core_100k_SafetyCarGoal1_v0_selected_star_v2_star_v2_s11,205000,0.26691901683807373,0.26691901683807373,4.94765117764473e-10,1.0,0.5313229560852051,0.04869303107261658,
SafetyCarGoal1-v0,star_v2,starv2_core_100k_SafetyCarGoal1_v0_selected_star_v2_star_v2_s11,210000,0.2844414710998535,0.2844414710998535,-4.94765117764473e-10,0.0,0.5317202806472778,0.05853883549571037,
SafetyCarGoal1-v0,star_v2,starv2_core_100k_SafetyCarGoal1_v0_selected_star_v2_star_v2_s11,215000,0.2896267771720886,0.2896267771720886,4.0745362639427185e-10,1.0,0.5314487218856812,0.05934279039502144,
SafetyCarGoal1-v0,star_v2,starv2_core_100k_SafetyCarGoal1_v0_selected_star_v2_star_v2_s11,220000,0.2952519655227661,0.2952519655227661,1.280568540096283e-09,1.0,0.5312285423278809,0.05737614631652832,
SafetyCarGoal1-v0,star_v2,starv2_core_100k_SafetyCarGoal1_v0_selected_star_v2_star_v2_s11,225000,0.2972794473171234,0.2972794473171234,-8.294591680169106e-10,0.0,0.5314366817474365,0.06597276777029037,
SafetyCarGoal1-v0,star_v2,starv2_core_100k_SafetyCarGoal1_v0_selected_star_v2_star_v2_s11,230000,0.266182005405426,0.266182005405426,5.820766091346741e-10,1.0,0.5307217836380005,0.04255976155400276,
SafetyCarGoal1-v0,star_v2,starv2_core_100k_SafetyCarGoal1_v0_selected_star_v2_star_v2_s11,235000,0.31927549839019775,0.31927549839019775,1.280568540096283e-09,1.0,0.5312909483909607,0.07139265537261963,
SafetyCarGoal1-v0,star_v2,starv2_core_100k_SafetyCarGoal1_v0_selected_star_v2_star_v2_s11,240000,0.286898672580719,0.286898672580719,4.3655745685100555e-10,1.0,0.5312751531600952,0.059177644550800323,
SafetyCarGoal1-v0,star_v2,starv2_core_100k_SafetyCarGoal1_v0_selected_star_v2_star_v2_s11,245000,0.2956721782684326,0.2956721782684326,5.820766091346741e-10,1.0,0.5309057235717773,0.06571687757968903,
SafetyCarGoal1-v0,star_v2,starv2_core_100k_SafetyCarGoal1_v0_selected_star_v2_star_v2_s11,250000,0.2737544775009155,0.2737544775009155,2.6193447411060333e-10,1.0,0.5314428210258484,0.04659981280565262,
SafetyCarGoal1-v0,star_v2,starv2_core_100k_SafetyCarGoal1_v0_selected_star_v2_star_v2_s11,255000,0.2899552583694458,0.2899552583694458,-9.604264050722122e-10,0.0,0.5316152572631836,0.057703834027051926,
SafetyCarGoal1-v0,star_v2,starv2_core_100k_SafetyCarGoal1_v0_selected_star_v2_star_v2_s11,260000,0.26844632625579834,0.26844632625579834,-2.9103830456733704e-11,0.0,0.5314863920211792,0.04596370831131935,
SafetyCarGoal1-v0,star_v2,starv2_core_100k_SafetyCarGoal1_v0_selected_star_v2_star_v2_s11,265000,0.30375227332115173,0.30375227332115173,2.0372681319713593e-10,1.0,0.531456708908081,0.06155192479491234,
SafetyCarGoal1-v0,star_v2,starv2_core_100k_SafetyCarGoal1_v0_selected_star_v2_star_v2_s11,270000,0.3248876631259918,0.3248876631259918,7.566995918750763e-10,1.0,0.5311876535415649,0.08168740570545197,
SafetyCarGoal1-v0,star_v2,starv2_core_100k_SafetyCarGoal1_v0_selected_star_v2_star_v2_s11,275000,0.30868080258369446,0.30868080258369446,4.3655745685100555e-11,1.0,0.5313229560852051,0.061776407063007355,
SafetyCarGoal1-v0,star_v2,starv2_core_100k_SafetyCarGoal1_v0_selected_star_v2_star_v2_s11,280000,0.31392836570739746,0.31392836570739746,3.2014213502407074e-10,1.0,0.5310584306716919,0.06162140890955925,
SafetyCarGoal1-v0,star_v2,starv2_core_100k_SafetyCarGoal1_v0_selected_star_v2_star_v2_s11,285000,0.2899816036224365,0.2899816036224365,-3.2014213502407074e-10,0.0,0.5315730571746826,0.05914447084069252,
SafetyCarGoal1-v0,star_v2,starv2_core_100k_SafetyCarGoal1_v0_selected_star_v2_star_v2_s11,290000,0.3064172863960266,0.3064172863960266,4.3655745685100555e-10,1.0,0.5314137935638428,0.05571587383747101,
SafetyCarGoal1-v0,star_v2,starv2_core_100k_SafetyCarGoal1_v0_selected_star_v2_star_v2_s11,295000,0.2984631657600403,0.2984631657600403,4.94765117764473e-10,1.0,0.5312024354934692,0.060137491673231125,
SafetyCarGoal1-v0,star_v2,starv2_core_100k_SafetyCarGoal1_v0_selected_star_v2_star_v2_s12,100000,0.21945925056934357,0.21945925056934357,4.0745362639427185e-10,1.0,0.5310282111167908,0.03509274125099182,
SafetyCarGoal1-v0,star_v2,starv2_core_100k_SafetyCarGoal1_v0_selected_star_v2_star_v2_s12,105000,0.22606949508190155,0.22606949508190155,2.0372681319713593e-10,1.0,0.5312716960906982,0.041618503630161285,
SafetyCarGoal1-v0,star_v2,starv2_core_100k_SafetyCarGoal1_v0_selected_star_v2_star_v2_s12,110000,0.22237160801887512,0.22237160801887512,2.6193447411060333e-10,1.0,0.5311344861984253,0.0435141995549202,
SafetyCarGoal1-v0,star_v2,starv2_core_100k_SafetyCarGoal1_v0_selected_star_v2_star_v2_s12,115000,0.23086129128932953,0.23086129128932953,5.675246939063072e-10,1.0,0.5313032865524292,0.04365787282586098,
SafetyCarGoal1-v0,star_v2,starv2_core_100k_SafetyCarGoal1_v0_selected_star_v2_star_v2_s12,120000,0.23165887594223022,0.23165887594223022,-1.4551915228366852e-10,0.0,0.5312637090682983,0.033594850450754166,
SafetyCarGoal1-v0,star_v2,starv2_core_100k_SafetyCarGoal1_v0_selected_star_v2_star_v2_s12,125000,0.2311391532421112,0.2311391532421112,-5.675246939063072e-10,0.0,0.531195878982544,0.04034991189837456,
SafetyCarGoal1-v0,star_v2,starv2_core_100k_SafetyCarGoal1_v0_selected_star_v2_star_v2_s12,130000,0.24103352427482605,0.24103352427482605,3.4924596548080444e-10,1.0,0.5317032933235168,0.04480356723070145,
SafetyCarGoal1-v0,star_v2,starv2_core_100k_SafetyCarGoal1_v0_selected_star_v2_star_v2_s12,135000,0.2572878897190094,0.2572878897190094,2.0372681319713593e-10,1.0,0.5312256217002869,0.0545443594455719,
SafetyCarGoal1-v0,star_v2,starv2_core_100k_SafetyCarGoal1_v0_selected_star_v2_star_v2_s12,140000,0.24100016057491302,0.24100016057491302,2.0372681319713593e-10,1.0,0.5313408374786377,0.03968493640422821,
SafetyCarGoal1-v0,star_v2,starv2_core_100k_SafetyCarGoal1_v0_selected_star_v2_star_v2_s12,145000,0.2648402452468872,0.2648402452468872,2.9103830456733704e-11,1.0,0.5314419865608215,0.050583966076374054,
SafetyCarGoal1-v0,star_v2,starv2_core_100k_SafetyCarGoal1_v0_selected_star_v2_star_v2_s12,150000,0.24562084674835205,0.24562084674835205,-1.7462298274040222e-10,0.0,0.5310930013656616,0.04537231847643852,
SafetyCarGoal1-v0,star_v2,starv2_core_100k_SafetyCarGoal1_v0_selected_star_v2_star_v2_s12,155000,0.24118642508983612,0.24118642508983612,8.440110832452774e-10,1.0,0.5310683250427246,0.0395757332444191,
SafetyCarGoal1-v0,star_v2,starv2_core_100k_SafetyCarGoal1_v0_selected_star_v2_star_v2_s12,160000,0.2502672076225281,0.2502672076225281,1.6007106751203537e-10,1.0,0.5311757922172546,0.04776814579963684,
SafetyCarGoal1-v0,star_v2,starv2_core_100k_SafetyCarGoal1_v0_selected_star_v2_star_v2_s12,165000,0.26462477445602417,0.26462477445602417,-5.529727786779404e-10,0.0,0.5313321948051453,0.0473286397755146,
SafetyCarGoal1-v0,star_v2,starv2_core_100k_SafetyCarGoal1_v0_selected_star_v2_star_v2_s12,170000,0.27765583992004395,0.27765583992004395,4.3655745685100555e-10,1.0,0.5312637090682983,0.05697875842452049,
SafetyCarGoal1-v0,star_v2,starv2_core_100k_SafetyCarGoal1_v0_selected_star_v2_star_v2_s12,175000,0.27018728852272034,0.27018728852272034,-1.280568540096283e-09,0.0,0.5312600135803223,0.0490996427834034,
SafetyCarGoal1-v0,star_v2,starv2_core_100k_SafetyCarGoal1_v0_selected_star_v2_star_v2_s12,180000,0.2606501281261444,0.2606501281261444,-1.076841726899147e-09,0.0,0.5311961770057678,0.04163307696580887,
SafetyCarGoal1-v0,star_v2,starv2_core_100k_SafetyCarGoal1_v0_selected_star_v2_star_v2_s12,185000,0.2529135048389435,0.2529135048389435,-5.820766091346741e-11,0.0,0.5313757658004761,0.041083283722400665,
SafetyCarGoal1-v0,star_v2,starv2_core_100k_SafetyCarGoal1_v0_selected_star_v2_star_v2_s12,190000,0.2427114099264145,0.2427114099264145,2.9103830456733704e-11,1.0,0.5307662487030029,0.03393467888236046,
SafetyCarGoal1-v0,star_v2,starv2_core_100k_SafetyCarGoal1_v0_selected_star_v2_star_v2_s12,195000,0.281212717294693,0.281212717294693,-5.820766091346741e-10,0.0,0.5312740206718445,0.049568768590688705,
SafetyCarGoal1-v0,star_v2,starv2_core_100k_SafetyCarGoal1_v0_selected_star_v2_star_v2_s12,200000,0.30234426259994507,0.30234426259994507,5.238689482212067e-10,1.0,0.5315073728561401,0.06067873165011406,
SafetyCarGoal1-v0,star_v2,starv2_core_100k_SafetyCarGoal1_v0_selected_star_v2_star_v2_s12,205000,0.30533140897750854,0.30533140897750854,5.820766091346741e-11,1.0,0.5311883091926575,0.06387513875961304,
SafetyCarGoal1-v0,star_v2,starv2_core_100k_SafetyCarGoal1_v0_selected_star_v2_star_v2_s12,210000,0.30488789081573486,0.30488789081573486,-8.731149137020111e-11,0.0,0.5311118960380554,0.0668393075466156,
SafetyCarGoal1-v0,star_v2,starv2_core_100k_SafetyCarGoal1_v0_selected_star_v2_star_v2_s12,215000,0.25684070587158203,0.25684070587158203,-4.0745362639427185e-10,0.0,0.5310395956039429,0.04327050969004631,
SafetyCarGoal1-v0,star_v2,starv2_core_100k_SafetyCarGoal1_v0_selected_star_v2_star_v2_s12,220000,0.30904915928840637,0.30904915928840637,-1.1641532182693481e-10,0.0,0.531640887260437,0.07021105289459229,
SafetyCarGoal1-v0,star_v2,starv2_core_100k_SafetyCarGoal1_v0_selected_star_v2_star_v2_s12,225000,0.31856608390808105,0.31856608390808105,2.9103830456733704e-11,1.0,0.5314574837684631,0.071648508310318,
SafetyCarGoal1-v0,star_v2,starv2_core_100k_SafetyCarGoal1_v0_selected_star_v2_star_v2_s12,230000,0.30068641901016235,0.30068644881248474,-1.4551915228366852e-10,0.0,0.5309208631515503,0.057912133634090424,
SafetyCarGoal1-v0,star_v2,starv2_core_100k_SafetyCarGoal1_v0_selected_star_v2_star_v2_s12,235000,0.30018189549446106,0.30018189549446106,7.275957614183426e-10,1.0,0.5310925245285034,0.05326405167579651,
SafetyCarGoal1-v0,star_v2,starv2_core_100k_SafetyCarGoal1_v0_selected_star_v2_star_v2_s12,240000,0.29029521346092224,0.29029521346092224,-2.3283064365386963e-10,0.0,0.5309627652168274,0.05422232672572136,
SafetyCarGoal1-v0,star_v2,starv2_core_100k_SafetyCarGoal1_v0_selected_star_v2_star_v2_s12,245000,0.2818872332572937,0.2818872332572937,0.0,0.0,0.5311196446418762,0.049822449684143066,
SafetyCarGoal1-v0,star_v2,starv2_core_100k_SafetyCarGoal1_v0_selected_star_v2_star_v2_s12,250000,0.2757837474346161,0.2757837474346161,-3.7834979593753815e-10,0.0,0.5311000347137451,0.04667025804519653,
SafetyCarGoal1-v0,star_v2,starv2_core_100k_SafetyCarGoal1_v0_selected_star_v2_star_v2_s12,255000,0.3120754063129425,0.3120754063129425,2.9103830456733704e-11,1.0,0.5311120748519897,0.06459920108318329,
SafetyCarGoal1-v0,star_v2,starv2_core_100k_SafetyCarGoal1_v0_selected_star_v2_star_v2_s12,260000,0.29454702138900757,0.29454702138900757,5.529727786779404e-10,1.0,0.5317223072052002,0.05501832813024521,
SafetyCarGoal1-v0,star_v2,starv2_core_100k_SafetyCarGoal1_v0_selected_star_v2_star_v2_s12,265000,0.27734798192977905,0.27734798192977905,-5.820766091346741e-11,0.0,0.5314944982528687,0.042733341455459595,
SafetyCarGoal1-v0,star_v2,starv2_core_100k_SafetyCarGoal1_v0_selected_star_v2_star_v2_s12,270000,0.2758140563964844,0.2758140563964844,4.94765117764473e-10,1.0,0.5311814546585083,0.04140470176935196,
SafetyCarGoal1-v0,star_v2,starv2_core_100k_SafetyCarGoal1_v0_selected_star_v2_star_v2_s12,275000,0.2981943190097809,0.2981943190097809,9.89530235528946e-10,1.0,0.531575083732605,0.049048006534576416,
SafetyCarGoal1-v0,star_v2,starv2_core_100k_SafetyCarGoal1_v0_selected_star_v2_star_v2_s12,280000,0.2860751152038574,0.2860751152038574,-6.111804395914078e-10,0.0,0.5313359498977661,0.04332703351974487,
SafetyCarGoal1-v0,star_v2,starv2_core_100k_SafetyCarGoal1_v0_selected_star_v2_star_v2_s12,285000,0.28875505924224854,0.28875505924224854,-5.238689482212067e-10,0.0,0.5312352180480957,0.04872005060315132,
SafetyCarGoal1-v0,star_v2,starv2_core_100k_SafetyCarGoal1_v0_selected_star_v2_star_v2_s12,290000,0.3183830976486206,0.3183830976486206,-3.4924596548080444e-10,0.0,0.5312709212303162,0.054667066782712936,
SafetyCarGoal1-v0,star_v2,starv2_core_100k_SafetyCarGoal1_v0_selected_star_v2_star_v2_s12,295000,0.31329867243766785,0.31329864263534546,5.820766091346741e-11,1.0,0.531032383441925,0.06046251580119133,
SafetyCarGoal1-v0,star_v2,starv2_resume_300k_SafetyCarGoal1_v0_selected_star_v2_star_v2_s13,5000,4.939158916473389,4.939158916473389,-2.7939677238464355e-09,0.0,0.5206458568572998,4.435964584350586,
SafetyCarGoal1-v0,star_v2,starv2_resume_300k_SafetyCarGoal1_v0_selected_star_v2_star_v2_s13,10000,0.47830066084861755,0.47830066084861755,-2.3283064365386963e-10,0.0,0.531152069568634,0.04153646156191826,
SafetyCarGoal1-v0,star_v2,starv2_resume_300k_SafetyCarGoal1_v0_selected_star_v2_star_v2_s13,15000,0.23113882541656494,0.23113882541656494,-2.0372681319713593e-10,0.0,0.5313089489936829,0.035042282193899155,
SafetyCarGoal1-v0,star_v2,starv2_resume_300k_SafetyCarGoal1_v0_selected_star_v2_star_v2_s13,20000,0.14585021138191223,0.14585021138191223,-3.346940502524376e-10,0.0,0.5310844779014587,0.02724061720073223,
SafetyCarGoal1-v0,star_v2,starv2_resume_300k_SafetyCarGoal1_v0_selected_star_v2_star_v2_s13,25000,0.09924602508544922,0.09924602508544922,-1.3096723705530167e-10,0.0,0.5334175825119019,0.02084312215447426,
SafetyCarGoal1-v0,star_v2,starv2_resume_300k_SafetyCarGoal1_v0_selected_star_v2_star_v2_s13,30000,0.1617155820131302,0.1617155820131302,-2.0372681319713593e-10,0.0,0.5315141677856445,0.02760433778166771,
SafetyCarGoal1-v0,star_v2,starv2_resume_300k_SafetyCarGoal1_v0_selected_star_v2_star_v2_s13,35000,0.16922318935394287,0.16922318935394287,3.8198777474462986e-10,1.0,0.5312870740890503,0.044669050723314285,
SafetyCarGoal1-v0,star_v2,starv2_resume_300k_SafetyCarGoal1_v0_selected_star_v2_star_v2_s13,40000,0.16629290580749512,0.16629290580749512,-1.0913936421275139e-10,0.0,0.5310872793197632,0.03251557797193527,
SafetyCarGoal1-v0,star_v2,starv2_resume_300k_SafetyCarGoal1_v0_selected_star_v2_star_v2_s13,45000,0.19652357697486877,0.19652357697486877,-4.1109160520136356e-10,0.0,0.5310083627700806,0.03523111343383789,
SafetyCarGoal1-v0,star_v2,starv2_resume_300k_SafetyCarGoal1_v0_selected_star_v2_star_v2_s13,50000,0.18652652204036713,0.18652652204036713,3.2014213502407074e-10,1.0,0.5310660004615784,0.025896459817886353,
SafetyCarGoal1-v0,star_v2,starv2_resume_300k_SafetyCarGoal1_v0_selected_star_v2_star_v2_s13,55000,0.20362839102745056,0.20362839102745056,-2.6193447411060333e-10,0.0,0.531425952911377,0.03236616030335426,
SafetyCarGoal1-v0,star_v2,starv2_resume_300k_SafetyCarGoal1_v0_selected_star_v2_star_v2_s13,60000,0.2178829312324524,0.2178829312324524,5.093170329928398e-10,1.0,0.5316842794418335,0.03759433701634407,
SafetyCarGoal1-v0,star_v2,starv2_resume_300k_SafetyCarGoal1_v0_selected_star_v2_star_v2_s13,65000,0.23177528381347656,0.23177528381347656,6.111804395914078e-10,1.0,0.5310182571411133,0.04191308841109276,
SafetyCarGoal1-v0,star_v2,starv2_resume_300k_SafetyCarGoal1_v0_selected_star_v2_star_v2_s13,70000,0.22744116187095642,0.22744116187095642,1.1641532182693481e-10,1.0,0.5315042734146118,0.033193476498126984,
SafetyCarGoal1-v0,star_v2,starv2_resume_300k_SafetyCarGoal1_v0_selected_star_v2_star_v2_s13,75000,0.22528594732284546,0.22528594732284546,-4.3655745685100555e-11,0.0,0.5313824415206909,0.0418245866894722,
SafetyCarGoal1-v0,star_v2,starv2_resume_300k_SafetyCarGoal1_v0_selected_star_v2_star_v2_s13,80000,0.21818110346794128,0.21818110346794128,1.7462298274040222e-10,1.0,0.5311183929443359,0.033589236438274384,
SafetyCarGoal1-v0,star_v2,starv2_resume_300k_SafetyCarGoal1_v0_selected_star_v2_star_v2_s13,85000,0.22959716618061066,0.22959716618061066,-1.7462298274040222e-10,0.0,0.53144371509552,0.04327647387981415,
SafetyCarGoal1-v0,star_v2,starv2_resume_300k_SafetyCarGoal1_v0_selected_star_v2_star_v2_s13,90000,0.21917621791362762,0.21917623281478882,-9.89530235528946e-10,0.0,0.5311499238014221,0.03864363208413124,
SafetyCarGoal1-v0,star_v2,starv2_resume_300k_SafetyCarGoal1_v0_selected_star_v2_star_v2_s13,95000,0.24740205705165863,0.24740205705165863,-6.984919309616089e-10,0.0,0.5314115285873413,0.05395183339715004,
SafetyCarGoal1-v0,star_v2,starv2_resume_300k_SafetyCarGoal1_v0_selected_star_v2_star_v2_s13,100000,0.20717507600784302,0.20717507600784302,2.9103830456733704e-11,1.0,0.5313806533813477,0.04178542643785477,
SafetyCarGoal1-v0,star_v2,starv2_resume_300k_SafetyCarGoal1_v0_selected_star_v2_star_v2_s13,105000,0.20155203342437744,0.20155203342437744,-2.473825588822365e-10,0.0,0.5306826233863831,0.033088330179452896,
SafetyCarGoal1-v0,star_v2,starv2_resume_300k_SafetyCarGoal1_v0_selected_star_v2_star_v2_s13,110000,0.21805506944656372,0.21805506944656372,-2.473825588822365e-10,0.0,0.5311920642852783,0.04013518989086151,
SafetyCarGoal1-v0,star_v2,starv2_resume_300k_SafetyCarGoal1_v0_selected_star_v2_star_v2_s13,115000,0.2203371673822403,0.2203371673822403,3.637978807091713e-10,1.0,0.5313537120819092,0.043951407074928284,
SafetyCarGoal1-v0,star_v2,starv2_resume_300k_SafetyCarGoal1_v0_selected_star_v2_star_v2_s13,120000,0.2379727065563202,0.2379727065563202,4.3655745685100555e-10,1.0,0.5312173366546631,0.04656434804201126,
SafetyCarGoal1-v0,star_v2,starv2_resume_300k_SafetyCarGoal1_v0_selected_star_v2_star_v2_s13,125000,0.25806641578674316,0.25806641578674316,3.637978807091713e-10,1.0,0.5311963558197021,0.05834934860467911,
SafetyCarGoal1-v0,star_v2,starv2_resume_300k_SafetyCarGoal1_v0_selected_star_v2_star_v2_s13,130000,0.2261224240064621,0.2261224240064621,-9.74978320300579e-10,0.0,0.5311222076416016,0.0438130646944046,
SafetyCarGoal1-v0,star_v2,starv2_resume_300k_SafetyCarGoal1_v0_selected_star_v2_star_v2_s13,135000,0.256294310092926,0.256294310092926,3.2014213502407074e-10,1.0,0.5315523147583008,0.05060870945453644,
SafetyCarGoal1-v0,star_v2,starv2_resume_300k_SafetyCarGoal1_v0_selected_star_v2_star_v2_s13,140000,0.23100678622722626,0.23100677132606506,2.473825588822365e-10,1.0,0.5313913822174072,0.045425187796354294,
SafetyCarGoal1-v0,star_v2,starv2_resume_300k_SafetyCarGoal1_v0_selected_star_v2_star_v2_s13,145000,0.21546272933483124,0.21546272933483124,-9.022187441587448e-10,0.0,0.5308241248130798,0.03748173266649246,
SafetyCarGoal1-v0,star_v2,starv2_resume_300k_SafetyCarGoal1_v0_selected_star_v2_star_v2_s13,150000,0.24180105328559875,0.24180105328559875,-6.548361852765083e-10,0.0,0.5310962200164795,0.0466981939971447,
SafetyCarGoal1-v0,star_v2,starv2_resume_300k_SafetyCarGoal1_v0_selected_star_v2_star_v2_s13,155000,0.26071736216545105,0.26071739196777344,2.9103830456733704e-11,1.0,0.5313048362731934,0.04662684351205826,
SafetyCarGoal1-v0,star_v2,starv2_resume_300k_SafetyCarGoal1_v0_selected_star_v2_star_v2_s13,160000,0.2686592936515808,0.2686592936515808,1.0186340659856796e-09,1.0,0.5310685634613037,0.061532728374004364,
SafetyCarGoal1-v0,star_v2,starv2_resume_300k_SafetyCarGoal1_v0_selected_star_v2_star_v2_s13,165000,0.2495468705892563,0.2495468705892563,-4.3655745685100555e-10,0.0,0.5313180685043335,0.051468219608068466,
SafetyCarGoal1-v0,star_v2,starv2_resume_300k_SafetyCarGoal1_v0_selected_star_v2_star_v2_s13,170000,0.23394426703453064,0.23394426703453064,-5.384208634495735e-10,0.0,0.5314304828643799,0.030711045488715172,
SafetyCarGoal1-v0,star_v2,starv2_resume_300k_SafetyCarGoal1_v0_selected_star_v2_star_v2_s13,175000,0.24666866660118103,0.24666866660118103,-2.0372681319713593e-10,0.0,0.5308470129966736,0.03949393332004547,
SafetyCarGoal1-v0,star_v2,starv2_resume_300k_SafetyCarGoal1_v0_selected_star_v2_star_v2_s13,180000,0.21621963381767273,0.21621963381767273,-5.093170329928398e-10,0.0,0.5317751169204712,0.026634763926267624,
SafetyCarGoal1-v0,star_v2,starv2_resume_300k_SafetyCarGoal1_v0_selected_star_v2_star_v2_s13,185000,0.23894132673740387,0.23894132673740387,-1.4842953532934189e-09,0.0,0.5315995812416077,0.03366492688655853,
SafetyCarGoal1-v0,star_v2,starv2_resume_300k_SafetyCarGoal1_v0_selected_star_v2_star_v2_s13,190000,0.2672766149044037,0.2672766149044037,6.984919309616089e-10,1.0,0.5310391783714294,0.05275208503007889,
SafetyCarGoal1-v0,star_v2,starv2_resume_300k_SafetyCarGoal1_v0_selected_star_v2_star_v2_s13,195000,0.20173943042755127,0.20173943042755127,-3.2014213502407074e-10,0.0,0.5309451818466187,0.025529833510518074,
SafetyCarGoal1-v0,star_v2,starv2_resume_300k_SafetyCarGoal1_v0_selected_star_v2_star_v2_s13,200000,0.26282039284706116,0.26282036304473877,-8.731149137020111e-11,0.0,0.53166663646698,0.0415782704949379,
SafetyCarGoal1-v0,star_v2,starv2_resume_300k_SafetyCarGoal1_v0_selected_star_v2_star_v2_s13,205000,0.2724166810512543,0.2724166810512543,4.656612873077393e-10,1.0,0.5313801169395447,0.05764516070485115,
SafetyCarGoal1-v0,star_v2,starv2_resume_300k_SafetyCarGoal1_v0_selected_star_v2_star_v2_s13,210000,0.27823585271835327,0.27823585271835327,8.440110832452774e-10,1.0,0.5313655138015747,0.05966862291097641,
SafetyCarGoal1-v0,star_v2,starv2_resume_300k_SafetyCarGoal1_v0_selected_star_v2_star_v2_s13,215000,0.2654151916503906,0.2654151916503906,-9.022187441587448e-10,0.0,0.5311275720596313,0.05257018655538559,
SafetyCarGoal1-v0,star_v2,starv2_resume_300k_SafetyCarGoal1_v0_selected_star_v2_star_v2_s13,220000,0.25509703159332275,0.25509703159332275,-2.3283064365386963e-10,0.0,0.5313234329223633,0.041210614144802094,
SafetyCarGoal1-v0,star_v2,starv2_resume_300k_SafetyCarGoal1_v0_selected_star_v2_star_v2_s13,225000,0.2724200487136841,0.2724200487136841,-5.820766091346741e-11,0.0,0.5315297245979309,0.052764683961868286,
SafetyCarGoal1-v0,star_v2,starv2_resume_300k_SafetyCarGoal1_v0_selected_star_v2_star_v2_s13,230000,0.24295033514499664,0.24295033514499664,3.4924596548080444e-10,1.0,0.5311594605445862,0.030815374106168747,
SafetyCarGoal1-v0,star_v2,starv2_resume_300k_SafetyCarGoal1_v0_selected_star_v2_star_v2_s13,235000,0.28595027327537537,0.28595027327537537,-8.440110832452774e-10,0.0,0.5309457778930664,0.05687447637319565,
SafetyCarGoal1-v0,star_v2,starv2_resume_300k_SafetyCarGoal1_v0_selected_star_v2_star_v2_s13,240000,0.25814521312713623,0.25814521312713623,-3.7834979593753815e-10,0.0,0.5312516689300537,0.043185360729694366,
SafetyCarGoal1-v0,star_v2,starv2_resume_300k_SafetyCarGoal1_v0_selected_star_v2_star_v2_s13,245000,0.25764399766921997,0.25764399766921997,-3.2014213502407074e-10,0.0,0.531449556350708,0.04381995648145676,
SafetyCarGoal1-v0,star_v2,starv2_resume_300k_SafetyCarGoal1_v0_selected_star_v2_star_v2_s13,250000,0.26279568672180176,0.26279568672180176,2.0372681319713593e-10,1.0,0.5314725637435913,0.042071469128131866,
SafetyCarGoal1-v0,star_v2,starv2_resume_300k_SafetyCarGoal1_v0_selected_star_v2_star_v2_s13,255000,0.2717205584049225,0.2717205584049225,5.238689482212067e-10,1.0,0.5311446189880371,0.04575362801551819,
SafetyCarGoal1-v0,star_v2,starv2_resume_300k_SafetyCarGoal1_v0_selected_star_v2_star_v2_s13,260000,0.3016667366027832,0.3016667366027832,7.275957614183426e-10,1.0,0.5313016176223755,0.0583219900727272,
SafetyCarGoal1-v0,star_v2,starv2_resume_300k_SafetyCarGoal1_v0_selected_star_v2_star_v2_s13,265000,0.271493136882782,0.271493136882782,3.7834979593753815e-10,1.0,0.5313233733177185,0.04806137830018997,
SafetyCarGoal1-v0,star_v2,starv2_resume_300k_SafetyCarGoal1_v0_selected_star_v2_star_v2_s13,270000,0.3074333369731903,0.3074333369731903,-7.8580342233181e-10,0.0,0.5313403606414795,0.06728923320770264,
SafetyCarGoal1-v0,star_v2,starv2_resume_300k_SafetyCarGoal1_v0_selected_star_v2_star_v2_s13,275000,0.28079989552497864,0.28079989552497864,2.9103830456733704e-11,1.0,0.5312226414680481,0.04961313679814339,
SafetyCarGoal1-v0,star_v2,starv2_resume_300k_SafetyCarGoal1_v0_selected_star_v2_star_v2_s13,280000,0.29514944553375244,0.29514944553375244,6.111804395914078e-10,1.0,0.5312204957008362,0.06259924173355103,
SafetyCarGoal1-v0,star_v2,starv2_resume_300k_SafetyCarGoal1_v0_selected_star_v2_star_v2_s13,285000,0.2663584053516388,0.2663584053516388,1.4551915228366852e-10,1.0,0.5314927697181702,0.038189712911844254,
SafetyCarGoal1-v0,star_v2,starv2_resume_300k_SafetyCarGoal1_v0_selected_star_v2_star_v2_s13,290000,0.299995094537735,0.299995094537735,5.238689482212067e-10,1.0,0.5310519337654114,0.05879543349146843,
SafetyCarGoal1-v0,star_v2,starv2_resume_300k_SafetyCarGoal1_v0_selected_star_v2_star_v2_s13,295000,0.2911056876182556,0.2911056876182556,-8.149072527885437e-10,0.0,0.5309488773345947,0.05541335046291351,
SafetyCarGoal1-v0,star_v2,starv2_resume_300k_SafetyCarGoal1_v0_selected_star_v2_star_v2_s14,5000,4.010775566101074,4.010775566101074,5.122274160385132e-09,1.0,0.5309997797012329,3.5765719413757324,
SafetyCarGoal1-v0,star_v2,starv2_resume_300k_SafetyCarGoal1_v0_selected_star_v2_star_v2_s14,10000,0.38289743661880493,0.38289743661880493,1.7462298274040222e-10,1.0,0.5312670469284058,0.00041230348870158195,
SafetyCarGoal1-v0,star_v2,starv2_resume_300k_SafetyCarGoal1_v0_selected_star_v2_star_v2_s14,15000,0.14788445830345154,0.14788445830345154,4.0745362639427185e-10,1.0,0.5312042832374573,0.0016344764735549688,
SafetyCarGoal1-v0,star_v2,starv2_resume_300k_SafetyCarGoal1_v0_selected_star_v2_star_v2_s14,20000,0.08683344721794128,0.08683344721794128,1.7462298274040222e-10,1.0,0.5310213565826416,0.011879275552928448,
SafetyCarGoal1-v0,star_v2,starv2_resume_300k_SafetyCarGoal1_v0_selected_star_v2_star_v2_s14,25000,0.05644730105996132,0.05644730105996132,-8.731149137020111e-11,0.0,0.5310704708099365,0.005030089057981968,
SafetyCarGoal1-v0,star_v2,starv2_resume_300k_SafetyCarGoal1_v0_selected_star_v2_star_v2_s14,30000,0.0908338725566864,0.0908338725566864,3.4287950256839395e-10,1.0,0.5308908224105835,0.022009961307048798,
SafetyCarGoal1-v0,star_v2,starv2_resume_300k_SafetyCarGoal1_v0_selected_star_v2_star_v2_s14,35000,0.11777623742818832,0.11777623742818832,-2.837623469531536e-10,0.0,0.5312083959579468,0.024981984868645668,
SafetyCarGoal1-v0,star_v2,starv2_resume_300k_SafetyCarGoal1_v0_selected_star_v2_star_v2_s14,40000,0.13769328594207764,0.13769330084323883,1.8189894035458565e-11,1.0,0.5311242341995239,0.031143706291913986,
SafetyCarGoal1-v0,star_v2,starv2_resume_300k_SafetyCarGoal1_v0_selected_star_v2_star_v2_s14,45000,0.12464743107557297,0.12464743107557297,-6.093614501878619e-11,0.0,0.5316140651702881,0.028748057782649994,
SafetyCarGoal1-v0,star_v2,starv2_resume_300k_SafetyCarGoal1_v0_selected_star_v2_star_v2_s14,50000,0.1300162374973297,0.1300162374973297,-2.9672264645341784e-10,0.0,0.53089439868927,0.028568686917424202,
SafetyCarGoal1-v0,star_v2,starv2_resume_300k_SafetyCarGoal1_v0_selected_star_v2_star_v2_s14,55000,0.1627170741558075,0.1627170741558075,-5.456968210637569e-10,0.0,0.5312288999557495,0.0313127264380455,
SafetyCarGoal1-v0,star_v2,starv2_resume_300k_SafetyCarGoal1_v0_selected_star_v2_star_v2_s14,60000,0.14725147187709808,0.14725147187709808,-5.784386303275824e-10,0.0,0.5312417149543762,0.025232475250959396,
SafetyCarGoal1-v0,star_v2,starv2_resume_300k_SafetyCarGoal1_v0_selected_star_v2_star_v2_s14,65000,0.18683496117591858,0.18683496117591858,-8.731149137020111e-11,0.0,0.5315369963645935,0.034072455018758774,
SafetyCarGoal1-v0,star_v2,starv2_resume_300k_SafetyCarGoal1_v0_selected_star_v2_star_v2_s14,70000,0.1941649466753006,0.1941649466753006,6.111804395914078e-10,1.0,0.5312572717666626,0.033548690378665924,
SafetyCarGoal1-v0,star_v2,starv2_resume_300k_SafetyCarGoal1_v0_selected_star_v2_star_v2_s14,75000,0.18561232089996338,0.18561232089996338,-4.838511813431978e-10,0.0,0.5312908887863159,0.03532957285642624,
SafetyCarGoal1-v0,star_v2,starv2_resume_300k_SafetyCarGoal1_v0_selected_star_v2_star_v2_s14,80000,0.22915396094322205,0.22915396094322205,1.8917489796876907e-10,1.0,0.5313848853111267,0.04435374215245247,
SafetyCarGoal1-v0,star_v2,starv2_resume_300k_SafetyCarGoal1_v0_selected_star_v2_star_v2_s14,85000,0.21869617700576782,0.21869617700576782,-6.83940015733242e-10,0.0,0.5313974618911743,0.04601205140352249,
SafetyCarGoal1-v0,star_v2,starv2_resume_300k_SafetyCarGoal1_v0_selected_star_v2_star_v2_s14,90000,0.18866637349128723,0.18866637349128723,9.89530235528946e-10,1.0,0.5313014388084412,0.028157999739050865,
SafetyCarGoal1-v0,star_v2,starv2_resume_300k_SafetyCarGoal1_v0_selected_star_v2_star_v2_s14,95000,0.23476268351078033,0.23476268351078033,-4.220055416226387e-10,0.0,0.5309260487556458,0.04194805771112442,
SafetyCarGoal1-v0,star_v2,starv2_resume_300k_SafetyCarGoal1_v0_selected_star_v2_star_v2_s14,100000,0.2318362295627594,0.2318362295627594,3.2014213502407074e-10,1.0,0.5316237211227417,0.04581818729639053,
SafetyCarGoal1-v0,star_v2,starv2_resume_300k_SafetyCarGoal1_v0_selected_star_v2_star_v2_s14,105000,0.21644045412540436,0.21644045412540436,3.2014213502407074e-10,1.0,0.5313140749931335,0.04314100369811058,
SafetyCarGoal1-v0,star_v2,starv2_resume_300k_SafetyCarGoal1_v0_selected_star_v2_star_v2_s14,110000,0.20194470882415771,0.20194470882415771,1.3096723705530167e-10,1.0,0.530977725982666,0.03502243012189865,
SafetyCarGoal1-v0,star_v2,starv2_resume_300k_SafetyCarGoal1_v0_selected_star_v2_star_v2_s14,115000,0.2386399358510971,0.2386399358510971,-2.9103830456733704e-10,0.0,0.5312151908874512,0.04543218016624451,
SafetyCarGoal1-v0,star_v2,starv2_resume_300k_SafetyCarGoal1_v0_selected_star_v2_star_v2_s14,120000,0.23801860213279724,0.23801860213279724,-1.4551915228366852e-11,0.0,0.5314540863037109,0.04847604036331177,
SafetyCarGoal1-v0,star_v2,starv2_resume_300k_SafetyCarGoal1_v0_selected_star_v2_star_v2_s14,125000,0.1999180018901825,0.1999180018901825,-1.076841726899147e-09,0.0,0.531428337097168,0.032360322773456573,
SafetyCarGoal1-v0,star_v2,starv2_resume_300k_SafetyCarGoal1_v0_selected_star_v2_star_v2_s14,130000,0.26126164197921753,0.2612616717815399,-4.220055416226387e-10,0.0,0.5318251848220825,0.05706698074936867,
SafetyCarGoal1-v0,star_v2,starv2_resume_300k_SafetyCarGoal1_v0_selected_star_v2_star_v2_s14,135000,0.24924781918525696,0.24924781918525696,8.440110832452774e-10,1.0,0.5310590863227844,0.05401596426963806,
SafetyCarGoal1-v0,star_v2,starv2_resume_300k_SafetyCarGoal1_v0_selected_star_v2_star_v2_s14,140000,0.23352345824241638,0.23352345824241638,1.7462298274040222e-10,1.0,0.5310649871826172,0.03642755001783371,
SafetyCarGoal1-v0,star_v2,starv2_resume_300k_SafetyCarGoal1_v0_selected_star_v2_star_v2_s14,145000,0.22379180788993835,0.22379180788993835,2.0372681319713593e-10,1.0,0.5315099954605103,0.04121587052941322,
SafetyCarGoal1-v0,star_v2,starv2_resume_300k_SafetyCarGoal1_v0_selected_star_v2_star_v2_s14,150000,0.24726061522960663,0.24726060032844543,-1.4551915228366852e-10,0.0,0.5314592719078064,0.044741056859493256,
SafetyCarGoal1-v0,star_v2,starv2_resume_300k_SafetyCarGoal1_v0_selected_star_v2_star_v2_s14,155000,0.2454257309436798,0.2454257309436798,-2.9103830456733704e-10,0.0,0.530848503112793,0.051532089710235596,
SafetyCarGoal1-v0,star_v2,starv2_resume_300k_SafetyCarGoal1_v0_selected_star_v2_star_v2_s14,160000,0.2690757215023041,0.2690757215023041,-5.820766091346741e-10,0.0,0.5307947397232056,0.05919424444437027,
SafetyCarGoal1-v0,star_v2,starv2_resume_300k_SafetyCarGoal1_v0_selected_star_v2_star_v2_s14,165000,0.23938949406147003,0.23938949406147003,-1.4551915228366852e-10,0.0,0.5307568311691284,0.035064492374658585,
SafetyCarGoal1-v0,star_v2,starv2_resume_300k_SafetyCarGoal1_v0_selected_star_v2_star_v2_s14,170000,0.2380031943321228,0.2380031943321228,-6.111804395914078e-10,0.0,0.5311982035636902,0.043160248547792435,
SafetyCarGoal1-v0,star_v2,starv2_resume_300k_SafetyCarGoal1_v0_selected_star_v2_star_v2_s14,175000,0.2509060204029083,0.2509060204029083,-1.5061232261359692e-09,0.0,0.5313897728919983,0.048623040318489075,
SafetyCarGoal1-v0,star_v2,starv2_resume_300k_SafetyCarGoal1_v0_selected_star_v2_star_v2_s14,180000,0.2367500513792038,0.236750066280365,-3.7834979593753815e-10,0.0,0.5317152738571167,0.04095553234219551,
SafetyCarGoal1-v0,star_v2,starv2_resume_300k_SafetyCarGoal1_v0_selected_star_v2_star_v2_s14,185000,0.24114084243774414,0.24114084243774414,-2.6193447411060333e-10,0.0,0.531453013420105,0.04331925883889198,
SafetyCarGoal1-v0,star_v2,starv2_resume_300k_SafetyCarGoal1_v0_selected_star_v2_star_v2_s14,190000,0.2626178562641144,0.2626178562641144,-5.529727786779404e-10,0.0,0.531612753868103,0.05350439250469208,
SafetyCarGoal1-v0,star_v2,starv2_resume_300k_SafetyCarGoal1_v0_selected_star_v2_star_v2_s14,195000,0.2117927372455597,0.2117927372455597,2.0372681319713593e-10,1.0,0.5312676429748535,0.022406037896871567,
SafetyCarGoal1-v0,star_v2,starv2_resume_300k_SafetyCarGoal1_v0_selected_star_v2_star_v2_s14,200000,0.2750844359397888,0.2750844359397888,-1.7462298274040222e-10,0.0,0.5316529870033264,0.05845179036259651,
SafetyCarGoal1-v0,star_v2,starv2_resume_300k_SafetyCarGoal1_v0_selected_star_v2_star_v2_s14,205000,0.24829404056072235,0.24829404056072235,-4.656612873077393e-10,0.0,0.5314416289329529,0.04200179502367973,
SafetyCarGoal1-v0,star_v2,starv2_resume_300k_SafetyCarGoal1_v0_selected_star_v2_star_v2_s14,210000,0.2487933188676834,0.2487933188676834,5.093170329928398e-10,1.0,0.5315910577774048,0.04387123882770538,
SafetyCarGoal1-v0,star_v2,starv2_resume_300k_SafetyCarGoal1_v0_selected_star_v2_star_v2_s14,215000,0.24673396348953247,0.24673396348953247,1.4551915228366852e-11,1.0,0.5314218997955322,0.04270460084080696,
SafetyCarGoal1-v0,star_v2,starv2_resume_300k_SafetyCarGoal1_v0_selected_star_v2_star_v2_s14,220000,0.2302108108997345,0.2302108108997345,8.731149137020111e-11,1.0,0.5311854481697083,0.03579441457986832,
SafetyCarGoal1-v0,star_v2,starv2_resume_300k_SafetyCarGoal1_v0_selected_star_v2_star_v2_s14,225000,0.27303963899612427,0.27303963899612427,3.346940502524376e-10,1.0,0.5317147970199585,0.05587295815348625,
SafetyCarGoal1-v0,star_v2,starv2_resume_300k_SafetyCarGoal1_v0_selected_star_v2_star_v2_s14,230000,0.3034551441669464,0.3034551441669464,1.0186340659856796e-09,1.0,0.5312842130661011,0.07288272678852081,
SafetyCarGoal1-v0,star_v2,starv2_resume_300k_SafetyCarGoal1_v0_selected_star_v2_star_v2_s14,235000,0.2796367406845093,0.2796367406845093,-9.458744898438454e-10,0.0,0.5315026044845581,0.054946884512901306,
SafetyCarGoal1-v0,star_v2,starv2_resume_300k_SafetyCarGoal1_v0_selected_star_v2_star_v2_s14,240000,0.2764444649219513,0.2764444649219513,-2.9103830456733704e-11,0.0,0.5308764576911926,0.043760936707258224,
SafetyCarGoal1-v0,star_v2,starv2_resume_300k_SafetyCarGoal1_v0_selected_star_v2_star_v2_s14,245000,0.2823503613471985,0.2823503613471985,1.1641532182693481e-10,1.0,0.5310879945755005,0.05379519611597061,
SafetyCarGoal1-v0,star_v2,starv2_resume_300k_SafetyCarGoal1_v0_selected_star_v2_star_v2_s14,250000,0.30476436018943787,0.30476436018943787,5.820766091346741e-10,1.0,0.5313093066215515,0.06019051745533943,
SafetyCarGoal1-v0,star_v2,starv2_resume_300k_SafetyCarGoal1_v0_selected_star_v2_star_v2_s14,255000,0.27755749225616455,0.27755749225616455,2.0372681319713593e-10,1.0,0.5311760902404785,0.04851668328046799,
SafetyCarGoal1-v0,star_v2,starv2_resume_300k_SafetyCarGoal1_v0_selected_star_v2_star_v2_s14,260000,0.3107334077358246,0.3107334077358246,-1.6007106751203537e-09,0.0,0.5314459800720215,0.07137434184551239,
SafetyCarGoal1-v0,star_v2,starv2_resume_300k_SafetyCarGoal1_v0_selected_star_v2_star_v2_s14,265000,0.25162357091903687,0.25162357091903687,4.3655745685100555e-10,1.0,0.5317715406417847,0.03883877396583557,
SafetyCarGoal1-v0,star_v2,starv2_resume_300k_SafetyCarGoal1_v0_selected_star_v2_star_v2_s14,270000,0.2708679139614105,0.2708679139614105,4.3655745685100555e-10,1.0,0.5314146876335144,0.04732882231473923,
SafetyCarGoal1-v0,star_v2,starv2_resume_300k_SafetyCarGoal1_v0_selected_star_v2_star_v2_s14,275000,0.2924690842628479,0.2924690842628479,2.9103830456733704e-10,1.0,0.5309383869171143,0.05789073184132576,
SafetyCarGoal1-v0,star_v2,starv2_resume_300k_SafetyCarGoal1_v0_selected_star_v2_star_v2_s14,280000,0.2780423164367676,0.2780423164367676,-7.421476766467094e-10,0.0,0.5315566658973694,0.05528485029935837,
SafetyCarGoal1-v0,star_v2,starv2_resume_300k_SafetyCarGoal1_v0_selected_star_v2_star_v2_s14,285000,0.29943764209747314,0.29943764209747314,-1.1641532182693481e-10,0.0,0.5317670106887817,0.05711446702480316,
SafetyCarGoal1-v0,star_v2,starv2_resume_300k_SafetyCarGoal1_v0_selected_star_v2_star_v2_s14,290000,0.29693371057510376,0.29693371057510376,1.4842953532934189e-09,1.0,0.5315292477607727,0.06813262403011322,
SafetyCarGoal1-v0,star_v2,starv2_resume_300k_SafetyCarGoal1_v0_selected_star_v2_star_v2_s14,295000,0.29201552271842957,0.29201552271842957,1.4551915228366852e-10,1.0,0.5313116312026978,0.06049704924225807,
SafetyPointButton1-v0,current_only_v2,starv2_core_100k_SafetyPointButton1_v0_selected_current_only_v2_current_only_v2_s10,100000,0.48487383127212524,0.48487383127212524,0.0,0.0,1.0,0.11896967887878418,
SafetyPointButton1-v0,current_only_v2,starv2_core_100k_SafetyPointButton1_v0_selected_current_only_v2_current_only_v2_s10,105000,0.4818209409713745,0.4818209409713745,1.1641532182693481e-10,1.0,1.0,0.11331475526094437,
SafetyPointButton1-v0,current_only_v2,starv2_core_100k_SafetyPointButton1_v0_selected_current_only_v2_current_only_v2_s10,110000,0.4757634401321411,0.4757634401321411,-5.238689482212067e-10,0.0,1.0,0.1169547364115715,
SafetyPointButton1-v0,current_only_v2,starv2_core_100k_SafetyPointButton1_v0_selected_current_only_v2_current_only_v2_s10,115000,0.47247055172920227,0.47247055172920227,6.402842700481415e-10,1.0,1.0,0.1144411489367485,
SafetyPointButton1-v0,current_only_v2,starv2_core_100k_SafetyPointButton1_v0_selected_current_only_v2_current_only_v2_s10,120000,0.4840123653411865,0.4840123653411865,2.9103830456733704e-10,1.0,1.0,0.11627034097909927,
SafetyPointButton1-v0,current_only_v2,starv2_core_100k_SafetyPointButton1_v0_selected_current_only_v2_current_only_v2_s10,125000,0.5445675849914551,0.5445675849914551,-2.3283064365386963e-10,0.0,1.0,0.1491488814353943,
SafetyPointButton1-v0,current_only_v2,starv2_core_100k_SafetyPointButton1_v0_selected_current_only_v2_current_only_v2_s10,130000,0.5318025350570679,0.5318025350570679,-2.3283064365386963e-10,0.0,1.0,0.1440393328666687,
SafetyPointButton1-v0,current_only_v2,starv2_core_100k_SafetyPointButton1_v0_selected_current_only_v2_current_only_v2_s10,135000,0.4826720356941223,0.4826720356941223,1.9208528101444244e-09,1.0,1.0,0.10910730808973312,
SafetyPointButton1-v0,current_only_v2,starv2_core_100k_SafetyPointButton1_v0_selected_current_only_v2_current_only_v2_s10,140000,0.5030674338340759,0.5030674338340759,-1.1641532182693481e-10,0.0,1.0,0.1218041181564331,
SafetyPointButton1-v0,current_only_v2,starv2_core_100k_SafetyPointButton1_v0_selected_current_only_v2_current_only_v2_s10,145000,0.5377489328384399,0.5377489328384399,8.149072527885437e-10,1.0,1.0,0.1421939581632614,
SafetyPointButton1-v0,current_only_v2,starv2_core_100k_SafetyPointButton1_v0_selected_current_only_v2_current_only_v2_s10,150000,0.5239670276641846,0.5239670276641846,-1.0186340659856796e-09,0.0,1.0,0.14212451875209808,
SafetyPointButton1-v0,current_only_v2,starv2_core_100k_SafetyPointButton1_v0_selected_current_only_v2_current_only_v2_s10,155000,0.5227606296539307,0.5227606296539307,-2.9103830456733704e-10,0.0,1.0,0.1384216845035553,
SafetyPointButton1-v0,current_only_v2,starv2_core_100k_SafetyPointButton1_v0_selected_current_only_v2_current_only_v2_s10,160000,0.5188068151473999,0.5188068151473999,-3.4924596548080444e-10,0.0,1.0,0.1207621842622757,
SafetyPointButton1-v0,current_only_v2,starv2_core_100k_SafetyPointButton1_v0_selected_current_only_v2_current_only_v2_s10,165000,0.5447168350219727,0.5447168350219727,-2.9103830456733704e-10,0.0,1.0,0.14483994245529175,
SafetyPointButton1-v0,current_only_v2,starv2_core_100k_SafetyPointButton1_v0_selected_current_only_v2_current_only_v2_s10,170000,0.5636399388313293,0.5636399388313293,7.566995918750763e-10,1.0,1.0,0.1570589393377304,
SafetyPointButton1-v0,current_only_v2,starv2_core_100k_SafetyPointButton1_v0_selected_current_only_v2_current_only_v2_s10,175000,0.5637680888175964,0.5637680888175964,-1.3387762010097504e-09,0.0,1.0,0.14857274293899536,
SafetyPointButton1-v0,current_only_v2,starv2_core_100k_SafetyPointButton1_v0_selected_current_only_v2_current_only_v2_s10,180000,0.5633612871170044,0.5633612871170044,0.0,0.0,1.0,0.146818608045578,
SafetyPointButton1-v0,current_only_v2,starv2_core_100k_SafetyPointButton1_v0_selected_current_only_v2_current_only_v2_s10,185000,0.5490492582321167,0.5490492582321167,1.0477378964424133e-09,1.0,1.0,0.14565473794937134,
SafetyPointButton1-v0,current_only_v2,starv2_core_100k_SafetyPointButton1_v0_selected_current_only_v2_current_only_v2_s10,190000,0.5810778141021729,0.5810778141021729,-6.984919309616089e-10,0.0,1.0,0.15867498517036438,
SafetyPointButton1-v0,current_only_v2,starv2_core_100k_SafetyPointButton1_v0_selected_current_only_v2_current_only_v2_s10,195000,0.5391427278518677,0.5391427278518677,-6.402842700481415e-10,0.0,1.0,0.13102126121520996,
SafetyPointButton1-v0,current_only_v2,starv2_core_100k_SafetyPointButton1_v0_selected_current_only_v2_current_only_v2_s10,200000,0.5559706687927246,0.5559706687927246,-4.656612873077393e-10,0.0,1.0,0.13927000761032104,
SafetyPointButton1-v0,current_only_v2,starv2_core_100k_SafetyPointButton1_v0_selected_current_only_v2_current_only_v2_s10,205000,0.5564248561859131,0.5564248561859131,1.1641532182693481e-10,1.0,1.0,0.1404256820678711,
SafetyPointButton1-v0,current_only_v2,starv2_core_100k_SafetyPointButton1_v0_selected_current_only_v2_current_only_v2_s10,210000,0.5778248906135559,0.5778248906135559,5.238689482212067e-10,1.0,1.0,0.15522143244743347,
SafetyPointButton1-v0,current_only_v2,starv2_core_100k_SafetyPointButton1_v0_selected_current_only_v2_current_only_v2_s10,215000,0.5772761106491089,0.5772761106491089,-8.149072527885437e-10,0.0,1.0,0.15065953135490417,
SafetyPointButton1-v0,current_only_v2,starv2_core_100k_SafetyPointButton1_v0_selected_current_only_v2_current_only_v2_s10,220000,0.5410565137863159,0.5410565137863159,0.0,0.0,1.0,0.12288730591535568,
SafetyPointButton1-v0,current_only_v2,starv2_core_100k_SafetyPointButton1_v0_selected_current_only_v2_current_only_v2_s10,225000,0.5894203782081604,0.5894203782081604,1.1641532182693481e-09,1.0,1.0,0.1624002754688263,
SafetyPointButton1-v0,current_only_v2,starv2_core_100k_SafetyPointButton1_v0_selected_current_only_v2_current_only_v2_s10,230000,0.5692967772483826,0.5692967772483826,-3.4924596548080444e-10,0.0,1.0,0.14850133657455444,
SafetyPointButton1-v0,current_only_v2,starv2_core_100k_SafetyPointButton1_v0_selected_current_only_v2_current_only_v2_s10,235000,0.5731410980224609,0.5731410980224609,0.0,0.0,1.0,0.14726737141609192,
SafetyPointButton1-v0,current_only_v2,starv2_core_100k_SafetyPointButton1_v0_selected_current_only_v2_current_only_v2_s10,240000,0.5648542046546936,0.5648542046546936,-9.313225746154785e-10,0.0,1.0,0.14161550998687744,
SafetyPointButton1-v0,current_only_v2,starv2_core_100k_SafetyPointButton1_v0_selected_current_only_v2_current_only_v2_s10,245000,0.5735245943069458,0.5735245943069458,1.979060471057892e-09,1.0,1.0,0.14823609590530396,
SafetyPointButton1-v0,current_only_v2,starv2_core_100k_SafetyPointButton1_v0_selected_current_only_v2_current_only_v2_s10,250000,0.6030271053314209,0.6030271053314209,-5.820766091346741e-11,0.0,1.0,0.17098385095596313,
SafetyPointButton1-v0,current_only_v2,starv2_core_100k_SafetyPointButton1_v0_selected_current_only_v2_current_only_v2_s10,255000,0.5989272594451904,0.5989272594451904,-1.1641532182693481e-10,0.0,1.0,0.15977424383163452,
SafetyPointButton1-v0,current_only_v2,starv2_core_100k_SafetyPointButton1_v0_selected_current_only_v2_current_only_v2_s10,260000,0.5662299990653992,0.5662299990653992,-6.984919309616089e-10,0.0,1.0,0.13717691600322723,
SafetyPointButton1-v0,current_only_v2,starv2_core_100k_SafetyPointButton1_v0_selected_current_only_v2_current_only_v2_s10,265000,0.6084674596786499,0.6084674596786499,-9.313225746154785e-10,0.0,1.0,0.17152687907218933,
SafetyPointButton1-v0,current_only_v2,starv2_core_100k_SafetyPointButton1_v0_selected_current_only_v2_current_only_v2_s10,270000,0.6133698225021362,0.6133698225021362,6.984919309616089e-10,1.0,1.0,0.17542535066604614,
SafetyPointButton1-v0,current_only_v2,starv2_core_100k_SafetyPointButton1_v0_selected_current_only_v2_current_only_v2_s10,275000,0.6048984527587891,0.6048984527587891,-3.4924596548080444e-10,0.0,1.0,0.16983091831207275,
SafetyPointButton1-v0,current_only_v2,starv2_core_100k_SafetyPointButton1_v0_selected_current_only_v2_current_only_v2_s10,280000,0.6130128502845764,0.6130128502845764,8.149072527885437e-10,1.0,1.0,0.17384245991706848,
SafetyPointButton1-v0,current_only_v2,starv2_core_100k_SafetyPointButton1_v0_selected_current_only_v2_current_only_v2_s10,285000,0.6061433553695679,0.6061433553695679,2.3283064365386963e-10,1.0,1.0,0.1668122112751007,
SafetyPointButton1-v0,current_only_v2,starv2_core_100k_SafetyPointButton1_v0_selected_current_only_v2_current_only_v2_s10,290000,0.615960955619812,0.615960955619812,-1.3969838619232178e-09,0.0,1.0,0.17495761811733246,
SafetyPointButton1-v0,current_only_v2,starv2_core_100k_SafetyPointButton1_v0_selected_current_only_v2_current_only_v2_s10,295000,0.5788388252258301,0.5788388252258301,2.3283064365386963e-10,1.0,1.0,0.14551547169685364,
SafetyPointButton1-v0,current_only_v2,starv2_core_100k_SafetyPointButton1_v0_selected_current_only_v2_current_only_v2_s11,100000,0.5576659440994263,0.5576659440994263,0.0,0.0,1.0,0.14889658987522125,
SafetyPointButton1-v0,current_only_v2,starv2_core_100k_SafetyPointButton1_v0_selected_current_only_v2_current_only_v2_s11,105000,0.5244768261909485,0.5244767665863037,1.862645149230957e-09,1.0,1.0,0.12739577889442444,
SafetyPointButton1-v0,current_only_v2,starv2_core_100k_SafetyPointButton1_v0_selected_current_only_v2_current_only_v2_s11,110000,0.5478243231773376,0.5478243231773376,6.984919309616089e-10,1.0,1.0,0.1466083526611328,
SafetyPointButton1-v0,current_only_v2,starv2_core_100k_SafetyPointButton1_v0_selected_current_only_v2_current_only_v2_s11,115000,0.5725144743919373,0.5725144743919373,-1.1641532182693481e-10,0.0,1.0,0.15951603651046753,
SafetyPointButton1-v0,current_only_v2,starv2_core_100k_SafetyPointButton1_v0_selected_current_only_v2_current_only_v2_s11,120000,0.5847558975219727,0.5847558975219727,-1.1641532182693481e-09,0.0,1.0,0.1691267043352127,
SafetyPointButton1-v0,current_only_v2,starv2_core_100k_SafetyPointButton1_v0_selected_current_only_v2_current_only_v2_s11,125000,0.5205131769180298,0.5205131769180298,1.1059455573558807e-09,1.0,1.0,0.12176254391670227,
SafetyPointButton1-v0,current_only_v2,starv2_core_100k_SafetyPointButton1_v0_selected_current_only_v2_current_only_v2_s11,130000,0.5475180149078369,0.5475180149078369,8.731149137020111e-10,1.0,1.0,0.1429436355829239,
SafetyPointButton1-v0,current_only_v2,starv2_core_100k_SafetyPointButton1_v0_selected_current_only_v2_current_only_v2_s11,135000,0.5705530643463135,0.5705530643463135,3.4924596548080444e-10,1.0,1.0,0.15618130564689636,
SafetyPointButton1-v0,current_only_v2,starv2_core_100k_SafetyPointButton1_v0_selected_current_only_v2_current_only_v2_s11,140000,0.5576881766319275,0.5576881766319275,4.656612873077393e-10,1.0,1.0,0.14582189917564392,
SafetyPointButton1-v0,current_only_v2,starv2_core_100k_SafetyPointButton1_v0_selected_current_only_v2_current_only_v2_s11,145000,0.5324735641479492,0.5324735641479492,-1.280568540096283e-09,0.0,1.0,0.13518908619880676,
SafetyPointButton1-v0,current_only_v2,starv2_core_100k_SafetyPointButton1_v0_selected_current_only_v2_current_only_v2_s11,150000,0.5400478839874268,0.5400478839874268,2.3283064365386963e-10,1.0,1.0,0.1366776078939438,
SafetyPointButton1-v0,current_only_v2,starv2_core_100k_SafetyPointButton1_v0_selected_current_only_v2_current_only_v2_s11,155000,0.5710508823394775,0.5710508823394775,-7.566995918750763e-10,0.0,1.0,0.16070276498794556,
SafetyPointButton1-v0,current_only_v2,starv2_core_100k_SafetyPointButton1_v0_selected_current_only_v2_current_only_v2_s11,160000,0.5657827854156494,0.5657827854156494,2.3283064365386963e-10,1.0,1.0,0.1541048288345337,
SafetyPointButton1-v0,current_only_v2,starv2_core_100k_SafetyPointButton1_v0_selected_current_only_v2_current_only_v2_s11,165000,0.5481196641921997,0.5481196641921997,-5.238689482212067e-10,0.0,1.0,0.14280839264392853,
SafetyPointButton1-v0,current_only_v2,starv2_core_100k_SafetyPointButton1_v0_selected_current_only_v2_current_only_v2_s11,170000,0.5683609247207642,0.5683609247207642,5.238689482212067e-10,1.0,1.0,0.1478354036808014,
SafetyPointButton1-v0,current_only_v2,starv2_core_100k_SafetyPointButton1_v0_selected_current_only_v2_current_only_v2_s11,175000,0.5872349143028259,0.5872349143028259,1.1641532182693481e-10,1.0,1.0,0.16119959950447083,
SafetyPointButton1-v0,current_only_v2,starv2_core_100k_SafetyPointButton1_v0_selected_current_only_v2_current_only_v2_s11,180000,0.5910696983337402,0.5910696983337402,2.3283064365386963e-10,1.0,1.0,0.17458531260490417,
SafetyPointButton1-v0,current_only_v2,starv2_core_100k_SafetyPointButton1_v0_selected_current_only_v2_current_only_v2_s11,185000,0.5856218338012695,0.5856218338012695,4.656612873077393e-10,1.0,1.0,0.1598794311285019,
SafetyPointButton1-v0,current_only_v2,starv2_core_100k_SafetyPointButton1_v0_selected_current_only_v2_current_only_v2_s11,190000,0.5985574722290039,0.5985574722290039,2.9103830456733704e-10,1.0,1.0,0.16641613841056824,
SafetyPointButton1-v0,current_only_v2,starv2_core_100k_SafetyPointButton1_v0_selected_current_only_v2_current_only_v2_s11,195000,0.5922843217849731,0.5922843217849731,-8.149072527885437e-10,0.0,1.0,0.1600038707256317,
SafetyPointButton1-v0,current_only_v2,starv2_core_100k_SafetyPointButton1_v0_selected_current_only_v2_current_only_v2_s11,200000,0.5607305765151978,0.5607305765151978,1.1641532182693481e-09,1.0,1.0,0.13398264348506927,
SafetyPointButton1-v0,current_only_v2,starv2_core_100k_SafetyPointButton1_v0_selected_current_only_v2_current_only_v2_s11,205000,0.6023736000061035,0.6023736000061035,-4.0745362639427185e-10,0.0,1.0,0.15878771245479584,
SafetyPointButton1-v0,current_only_v2,starv2_core_100k_SafetyPointButton1_v0_selected_current_only_v2_current_only_v2_s11,210000,0.5999504923820496,0.5999504923820496,2.3283064365386963e-10,1.0,1.0,0.16237112879753113,
SafetyPointButton1-v0,current_only_v2,starv2_core_100k_SafetyPointButton1_v0_selected_current_only_v2_current_only_v2_s11,215000,0.6022563576698303,0.6022563576698303,2.9103830456733704e-10,1.0,1.0,0.16636045277118683,
SafetyPointButton1-v0,current_only_v2,starv2_core_100k_SafetyPointButton1_v0_selected_current_only_v2_current_only_v2_s11,220000,0.5952749848365784,0.5952749848365784,0.0,0.0,1.0,0.1624871790409088,
SafetyPointButton1-v0,current_only_v2,starv2_core_100k_SafetyPointButton1_v0_selected_current_only_v2_current_only_v2_s11,225000,0.5890662670135498,0.5890662670135498,-3.4924596548080444e-10,0.0,1.0,0.15704552829265594,
SafetyPointButton1-v0,current_only_v2,starv2_core_100k_SafetyPointButton1_v0_selected_current_only_v2_current_only_v2_s11,230000,0.6015061140060425,0.6015060544013977,6.984919309616089e-10,1.0,1.0,0.16967500746250153,
SafetyPointButton1-v0,current_only_v2,starv2_core_100k_SafetyPointButton1_v0_selected_current_only_v2_current_only_v2_s11,235000,0.5643397569656372,0.5643397569656372,-1.1641532182693481e-10,0.0,1.0,0.13778963685035706,
SafetyPointButton1-v0,current_only_v2,starv2_core_100k_SafetyPointButton1_v0_selected_current_only_v2_current_only_v2_s11,240000,0.5927276611328125,0.5927276611328125,-3.4924596548080444e-10,0.0,1.0,0.15390528738498688,
SafetyPointButton1-v0,current_only_v2,starv2_core_100k_SafetyPointButton1_v0_selected_current_only_v2_current_only_v2_s11,245000,0.5828889012336731,0.5828889608383179,-5.820766091346741e-10,0.0,1.0,0.15507659316062927,
SafetyPointButton1-v0,current_only_v2,starv2_core_100k_SafetyPointButton1_v0_selected_current_only_v2_current_only_v2_s11,250000,0.5993503332138062,0.5993503332138062,-4.656612873077393e-10,0.0,1.0,0.1692148894071579,
SafetyPointButton1-v0,current_only_v2,starv2_core_100k_SafetyPointButton1_v0_selected_current_only_v2_current_only_v2_s11,255000,0.5785824060440063,0.5785824060440063,4.656612873077393e-10,1.0,1.0,0.1445208191871643,
SafetyPointButton1-v0,current_only_v2,starv2_core_100k_SafetyPointButton1_v0_selected_current_only_v2_current_only_v2_s11,260000,0.6194754838943481,0.6194754838943481,-6.984919309616089e-10,0.0,1.0,0.17998875677585602,
SafetyPointButton1-v0,current_only_v2,starv2_core_100k_SafetyPointButton1_v0_selected_current_only_v2_current_only_v2_s11,265000,0.6427358388900757,0.6427358388900757,-8.149072527885437e-10,0.0,1.0,0.1903502643108368,
SafetyPointButton1-v0,current_only_v2,starv2_core_100k_SafetyPointButton1_v0_selected_current_only_v2_current_only_v2_s11,270000,0.5815973877906799,0.5815973877906799,-1.1641532182693481e-10,0.0,1.0,0.1420632004737854,
SafetyPointButton1-v0,current_only_v2,starv2_core_100k_SafetyPointButton1_v0_selected_current_only_v2_current_only_v2_s11,275000,0.6028980612754822,0.6028980612754822,-4.773028194904327e-09,0.0,1.0,0.16931506991386414,
SafetyPointButton1-v0,current_only_v2,starv2_core_100k_SafetyPointButton1_v0_selected_current_only_v2_current_only_v2_s11,280000,0.6145702600479126,0.6145702600479126,0.0,0.0,1.0,0.1748548299074173,
SafetyPointButton1-v0,current_only_v2,starv2_core_100k_SafetyPointButton1_v0_selected_current_only_v2_current_only_v2_s11,285000,0.5929340720176697,0.5929340720176697,-4.656612873077393e-10,0.0,1.0,0.15758880972862244,
SafetyPointButton1-v0,current_only_v2,starv2_core_100k_SafetyPointButton1_v0_selected_current_only_v2_current_only_v2_s11,290000,0.5959823727607727,0.5959823727607727,1.1641532182693481e-10,1.0,1.0,0.15654945373535156,
SafetyPointButton1-v0,current_only_v2,starv2_core_100k_SafetyPointButton1_v0_selected_current_only_v2_current_only_v2_s11,295000,0.5870887637138367,0.5870887637138367,-1.1641532182693481e-10,0.0,1.0,0.15117177367210388,
SafetyPointButton1-v0,current_only_v2,starv2_core_100k_SafetyPointButton1_v0_selected_current_only_v2_current_only_v2_s12,100000,0.5423399209976196,0.5423399209976196,-5.820766091346741e-11,0.0,1.0,0.14868663251399994,
SafetyPointButton1-v0,current_only_v2,starv2_core_100k_SafetyPointButton1_v0_selected_current_only_v2_current_only_v2_s12,105000,0.47847121953964233,0.47847121953964233,-1.7462298274040222e-10,0.0,1.0,0.10109816491603851,
SafetyPointButton1-v0,current_only_v2,starv2_core_100k_SafetyPointButton1_v0_selected_current_only_v2_current_only_v2_s12,110000,0.5138810873031616,0.5138810873031616,5.820766091346741e-11,1.0,1.0,0.12284810096025467,
SafetyPointButton1-v0,current_only_v2,starv2_core_100k_SafetyPointButton1_v0_selected_current_only_v2_current_only_v2_s12,115000,0.5584825277328491,0.5584825277328491,4.0745362639427185e-10,1.0,1.0,0.15656882524490356,
SafetyPointButton1-v0,current_only_v2,starv2_core_100k_SafetyPointButton1_v0_selected_current_only_v2_current_only_v2_s12,120000,0.4949582517147064,0.4949582517147064,4.0745362639427185e-10,1.0,1.0,0.10839331150054932,
SafetyPointButton1-v0,current_only_v2,starv2_core_100k_SafetyPointButton1_v0_selected_current_only_v2_current_only_v2_s12,125000,0.525428295135498,0.525428295135498,-3.4924596548080444e-10,0.0,1.0,0.13054214417934418,
SafetyPointButton1-v0,current_only_v2,starv2_core_100k_SafetyPointButton1_v0_selected_current_only_v2_current_only_v2_s12,130000,0.493500679731369,0.493500679731369,1.6589183360338211e-09,1.0,1.0,0.11555147916078568,
SafetyPointButton1-v0,current_only_v2,starv2_core_100k_SafetyPointButton1_v0_selected_current_only_v2_current_only_v2_s12,135000,0.51386559009552,0.51386559009552,-2.3283064365386963e-10,0.0,1.0,0.12174741923809052,
SafetyPointButton1-v0,current_only_v2,starv2_core_100k_SafetyPointButton1_v0_selected_current_only_v2_current_only_v2_s12,140000,0.5574928522109985,0.5574928522109985,-1.1641532182693481e-10,0.0,1.0,0.15152095258235931,
SafetyPointButton1-v0,current_only_v2,starv2_core_100k_SafetyPointButton1_v0_selected_current_only_v2_current_only_v2_s12,145000,0.5592957139015198,0.5592957139015198,1.2223608791828156e-09,1.0,1.0,0.1461610049009323,
SafetyPointButton1-v0,current_only_v2,starv2_core_100k_SafetyPointButton1_v0_selected_current_only_v2_current_only_v2_s12,150000,0.5504202842712402,0.5504202842712402,-2.3283064365386963e-10,0.0,1.0,0.14390748739242554,
SafetyPointButton1-v0,current_only_v2,starv2_core_100k_SafetyPointButton1_v0_selected_current_only_v2_current_only_v2_s12,155000,0.5212251543998718,0.5212251543998718,-8.731149137020111e-10,0.0,1.0,0.11985716223716736,
SafetyPointButton1-v0,current_only_v2,starv2_core_100k_SafetyPointButton1_v0_selected_current_only_v2_current_only_v2_s12,160000,0.5519183874130249,0.5519183874130249,-1.1641532182693481e-09,0.0,1.0,0.14578598737716675,
SafetyPointButton1-v0,current_only_v2,starv2_core_100k_SafetyPointButton1_v0_selected_current_only_v2_current_only_v2_s12,165000,0.5199745893478394,0.5199745893478394,7.566995918750763e-10,1.0,1.0,0.11845149844884872,
SafetyPointButton1-v0,current_only_v2,starv2_core_100k_SafetyPointButton1_v0_selected_current_only_v2_current_only_v2_s12,170000,0.5763366222381592,0.5763366222381592,-1.1641532182693481e-10,0.0,1.0,0.16138122975826263,
SafetyPointButton1-v0,current_only_v2,starv2_core_100k_SafetyPointButton1_v0_selected_current_only_v2_current_only_v2_s12,175000,0.5367497205734253,0.5367497205734253,6.984919309616089e-10,1.0,1.0,0.1290133148431778,
SafetyPointButton1-v0,current_only_v2,starv2_core_100k_SafetyPointButton1_v0_selected_current_only_v2_current_only_v2_s12,180000,0.547510027885437,0.547510027885437,-6.402842700481415e-10,0.0,1.0,0.14035773277282715,
SafetyPointButton1-v0,current_only_v2,starv2_core_100k_SafetyPointButton1_v0_selected_current_only_v2_current_only_v2_s12,185000,0.573933482170105,0.573933482170105,-2.3283064365386963e-10,0.0,1.0,0.15763995051383972,
SafetyPointButton1-v0,current_only_v2,starv2_core_100k_SafetyPointButton1_v0_selected_current_only_v2_current_only_v2_s12,190000,0.5486291646957397,0.5486291646957397,-1.280568540096283e-09,0.0,1.0,0.1308005154132843,
SafetyPointButton1-v0,current_only_v2,starv2_core_100k_SafetyPointButton1_v0_selected_current_only_v2_current_only_v2_s12,195000,0.5397874116897583,0.5397874116897583,-6.984919309616089e-10,0.0,1.0,0.1263238787651062,
SafetyPointButton1-v0,current_only_v2,starv2_core_100k_SafetyPointButton1_v0_selected_current_only_v2_current_only_v2_s12,200000,0.584881603717804,0.5848816633224487,-1.1641532182693481e-09,0.0,1.0,0.15546664595603943,
SafetyPointButton1-v0,current_only_v2,starv2_core_100k_SafetyPointButton1_v0_selected_current_only_v2_current_only_v2_s12,205000,0.5707005262374878,0.5707005262374878,-2.3283064365386963e-10,0.0,1.0,0.15820685029029846,
SafetyPointButton1-v0,current_only_v2,starv2_core_100k_SafetyPointButton1_v0_selected_current_only_v2_current_only_v2_s12,210000,0.5183221101760864,0.5183221101760864,-3.4924596548080444e-10,0.0,1.0,0.11458128690719604,
SafetyPointButton1-v0,current_only_v2,starv2_core_100k_SafetyPointButton1_v0_selected_current_only_v2_current_only_v2_s12,215000,0.5537183284759521,0.5537183284759521,-5.820766091346741e-10,0.0,1.0,0.13679039478302002,
SafetyPointButton1-v0,current_only_v2,starv2_core_100k_SafetyPointButton1_v0_selected_current_only_v2_current_only_v2_s12,220000,0.5421808958053589,0.5421808958053589,2.9103830456733704e-10,1.0,1.0,0.12851707637310028,
SafetyPointButton1-v0,current_only_v2,starv2_core_100k_SafetyPointButton1_v0_selected_current_only_v2_current_only_v2_s12,225000,0.578568160533905,0.578568160533905,6.984919309616089e-10,1.0,1.0,0.15958309173583984,
SafetyPointButton1-v0,current_only_v2,starv2_core_100k_SafetyPointButton1_v0_selected_current_only_v2_current_only_v2_s12,230000,0.5934094190597534,0.5934094190597534,1.1641532182693481e-10,1.0,1.0,0.1745823323726654,
SafetyPointButton1-v0,current_only_v2,starv2_core_100k_SafetyPointButton1_v0_selected_current_only_v2_current_only_v2_s12,235000,0.5569048523902893,0.5569048523902893,5.238689482212067e-10,1.0,1.0,0.1397586166858673,
SafetyPointButton1-v0,current_only_v2,starv2_core_100k_SafetyPointButton1_v0_selected_current_only_v2_current_only_v2_s12,240000,0.5761876702308655,0.5761876702308655,1.0477378964424133e-09,1.0,1.0,0.1546669602394104,
SafetyPointButton1-v0,current_only_v2,starv2_core_100k_SafetyPointButton1_v0_selected_current_only_v2_current_only_v2_s12,245000,0.5777734518051147,0.5777734518051147,-1.1059455573558807e-09,0.0,1.0,0.14913445711135864,
SafetyPointButton1-v0,current_only_v2,starv2_core_100k_SafetyPointButton1_v0_selected_current_only_v2_current_only_v2_s12,250000,0.5663923025131226,0.5663923025131226,1.7462298274040222e-10,1.0,1.0,0.1418542116880417,
SafetyPointButton1-v0,current_only_v2,starv2_core_100k_SafetyPointButton1_v0_selected_current_only_v2_current_only_v2_s12,255000,0.5988124012947083,0.5988124012947083,-8.149072527885437e-10,0.0,1.0,0.1612621247768402,
SafetyPointButton1-v0,current_only_v2,starv2_core_100k_SafetyPointButton1_v0_selected_current_only_v2_current_only_v2_s12,260000,0.5890499949455261,0.5890499949455261,1.1641532182693481e-09,1.0,1.0,0.1564430594444275,
SafetyPointButton1-v0,current_only_v2,starv2_core_100k_SafetyPointButton1_v0_selected_current_only_v2_current_only_v2_s12,265000,0.5693260431289673,0.5693260431289673,5.820766091346741e-10,1.0,1.0,0.1428949385881424,
SafetyPointButton1-v0,current_only_v2,starv2_core_100k_SafetyPointButton1_v0_selected_current_only_v2_current_only_v2_s12,270000,0.6123953461647034,0.6123953461647034,-4.656612873077393e-10,0.0,1.0,0.1646924763917923,
SafetyPointButton1-v0,current_only_v2,starv2_core_100k_SafetyPointButton1_v0_selected_current_only_v2_current_only_v2_s12,275000,0.6011291146278381,0.6011291146278381,-3.4924596548080444e-10,0.0,1.0,0.16859447956085205,
SafetyPointButton1-v0,current_only_v2,starv2_core_100k_SafetyPointButton1_v0_selected_current_only_v2_current_only_v2_s12,280000,0.5980347394943237,0.5980347394943237,-3.4924596548080444e-10,0.0,1.0,0.16335240006446838,
SafetyPointButton1-v0,current_only_v2,starv2_core_100k_SafetyPointButton1_v0_selected_current_only_v2_current_only_v2_s12,285000,0.5791689157485962,0.5791689157485962,4.656612873077393e-10,1.0,1.0,0.14928404986858368,
SafetyPointButton1-v0,current_only_v2,starv2_core_100k_SafetyPointButton1_v0_selected_current_only_v2_current_only_v2_s12,290000,0.5779193639755249,0.5779193639755249,0.0,0.0,1.0,0.1404273509979248,
SafetyPointButton1-v0,current_only_v2,starv2_core_100k_SafetyPointButton1_v0_selected_current_only_v2_current_only_v2_s12,295000,0.5842835903167725,0.5842835903167725,-5.238689482212067e-10,0.0,1.0,0.15085957944393158,
SafetyPointButton1-v0,current_only_v2,starv2_resume_300k_SafetyPointButton1_v0_selected_current_only_v2_current_only_v2_s13,5000,6.579894065856934,6.579894065856934,0.0,0.0,1.0,6.080844879150391,
SafetyPointButton1-v0,current_only_v2,starv2_resume_300k_SafetyPointButton1_v0_selected_current_only_v2_current_only_v2_s13,10000,0.35838639736175537,0.35838639736175537,-3.7834979593753815e-10,0.0,1.0,0.02968534454703331,
SafetyPointButton1-v0,current_only_v2,starv2_resume_300k_SafetyPointButton1_v0_selected_current_only_v2_current_only_v2_s13,15000,0.1916336715221405,0.1916336715221405,-5.384208634495735e-10,0.0,1.0,0.028771352022886276,
SafetyPointButton1-v0,current_only_v2,starv2_resume_300k_SafetyPointButton1_v0_selected_current_only_v2_current_only_v2_s13,20000,0.16636264324188232,0.16636264324188232,1.3096723705530167e-10,1.0,1.0,0.031656257808208466,
SafetyPointButton1-v0,current_only_v2,starv2_resume_300k_SafetyPointButton1_v0_selected_current_only_v2_current_only_v2_s13,25000,0.22326071560382843,0.22326071560382843,2.9103830456733704e-10,1.0,1.0,0.055167149752378464,
SafetyPointButton1-v0,current_only_v2,starv2_resume_300k_SafetyPointButton1_v0_selected_current_only_v2_current_only_v2_s13,30000,0.3022540211677551,0.3022540211677551,-6.548361852765083e-10,0.0,1.0,0.05925397574901581,
SafetyPointButton1-v0,current_only_v2,starv2_resume_300k_SafetyPointButton1_v0_selected_current_only_v2_current_only_v2_s13,35000,0.3784019351005554,0.3784019351005554,-4.0745362639427185e-10,0.0,1.0,0.06178688630461693,
SafetyPointButton1-v0,current_only_v2,starv2_resume_300k_SafetyPointButton1_v0_selected_current_only_v2_current_only_v2_s13,40000,0.4022796154022217,0.4022796154022217,8.731149137020111e-10,1.0,1.0,0.07604943215847015,
SafetyPointButton1-v0,current_only_v2,starv2_resume_300k_SafetyPointButton1_v0_selected_current_only_v2_current_only_v2_s13,45000,0.40501609444618225,0.40501609444618225,-7.967173587530851e-10,0.0,1.0,0.07551232725381851,
SafetyPointButton1-v0,current_only_v2,starv2_resume_300k_SafetyPointButton1_v0_selected_current_only_v2_current_only_v2_s13,50000,0.4199788272380829,0.4199788272380829,5.820766091346741e-11,1.0,1.0,0.08294250071048737,
SafetyPointButton1-v0,current_only_v2,starv2_resume_300k_SafetyPointButton1_v0_selected_current_only_v2_current_only_v2_s13,55000,0.4773232638835907,0.4773232638835907,-3.4924596548080444e-10,0.0,1.0,0.09777408838272095,
SafetyPointButton1-v0,current_only_v2,starv2_resume_300k_SafetyPointButton1_v0_selected_current_only_v2_current_only_v2_s13,60000,0.4251352548599243,0.4251352548599243,-4.0745362639427185e-10,0.0,1.0,0.06532000005245209,
SafetyPointButton1-v0,current_only_v2,starv2_resume_300k_SafetyPointButton1_v0_selected_current_only_v2_current_only_v2_s13,65000,0.45429348945617676,0.45429348945617676,-1.7462298274040222e-10,0.0,1.0,0.08773653209209442,
SafetyPointButton1-v0,current_only_v2,starv2_resume_300k_SafetyPointButton1_v0_selected_current_only_v2_current_only_v2_s13,70000,0.4981784522533417,0.4981784522533417,3.4924596548080444e-10,1.0,1.0,0.10062117129564285,
SafetyPointButton1-v0,current_only_v2,starv2_resume_300k_SafetyPointButton1_v0_selected_current_only_v2_current_only_v2_s13,75000,0.4978368282318115,0.4978368282318115,7.275957614183426e-10,1.0,1.0,0.1250179409980774,
SafetyPointButton1-v0,current_only_v2,starv2_resume_300k_SafetyPointButton1_v0_selected_current_only_v2_current_only_v2_s13,80000,0.509067177772522,0.509067177772522,-6.984919309616089e-10,0.0,1.0,0.13550367951393127,
SafetyPointButton1-v0,current_only_v2,starv2_resume_300k_SafetyPointButton1_v0_selected_current_only_v2_current_only_v2_s13,85000,0.47239601612091064,0.47239601612091064,-4.0745362639427185e-10,0.0,1.0,0.10495457053184509,
SafetyPointButton1-v0,current_only_v2,starv2_resume_300k_SafetyPointButton1_v0_selected_current_only_v2_current_only_v2_s13,90000,0.5274902582168579,0.5274902582168579,-4.0745362639427185e-10,0.0,1.0,0.13956882059574127,
SafetyPointButton1-v0,current_only_v2,starv2_resume_300k_SafetyPointButton1_v0_selected_current_only_v2_current_only_v2_s13,95000,0.5224065780639648,0.5224065780639648,1.280568540096283e-09,1.0,1.0,0.13939324021339417,
SafetyPointButton1-v0,current_only_v2,starv2_resume_300k_SafetyPointButton1_v0_selected_current_only_v2_current_only_v2_s13,100000,0.4936079978942871,0.4936079978942871,0.0,0.0,1.0,0.11264271289110184,
SafetyPointButton1-v0,current_only_v2,starv2_resume_300k_SafetyPointButton1_v0_selected_current_only_v2_current_only_v2_s13,105000,0.4980376958847046,0.4980376958847046,-8.731149137020111e-10,0.0,1.0,0.12410344183444977,
SafetyPointButton1-v0,current_only_v2,starv2_resume_300k_SafetyPointButton1_v0_selected_current_only_v2_current_only_v2_s13,110000,0.5547003746032715,0.5547003746032715,8.149072527885437e-10,1.0,1.0,0.16114217042922974,
SafetyPointButton1-v0,current_only_v2,starv2_resume_300k_SafetyPointButton1_v0_selected_current_only_v2_current_only_v2_s13,115000,0.5251809358596802,0.5251809358596802,-2.3283064365386963e-10,0.0,1.0,0.1352638602256775,
SafetyPointButton1-v0,current_only_v2,starv2_resume_300k_SafetyPointButton1_v0_selected_current_only_v2_current_only_v2_s13,120000,0.4958045184612274,0.4958045184612274,4.656612873077393e-10,1.0,1.0,0.12156561762094498,
SafetyPointButton1-v0,current_only_v2,starv2_resume_300k_SafetyPointButton1_v0_selected_current_only_v2_current_only_v2_s13,125000,0.48989832401275635,0.48989832401275635,2.9103830456733704e-10,1.0,1.0,0.11944442242383957,
SafetyPointButton1-v0,current_only_v2,starv2_resume_300k_SafetyPointButton1_v0_selected_current_only_v2_current_only_v2_s13,130000,0.5320595502853394,0.5320595502853394,4.0745362639427185e-10,1.0,1.0,0.1357542723417282,
SafetyPointButton1-v0,current_only_v2,starv2_resume_300k_SafetyPointButton1_v0_selected_current_only_v2_current_only_v2_s13,135000,0.5647403597831726,0.5647403597831726,-9.89530235528946e-10,0.0,1.0,0.15832024812698364,
SafetyPointButton1-v0,current_only_v2,starv2_resume_300k_SafetyPointButton1_v0_selected_current_only_v2_current_only_v2_s13,140000,0.5271339416503906,0.5271339416503906,-4.656612873077393e-10,0.0,1.0,0.1310761719942093,
SafetyPointButton1-v0,current_only_v2,starv2_resume_300k_SafetyPointButton1_v0_selected_current_only_v2_current_only_v2_s13,145000,0.5411629676818848,0.5411629676818848,-2.9103830456733704e-10,0.0,1.0,0.13686102628707886,
SafetyPointButton1-v0,current_only_v2,starv2_resume_300k_SafetyPointButton1_v0_selected_current_only_v2_current_only_v2_s13,150000,0.5605470538139343,0.5605470538139343,3.4924596548080444e-10,1.0,1.0,0.14926886558532715,
SafetyPointButton1-v0,current_only_v2,starv2_resume_300k_SafetyPointButton1_v0_selected_current_only_v2_current_only_v2_s13,155000,0.546588659286499,0.546588659286499,-2.3283064365386963e-10,0.0,1.0,0.14093877375125885,
SafetyPointButton1-v0,current_only_v2,starv2_resume_300k_SafetyPointButton1_v0_selected_current_only_v2_current_only_v2_s13,160000,0.535176694393158,0.535176694393158,-5.238689482212067e-10,0.0,1.0,0.13596907258033752,
SafetyPointButton1-v0,current_only_v2,starv2_resume_300k_SafetyPointButton1_v0_selected_current_only_v2_current_only_v2_s13,165000,0.5523445010185242,0.5523445010185242,-3.4924596548080444e-10,0.0,1.0,0.14260974526405334,
SafetyPointButton1-v0,current_only_v2,starv2_resume_300k_SafetyPointButton1_v0_selected_current_only_v2_current_only_v2_s13,170000,0.565669059753418,0.565669059753418,2.3283064365386963e-10,1.0,1.0,0.14732912182807922,
SafetyPointButton1-v0,current_only_v2,starv2_resume_300k_SafetyPointButton1_v0_selected_current_only_v2_current_only_v2_s13,175000,0.5626170635223389,0.5626170635223389,5.820766091346741e-10,1.0,1.0,0.141859233379364,
SafetyPointButton1-v0,current_only_v2,starv2_resume_300k_SafetyPointButton1_v0_selected_current_only_v2_current_only_v2_s13,180000,0.5659696459770203,0.5659696459770203,1.1059455573558807e-09,1.0,1.0,0.14192111790180206,
SafetyPointButton1-v0,current_only_v2,starv2_resume_300k_SafetyPointButton1_v0_selected_current_only_v2_current_only_v2_s13,185000,0.5747321844100952,0.5747321844100952,-8.149072527885437e-10,0.0,1.0,0.15772812068462372,
SafetyPointButton1-v0,current_only_v2,starv2_resume_300k_SafetyPointButton1_v0_selected_current_only_v2_current_only_v2_s13,190000,0.5529974699020386,0.5529974699020386,-5.820766091346741e-10,0.0,1.0,0.13629159331321716,
SafetyPointButton1-v0,current_only_v2,starv2_resume_300k_SafetyPointButton1_v0_selected_current_only_v2_current_only_v2_s13,195000,0.5744695067405701,0.5744695067405701,1.4551915228366852e-09,1.0,1.0,0.14740151166915894,
SafetyPointButton1-v0,current_only_v2,starv2_resume_300k_SafetyPointButton1_v0_selected_current_only_v2_current_only_v2_s13,200000,0.5727299451828003,0.5727299451828003,-2.3283064365386963e-10,0.0,1.0,0.14945478737354279,
SafetyPointButton1-v0,current_only_v2,starv2_resume_300k_SafetyPointButton1_v0_selected_current_only_v2_current_only_v2_s13,205000,0.5841840505599976,0.5841840505599976,1.5133991837501526e-09,1.0,1.0,0.15766622126102448,
SafetyPointButton1-v0,current_only_v2,starv2_resume_300k_SafetyPointButton1_v0_selected_current_only_v2_current_only_v2_s13,210000,0.575873613357544,0.575873613357544,-1.1641532182693481e-09,0.0,1.0,0.1455506682395935,
SafetyPointButton1-v0,current_only_v2,starv2_resume_300k_SafetyPointButton1_v0_selected_current_only_v2_current_only_v2_s13,215000,0.5828885436058044,0.5828885436058044,-5.820766091346741e-10,0.0,1.0,0.143999382853508,
SafetyPointButton1-v0,current_only_v2,starv2_resume_300k_SafetyPointButton1_v0_selected_current_only_v2_current_only_v2_s13,220000,0.5798732042312622,0.5798732042312622,6.984919309616089e-10,1.0,1.0,0.14839452505111694,
SafetyPointButton1-v0,current_only_v2,starv2_resume_300k_SafetyPointButton1_v0_selected_current_only_v2_current_only_v2_s13,225000,0.595485270023346,0.595485270023346,-4.656612873077393e-10,0.0,1.0,0.1588585078716278,
SafetyPointButton1-v0,current_only_v2,starv2_resume_300k_SafetyPointButton1_v0_selected_current_only_v2_current_only_v2_s13,230000,0.5878380537033081,0.5878380537033081,-1.1641532182693481e-10,0.0,1.0,0.15573059022426605,
SafetyPointButton1-v0,current_only_v2,starv2_resume_300k_SafetyPointButton1_v0_selected_current_only_v2_current_only_v2_s13,235000,0.6014418005943298,0.6014418005943298,2.3283064365386963e-10,1.0,1.0,0.15860407054424286,
SafetyPointButton1-v0,current_only_v2,starv2_resume_300k_SafetyPointButton1_v0_selected_current_only_v2_current_only_v2_s13,240000,0.5968655347824097,0.5968655347824097,-3.4924596548080444e-10,0.0,1.0,0.15806245803833008,
SafetyPointButton1-v0,current_only_v2,starv2_resume_300k_SafetyPointButton1_v0_selected_current_only_v2_current_only_v2_s13,245000,0.6051677465438843,0.6051677465438843,2.6775524020195007e-09,1.0,1.0,0.1593877077102661,
SafetyPointButton1-v0,current_only_v2,starv2_resume_300k_SafetyPointButton1_v0_selected_current_only_v2_current_only_v2_s13,250000,0.6230247020721436,0.6230247020721436,-1.0477378964424133e-09,0.0,1.0,0.17890089750289917,
SafetyPointButton1-v0,current_only_v2,starv2_resume_300k_SafetyPointButton1_v0_selected_current_only_v2_current_only_v2_s13,255000,0.6065265536308289,0.6065265536308289,4.656612873077393e-10,1.0,1.0,0.16857203841209412,
SafetyPointButton1-v0,current_only_v2,starv2_resume_300k_SafetyPointButton1_v0_selected_current_only_v2_current_only_v2_s13,260000,0.6121662855148315,0.6121662855148315,2.3283064365386963e-10,1.0,1.0,0.16585521399974823,
SafetyPointButton1-v0,current_only_v2,starv2_resume_300k_SafetyPointButton1_v0_selected_current_only_v2_current_only_v2_s13,265000,0.6150840520858765,0.6150840520858765,-6.402842700481415e-10,0.0,1.0,0.1688079833984375,
SafetyPointButton1-v0,current_only_v2,starv2_resume_300k_SafetyPointButton1_v0_selected_current_only_v2_current_only_v2_s13,270000,0.6065750122070312,0.6065750122070312,-9.313225746154785e-10,0.0,1.0,0.16484951972961426,
SafetyPointButton1-v0,current_only_v2,starv2_resume_300k_SafetyPointButton1_v0_selected_current_only_v2_current_only_v2_s13,275000,0.5864716172218323,0.5864716172218323,-1.1641532182693481e-10,0.0,1.0,0.14422674477100372,
SafetyPointButton1-v0,current_only_v2,starv2_resume_300k_SafetyPointButton1_v0_selected_current_only_v2_current_only_v2_s13,280000,0.5929219126701355,0.5929219126701355,6.984919309616089e-10,1.0,1.0,0.1555461436510086,
SafetyPointButton1-v0,current_only_v2,starv2_resume_300k_SafetyPointButton1_v0_selected_current_only_v2_current_only_v2_s13,285000,0.5536768436431885,0.5536768436431885,-1.6298145055770874e-09,0.0,1.0,0.12483853101730347,
SafetyPointButton1-v0,current_only_v2,starv2_resume_300k_SafetyPointButton1_v0_selected_current_only_v2_current_only_v2_s13,290000,0.5900444388389587,0.5900444388389587,-8.731149137020111e-10,0.0,1.0,0.1508360356092453,
SafetyPointButton1-v0,current_only_v2,starv2_resume_300k_SafetyPointButton1_v0_selected_current_only_v2_current_only_v2_s13,295000,0.599747896194458,0.599747896194458,4.656612873077393e-10,1.0,1.0,0.1579415500164032,
SafetyPointButton1-v0,current_only_v2,starv2_resume_300k_SafetyPointButton1_v0_selected_current_only_v2_current_only_v2_s14,5000,5.990670204162598,5.990670204162598,-3.725290298461914e-09,0.0,1.0,5.494770050048828,
SafetyPointButton1-v0,current_only_v2,starv2_resume_300k_SafetyPointButton1_v0_selected_current_only_v2_current_only_v2_s14,10000,0.2353418469429016,0.2353418469429016,-4.656612873077393e-10,0.0,1.0,0.007232098374515772,
SafetyPointButton1-v0,current_only_v2,starv2_resume_300k_SafetyPointButton1_v0_selected_current_only_v2_current_only_v2_s14,15000,0.14687111973762512,0.14687111973762512,-1.0186340659856796e-10,0.0,1.0,0.01565731316804886,
SafetyPointButton1-v0,current_only_v2,starv2_resume_300k_SafetyPointButton1_v0_selected_current_only_v2_current_only_v2_s14,20000,0.16479793190956116,0.16479794681072235,2.801243681460619e-10,1.0,1.0,0.046322040259838104,
SafetyPointButton1-v0,current_only_v2,starv2_resume_300k_SafetyPointButton1_v0_selected_current_only_v2_current_only_v2_s14,25000,0.20013582706451416,0.20013582706451416,2.9103830456733704e-11,1.0,1.0,0.03554733097553253,
SafetyPointButton1-v0,current_only_v2,starv2_resume_300k_SafetyPointButton1_v0_selected_current_only_v2_current_only_v2_s14,30000,0.2760778069496155,0.2760778069496155,3.92901711165905e-10,1.0,1.0,0.040289003401994705,
SafetyPointButton1-v0,current_only_v2,starv2_resume_300k_SafetyPointButton1_v0_selected_current_only_v2_current_only_v2_s14,35000,0.3414692282676697,0.3414692282676697,5.238689482212067e-10,1.0,1.0,0.06437758356332779,
SafetyPointButton1-v0,current_only_v2,starv2_resume_300k_SafetyPointButton1_v0_selected_current_only_v2_current_only_v2_s14,40000,0.3612031936645508,0.3612031936645508,1.0186340659856796e-10,1.0,1.0,0.06964437663555145,
SafetyPointButton1-v0,current_only_v2,starv2_resume_300k_SafetyPointButton1_v0_selected_current_only_v2_current_only_v2_s14,45000,0.3706866502761841,0.3706866502761841,4.0745362639427185e-10,1.0,1.0,0.06902869790792465,
SafetyPointButton1-v0,current_only_v2,starv2_resume_300k_SafetyPointButton1_v0_selected_current_only_v2_current_only_v2_s14,50000,0.4486139416694641,0.4486139416694641,-3.2014213502407074e-10,0.0,1.0,0.1011621505022049,
SafetyPointButton1-v0,current_only_v2,starv2_resume_300k_SafetyPointButton1_v0_selected_current_only_v2_current_only_v2_s14,55000,0.4427878260612488,0.4427878260612488,-8.440110832452774e-10,0.0,1.0,0.10065482556819916,
SafetyPointButton1-v0,current_only_v2,starv2_resume_300k_SafetyPointButton1_v0_selected_current_only_v2_current_only_v2_s14,60000,0.4525507688522339,0.4525507688522339,-4.0745362639427185e-10,0.0,1.0,0.09391899406909943,
SafetyPointButton1-v0,current_only_v2,starv2_resume_300k_SafetyPointButton1_v0_selected_current_only_v2_current_only_v2_s14,65000,0.46968457102775574,0.46968457102775574,-2.6193447411060333e-10,0.0,1.0,0.0995703786611557,
SafetyPointButton1-v0,current_only_v2,starv2_resume_300k_SafetyPointButton1_v0_selected_current_only_v2_current_only_v2_s14,70000,0.45764172077178955,0.45764172077178955,2.9103830456733704e-10,1.0,1.0,0.09717344492673874,
SafetyPointButton1-v0,current_only_v2,starv2_resume_300k_SafetyPointButton1_v0_selected_current_only_v2_current_only_v2_s14,75000,0.4659614562988281,0.4659614562988281,1.280568540096283e-09,1.0,1.0,0.09534093737602234,
SafetyPointButton1-v0,current_only_v2,starv2_resume_300k_SafetyPointButton1_v0_selected_current_only_v2_current_only_v2_s14,80000,0.5055060982704163,0.5055060982704163,6.402842700481415e-10,1.0,1.0,0.11992654204368591,
SafetyPointButton1-v0,current_only_v2,starv2_resume_300k_SafetyPointButton1_v0_selected_current_only_v2_current_only_v2_s14,85000,0.4692671298980713,0.4692671298980713,-2.270098775625229e-09,0.0,1.0,0.0952497348189354,
SafetyPointButton1-v0,current_only_v2,starv2_resume_300k_SafetyPointButton1_v0_selected_current_only_v2_current_only_v2_s14,90000,0.5043178796768188,0.5043178796768188,-1.5133991837501526e-09,0.0,1.0,0.1254226267337799,
SafetyPointButton1-v0,current_only_v2,starv2_resume_300k_SafetyPointButton1_v0_selected_current_only_v2_current_only_v2_s14,95000,0.47686803340911865,0.47686803340911865,-5.820766091346741e-10,0.0,1.0,0.10288199782371521,
SafetyPointButton1-v0,current_only_v2,starv2_resume_300k_SafetyPointButton1_v0_selected_current_only_v2_current_only_v2_s14,100000,0.4801306426525116,0.4801306426525116,0.0,0.0,1.0,0.1094147115945816,
SafetyPointButton1-v0,current_only_v2,starv2_resume_300k_SafetyPointButton1_v0_selected_current_only_v2_current_only_v2_s14,105000,0.5022584199905396,0.5022584199905396,8.731149137020111e-10,1.0,1.0,0.11971230804920197,
SafetyPointButton1-v0,current_only_v2,starv2_resume_300k_SafetyPointButton1_v0_selected_current_only_v2_current_only_v2_s14,110000,0.48782846331596375,0.48782846331596375,-1.6880221664905548e-09,0.0,1.0,0.1132824569940567,
SafetyPointButton1-v0,current_only_v2,starv2_resume_300k_SafetyPointButton1_v0_selected_current_only_v2_current_only_v2_s14,115000,0.5550665855407715,0.5550665855407715,-1.7462298274040222e-10,0.0,1.0,0.16056223213672638,
SafetyPointButton1-v0,current_only_v2,starv2_resume_300k_SafetyPointButton1_v0_selected_current_only_v2_current_only_v2_s14,120000,0.4977097511291504,0.4977097511291504,1.7462298274040222e-10,1.0,1.0,0.11792191863059998,
SafetyPointButton1-v0,current_only_v2,starv2_resume_300k_SafetyPointButton1_v0_selected_current_only_v2_current_only_v2_s14,125000,0.538011908531189,0.538011908531189,2.0954757928848267e-09,1.0,1.0,0.13831555843353271,
SafetyPointButton1-v0,current_only_v2,starv2_resume_300k_SafetyPointButton1_v0_selected_current_only_v2_current_only_v2_s14,130000,0.5441902279853821,0.5441902279853821,0.0,0.0,1.0,0.14308799803256989,
SafetyPointButton1-v0,current_only_v2,starv2_resume_300k_SafetyPointButton1_v0_selected_current_only_v2_current_only_v2_s14,135000,0.5275106430053711,0.5275106430053711,6.402842700481415e-10,1.0,1.0,0.14031489193439484,
SafetyPointButton1-v0,current_only_v2,starv2_resume_300k_SafetyPointButton1_v0_selected_current_only_v2_current_only_v2_s14,140000,0.503075897693634,0.503075897693634,6.984919309616089e-10,1.0,1.0,0.11696819961071014,
SafetyPointButton1-v0,current_only_v2,starv2_resume_300k_SafetyPointButton1_v0_selected_current_only_v2_current_only_v2_s14,145000,0.5107330083847046,0.5107330083847046,-6.402842700481415e-10,0.0,1.0,0.13102689385414124,
SafetyPointButton1-v0,current_only_v2,starv2_resume_300k_SafetyPointButton1_v0_selected_current_only_v2_current_only_v2_s14,150000,0.526054859161377,0.526054859161377,-9.313225746154785e-10,0.0,1.0,0.12790480256080627,
SafetyPointButton1-v0,current_only_v2,starv2_resume_300k_SafetyPointButton1_v0_selected_current_only_v2_current_only_v2_s14,155000,0.5033886432647705,0.5033886432647705,-1.5133991837501526e-09,0.0,1.0,0.11475569009780884,
SafetyPointButton1-v0,current_only_v2,starv2_resume_300k_SafetyPointButton1_v0_selected_current_only_v2_current_only_v2_s14,160000,0.4984170198440552,0.4984170198440552,-1.1641532182693481e-10,0.0,1.0,0.10895342379808426,
SafetyPointButton1-v0,current_only_v2,starv2_resume_300k_SafetyPointButton1_v0_selected_current_only_v2_current_only_v2_s14,165000,0.530427873134613,0.5304279327392578,5.238689482212067e-10,1.0,1.0,0.13669221103191376,
SafetyPointButton1-v0,current_only_v2,starv2_resume_300k_SafetyPointButton1_v0_selected_current_only_v2_current_only_v2_s14,170000,0.5430450439453125,0.5430450439453125,9.89530235528946e-10,1.0,1.0,0.148617684841156,
SafetyPointButton1-v0,current_only_v2,starv2_resume_300k_SafetyPointButton1_v0_selected_current_only_v2_current_only_v2_s14,175000,0.5310049057006836,0.5310049057006836,-6.984919309616089e-10,0.0,1.0,0.14887282252311707,
SafetyPointButton1-v0,current_only_v2,starv2_resume_300k_SafetyPointButton1_v0_selected_current_only_v2_current_only_v2_s14,180000,0.5099808573722839,0.5099808573722839,6.984919309616089e-10,1.0,1.0,0.130801260471344,
SafetyPointButton1-v0,current_only_v2,starv2_resume_300k_SafetyPointButton1_v0_selected_current_only_v2_current_only_v2_s14,185000,0.5039299726486206,0.5039299726486206,-7.566995918750763e-10,0.0,1.0,0.11643077433109283,
SafetyPointButton1-v0,current_only_v2,starv2_resume_300k_SafetyPointButton1_v0_selected_current_only_v2_current_only_v2_s14,190000,0.5458328723907471,0.5458328723907471,-1.1641532182693481e-09,0.0,1.0,0.15093567967414856,
SafetyPointButton1-v0,current_only_v2,starv2_resume_300k_SafetyPointButton1_v0_selected_current_only_v2_current_only_v2_s14,195000,0.5656633377075195,0.5656633377075195,9.313225746154785e-10,1.0,1.0,0.15730221569538116,
SafetyPointButton1-v0,current_only_v2,starv2_resume_300k_SafetyPointButton1_v0_selected_current_only_v2_current_only_v2_s14,200000,0.5627368688583374,0.5627368688583374,-5.966285243630409e-10,0.0,1.0,0.1572597324848175,
SafetyPointButton1-v0,current_only_v2,starv2_resume_300k_SafetyPointButton1_v0_selected_current_only_v2_current_only_v2_s14,205000,0.547271192073822,0.547271192073822,-1.0913936421275139e-09,0.0,1.0,0.1406129151582718,
SafetyPointButton1-v0,current_only_v2,starv2_resume_300k_SafetyPointButton1_v0_selected_current_only_v2_current_only_v2_s14,210000,0.5365104079246521,0.5365104079246521,-9.313225746154785e-10,0.0,1.0,0.13971024751663208,
SafetyPointButton1-v0,current_only_v2,starv2_resume_300k_SafetyPointButton1_v0_selected_current_only_v2_current_only_v2_s14,215000,0.565929651260376,0.565929651260376,-2.3283064365386963e-10,0.0,1.0,0.15894588828086853,
SafetyPointButton1-v0,current_only_v2,starv2_resume_300k_SafetyPointButton1_v0_selected_current_only_v2_current_only_v2_s14,220000,0.5444080233573914,0.5444080233573914,-1.979060471057892e-09,0.0,1.0,0.14538593590259552,
SafetyPointButton1-v0,current_only_v2,starv2_resume_300k_SafetyPointButton1_v0_selected_current_only_v2_current_only_v2_s14,225000,0.5354471206665039,0.5354471206665039,-1.7462298274040222e-10,0.0,1.0,0.12499892711639404,
SafetyPointButton1-v0,current_only_v2,starv2_resume_300k_SafetyPointButton1_v0_selected_current_only_v2_current_only_v2_s14,230000,0.56870037317276,0.56870037317276,3.4924596548080444e-10,1.0,1.0,0.14627432823181152,
SafetyPointButton1-v0,current_only_v2,starv2_resume_300k_SafetyPointButton1_v0_selected_current_only_v2_current_only_v2_s14,235000,0.5541673898696899,0.5541673898696899,5.238689482212067e-10,1.0,1.0,0.14062586426734924,
SafetyPointButton1-v0,current_only_v2,starv2_resume_300k_SafetyPointButton1_v0_selected_current_only_v2_current_only_v2_s14,240000,0.5429805517196655,0.5429805517196655,-5.238689482212067e-10,0.0,1.0,0.13541917502880096,
SafetyPointButton1-v0,current_only_v2,starv2_resume_300k_SafetyPointButton1_v0_selected_current_only_v2_current_only_v2_s14,245000,0.5580464601516724,0.5580464601516724,0.0,0.0,1.0,0.1408405900001526,
SafetyPointButton1-v0,current_only_v2,starv2_resume_300k_SafetyPointButton1_v0_selected_current_only_v2_current_only_v2_s14,250000,0.5421797633171082,0.5421797633171082,5.238689482212067e-10,1.0,1.0,0.12939441204071045,
SafetyPointButton1-v0,current_only_v2,starv2_resume_300k_SafetyPointButton1_v0_selected_current_only_v2_current_only_v2_s14,255000,0.5513075590133667,0.5513075590133667,4.0745362639427185e-10,1.0,1.0,0.14155350625514984,
SafetyPointButton1-v0,current_only_v2,starv2_resume_300k_SafetyPointButton1_v0_selected_current_only_v2_current_only_v2_s14,260000,0.5843590497970581,0.5843590497970581,8.149072527885437e-10,1.0,1.0,0.1593109369277954,
SafetyPointButton1-v0,current_only_v2,starv2_resume_300k_SafetyPointButton1_v0_selected_current_only_v2_current_only_v2_s14,265000,0.5866419076919556,0.5866419076919556,-6.984919309616089e-10,0.0,1.0,0.15395942330360413,
SafetyPointButton1-v0,current_only_v2,starv2_resume_300k_SafetyPointButton1_v0_selected_current_only_v2_current_only_v2_s14,270000,0.56175297498703,0.56175297498703,1.1641532182693481e-10,1.0,1.0,0.1386791169643402,
SafetyPointButton1-v0,current_only_v2,starv2_resume_300k_SafetyPointButton1_v0_selected_current_only_v2_current_only_v2_s14,275000,0.5459759831428528,0.5459759831428528,-5.820766091346741e-10,0.0,1.0,0.13431912660598755,
SafetyPointButton1-v0,current_only_v2,starv2_resume_300k_SafetyPointButton1_v0_selected_current_only_v2_current_only_v2_s14,280000,0.5698668956756592,0.5698668956756592,3.4924596548080444e-10,1.0,1.0,0.1497785449028015,
SafetyPointButton1-v0,current_only_v2,starv2_resume_300k_SafetyPointButton1_v0_selected_current_only_v2_current_only_v2_s14,285000,0.5776972770690918,0.5776972770690918,2.0954757928848267e-09,1.0,1.0,0.1533055156469345,
SafetyPointButton1-v0,current_only_v2,starv2_resume_300k_SafetyPointButton1_v0_selected_current_only_v2_current_only_v2_s14,290000,0.5965195894241333,0.5965195894241333,0.0,0.0,1.0,0.1577836573123932,
SafetyPointButton1-v0,current_only_v2,starv2_resume_300k_SafetyPointButton1_v0_selected_current_only_v2_current_only_v2_s14,295000,0.5755440592765808,0.5755440592765808,-6.984919309616089e-10,0.0,1.0,0.14369279146194458,
SafetyPointButton1-v0,pointwise_v2,starv2_core_100k_SafetyPointButton1_v0_selected_pointwise_v2_pointwise_v2_s10,100000,0.0,0.0,0.0,0.0,0.0,0.0,
SafetyPointButton1-v0,pointwise_v2,starv2_core_100k_SafetyPointButton1_v0_selected_pointwise_v2_pointwise_v2_s10,105000,0.0,0.0,0.0,0.0,0.0,0.0,
SafetyPointButton1-v0,pointwise_v2,starv2_core_100k_SafetyPointButton1_v0_selected_pointwise_v2_pointwise_v2_s10,110000,0.0,0.0,0.0,0.0,0.0,0.0,
SafetyPointButton1-v0,pointwise_v2,starv2_core_100k_SafetyPointButton1_v0_selected_pointwise_v2_pointwise_v2_s10,115000,0.0,0.0,0.0,0.0,0.0,0.0,
SafetyPointButton1-v0,pointwise_v2,starv2_core_100k_SafetyPointButton1_v0_selected_pointwise_v2_pointwise_v2_s10,120000,0.0,0.0,0.0,0.0,0.0,0.0,
SafetyPointButton1-v0,pointwise_v2,starv2_core_100k_SafetyPointButton1_v0_selected_pointwise_v2_pointwise_v2_s10,125000,0.0,0.0,0.0,0.0,0.0,0.0,
SafetyPointButton1-v0,pointwise_v2,starv2_core_100k_SafetyPointButton1_v0_selected_pointwise_v2_pointwise_v2_s10,130000,0.0,0.0,0.0,0.0,0.0,0.0,
SafetyPointButton1-v0,pointwise_v2,starv2_core_100k_SafetyPointButton1_v0_selected_pointwise_v2_pointwise_v2_s10,135000,0.0,0.0,0.0,0.0,0.0,0.0,
SafetyPointButton1-v0,pointwise_v2,starv2_core_100k_SafetyPointButton1_v0_selected_pointwise_v2_pointwise_v2_s10,140000,0.0,0.0,0.0,0.0,0.0,0.0,
SafetyPointButton1-v0,pointwise_v2,starv2_core_100k_SafetyPointButton1_v0_selected_pointwise_v2_pointwise_v2_s10,145000,0.0,0.0,0.0,0.0,0.0,0.0,
SafetyPointButton1-v0,pointwise_v2,starv2_core_100k_SafetyPointButton1_v0_selected_pointwise_v2_pointwise_v2_s10,150000,0.0,0.0,0.0,0.0,0.0,0.0,
SafetyPointButton1-v0,pointwise_v2,starv2_core_100k_SafetyPointButton1_v0_selected_pointwise_v2_pointwise_v2_s10,155000,0.0,0.0,0.0,0.0,0.0,0.0,
SafetyPointButton1-v0,pointwise_v2,starv2_core_100k_SafetyPointButton1_v0_selected_pointwise_v2_pointwise_v2_s10,160000,0.0,0.0,0.0,0.0,0.0,0.0,
SafetyPointButton1-v0,pointwise_v2,starv2_core_100k_SafetyPointButton1_v0_selected_pointwise_v2_pointwise_v2_s10,165000,0.0,0.0,0.0,0.0,0.0,0.0,
SafetyPointButton1-v0,pointwise_v2,starv2_core_100k_SafetyPointButton1_v0_selected_pointwise_v2_pointwise_v2_s10,170000,0.0,0.0,0.0,0.0,0.0,0.0,
SafetyPointButton1-v0,pointwise_v2,starv2_core_100k_SafetyPointButton1_v0_selected_pointwise_v2_pointwise_v2_s10,175000,0.0,0.0,0.0,0.0,0.0,0.0,
SafetyPointButton1-v0,pointwise_v2,starv2_core_100k_SafetyPointButton1_v0_selected_pointwise_v2_pointwise_v2_s10,180000,0.0,0.0,0.0,0.0,0.0,0.0,
SafetyPointButton1-v0,pointwise_v2,starv2_core_100k_SafetyPointButton1_v0_selected_pointwise_v2_pointwise_v2_s10,185000,0.0,0.0,0.0,0.0,0.0,0.0,
SafetyPointButton1-v0,pointwise_v2,starv2_core_100k_SafetyPointButton1_v0_selected_pointwise_v2_pointwise_v2_s10,190000,0.0,0.0,0.0,0.0,0.0,0.0,
SafetyPointButton1-v0,pointwise_v2,starv2_core_100k_SafetyPointButton1_v0_selected_pointwise_v2_pointwise_v2_s10,195000,0.0,0.0,0.0,0.0,0.0,0.0,
SafetyPointButton1-v0,pointwise_v2,starv2_core_100k_SafetyPointButton1_v0_selected_pointwise_v2_pointwise_v2_s10,200000,0.0,0.0,0.0,0.0,0.0,0.0,
SafetyPointButton1-v0,pointwise_v2,starv2_core_100k_SafetyPointButton1_v0_selected_pointwise_v2_pointwise_v2_s10,205000,0.0,0.0,0.0,0.0,0.0,0.0,
SafetyPointButton1-v0,pointwise_v2,starv2_core_100k_SafetyPointButton1_v0_selected_pointwise_v2_pointwise_v2_s10,210000,0.0,0.0,0.0,0.0,0.0,0.0,
SafetyPointButton1-v0,pointwise_v2,starv2_core_100k_SafetyPointButton1_v0_selected_pointwise_v2_pointwise_v2_s10,215000,0.0,0.0,0.0,0.0,0.0,0.0,
SafetyPointButton1-v0,pointwise_v2,starv2_core_100k_SafetyPointButton1_v0_selected_pointwise_v2_pointwise_v2_s10,220000,0.0,0.0,0.0,0.0,0.0,0.0,
SafetyPointButton1-v0,pointwise_v2,starv2_core_100k_SafetyPointButton1_v0_selected_pointwise_v2_pointwise_v2_s10,225000,0.0,0.0,0.0,0.0,0.0,0.0,
SafetyPointButton1-v0,pointwise_v2,starv2_core_100k_SafetyPointButton1_v0_selected_pointwise_v2_pointwise_v2_s10,230000,0.0,0.0,0.0,0.0,0.0,0.0,
SafetyPointButton1-v0,pointwise_v2,starv2_core_100k_SafetyPointButton1_v0_selected_pointwise_v2_pointwise_v2_s10,235000,0.0,0.0,0.0,0.0,0.0,0.0,
SafetyPointButton1-v0,pointwise_v2,starv2_core_100k_SafetyPointButton1_v0_selected_pointwise_v2_pointwise_v2_s10,240000,0.0,0.0,0.0,0.0,0.0,0.0,
SafetyPointButton1-v0,pointwise_v2,starv2_core_100k_SafetyPointButton1_v0_selected_pointwise_v2_pointwise_v2_s10,245000,0.0,0.0,0.0,0.0,0.0,0.0,
SafetyPointButton1-v0,pointwise_v2,starv2_core_100k_SafetyPointButton1_v0_selected_pointwise_v2_pointwise_v2_s10,250000,0.0,0.0,0.0,0.0,0.0,0.0,
SafetyPointButton1-v0,pointwise_v2,starv2_core_100k_SafetyPointButton1_v0_selected_pointwise_v2_pointwise_v2_s10,255000,0.0,0.0,0.0,0.0,0.0,0.0,
SafetyPointButton1-v0,pointwise_v2,starv2_core_100k_SafetyPointButton1_v0_selected_pointwise_v2_pointwise_v2_s10,260000,0.0,0.0,0.0,0.0,0.0,0.0,
SafetyPointButton1-v0,pointwise_v2,starv2_core_100k_SafetyPointButton1_v0_selected_pointwise_v2_pointwise_v2_s10,265000,0.0,0.0,0.0,0.0,0.0,0.0,
SafetyPointButton1-v0,pointwise_v2,starv2_core_100k_SafetyPointButton1_v0_selected_pointwise_v2_pointwise_v2_s10,270000,0.0,0.0,0.0,0.0,0.0,0.0,
SafetyPointButton1-v0,pointwise_v2,starv2_core_100k_SafetyPointButton1_v0_selected_pointwise_v2_pointwise_v2_s10,275000,0.0,0.0,0.0,0.0,0.0,0.0,
SafetyPointButton1-v0,pointwise_v2,starv2_core_100k_SafetyPointButton1_v0_selected_pointwise_v2_pointwise_v2_s10,280000,0.0,0.0,0.0,0.0,0.0,0.0,
SafetyPointButton1-v0,pointwise_v2,starv2_core_100k_SafetyPointButton1_v0_selected_pointwise_v2_pointwise_v2_s10,285000,0.0,0.0,0.0,0.0,0.0,0.0,
SafetyPointButton1-v0,pointwise_v2,starv2_core_100k_SafetyPointButton1_v0_selected_pointwise_v2_pointwise_v2_s10,290000,0.0,0.0,0.0,0.0,0.0,0.0,
SafetyPointButton1-v0,pointwise_v2,starv2_core_100k_SafetyPointButton1_v0_selected_pointwise_v2_pointwise_v2_s10,295000,0.0,0.0,0.0,0.0,0.0,0.0,
SafetyPointButton1-v0,pointwise_v2,starv2_core_100k_SafetyPointButton1_v0_selected_pointwise_v2_pointwise_v2_s11,100000,0.0,0.0,0.0,0.0,0.0,0.0,
SafetyPointButton1-v0,pointwise_v2,starv2_core_100k_SafetyPointButton1_v0_selected_pointwise_v2_pointwise_v2_s11,105000,0.0,0.0,0.0,0.0,0.0,0.0,
SafetyPointButton1-v0,pointwise_v2,starv2_core_100k_SafetyPointButton1_v0_selected_pointwise_v2_pointwise_v2_s11,110000,0.0,0.0,0.0,0.0,0.0,0.0,
SafetyPointButton1-v0,pointwise_v2,starv2_core_100k_SafetyPointButton1_v0_selected_pointwise_v2_pointwise_v2_s11,115000,0.0,0.0,0.0,0.0,0.0,0.0,
SafetyPointButton1-v0,pointwise_v2,starv2_core_100k_SafetyPointButton1_v0_selected_pointwise_v2_pointwise_v2_s11,120000,0.0,0.0,0.0,0.0,0.0,0.0,
SafetyPointButton1-v0,pointwise_v2,starv2_core_100k_SafetyPointButton1_v0_selected_pointwise_v2_pointwise_v2_s11,125000,0.0,0.0,0.0,0.0,0.0,0.0,
SafetyPointButton1-v0,pointwise_v2,starv2_core_100k_SafetyPointButton1_v0_selected_pointwise_v2_pointwise_v2_s11,130000,0.0,0.0,0.0,0.0,0.0,0.0,
SafetyPointButton1-v0,pointwise_v2,starv2_core_100k_SafetyPointButton1_v0_selected_pointwise_v2_pointwise_v2_s11,135000,0.0,0.0,0.0,0.0,0.0,0.0,
SafetyPointButton1-v0,pointwise_v2,starv2_core_100k_SafetyPointButton1_v0_selected_pointwise_v2_pointwise_v2_s11,140000,0.0,0.0,0.0,0.0,0.0,0.0,
SafetyPointButton1-v0,pointwise_v2,starv2_core_100k_SafetyPointButton1_v0_selected_pointwise_v2_pointwise_v2_s11,145000,0.0,0.0,0.0,0.0,0.0,0.0,
SafetyPointButton1-v0,pointwise_v2,starv2_core_100k_SafetyPointButton1_v0_selected_pointwise_v2_pointwise_v2_s11,150000,0.0,0.0,0.0,0.0,0.0,0.0,
SafetyPointButton1-v0,pointwise_v2,starv2_core_100k_SafetyPointButton1_v0_selected_pointwise_v2_pointwise_v2_s11,155000,0.0,0.0,0.0,0.0,0.0,0.0,
SafetyPointButton1-v0,pointwise_v2,starv2_core_100k_SafetyPointButton1_v0_selected_pointwise_v2_pointwise_v2_s11,160000,0.0,0.0,0.0,0.0,0.0,0.0,
SafetyPointButton1-v0,pointwise_v2,starv2_core_100k_SafetyPointButton1_v0_selected_pointwise_v2_pointwise_v2_s11,165000,0.0,0.0,0.0,0.0,0.0,0.0,
SafetyPointButton1-v0,pointwise_v2,starv2_core_100k_SafetyPointButton1_v0_selected_pointwise_v2_pointwise_v2_s11,170000,0.0,0.0,0.0,0.0,0.0,0.0,
SafetyPointButton1-v0,pointwise_v2,starv2_core_100k_SafetyPointButton1_v0_selected_pointwise_v2_pointwise_v2_s11,175000,0.0,0.0,0.0,0.0,0.0,0.0,
SafetyPointButton1-v0,pointwise_v2,starv2_core_100k_SafetyPointButton1_v0_selected_pointwise_v2_pointwise_v2_s11,180000,0.0,0.0,0.0,0.0,0.0,0.0,
SafetyPointButton1-v0,pointwise_v2,starv2_core_100k_SafetyPointButton1_v0_selected_pointwise_v2_pointwise_v2_s11,185000,0.0,0.0,0.0,0.0,0.0,0.0,
SafetyPointButton1-v0,pointwise_v2,starv2_core_100k_SafetyPointButton1_v0_selected_pointwise_v2_pointwise_v2_s11,190000,0.0,0.0,0.0,0.0,0.0,0.0,
SafetyPointButton1-v0,pointwise_v2,starv2_core_100k_SafetyPointButton1_v0_selected_pointwise_v2_pointwise_v2_s11,195000,0.0,0.0,0.0,0.0,0.0,0.0,
SafetyPointButton1-v0,pointwise_v2,starv2_core_100k_SafetyPointButton1_v0_selected_pointwise_v2_pointwise_v2_s11,200000,0.0,0.0,0.0,0.0,0.0,0.0,
SafetyPointButton1-v0,pointwise_v2,starv2_core_100k_SafetyPointButton1_v0_selected_pointwise_v2_pointwise_v2_s11,205000,0.0,0.0,0.0,0.0,0.0,0.0,
SafetyPointButton1-v0,pointwise_v2,starv2_core_100k_SafetyPointButton1_v0_selected_pointwise_v2_pointwise_v2_s11,210000,0.0,0.0,0.0,0.0,0.0,0.0,
SafetyPointButton1-v0,pointwise_v2,starv2_core_100k_SafetyPointButton1_v0_selected_pointwise_v2_pointwise_v2_s11,215000,0.0,0.0,0.0,0.0,0.0,0.0,
SafetyPointButton1-v0,pointwise_v2,starv2_core_100k_SafetyPointButton1_v0_selected_pointwise_v2_pointwise_v2_s11,220000,0.0,0.0,0.0,0.0,0.0,0.0,
SafetyPointButton1-v0,pointwise_v2,starv2_core_100k_SafetyPointButton1_v0_selected_pointwise_v2_pointwise_v2_s11,225000,0.0,0.0,0.0,0.0,0.0,0.0,
SafetyPointButton1-v0,pointwise_v2,starv2_core_100k_SafetyPointButton1_v0_selected_pointwise_v2_pointwise_v2_s11,230000,0.0,0.0,0.0,0.0,0.0,0.0,
SafetyPointButton1-v0,pointwise_v2,starv2_core_100k_SafetyPointButton1_v0_selected_pointwise_v2_pointwise_v2_s11,235000,0.0,0.0,0.0,0.0,0.0,0.0,
SafetyPointButton1-v0,pointwise_v2,starv2_core_100k_SafetyPointButton1_v0_selected_pointwise_v2_pointwise_v2_s11,240000,0.0,0.0,0.0,0.0,0.0,0.0,
SafetyPointButton1-v0,pointwise_v2,starv2_core_100k_SafetyPointButton1_v0_selected_pointwise_v2_pointwise_v2_s11,245000,0.0,0.0,0.0,0.0,0.0,0.0,
SafetyPointButton1-v0,pointwise_v2,starv2_core_100k_SafetyPointButton1_v0_selected_pointwise_v2_pointwise_v2_s11,250000,0.0,0.0,0.0,0.0,0.0,0.0,
SafetyPointButton1-v0,pointwise_v2,starv2_core_100k_SafetyPointButton1_v0_selected_pointwise_v2_pointwise_v2_s11,255000,0.0,0.0,0.0,0.0,0.0,0.0,
SafetyPointButton1-v0,pointwise_v2,starv2_core_100k_SafetyPointButton1_v0_selected_pointwise_v2_pointwise_v2_s11,260000,0.0,0.0,0.0,0.0,0.0,0.0,
SafetyPointButton1-v0,pointwise_v2,starv2_core_100k_SafetyPointButton1_v0_selected_pointwise_v2_pointwise_v2_s11,265000,0.0,0.0,0.0,0.0,0.0,0.0,
SafetyPointButton1-v0,pointwise_v2,starv2_core_100k_SafetyPointButton1_v0_selected_pointwise_v2_pointwise_v2_s11,270000,0.0,0.0,0.0,0.0,0.0,0.0,
SafetyPointButton1-v0,pointwise_v2,starv2_core_100k_SafetyPointButton1_v0_selected_pointwise_v2_pointwise_v2_s11,275000,0.0,0.0,0.0,0.0,0.0,0.0,
SafetyPointButton1-v0,pointwise_v2,starv2_core_100k_SafetyPointButton1_v0_selected_pointwise_v2_pointwise_v2_s11,280000,0.0,0.0,0.0,0.0,0.0,0.0,
SafetyPointButton1-v0,pointwise_v2,starv2_core_100k_SafetyPointButton1_v0_selected_pointwise_v2_pointwise_v2_s11,285000,0.0,0.0,0.0,0.0,0.0,0.0,
SafetyPointButton1-v0,pointwise_v2,starv2_core_100k_SafetyPointButton1_v0_selected_pointwise_v2_pointwise_v2_s11,290000,0.0,0.0,0.0,0.0,0.0,0.0,
SafetyPointButton1-v0,pointwise_v2,starv2_core_100k_SafetyPointButton1_v0_selected_pointwise_v2_pointwise_v2_s11,295000,0.0,0.0,0.0,0.0,0.0,0.0,
SafetyPointButton1-v0,pointwise_v2,starv2_core_100k_SafetyPointButton1_v0_selected_pointwise_v2_pointwise_v2_s12,100000,0.0,0.0,0.0,0.0,0.0,0.0,
SafetyPointButton1-v0,pointwise_v2,starv2_core_100k_SafetyPointButton1_v0_selected_pointwise_v2_pointwise_v2_s12,105000,0.0,0.0,0.0,0.0,0.0,0.0,
SafetyPointButton1-v0,pointwise_v2,starv2_core_100k_SafetyPointButton1_v0_selected_pointwise_v2_pointwise_v2_s12,110000,0.0,0.0,0.0,0.0,0.0,0.0,
SafetyPointButton1-v0,pointwise_v2,starv2_core_100k_SafetyPointButton1_v0_selected_pointwise_v2_pointwise_v2_s12,115000,0.0,0.0,0.0,0.0,0.0,0.0,
SafetyPointButton1-v0,pointwise_v2,starv2_core_100k_SafetyPointButton1_v0_selected_pointwise_v2_pointwise_v2_s12,120000,0.0,0.0,0.0,0.0,0.0,0.0,
SafetyPointButton1-v0,pointwise_v2,starv2_core_100k_SafetyPointButton1_v0_selected_pointwise_v2_pointwise_v2_s12,125000,0.0,0.0,0.0,0.0,0.0,0.0,
SafetyPointButton1-v0,pointwise_v2,starv2_core_100k_SafetyPointButton1_v0_selected_pointwise_v2_pointwise_v2_s12,130000,0.0,0.0,0.0,0.0,0.0,0.0,
SafetyPointButton1-v0,pointwise_v2,starv2_core_100k_SafetyPointButton1_v0_selected_pointwise_v2_pointwise_v2_s12,135000,0.0,0.0,0.0,0.0,0.0,0.0,
SafetyPointButton1-v0,pointwise_v2,starv2_core_100k_SafetyPointButton1_v0_selected_pointwise_v2_pointwise_v2_s12,140000,0.0,0.0,0.0,0.0,0.0,0.0,
SafetyPointButton1-v0,pointwise_v2,starv2_core_100k_SafetyPointButton1_v0_selected_pointwise_v2_pointwise_v2_s12,145000,0.0,0.0,0.0,0.0,0.0,0.0,
SafetyPointButton1-v0,pointwise_v2,starv2_core_100k_SafetyPointButton1_v0_selected_pointwise_v2_pointwise_v2_s12,150000,0.0,0.0,0.0,0.0,0.0,0.0,
SafetyPointButton1-v0,pointwise_v2,starv2_core_100k_SafetyPointButton1_v0_selected_pointwise_v2_pointwise_v2_s12,155000,0.0,0.0,0.0,0.0,0.0,0.0,
SafetyPointButton1-v0,pointwise_v2,starv2_core_100k_SafetyPointButton1_v0_selected_pointwise_v2_pointwise_v2_s12,160000,0.0,0.0,0.0,0.0,0.0,0.0,
SafetyPointButton1-v0,pointwise_v2,starv2_core_100k_SafetyPointButton1_v0_selected_pointwise_v2_pointwise_v2_s12,165000,0.0,0.0,0.0,0.0,0.0,0.0,
SafetyPointButton1-v0,pointwise_v2,starv2_core_100k_SafetyPointButton1_v0_selected_pointwise_v2_pointwise_v2_s12,170000,0.0,0.0,0.0,0.0,0.0,0.0,
SafetyPointButton1-v0,pointwise_v2,starv2_core_100k_SafetyPointButton1_v0_selected_pointwise_v2_pointwise_v2_s12,175000,0.0,0.0,0.0,0.0,0.0,0.0,
SafetyPointButton1-v0,pointwise_v2,starv2_core_100k_SafetyPointButton1_v0_selected_pointwise_v2_pointwise_v2_s12,180000,0.0,0.0,0.0,0.0,0.0,0.0,
SafetyPointButton1-v0,pointwise_v2,starv2_core_100k_SafetyPointButton1_v0_selected_pointwise_v2_pointwise_v2_s12,185000,0.0,0.0,0.0,0.0,0.0,0.0,
SafetyPointButton1-v0,pointwise_v2,starv2_core_100k_SafetyPointButton1_v0_selected_pointwise_v2_pointwise_v2_s12,190000,0.0,0.0,0.0,0.0,0.0,0.0,
SafetyPointButton1-v0,pointwise_v2,starv2_core_100k_SafetyPointButton1_v0_selected_pointwise_v2_pointwise_v2_s12,195000,0.0,0.0,0.0,0.0,0.0,0.0,
SafetyPointButton1-v0,pointwise_v2,starv2_core_100k_SafetyPointButton1_v0_selected_pointwise_v2_pointwise_v2_s12,200000,0.0,0.0,0.0,0.0,0.0,0.0,
SafetyPointButton1-v0,pointwise_v2,starv2_core_100k_SafetyPointButton1_v0_selected_pointwise_v2_pointwise_v2_s12,205000,0.0,0.0,0.0,0.0,0.0,0.0,
SafetyPointButton1-v0,pointwise_v2,starv2_core_100k_SafetyPointButton1_v0_selected_pointwise_v2_pointwise_v2_s12,210000,0.0,0.0,0.0,0.0,0.0,0.0,
SafetyPointButton1-v0,pointwise_v2,starv2_core_100k_SafetyPointButton1_v0_selected_pointwise_v2_pointwise_v2_s12,215000,0.0,0.0,0.0,0.0,0.0,0.0,
SafetyPointButton1-v0,pointwise_v2,starv2_core_100k_SafetyPointButton1_v0_selected_pointwise_v2_pointwise_v2_s12,220000,0.0,0.0,0.0,0.0,0.0,0.0,
SafetyPointButton1-v0,pointwise_v2,starv2_core_100k_SafetyPointButton1_v0_selected_pointwise_v2_pointwise_v2_s12,225000,0.0,0.0,0.0,0.0,0.0,0.0,
SafetyPointButton1-v0,pointwise_v2,starv2_core_100k_SafetyPointButton1_v0_selected_pointwise_v2_pointwise_v2_s12,230000,0.0,0.0,0.0,0.0,0.0,0.0,
SafetyPointButton1-v0,pointwise_v2,starv2_core_100k_SafetyPointButton1_v0_selected_pointwise_v2_pointwise_v2_s12,235000,0.0,0.0,0.0,0.0,0.0,0.0,
SafetyPointButton1-v0,pointwise_v2,starv2_core_100k_SafetyPointButton1_v0_selected_pointwise_v2_pointwise_v2_s12,240000,0.0,0.0,0.0,0.0,0.0,0.0,
SafetyPointButton1-v0,pointwise_v2,starv2_core_100k_SafetyPointButton1_v0_selected_pointwise_v2_pointwise_v2_s12,245000,0.0,0.0,0.0,0.0,0.0,0.0,
SafetyPointButton1-v0,pointwise_v2,starv2_core_100k_SafetyPointButton1_v0_selected_pointwise_v2_pointwise_v2_s12,250000,0.0,0.0,0.0,0.0,0.0,0.0,
SafetyPointButton1-v0,pointwise_v2,starv2_core_100k_SafetyPointButton1_v0_selected_pointwise_v2_pointwise_v2_s12,255000,0.0,0.0,0.0,0.0,0.0,0.0,
SafetyPointButton1-v0,pointwise_v2,starv2_core_100k_SafetyPointButton1_v0_selected_pointwise_v2_pointwise_v2_s12,260000,0.0,0.0,0.0,0.0,0.0,0.0,
SafetyPointButton1-v0,pointwise_v2,starv2_core_100k_SafetyPointButton1_v0_selected_pointwise_v2_pointwise_v2_s12,265000,0.0,0.0,0.0,0.0,0.0,0.0,
SafetyPointButton1-v0,pointwise_v2,starv2_core_100k_SafetyPointButton1_v0_selected_pointwise_v2_pointwise_v2_s12,270000,0.0,0.0,0.0,0.0,0.0,0.0,
SafetyPointButton1-v0,pointwise_v2,starv2_core_100k_SafetyPointButton1_v0_selected_pointwise_v2_pointwise_v2_s12,275000,0.0,0.0,0.0,0.0,0.0,0.0,
SafetyPointButton1-v0,pointwise_v2,starv2_core_100k_SafetyPointButton1_v0_selected_pointwise_v2_pointwise_v2_s12,280000,0.0,0.0,0.0,0.0,0.0,0.0,
SafetyPointButton1-v0,pointwise_v2,starv2_core_100k_SafetyPointButton1_v0_selected_pointwise_v2_pointwise_v2_s12,285000,0.0,0.0,0.0,0.0,0.0,0.0,
SafetyPointButton1-v0,pointwise_v2,starv2_core_100k_SafetyPointButton1_v0_selected_pointwise_v2_pointwise_v2_s12,290000,0.0,0.0,0.0,0.0,0.0,0.0,
SafetyPointButton1-v0,pointwise_v2,starv2_core_100k_SafetyPointButton1_v0_selected_pointwise_v2_pointwise_v2_s12,295000,0.0,0.0,0.0,0.0,0.0,0.0,
SafetyPointButton1-v0,pointwise_v2,starv2_resume_300k_SafetyPointButton1_v0_selected_pointwise_v2_pointwise_v2_s13,5000,0.0,0.0,0.0,0.0,0.0,0.0,
SafetyPointButton1-v0,pointwise_v2,starv2_resume_300k_SafetyPointButton1_v0_selected_pointwise_v2_pointwise_v2_s13,10000,0.0,0.0,0.0,0.0,0.0,0.0,
SafetyPointButton1-v0,pointwise_v2,starv2_resume_300k_SafetyPointButton1_v0_selected_pointwise_v2_pointwise_v2_s13,15000,0.0,0.0,0.0,0.0,0.0,0.0,
SafetyPointButton1-v0,pointwise_v2,starv2_resume_300k_SafetyPointButton1_v0_selected_pointwise_v2_pointwise_v2_s13,20000,0.0,0.0,0.0,0.0,0.0,0.0,
SafetyPointButton1-v0,pointwise_v2,starv2_resume_300k_SafetyPointButton1_v0_selected_pointwise_v2_pointwise_v2_s13,25000,0.0,0.0,0.0,0.0,0.0,0.0,
SafetyPointButton1-v0,pointwise_v2,starv2_resume_300k_SafetyPointButton1_v0_selected_pointwise_v2_pointwise_v2_s13,30000,0.0,0.0,0.0,0.0,0.0,0.0,
SafetyPointButton1-v0,pointwise_v2,starv2_resume_300k_SafetyPointButton1_v0_selected_pointwise_v2_pointwise_v2_s13,35000,0.0,0.0,0.0,0.0,0.0,0.0,
SafetyPointButton1-v0,pointwise_v2,starv2_resume_300k_SafetyPointButton1_v0_selected_pointwise_v2_pointwise_v2_s13,40000,0.0,0.0,0.0,0.0,0.0,0.0,
SafetyPointButton1-v0,pointwise_v2,starv2_resume_300k_SafetyPointButton1_v0_selected_pointwise_v2_pointwise_v2_s13,45000,0.0,0.0,0.0,0.0,0.0,0.0,
SafetyPointButton1-v0,pointwise_v2,starv2_resume_300k_SafetyPointButton1_v0_selected_pointwise_v2_pointwise_v2_s13,50000,0.0,0.0,0.0,0.0,0.0,0.0,
SafetyPointButton1-v0,pointwise_v2,starv2_resume_300k_SafetyPointButton1_v0_selected_pointwise_v2_pointwise_v2_s13,55000,0.0,0.0,0.0,0.0,0.0,0.0,
SafetyPointButton1-v0,pointwise_v2,starv2_resume_300k_SafetyPointButton1_v0_selected_pointwise_v2_pointwise_v2_s13,60000,0.0,0.0,0.0,0.0,0.0,0.0,
SafetyPointButton1-v0,pointwise_v2,starv2_resume_300k_SafetyPointButton1_v0_selected_pointwise_v2_pointwise_v2_s13,65000,0.0,0.0,0.0,0.0,0.0,0.0,
SafetyPointButton1-v0,pointwise_v2,starv2_resume_300k_SafetyPointButton1_v0_selected_pointwise_v2_pointwise_v2_s13,70000,0.0,0.0,0.0,0.0,0.0,0.0,
SafetyPointButton1-v0,pointwise_v2,starv2_resume_300k_SafetyPointButton1_v0_selected_pointwise_v2_pointwise_v2_s13,75000,0.0,0.0,0.0,0.0,0.0,0.0,
SafetyPointButton1-v0,pointwise_v2,starv2_resume_300k_SafetyPointButton1_v0_selected_pointwise_v2_pointwise_v2_s13,80000,0.0,0.0,0.0,0.0,0.0,0.0,
SafetyPointButton1-v0,pointwise_v2,starv2_resume_300k_SafetyPointButton1_v0_selected_pointwise_v2_pointwise_v2_s13,85000,0.0,0.0,0.0,0.0,0.0,0.0,
SafetyPointButton1-v0,pointwise_v2,starv2_resume_300k_SafetyPointButton1_v0_selected_pointwise_v2_pointwise_v2_s13,90000,0.0,0.0,0.0,0.0,0.0,0.0,
SafetyPointButton1-v0,pointwise_v2,starv2_resume_300k_SafetyPointButton1_v0_selected_pointwise_v2_pointwise_v2_s13,95000,0.0,0.0,0.0,0.0,0.0,0.0,
SafetyPointButton1-v0,pointwise_v2,starv2_resume_300k_SafetyPointButton1_v0_selected_pointwise_v2_pointwise_v2_s13,100000,0.0,0.0,0.0,0.0,0.0,0.0,
SafetyPointButton1-v0,pointwise_v2,starv2_resume_300k_SafetyPointButton1_v0_selected_pointwise_v2_pointwise_v2_s13,105000,0.0,0.0,0.0,0.0,0.0,0.0,
SafetyPointButton1-v0,pointwise_v2,starv2_resume_300k_SafetyPointButton1_v0_selected_pointwise_v2_pointwise_v2_s13,110000,0.0,0.0,0.0,0.0,0.0,0.0,
SafetyPointButton1-v0,pointwise_v2,starv2_resume_300k_SafetyPointButton1_v0_selected_pointwise_v2_pointwise_v2_s13,115000,0.0,0.0,0.0,0.0,0.0,0.0,
SafetyPointButton1-v0,pointwise_v2,starv2_resume_300k_SafetyPointButton1_v0_selected_pointwise_v2_pointwise_v2_s13,120000,0.0,0.0,0.0,0.0,0.0,0.0,
SafetyPointButton1-v0,pointwise_v2,starv2_resume_300k_SafetyPointButton1_v0_selected_pointwise_v2_pointwise_v2_s13,125000,0.0,0.0,0.0,0.0,0.0,0.0,
SafetyPointButton1-v0,pointwise_v2,starv2_resume_300k_SafetyPointButton1_v0_selected_pointwise_v2_pointwise_v2_s13,130000,0.0,0.0,0.0,0.0,0.0,0.0,
SafetyPointButton1-v0,pointwise_v2,starv2_resume_300k_SafetyPointButton1_v0_selected_pointwise_v2_pointwise_v2_s13,135000,0.0,0.0,0.0,0.0,0.0,0.0,
SafetyPointButton1-v0,pointwise_v2,starv2_resume_300k_SafetyPointButton1_v0_selected_pointwise_v2_pointwise_v2_s13,140000,0.0,0.0,0.0,0.0,0.0,0.0,
SafetyPointButton1-v0,pointwise_v2,starv2_resume_300k_SafetyPointButton1_v0_selected_pointwise_v2_pointwise_v2_s13,145000,0.0,0.0,0.0,0.0,0.0,0.0,
SafetyPointButton1-v0,pointwise_v2,starv2_resume_300k_SafetyPointButton1_v0_selected_pointwise_v2_pointwise_v2_s13,150000,0.0,0.0,0.0,0.0,0.0,0.0,
SafetyPointButton1-v0,pointwise_v2,starv2_resume_300k_SafetyPointButton1_v0_selected_pointwise_v2_pointwise_v2_s13,155000,0.0,0.0,0.0,0.0,0.0,0.0,
SafetyPointButton1-v0,pointwise_v2,starv2_resume_300k_SafetyPointButton1_v0_selected_pointwise_v2_pointwise_v2_s13,160000,0.0,0.0,0.0,0.0,0.0,0.0,
SafetyPointButton1-v0,pointwise_v2,starv2_resume_300k_SafetyPointButton1_v0_selected_pointwise_v2_pointwise_v2_s13,165000,0.0,0.0,0.0,0.0,0.0,0.0,
SafetyPointButton1-v0,pointwise_v2,starv2_resume_300k_SafetyPointButton1_v0_selected_pointwise_v2_pointwise_v2_s13,170000,0.0,0.0,0.0,0.0,0.0,0.0,
SafetyPointButton1-v0,pointwise_v2,starv2_resume_300k_SafetyPointButton1_v0_selected_pointwise_v2_pointwise_v2_s13,175000,0.0,0.0,0.0,0.0,0.0,0.0,
SafetyPointButton1-v0,pointwise_v2,starv2_resume_300k_SafetyPointButton1_v0_selected_pointwise_v2_pointwise_v2_s13,180000,0.0,0.0,0.0,0.0,0.0,0.0,
SafetyPointButton1-v0,pointwise_v2,starv2_resume_300k_SafetyPointButton1_v0_selected_pointwise_v2_pointwise_v2_s13,185000,0.0,0.0,0.0,0.0,0.0,0.0,
SafetyPointButton1-v0,pointwise_v2,starv2_resume_300k_SafetyPointButton1_v0_selected_pointwise_v2_pointwise_v2_s13,190000,0.0,0.0,0.0,0.0,0.0,0.0,
SafetyPointButton1-v0,pointwise_v2,starv2_resume_300k_SafetyPointButton1_v0_selected_pointwise_v2_pointwise_v2_s13,195000,0.0,0.0,0.0,0.0,0.0,0.0,
SafetyPointButton1-v0,pointwise_v2,starv2_resume_300k_SafetyPointButton1_v0_selected_pointwise_v2_pointwise_v2_s13,200000,0.0,0.0,0.0,0.0,0.0,0.0,
SafetyPointButton1-v0,pointwise_v2,starv2_resume_300k_SafetyPointButton1_v0_selected_pointwise_v2_pointwise_v2_s13,205000,0.0,0.0,0.0,0.0,0.0,0.0,
SafetyPointButton1-v0,pointwise_v2,starv2_resume_300k_SafetyPointButton1_v0_selected_pointwise_v2_pointwise_v2_s13,210000,0.0,0.0,0.0,0.0,0.0,0.0,
SafetyPointButton1-v0,pointwise_v2,starv2_resume_300k_SafetyPointButton1_v0_selected_pointwise_v2_pointwise_v2_s13,215000,0.0,0.0,0.0,0.0,0.0,0.0,
SafetyPointButton1-v0,pointwise_v2,starv2_resume_300k_SafetyPointButton1_v0_selected_pointwise_v2_pointwise_v2_s13,220000,0.0,0.0,0.0,0.0,0.0,0.0,
SafetyPointButton1-v0,pointwise_v2,starv2_resume_300k_SafetyPointButton1_v0_selected_pointwise_v2_pointwise_v2_s13,225000,0.0,0.0,0.0,0.0,0.0,0.0,
SafetyPointButton1-v0,pointwise_v2,starv2_resume_300k_SafetyPointButton1_v0_selected_pointwise_v2_pointwise_v2_s13,230000,0.0,0.0,0.0,0.0,0.0,0.0,
SafetyPointButton1-v0,pointwise_v2,starv2_resume_300k_SafetyPointButton1_v0_selected_pointwise_v2_pointwise_v2_s13,235000,0.0,0.0,0.0,0.0,0.0,0.0,
SafetyPointButton1-v0,pointwise_v2,starv2_resume_300k_SafetyPointButton1_v0_selected_pointwise_v2_pointwise_v2_s13,240000,0.0,0.0,0.0,0.0,0.0,0.0,
SafetyPointButton1-v0,pointwise_v2,starv2_resume_300k_SafetyPointButton1_v0_selected_pointwise_v2_pointwise_v2_s13,245000,0.0,0.0,0.0,0.0,0.0,0.0,
SafetyPointButton1-v0,pointwise_v2,starv2_resume_300k_SafetyPointButton1_v0_selected_pointwise_v2_pointwise_v2_s13,250000,0.0,0.0,0.0,0.0,0.0,0.0,
SafetyPointButton1-v0,pointwise_v2,starv2_resume_300k_SafetyPointButton1_v0_selected_pointwise_v2_pointwise_v2_s13,255000,0.0,0.0,0.0,0.0,0.0,0.0,
SafetyPointButton1-v0,pointwise_v2,starv2_resume_300k_SafetyPointButton1_v0_selected_pointwise_v2_pointwise_v2_s13,260000,0.0,0.0,0.0,0.0,0.0,0.0,
SafetyPointButton1-v0,pointwise_v2,starv2_resume_300k_SafetyPointButton1_v0_selected_pointwise_v2_pointwise_v2_s13,265000,0.0,0.0,0.0,0.0,0.0,0.0,
SafetyPointButton1-v0,pointwise_v2,starv2_resume_300k_SafetyPointButton1_v0_selected_pointwise_v2_pointwise_v2_s13,270000,0.0,0.0,0.0,0.0,0.0,0.0,
SafetyPointButton1-v0,pointwise_v2,starv2_resume_300k_SafetyPointButton1_v0_selected_pointwise_v2_pointwise_v2_s13,275000,0.0,0.0,0.0,0.0,0.0,0.0,
SafetyPointButton1-v0,pointwise_v2,starv2_resume_300k_SafetyPointButton1_v0_selected_pointwise_v2_pointwise_v2_s13,280000,0.0,0.0,0.0,0.0,0.0,0.0,
SafetyPointButton1-v0,pointwise_v2,starv2_resume_300k_SafetyPointButton1_v0_selected_pointwise_v2_pointwise_v2_s13,285000,0.0,0.0,0.0,0.0,0.0,0.0,
SafetyPointButton1-v0,pointwise_v2,starv2_resume_300k_SafetyPointButton1_v0_selected_pointwise_v2_pointwise_v2_s13,290000,0.0,0.0,0.0,0.0,0.0,0.0,
SafetyPointButton1-v0,pointwise_v2,starv2_resume_300k_SafetyPointButton1_v0_selected_pointwise_v2_pointwise_v2_s13,295000,0.0,0.0,0.0,0.0,0.0,0.0,
SafetyPointButton1-v0,pointwise_v2,starv2_resume_300k_SafetyPointButton1_v0_selected_pointwise_v2_pointwise_v2_s14,5000,0.0,0.0,0.0,0.0,0.0,0.0,
SafetyPointButton1-v0,pointwise_v2,starv2_resume_300k_SafetyPointButton1_v0_selected_pointwise_v2_pointwise_v2_s14,10000,0.0,0.0,0.0,0.0,0.0,0.0,
SafetyPointButton1-v0,pointwise_v2,starv2_resume_300k_SafetyPointButton1_v0_selected_pointwise_v2_pointwise_v2_s14,15000,0.0,0.0,0.0,0.0,0.0,0.0,
SafetyPointButton1-v0,pointwise_v2,starv2_resume_300k_SafetyPointButton1_v0_selected_pointwise_v2_pointwise_v2_s14,20000,0.0,0.0,0.0,0.0,0.0,0.0,
SafetyPointButton1-v0,pointwise_v2,starv2_resume_300k_SafetyPointButton1_v0_selected_pointwise_v2_pointwise_v2_s14,25000,0.0,0.0,0.0,0.0,0.0,0.0,
SafetyPointButton1-v0,pointwise_v2,starv2_resume_300k_SafetyPointButton1_v0_selected_pointwise_v2_pointwise_v2_s14,30000,0.0,0.0,0.0,0.0,0.0,0.0,
SafetyPointButton1-v0,pointwise_v2,starv2_resume_300k_SafetyPointButton1_v0_selected_pointwise_v2_pointwise_v2_s14,35000,0.0,0.0,0.0,0.0,0.0,0.0,
SafetyPointButton1-v0,pointwise_v2,starv2_resume_300k_SafetyPointButton1_v0_selected_pointwise_v2_pointwise_v2_s14,40000,0.0,0.0,0.0,0.0,0.0,0.0,
SafetyPointButton1-v0,pointwise_v2,starv2_resume_300k_SafetyPointButton1_v0_selected_pointwise_v2_pointwise_v2_s14,45000,0.0,0.0,0.0,0.0,0.0,0.0,
SafetyPointButton1-v0,pointwise_v2,starv2_resume_300k_SafetyPointButton1_v0_selected_pointwise_v2_pointwise_v2_s14,50000,0.0,0.0,0.0,0.0,0.0,0.0,
SafetyPointButton1-v0,pointwise_v2,starv2_resume_300k_SafetyPointButton1_v0_selected_pointwise_v2_pointwise_v2_s14,55000,0.0,0.0,0.0,0.0,0.0,0.0,
SafetyPointButton1-v0,pointwise_v2,starv2_resume_300k_SafetyPointButton1_v0_selected_pointwise_v2_pointwise_v2_s14,60000,0.0,0.0,0.0,0.0,0.0,0.0,
SafetyPointButton1-v0,pointwise_v2,starv2_resume_300k_SafetyPointButton1_v0_selected_pointwise_v2_pointwise_v2_s14,65000,0.0,0.0,0.0,0.0,0.0,0.0,
SafetyPointButton1-v0,pointwise_v2,starv2_resume_300k_SafetyPointButton1_v0_selected_pointwise_v2_pointwise_v2_s14,70000,0.0,0.0,0.0,0.0,0.0,0.0,
SafetyPointButton1-v0,pointwise_v2,starv2_resume_300k_SafetyPointButton1_v0_selected_pointwise_v2_pointwise_v2_s14,75000,0.0,0.0,0.0,0.0,0.0,0.0,
SafetyPointButton1-v0,pointwise_v2,starv2_resume_300k_SafetyPointButton1_v0_selected_pointwise_v2_pointwise_v2_s14,80000,0.0,0.0,0.0,0.0,0.0,0.0,
SafetyPointButton1-v0,pointwise_v2,starv2_resume_300k_SafetyPointButton1_v0_selected_pointwise_v2_pointwise_v2_s14,85000,0.0,0.0,0.0,0.0,0.0,0.0,
SafetyPointButton1-v0,pointwise_v2,starv2_resume_300k_SafetyPointButton1_v0_selected_pointwise_v2_pointwise_v2_s14,90000,0.0,0.0,0.0,0.0,0.0,0.0,
SafetyPointButton1-v0,pointwise_v2,starv2_resume_300k_SafetyPointButton1_v0_selected_pointwise_v2_pointwise_v2_s14,95000,0.0,0.0,0.0,0.0,0.0,0.0,
SafetyPointButton1-v0,pointwise_v2,starv2_resume_300k_SafetyPointButton1_v0_selected_pointwise_v2_pointwise_v2_s14,100000,0.0,0.0,0.0,0.0,0.0,0.0,
SafetyPointButton1-v0,pointwise_v2,starv2_resume_300k_SafetyPointButton1_v0_selected_pointwise_v2_pointwise_v2_s14,105000,0.0,0.0,0.0,0.0,0.0,0.0,
SafetyPointButton1-v0,pointwise_v2,starv2_resume_300k_SafetyPointButton1_v0_selected_pointwise_v2_pointwise_v2_s14,110000,0.0,0.0,0.0,0.0,0.0,0.0,
SafetyPointButton1-v0,pointwise_v2,starv2_resume_300k_SafetyPointButton1_v0_selected_pointwise_v2_pointwise_v2_s14,115000,0.0,0.0,0.0,0.0,0.0,0.0,
SafetyPointButton1-v0,pointwise_v2,starv2_resume_300k_SafetyPointButton1_v0_selected_pointwise_v2_pointwise_v2_s14,120000,0.0,0.0,0.0,0.0,0.0,0.0,
SafetyPointButton1-v0,pointwise_v2,starv2_resume_300k_SafetyPointButton1_v0_selected_pointwise_v2_pointwise_v2_s14,125000,0.0,0.0,0.0,0.0,0.0,0.0,
SafetyPointButton1-v0,pointwise_v2,starv2_resume_300k_SafetyPointButton1_v0_selected_pointwise_v2_pointwise_v2_s14,130000,0.0,0.0,0.0,0.0,0.0,0.0,
SafetyPointButton1-v0,pointwise_v2,starv2_resume_300k_SafetyPointButton1_v0_selected_pointwise_v2_pointwise_v2_s14,135000,0.0,0.0,0.0,0.0,0.0,0.0,
SafetyPointButton1-v0,pointwise_v2,starv2_resume_300k_SafetyPointButton1_v0_selected_pointwise_v2_pointwise_v2_s14,140000,0.0,0.0,0.0,0.0,0.0,0.0,
SafetyPointButton1-v0,pointwise_v2,starv2_resume_300k_SafetyPointButton1_v0_selected_pointwise_v2_pointwise_v2_s14,145000,0.0,0.0,0.0,0.0,0.0,0.0,
SafetyPointButton1-v0,pointwise_v2,starv2_resume_300k_SafetyPointButton1_v0_selected_pointwise_v2_pointwise_v2_s14,150000,0.0,0.0,0.0,0.0,0.0,0.0,
SafetyPointButton1-v0,pointwise_v2,starv2_resume_300k_SafetyPointButton1_v0_selected_pointwise_v2_pointwise_v2_s14,155000,0.0,0.0,0.0,0.0,0.0,0.0,
SafetyPointButton1-v0,pointwise_v2,starv2_resume_300k_SafetyPointButton1_v0_selected_pointwise_v2_pointwise_v2_s14,160000,0.0,0.0,0.0,0.0,0.0,0.0,
SafetyPointButton1-v0,pointwise_v2,starv2_resume_300k_SafetyPointButton1_v0_selected_pointwise_v2_pointwise_v2_s14,165000,0.0,0.0,0.0,0.0,0.0,0.0,
SafetyPointButton1-v0,pointwise_v2,starv2_resume_300k_SafetyPointButton1_v0_selected_pointwise_v2_pointwise_v2_s14,170000,0.0,0.0,0.0,0.0,0.0,0.0,
SafetyPointButton1-v0,pointwise_v2,starv2_resume_300k_SafetyPointButton1_v0_selected_pointwise_v2_pointwise_v2_s14,175000,0.0,0.0,0.0,0.0,0.0,0.0,
SafetyPointButton1-v0,pointwise_v2,starv2_resume_300k_SafetyPointButton1_v0_selected_pointwise_v2_pointwise_v2_s14,180000,0.0,0.0,0.0,0.0,0.0,0.0,
SafetyPointButton1-v0,pointwise_v2,starv2_resume_300k_SafetyPointButton1_v0_selected_pointwise_v2_pointwise_v2_s14,185000,0.0,0.0,0.0,0.0,0.0,0.0,
SafetyPointButton1-v0,pointwise_v2,starv2_resume_300k_SafetyPointButton1_v0_selected_pointwise_v2_pointwise_v2_s14,190000,0.0,0.0,0.0,0.0,0.0,0.0,
SafetyPointButton1-v0,pointwise_v2,starv2_resume_300k_SafetyPointButton1_v0_selected_pointwise_v2_pointwise_v2_s14,195000,0.0,0.0,0.0,0.0,0.0,0.0,
SafetyPointButton1-v0,pointwise_v2,starv2_resume_300k_SafetyPointButton1_v0_selected_pointwise_v2_pointwise_v2_s14,200000,0.0,0.0,0.0,0.0,0.0,0.0,
SafetyPointButton1-v0,pointwise_v2,starv2_resume_300k_SafetyPointButton1_v0_selected_pointwise_v2_pointwise_v2_s14,205000,0.0,0.0,0.0,0.0,0.0,0.0,
SafetyPointButton1-v0,pointwise_v2,starv2_resume_300k_SafetyPointButton1_v0_selected_pointwise_v2_pointwise_v2_s14,210000,0.0,0.0,0.0,0.0,0.0,0.0,
SafetyPointButton1-v0,pointwise_v2,starv2_resume_300k_SafetyPointButton1_v0_selected_pointwise_v2_pointwise_v2_s14,215000,0.0,0.0,0.0,0.0,0.0,0.0,
SafetyPointButton1-v0,pointwise_v2,starv2_resume_300k_SafetyPointButton1_v0_selected_pointwise_v2_pointwise_v2_s14,220000,0.0,0.0,0.0,0.0,0.0,0.0,
SafetyPointButton1-v0,pointwise_v2,starv2_resume_300k_SafetyPointButton1_v0_selected_pointwise_v2_pointwise_v2_s14,225000,0.0,0.0,0.0,0.0,0.0,0.0,
SafetyPointButton1-v0,pointwise_v2,starv2_resume_300k_SafetyPointButton1_v0_selected_pointwise_v2_pointwise_v2_s14,230000,0.0,0.0,0.0,0.0,0.0,0.0,
SafetyPointButton1-v0,pointwise_v2,starv2_resume_300k_SafetyPointButton1_v0_selected_pointwise_v2_pointwise_v2_s14,235000,0.0,0.0,0.0,0.0,0.0,0.0,
SafetyPointButton1-v0,pointwise_v2,starv2_resume_300k_SafetyPointButton1_v0_selected_pointwise_v2_pointwise_v2_s14,240000,0.0,0.0,0.0,0.0,0.0,0.0,
SafetyPointButton1-v0,pointwise_v2,starv2_resume_300k_SafetyPointButton1_v0_selected_pointwise_v2_pointwise_v2_s14,245000,0.0,0.0,0.0,0.0,0.0,0.0,
SafetyPointButton1-v0,pointwise_v2,starv2_resume_300k_SafetyPointButton1_v0_selected_pointwise_v2_pointwise_v2_s14,250000,0.0,0.0,0.0,0.0,0.0,0.0,
SafetyPointButton1-v0,pointwise_v2,starv2_resume_300k_SafetyPointButton1_v0_selected_pointwise_v2_pointwise_v2_s14,255000,0.0,0.0,0.0,0.0,0.0,0.0,
SafetyPointButton1-v0,pointwise_v2,starv2_resume_300k_SafetyPointButton1_v0_selected_pointwise_v2_pointwise_v2_s14,260000,0.0,0.0,0.0,0.0,0.0,0.0,
SafetyPointButton1-v0,pointwise_v2,starv2_resume_300k_SafetyPointButton1_v0_selected_pointwise_v2_pointwise_v2_s14,265000,0.0,0.0,0.0,0.0,0.0,0.0,
SafetyPointButton1-v0,pointwise_v2,starv2_resume_300k_SafetyPointButton1_v0_selected_pointwise_v2_pointwise_v2_s14,270000,0.0,0.0,0.0,0.0,0.0,0.0,
SafetyPointButton1-v0,pointwise_v2,starv2_resume_300k_SafetyPointButton1_v0_selected_pointwise_v2_pointwise_v2_s14,275000,0.0,0.0,0.0,0.0,0.0,0.0,
SafetyPointButton1-v0,pointwise_v2,starv2_resume_300k_SafetyPointButton1_v0_selected_pointwise_v2_pointwise_v2_s14,280000,0.0,0.0,0.0,0.0,0.0,0.0,
SafetyPointButton1-v0,pointwise_v2,starv2_resume_300k_SafetyPointButton1_v0_selected_pointwise_v2_pointwise_v2_s14,285000,0.0,0.0,0.0,0.0,0.0,0.0,
SafetyPointButton1-v0,pointwise_v2,starv2_resume_300k_SafetyPointButton1_v0_selected_pointwise_v2_pointwise_v2_s14,290000,0.0,0.0,0.0,0.0,0.0,0.0,
SafetyPointButton1-v0,pointwise_v2,starv2_resume_300k_SafetyPointButton1_v0_selected_pointwise_v2_pointwise_v2_s14,295000,0.0,0.0,0.0,0.0,0.0,0.0,
SafetyPointButton1-v0,sac_lag,starv2_core_100k_SafetyPointButton1_v0_selected_sac_lag_sac_lag_s10,100000,0.0,0.0,0.0,0.0,0.0,0.0,
SafetyPointButton1-v0,sac_lag,starv2_core_100k_SafetyPointButton1_v0_selected_sac_lag_sac_lag_s10,105000,0.0,0.0,0.0,0.0,0.0,0.0,
SafetyPointButton1-v0,sac_lag,starv2_core_100k_SafetyPointButton1_v0_selected_sac_lag_sac_lag_s10,110000,0.0,0.0,0.0,0.0,0.0,0.0,
SafetyPointButton1-v0,sac_lag,starv2_core_100k_SafetyPointButton1_v0_selected_sac_lag_sac_lag_s10,115000,0.0,0.0,0.0,0.0,0.0,0.0,
SafetyPointButton1-v0,sac_lag,starv2_core_100k_SafetyPointButton1_v0_selected_sac_lag_sac_lag_s10,120000,0.0,0.0,0.0,0.0,0.0,0.0,
SafetyPointButton1-v0,sac_lag,starv2_core_100k_SafetyPointButton1_v0_selected_sac_lag_sac_lag_s10,125000,0.0,0.0,0.0,0.0,0.0,0.0,
SafetyPointButton1-v0,sac_lag,starv2_core_100k_SafetyPointButton1_v0_selected_sac_lag_sac_lag_s10,130000,0.0,0.0,0.0,0.0,0.0,0.0,
SafetyPointButton1-v0,sac_lag,starv2_core_100k_SafetyPointButton1_v0_selected_sac_lag_sac_lag_s10,135000,0.0,0.0,0.0,0.0,0.0,0.0,
SafetyPointButton1-v0,sac_lag,starv2_core_100k_SafetyPointButton1_v0_selected_sac_lag_sac_lag_s10,140000,0.0,0.0,0.0,0.0,0.0,0.0,
SafetyPointButton1-v0,sac_lag,starv2_core_100k_SafetyPointButton1_v0_selected_sac_lag_sac_lag_s10,145000,0.0,0.0,0.0,0.0,0.0,0.0,
SafetyPointButton1-v0,sac_lag,starv2_core_100k_SafetyPointButton1_v0_selected_sac_lag_sac_lag_s10,150000,0.0,0.0,0.0,0.0,0.0,0.0,
SafetyPointButton1-v0,sac_lag,starv2_core_100k_SafetyPointButton1_v0_selected_sac_lag_sac_lag_s10,155000,0.0,0.0,0.0,0.0,0.0,0.0,
SafetyPointButton1-v0,sac_lag,starv2_core_100k_SafetyPointButton1_v0_selected_sac_lag_sac_lag_s10,160000,0.0,0.0,0.0,0.0,0.0,0.0,
SafetyPointButton1-v0,sac_lag,starv2_core_100k_SafetyPointButton1_v0_selected_sac_lag_sac_lag_s10,165000,0.0,0.0,0.0,0.0,0.0,0.0,
SafetyPointButton1-v0,sac_lag,starv2_core_100k_SafetyPointButton1_v0_selected_sac_lag_sac_lag_s10,170000,0.0,0.0,0.0,0.0,0.0,0.0,
SafetyPointButton1-v0,sac_lag,starv2_core_100k_SafetyPointButton1_v0_selected_sac_lag_sac_lag_s10,175000,0.0,0.0,0.0,0.0,0.0,0.0,
SafetyPointButton1-v0,sac_lag,starv2_core_100k_SafetyPointButton1_v0_selected_sac_lag_sac_lag_s10,180000,0.0,0.0,0.0,0.0,0.0,0.0,
SafetyPointButton1-v0,sac_lag,starv2_core_100k_SafetyPointButton1_v0_selected_sac_lag_sac_lag_s10,185000,0.0,0.0,0.0,0.0,0.0,0.0,
SafetyPointButton1-v0,sac_lag,starv2_core_100k_SafetyPointButton1_v0_selected_sac_lag_sac_lag_s10,190000,0.0,0.0,0.0,0.0,0.0,0.0,
SafetyPointButton1-v0,sac_lag,starv2_core_100k_SafetyPointButton1_v0_selected_sac_lag_sac_lag_s10,195000,0.0,0.0,0.0,0.0,0.0,0.0,
SafetyPointButton1-v0,sac_lag,starv2_core_100k_SafetyPointButton1_v0_selected_sac_lag_sac_lag_s10,200000,0.0,0.0,0.0,0.0,0.0,0.0,
SafetyPointButton1-v0,sac_lag,starv2_core_100k_SafetyPointButton1_v0_selected_sac_lag_sac_lag_s10,205000,0.0,0.0,0.0,0.0,0.0,0.0,
SafetyPointButton1-v0,sac_lag,starv2_core_100k_SafetyPointButton1_v0_selected_sac_lag_sac_lag_s10,210000,0.0,0.0,0.0,0.0,0.0,0.0,
SafetyPointButton1-v0,sac_lag,starv2_core_100k_SafetyPointButton1_v0_selected_sac_lag_sac_lag_s10,215000,0.0,0.0,0.0,0.0,0.0,0.0,
SafetyPointButton1-v0,sac_lag,starv2_core_100k_SafetyPointButton1_v0_selected_sac_lag_sac_lag_s10,220000,0.0,0.0,0.0,0.0,0.0,0.0,
SafetyPointButton1-v0,sac_lag,starv2_core_100k_SafetyPointButton1_v0_selected_sac_lag_sac_lag_s10,225000,0.0,0.0,0.0,0.0,0.0,0.0,
SafetyPointButton1-v0,sac_lag,starv2_core_100k_SafetyPointButton1_v0_selected_sac_lag_sac_lag_s10,230000,0.0,0.0,0.0,0.0,0.0,0.0,
SafetyPointButton1-v0,sac_lag,starv2_core_100k_SafetyPointButton1_v0_selected_sac_lag_sac_lag_s10,235000,0.0,0.0,0.0,0.0,0.0,0.0,
SafetyPointButton1-v0,sac_lag,starv2_core_100k_SafetyPointButton1_v0_selected_sac_lag_sac_lag_s10,240000,0.0,0.0,0.0,0.0,0.0,0.0,
SafetyPointButton1-v0,sac_lag,starv2_core_100k_SafetyPointButton1_v0_selected_sac_lag_sac_lag_s10,245000,0.0,0.0,0.0,0.0,0.0,0.0,
SafetyPointButton1-v0,sac_lag,starv2_core_100k_SafetyPointButton1_v0_selected_sac_lag_sac_lag_s10,250000,0.0,0.0,0.0,0.0,0.0,0.0,
SafetyPointButton1-v0,sac_lag,starv2_core_100k_SafetyPointButton1_v0_selected_sac_lag_sac_lag_s10,255000,0.0,0.0,0.0,0.0,0.0,0.0,
SafetyPointButton1-v0,sac_lag,starv2_core_100k_SafetyPointButton1_v0_selected_sac_lag_sac_lag_s10,260000,0.0,0.0,0.0,0.0,0.0,0.0,
SafetyPointButton1-v0,sac_lag,starv2_core_100k_SafetyPointButton1_v0_selected_sac_lag_sac_lag_s10,265000,0.0,0.0,0.0,0.0,0.0,0.0,
SafetyPointButton1-v0,sac_lag,starv2_core_100k_SafetyPointButton1_v0_selected_sac_lag_sac_lag_s10,270000,0.0,0.0,0.0,0.0,0.0,0.0,
SafetyPointButton1-v0,sac_lag,starv2_core_100k_SafetyPointButton1_v0_selected_sac_lag_sac_lag_s10,275000,0.0,0.0,0.0,0.0,0.0,0.0,
SafetyPointButton1-v0,sac_lag,starv2_core_100k_SafetyPointButton1_v0_selected_sac_lag_sac_lag_s10,280000,0.0,0.0,0.0,0.0,0.0,0.0,
SafetyPointButton1-v0,sac_lag,starv2_core_100k_SafetyPointButton1_v0_selected_sac_lag_sac_lag_s10,285000,0.0,0.0,0.0,0.0,0.0,0.0,
SafetyPointButton1-v0,sac_lag,starv2_core_100k_SafetyPointButton1_v0_selected_sac_lag_sac_lag_s10,290000,0.0,0.0,0.0,0.0,0.0,0.0,
SafetyPointButton1-v0,sac_lag,starv2_core_100k_SafetyPointButton1_v0_selected_sac_lag_sac_lag_s10,295000,0.0,0.0,0.0,0.0,0.0,0.0,
SafetyPointButton1-v0,sac_lag,starv2_core_100k_SafetyPointButton1_v0_selected_sac_lag_sac_lag_s11,100000,0.0,0.0,0.0,0.0,0.0,0.0,
SafetyPointButton1-v0,sac_lag,starv2_core_100k_SafetyPointButton1_v0_selected_sac_lag_sac_lag_s11,105000,0.0,0.0,0.0,0.0,0.0,0.0,
SafetyPointButton1-v0,sac_lag,starv2_core_100k_SafetyPointButton1_v0_selected_sac_lag_sac_lag_s11,110000,0.0,0.0,0.0,0.0,0.0,0.0,
SafetyPointButton1-v0,sac_lag,starv2_core_100k_SafetyPointButton1_v0_selected_sac_lag_sac_lag_s11,115000,0.0,0.0,0.0,0.0,0.0,0.0,
SafetyPointButton1-v0,sac_lag,starv2_core_100k_SafetyPointButton1_v0_selected_sac_lag_sac_lag_s11,120000,0.0,0.0,0.0,0.0,0.0,0.0,
SafetyPointButton1-v0,sac_lag,starv2_core_100k_SafetyPointButton1_v0_selected_sac_lag_sac_lag_s11,125000,0.0,0.0,0.0,0.0,0.0,0.0,
SafetyPointButton1-v0,sac_lag,starv2_core_100k_SafetyPointButton1_v0_selected_sac_lag_sac_lag_s11,130000,0.0,0.0,0.0,0.0,0.0,0.0,
SafetyPointButton1-v0,sac_lag,starv2_core_100k_SafetyPointButton1_v0_selected_sac_lag_sac_lag_s11,135000,0.0,0.0,0.0,0.0,0.0,0.0,
SafetyPointButton1-v0,sac_lag,starv2_core_100k_SafetyPointButton1_v0_selected_sac_lag_sac_lag_s11,140000,0.0,0.0,0.0,0.0,0.0,0.0,
SafetyPointButton1-v0,sac_lag,starv2_core_100k_SafetyPointButton1_v0_selected_sac_lag_sac_lag_s11,145000,0.0,0.0,0.0,0.0,0.0,0.0,
SafetyPointButton1-v0,sac_lag,starv2_core_100k_SafetyPointButton1_v0_selected_sac_lag_sac_lag_s11,150000,0.0,0.0,0.0,0.0,0.0,0.0,
SafetyPointButton1-v0,sac_lag,starv2_core_100k_SafetyPointButton1_v0_selected_sac_lag_sac_lag_s11,155000,0.0,0.0,0.0,0.0,0.0,0.0,
SafetyPointButton1-v0,sac_lag,starv2_core_100k_SafetyPointButton1_v0_selected_sac_lag_sac_lag_s11,160000,0.0,0.0,0.0,0.0,0.0,0.0,
SafetyPointButton1-v0,sac_lag,starv2_core_100k_SafetyPointButton1_v0_selected_sac_lag_sac_lag_s11,165000,0.0,0.0,0.0,0.0,0.0,0.0,
SafetyPointButton1-v0,sac_lag,starv2_core_100k_SafetyPointButton1_v0_selected_sac_lag_sac_lag_s11,170000,0.0,0.0,0.0,0.0,0.0,0.0,
SafetyPointButton1-v0,sac_lag,starv2_core_100k_SafetyPointButton1_v0_selected_sac_lag_sac_lag_s11,175000,0.0,0.0,0.0,0.0,0.0,0.0,
SafetyPointButton1-v0,sac_lag,starv2_core_100k_SafetyPointButton1_v0_selected_sac_lag_sac_lag_s11,180000,0.0,0.0,0.0,0.0,0.0,0.0,
SafetyPointButton1-v0,sac_lag,starv2_core_100k_SafetyPointButton1_v0_selected_sac_lag_sac_lag_s11,185000,0.0,0.0,0.0,0.0,0.0,0.0,
SafetyPointButton1-v0,sac_lag,starv2_core_100k_SafetyPointButton1_v0_selected_sac_lag_sac_lag_s11,190000,0.0,0.0,0.0,0.0,0.0,0.0,
SafetyPointButton1-v0,sac_lag,starv2_core_100k_SafetyPointButton1_v0_selected_sac_lag_sac_lag_s11,195000,0.0,0.0,0.0,0.0,0.0,0.0,
SafetyPointButton1-v0,sac_lag,starv2_core_100k_SafetyPointButton1_v0_selected_sac_lag_sac_lag_s11,200000,0.0,0.0,0.0,0.0,0.0,0.0,
SafetyPointButton1-v0,sac_lag,starv2_core_100k_SafetyPointButton1_v0_selected_sac_lag_sac_lag_s11,205000,0.0,0.0,0.0,0.0,0.0,0.0,
SafetyPointButton1-v0,sac_lag,starv2_core_100k_SafetyPointButton1_v0_selected_sac_lag_sac_lag_s11,210000,0.0,0.0,0.0,0.0,0.0,0.0,
SafetyPointButton1-v0,sac_lag,starv2_core_100k_SafetyPointButton1_v0_selected_sac_lag_sac_lag_s11,215000,0.0,0.0,0.0,0.0,0.0,0.0,
SafetyPointButton1-v0,sac_lag,starv2_core_100k_SafetyPointButton1_v0_selected_sac_lag_sac_lag_s11,220000,0.0,0.0,0.0,0.0,0.0,0.0,
SafetyPointButton1-v0,sac_lag,starv2_core_100k_SafetyPointButton1_v0_selected_sac_lag_sac_lag_s11,225000,0.0,0.0,0.0,0.0,0.0,0.0,
SafetyPointButton1-v0,sac_lag,starv2_core_100k_SafetyPointButton1_v0_selected_sac_lag_sac_lag_s11,230000,0.0,0.0,0.0,0.0,0.0,0.0,
SafetyPointButton1-v0,sac_lag,starv2_core_100k_SafetyPointButton1_v0_selected_sac_lag_sac_lag_s11,235000,0.0,0.0,0.0,0.0,0.0,0.0,
SafetyPointButton1-v0,sac_lag,starv2_core_100k_SafetyPointButton1_v0_selected_sac_lag_sac_lag_s11,240000,0.0,0.0,0.0,0.0,0.0,0.0,
SafetyPointButton1-v0,sac_lag,starv2_core_100k_SafetyPointButton1_v0_selected_sac_lag_sac_lag_s11,245000,0.0,0.0,0.0,0.0,0.0,0.0,
SafetyPointButton1-v0,sac_lag,starv2_core_100k_SafetyPointButton1_v0_selected_sac_lag_sac_lag_s11,250000,0.0,0.0,0.0,0.0,0.0,0.0,
SafetyPointButton1-v0,sac_lag,starv2_core_100k_SafetyPointButton1_v0_selected_sac_lag_sac_lag_s11,255000,0.0,0.0,0.0,0.0,0.0,0.0,
SafetyPointButton1-v0,sac_lag,starv2_core_100k_SafetyPointButton1_v0_selected_sac_lag_sac_lag_s11,260000,0.0,0.0,0.0,0.0,0.0,0.0,
SafetyPointButton1-v0,sac_lag,starv2_core_100k_SafetyPointButton1_v0_selected_sac_lag_sac_lag_s11,265000,0.0,0.0,0.0,0.0,0.0,0.0,
SafetyPointButton1-v0,sac_lag,starv2_core_100k_SafetyPointButton1_v0_selected_sac_lag_sac_lag_s11,270000,0.0,0.0,0.0,0.0,0.0,0.0,
SafetyPointButton1-v0,sac_lag,starv2_core_100k_SafetyPointButton1_v0_selected_sac_lag_sac_lag_s11,275000,0.0,0.0,0.0,0.0,0.0,0.0,
SafetyPointButton1-v0,sac_lag,starv2_core_100k_SafetyPointButton1_v0_selected_sac_lag_sac_lag_s11,280000,0.0,0.0,0.0,0.0,0.0,0.0,
SafetyPointButton1-v0,sac_lag,starv2_core_100k_SafetyPointButton1_v0_selected_sac_lag_sac_lag_s11,285000,0.0,0.0,0.0,0.0,0.0,0.0,
SafetyPointButton1-v0,sac_lag,starv2_core_100k_SafetyPointButton1_v0_selected_sac_lag_sac_lag_s11,290000,0.0,0.0,0.0,0.0,0.0,0.0,
SafetyPointButton1-v0,sac_lag,starv2_core_100k_SafetyPointButton1_v0_selected_sac_lag_sac_lag_s11,295000,0.0,0.0,0.0,0.0,0.0,0.0,
SafetyPointButton1-v0,sac_lag,starv2_core_100k_SafetyPointButton1_v0_selected_sac_lag_sac_lag_s12,100000,0.0,0.0,0.0,0.0,0.0,0.0,
SafetyPointButton1-v0,sac_lag,starv2_core_100k_SafetyPointButton1_v0_selected_sac_lag_sac_lag_s12,105000,0.0,0.0,0.0,0.0,0.0,0.0,
SafetyPointButton1-v0,sac_lag,starv2_core_100k_SafetyPointButton1_v0_selected_sac_lag_sac_lag_s12,110000,0.0,0.0,0.0,0.0,0.0,0.0,
SafetyPointButton1-v0,sac_lag,starv2_core_100k_SafetyPointButton1_v0_selected_sac_lag_sac_lag_s12,115000,0.0,0.0,0.0,0.0,0.0,0.0,
SafetyPointButton1-v0,sac_lag,starv2_core_100k_SafetyPointButton1_v0_selected_sac_lag_sac_lag_s12,120000,0.0,0.0,0.0,0.0,0.0,0.0,
SafetyPointButton1-v0,sac_lag,starv2_core_100k_SafetyPointButton1_v0_selected_sac_lag_sac_lag_s12,125000,0.0,0.0,0.0,0.0,0.0,0.0,
SafetyPointButton1-v0,sac_lag,starv2_core_100k_SafetyPointButton1_v0_selected_sac_lag_sac_lag_s12,130000,0.0,0.0,0.0,0.0,0.0,0.0,
SafetyPointButton1-v0,sac_lag,starv2_core_100k_SafetyPointButton1_v0_selected_sac_lag_sac_lag_s12,135000,0.0,0.0,0.0,0.0,0.0,0.0,
SafetyPointButton1-v0,sac_lag,starv2_core_100k_SafetyPointButton1_v0_selected_sac_lag_sac_lag_s12,140000,0.0,0.0,0.0,0.0,0.0,0.0,
SafetyPointButton1-v0,sac_lag,starv2_core_100k_SafetyPointButton1_v0_selected_sac_lag_sac_lag_s12,145000,0.0,0.0,0.0,0.0,0.0,0.0,
SafetyPointButton1-v0,sac_lag,starv2_core_100k_SafetyPointButton1_v0_selected_sac_lag_sac_lag_s12,150000,0.0,0.0,0.0,0.0,0.0,0.0,
SafetyPointButton1-v0,sac_lag,starv2_core_100k_SafetyPointButton1_v0_selected_sac_lag_sac_lag_s12,155000,0.0,0.0,0.0,0.0,0.0,0.0,
SafetyPointButton1-v0,sac_lag,starv2_core_100k_SafetyPointButton1_v0_selected_sac_lag_sac_lag_s12,160000,0.0,0.0,0.0,0.0,0.0,0.0,
SafetyPointButton1-v0,sac_lag,starv2_core_100k_SafetyPointButton1_v0_selected_sac_lag_sac_lag_s12,165000,0.0,0.0,0.0,0.0,0.0,0.0,
SafetyPointButton1-v0,sac_lag,starv2_core_100k_SafetyPointButton1_v0_selected_sac_lag_sac_lag_s12,170000,0.0,0.0,0.0,0.0,0.0,0.0,
SafetyPointButton1-v0,sac_lag,starv2_core_100k_SafetyPointButton1_v0_selected_sac_lag_sac_lag_s12,175000,0.0,0.0,0.0,0.0,0.0,0.0,
SafetyPointButton1-v0,sac_lag,starv2_core_100k_SafetyPointButton1_v0_selected_sac_lag_sac_lag_s12,180000,0.0,0.0,0.0,0.0,0.0,0.0,
SafetyPointButton1-v0,sac_lag,starv2_core_100k_SafetyPointButton1_v0_selected_sac_lag_sac_lag_s12,185000,0.0,0.0,0.0,0.0,0.0,0.0,
SafetyPointButton1-v0,sac_lag,starv2_core_100k_SafetyPointButton1_v0_selected_sac_lag_sac_lag_s12,190000,0.0,0.0,0.0,0.0,0.0,0.0,
SafetyPointButton1-v0,sac_lag,starv2_core_100k_SafetyPointButton1_v0_selected_sac_lag_sac_lag_s12,195000,0.0,0.0,0.0,0.0,0.0,0.0,
SafetyPointButton1-v0,sac_lag,starv2_core_100k_SafetyPointButton1_v0_selected_sac_lag_sac_lag_s12,200000,0.0,0.0,0.0,0.0,0.0,0.0,
SafetyPointButton1-v0,sac_lag,starv2_core_100k_SafetyPointButton1_v0_selected_sac_lag_sac_lag_s12,205000,0.0,0.0,0.0,0.0,0.0,0.0,
SafetyPointButton1-v0,sac_lag,starv2_core_100k_SafetyPointButton1_v0_selected_sac_lag_sac_lag_s12,210000,0.0,0.0,0.0,0.0,0.0,0.0,
SafetyPointButton1-v0,sac_lag,starv2_core_100k_SafetyPointButton1_v0_selected_sac_lag_sac_lag_s12,215000,0.0,0.0,0.0,0.0,0.0,0.0,
SafetyPointButton1-v0,sac_lag,starv2_core_100k_SafetyPointButton1_v0_selected_sac_lag_sac_lag_s12,220000,0.0,0.0,0.0,0.0,0.0,0.0,
SafetyPointButton1-v0,sac_lag,starv2_core_100k_SafetyPointButton1_v0_selected_sac_lag_sac_lag_s12,225000,0.0,0.0,0.0,0.0,0.0,0.0,
SafetyPointButton1-v0,sac_lag,starv2_core_100k_SafetyPointButton1_v0_selected_sac_lag_sac_lag_s12,230000,0.0,0.0,0.0,0.0,0.0,0.0,
SafetyPointButton1-v0,sac_lag,starv2_core_100k_SafetyPointButton1_v0_selected_sac_lag_sac_lag_s12,235000,0.0,0.0,0.0,0.0,0.0,0.0,
SafetyPointButton1-v0,sac_lag,starv2_core_100k_SafetyPointButton1_v0_selected_sac_lag_sac_lag_s12,240000,0.0,0.0,0.0,0.0,0.0,0.0,
SafetyPointButton1-v0,sac_lag,starv2_core_100k_SafetyPointButton1_v0_selected_sac_lag_sac_lag_s12,245000,0.0,0.0,0.0,0.0,0.0,0.0,
SafetyPointButton1-v0,sac_lag,starv2_core_100k_SafetyPointButton1_v0_selected_sac_lag_sac_lag_s12,250000,0.0,0.0,0.0,0.0,0.0,0.0,
SafetyPointButton1-v0,sac_lag,starv2_core_100k_SafetyPointButton1_v0_selected_sac_lag_sac_lag_s12,255000,0.0,0.0,0.0,0.0,0.0,0.0,
SafetyPointButton1-v0,sac_lag,starv2_core_100k_SafetyPointButton1_v0_selected_sac_lag_sac_lag_s12,260000,0.0,0.0,0.0,0.0,0.0,0.0,
SafetyPointButton1-v0,sac_lag,starv2_core_100k_SafetyPointButton1_v0_selected_sac_lag_sac_lag_s12,265000,0.0,0.0,0.0,0.0,0.0,0.0,
SafetyPointButton1-v0,sac_lag,starv2_core_100k_SafetyPointButton1_v0_selected_sac_lag_sac_lag_s12,270000,0.0,0.0,0.0,0.0,0.0,0.0,
SafetyPointButton1-v0,sac_lag,starv2_core_100k_SafetyPointButton1_v0_selected_sac_lag_sac_lag_s12,275000,0.0,0.0,0.0,0.0,0.0,0.0,
SafetyPointButton1-v0,sac_lag,starv2_core_100k_SafetyPointButton1_v0_selected_sac_lag_sac_lag_s12,280000,0.0,0.0,0.0,0.0,0.0,0.0,
SafetyPointButton1-v0,sac_lag,starv2_core_100k_SafetyPointButton1_v0_selected_sac_lag_sac_lag_s12,285000,0.0,0.0,0.0,0.0,0.0,0.0,
SafetyPointButton1-v0,sac_lag,starv2_core_100k_SafetyPointButton1_v0_selected_sac_lag_sac_lag_s12,290000,0.0,0.0,0.0,0.0,0.0,0.0,
SafetyPointButton1-v0,sac_lag,starv2_core_100k_SafetyPointButton1_v0_selected_sac_lag_sac_lag_s12,295000,0.0,0.0,0.0,0.0,0.0,0.0,
SafetyPointButton1-v0,sac_lag,starv2_resume_300k_SafetyPointButton1_v0_selected_sac_lag_sac_lag_s13,5000,0.0,0.0,0.0,0.0,0.0,0.0,
SafetyPointButton1-v0,sac_lag,starv2_resume_300k_SafetyPointButton1_v0_selected_sac_lag_sac_lag_s13,10000,0.0,0.0,0.0,0.0,0.0,0.0,
SafetyPointButton1-v0,sac_lag,starv2_resume_300k_SafetyPointButton1_v0_selected_sac_lag_sac_lag_s13,15000,0.0,0.0,0.0,0.0,0.0,0.0,
SafetyPointButton1-v0,sac_lag,starv2_resume_300k_SafetyPointButton1_v0_selected_sac_lag_sac_lag_s13,20000,0.0,0.0,0.0,0.0,0.0,0.0,
SafetyPointButton1-v0,sac_lag,starv2_resume_300k_SafetyPointButton1_v0_selected_sac_lag_sac_lag_s13,25000,0.0,0.0,0.0,0.0,0.0,0.0,
SafetyPointButton1-v0,sac_lag,starv2_resume_300k_SafetyPointButton1_v0_selected_sac_lag_sac_lag_s13,30000,0.0,0.0,0.0,0.0,0.0,0.0,
SafetyPointButton1-v0,sac_lag,starv2_resume_300k_SafetyPointButton1_v0_selected_sac_lag_sac_lag_s13,35000,0.0,0.0,0.0,0.0,0.0,0.0,
SafetyPointButton1-v0,sac_lag,starv2_resume_300k_SafetyPointButton1_v0_selected_sac_lag_sac_lag_s13,40000,0.0,0.0,0.0,0.0,0.0,0.0,
SafetyPointButton1-v0,sac_lag,starv2_resume_300k_SafetyPointButton1_v0_selected_sac_lag_sac_lag_s13,45000,0.0,0.0,0.0,0.0,0.0,0.0,
SafetyPointButton1-v0,sac_lag,starv2_resume_300k_SafetyPointButton1_v0_selected_sac_lag_sac_lag_s13,50000,0.0,0.0,0.0,0.0,0.0,0.0,
SafetyPointButton1-v0,sac_lag,starv2_resume_300k_SafetyPointButton1_v0_selected_sac_lag_sac_lag_s13,55000,0.0,0.0,0.0,0.0,0.0,0.0,
SafetyPointButton1-v0,sac_lag,starv2_resume_300k_SafetyPointButton1_v0_selected_sac_lag_sac_lag_s13,60000,0.0,0.0,0.0,0.0,0.0,0.0,
SafetyPointButton1-v0,sac_lag,starv2_resume_300k_SafetyPointButton1_v0_selected_sac_lag_sac_lag_s13,65000,0.0,0.0,0.0,0.0,0.0,0.0,
SafetyPointButton1-v0,sac_lag,starv2_resume_300k_SafetyPointButton1_v0_selected_sac_lag_sac_lag_s13,70000,0.0,0.0,0.0,0.0,0.0,0.0,
SafetyPointButton1-v0,sac_lag,starv2_resume_300k_SafetyPointButton1_v0_selected_sac_lag_sac_lag_s13,75000,0.0,0.0,0.0,0.0,0.0,0.0,
SafetyPointButton1-v0,sac_lag,starv2_resume_300k_SafetyPointButton1_v0_selected_sac_lag_sac_lag_s13,80000,0.0,0.0,0.0,0.0,0.0,0.0,
SafetyPointButton1-v0,sac_lag,starv2_resume_300k_SafetyPointButton1_v0_selected_sac_lag_sac_lag_s13,85000,0.0,0.0,0.0,0.0,0.0,0.0,
SafetyPointButton1-v0,sac_lag,starv2_resume_300k_SafetyPointButton1_v0_selected_sac_lag_sac_lag_s13,90000,0.0,0.0,0.0,0.0,0.0,0.0,
SafetyPointButton1-v0,sac_lag,starv2_resume_300k_SafetyPointButton1_v0_selected_sac_lag_sac_lag_s13,95000,0.0,0.0,0.0,0.0,0.0,0.0,
SafetyPointButton1-v0,sac_lag,starv2_resume_300k_SafetyPointButton1_v0_selected_sac_lag_sac_lag_s13,100000,0.0,0.0,0.0,0.0,0.0,0.0,
SafetyPointButton1-v0,sac_lag,starv2_resume_300k_SafetyPointButton1_v0_selected_sac_lag_sac_lag_s13,105000,0.0,0.0,0.0,0.0,0.0,0.0,
SafetyPointButton1-v0,sac_lag,starv2_resume_300k_SafetyPointButton1_v0_selected_sac_lag_sac_lag_s13,110000,0.0,0.0,0.0,0.0,0.0,0.0,
SafetyPointButton1-v0,sac_lag,starv2_resume_300k_SafetyPointButton1_v0_selected_sac_lag_sac_lag_s13,115000,0.0,0.0,0.0,0.0,0.0,0.0,
SafetyPointButton1-v0,sac_lag,starv2_resume_300k_SafetyPointButton1_v0_selected_sac_lag_sac_lag_s13,120000,0.0,0.0,0.0,0.0,0.0,0.0,
SafetyPointButton1-v0,sac_lag,starv2_resume_300k_SafetyPointButton1_v0_selected_sac_lag_sac_lag_s13,125000,0.0,0.0,0.0,0.0,0.0,0.0,
SafetyPointButton1-v0,sac_lag,starv2_resume_300k_SafetyPointButton1_v0_selected_sac_lag_sac_lag_s13,130000,0.0,0.0,0.0,0.0,0.0,0.0,
SafetyPointButton1-v0,sac_lag,starv2_resume_300k_SafetyPointButton1_v0_selected_sac_lag_sac_lag_s13,135000,0.0,0.0,0.0,0.0,0.0,0.0,
SafetyPointButton1-v0,sac_lag,starv2_resume_300k_SafetyPointButton1_v0_selected_sac_lag_sac_lag_s13,140000,0.0,0.0,0.0,0.0,0.0,0.0,
SafetyPointButton1-v0,sac_lag,starv2_resume_300k_SafetyPointButton1_v0_selected_sac_lag_sac_lag_s13,145000,0.0,0.0,0.0,0.0,0.0,0.0,
SafetyPointButton1-v0,sac_lag,starv2_resume_300k_SafetyPointButton1_v0_selected_sac_lag_sac_lag_s13,150000,0.0,0.0,0.0,0.0,0.0,0.0,
SafetyPointButton1-v0,sac_lag,starv2_resume_300k_SafetyPointButton1_v0_selected_sac_lag_sac_lag_s13,155000,0.0,0.0,0.0,0.0,0.0,0.0,
SafetyPointButton1-v0,sac_lag,starv2_resume_300k_SafetyPointButton1_v0_selected_sac_lag_sac_lag_s13,160000,0.0,0.0,0.0,0.0,0.0,0.0,
SafetyPointButton1-v0,sac_lag,starv2_resume_300k_SafetyPointButton1_v0_selected_sac_lag_sac_lag_s13,165000,0.0,0.0,0.0,0.0,0.0,0.0,
SafetyPointButton1-v0,sac_lag,starv2_resume_300k_SafetyPointButton1_v0_selected_sac_lag_sac_lag_s13,170000,0.0,0.0,0.0,0.0,0.0,0.0,
SafetyPointButton1-v0,sac_lag,starv2_resume_300k_SafetyPointButton1_v0_selected_sac_lag_sac_lag_s13,175000,0.0,0.0,0.0,0.0,0.0,0.0,
SafetyPointButton1-v0,sac_lag,starv2_resume_300k_SafetyPointButton1_v0_selected_sac_lag_sac_lag_s13,180000,0.0,0.0,0.0,0.0,0.0,0.0,
SafetyPointButton1-v0,sac_lag,starv2_resume_300k_SafetyPointButton1_v0_selected_sac_lag_sac_lag_s13,185000,0.0,0.0,0.0,0.0,0.0,0.0,
SafetyPointButton1-v0,sac_lag,starv2_resume_300k_SafetyPointButton1_v0_selected_sac_lag_sac_lag_s13,190000,0.0,0.0,0.0,0.0,0.0,0.0,
SafetyPointButton1-v0,sac_lag,starv2_resume_300k_SafetyPointButton1_v0_selected_sac_lag_sac_lag_s13,195000,0.0,0.0,0.0,0.0,0.0,0.0,
SafetyPointButton1-v0,sac_lag,starv2_resume_300k_SafetyPointButton1_v0_selected_sac_lag_sac_lag_s13,200000,0.0,0.0,0.0,0.0,0.0,0.0,
SafetyPointButton1-v0,sac_lag,starv2_resume_300k_SafetyPointButton1_v0_selected_sac_lag_sac_lag_s13,205000,0.0,0.0,0.0,0.0,0.0,0.0,
SafetyPointButton1-v0,sac_lag,starv2_resume_300k_SafetyPointButton1_v0_selected_sac_lag_sac_lag_s13,210000,0.0,0.0,0.0,0.0,0.0,0.0,
SafetyPointButton1-v0,sac_lag,starv2_resume_300k_SafetyPointButton1_v0_selected_sac_lag_sac_lag_s13,215000,0.0,0.0,0.0,0.0,0.0,0.0,
SafetyPointButton1-v0,sac_lag,starv2_resume_300k_SafetyPointButton1_v0_selected_sac_lag_sac_lag_s13,220000,0.0,0.0,0.0,0.0,0.0,0.0,
SafetyPointButton1-v0,sac_lag,starv2_resume_300k_SafetyPointButton1_v0_selected_sac_lag_sac_lag_s13,225000,0.0,0.0,0.0,0.0,0.0,0.0,
SafetyPointButton1-v0,sac_lag,starv2_resume_300k_SafetyPointButton1_v0_selected_sac_lag_sac_lag_s13,230000,0.0,0.0,0.0,0.0,0.0,0.0,
SafetyPointButton1-v0,sac_lag,starv2_resume_300k_SafetyPointButton1_v0_selected_sac_lag_sac_lag_s13,235000,0.0,0.0,0.0,0.0,0.0,0.0,
SafetyPointButton1-v0,sac_lag,starv2_resume_300k_SafetyPointButton1_v0_selected_sac_lag_sac_lag_s13,240000,0.0,0.0,0.0,0.0,0.0,0.0,
SafetyPointButton1-v0,sac_lag,starv2_resume_300k_SafetyPointButton1_v0_selected_sac_lag_sac_lag_s13,245000,0.0,0.0,0.0,0.0,0.0,0.0,
SafetyPointButton1-v0,sac_lag,starv2_resume_300k_SafetyPointButton1_v0_selected_sac_lag_sac_lag_s13,250000,0.0,0.0,0.0,0.0,0.0,0.0,
SafetyPointButton1-v0,sac_lag,starv2_resume_300k_SafetyPointButton1_v0_selected_sac_lag_sac_lag_s13,255000,0.0,0.0,0.0,0.0,0.0,0.0,
SafetyPointButton1-v0,sac_lag,starv2_resume_300k_SafetyPointButton1_v0_selected_sac_lag_sac_lag_s13,260000,0.0,0.0,0.0,0.0,0.0,0.0,
SafetyPointButton1-v0,sac_lag,starv2_resume_300k_SafetyPointButton1_v0_selected_sac_lag_sac_lag_s13,265000,0.0,0.0,0.0,0.0,0.0,0.0,
SafetyPointButton1-v0,sac_lag,starv2_resume_300k_SafetyPointButton1_v0_selected_sac_lag_sac_lag_s13,270000,0.0,0.0,0.0,0.0,0.0,0.0,
SafetyPointButton1-v0,sac_lag,starv2_resume_300k_SafetyPointButton1_v0_selected_sac_lag_sac_lag_s13,275000,0.0,0.0,0.0,0.0,0.0,0.0,
SafetyPointButton1-v0,sac_lag,starv2_resume_300k_SafetyPointButton1_v0_selected_sac_lag_sac_lag_s13,280000,0.0,0.0,0.0,0.0,0.0,0.0,
SafetyPointButton1-v0,sac_lag,starv2_resume_300k_SafetyPointButton1_v0_selected_sac_lag_sac_lag_s13,285000,0.0,0.0,0.0,0.0,0.0,0.0,
SafetyPointButton1-v0,sac_lag,starv2_resume_300k_SafetyPointButton1_v0_selected_sac_lag_sac_lag_s13,290000,0.0,0.0,0.0,0.0,0.0,0.0,
SafetyPointButton1-v0,sac_lag,starv2_resume_300k_SafetyPointButton1_v0_selected_sac_lag_sac_lag_s13,295000,0.0,0.0,0.0,0.0,0.0,0.0,
SafetyPointButton1-v0,sac_lag,starv2_resume_300k_SafetyPointButton1_v0_selected_sac_lag_sac_lag_s14,5000,0.0,0.0,0.0,0.0,0.0,0.0,
SafetyPointButton1-v0,sac_lag,starv2_resume_300k_SafetyPointButton1_v0_selected_sac_lag_sac_lag_s14,10000,0.0,0.0,0.0,0.0,0.0,0.0,
SafetyPointButton1-v0,sac_lag,starv2_resume_300k_SafetyPointButton1_v0_selected_sac_lag_sac_lag_s14,15000,0.0,0.0,0.0,0.0,0.0,0.0,
SafetyPointButton1-v0,sac_lag,starv2_resume_300k_SafetyPointButton1_v0_selected_sac_lag_sac_lag_s14,20000,0.0,0.0,0.0,0.0,0.0,0.0,
SafetyPointButton1-v0,sac_lag,starv2_resume_300k_SafetyPointButton1_v0_selected_sac_lag_sac_lag_s14,25000,0.0,0.0,0.0,0.0,0.0,0.0,
SafetyPointButton1-v0,sac_lag,starv2_resume_300k_SafetyPointButton1_v0_selected_sac_lag_sac_lag_s14,30000,0.0,0.0,0.0,0.0,0.0,0.0,
SafetyPointButton1-v0,sac_lag,starv2_resume_300k_SafetyPointButton1_v0_selected_sac_lag_sac_lag_s14,35000,0.0,0.0,0.0,0.0,0.0,0.0,
SafetyPointButton1-v0,sac_lag,starv2_resume_300k_SafetyPointButton1_v0_selected_sac_lag_sac_lag_s14,40000,0.0,0.0,0.0,0.0,0.0,0.0,
SafetyPointButton1-v0,sac_lag,starv2_resume_300k_SafetyPointButton1_v0_selected_sac_lag_sac_lag_s14,45000,0.0,0.0,0.0,0.0,0.0,0.0,
SafetyPointButton1-v0,sac_lag,starv2_resume_300k_SafetyPointButton1_v0_selected_sac_lag_sac_lag_s14,50000,0.0,0.0,0.0,0.0,0.0,0.0,
SafetyPointButton1-v0,sac_lag,starv2_resume_300k_SafetyPointButton1_v0_selected_sac_lag_sac_lag_s14,55000,0.0,0.0,0.0,0.0,0.0,0.0,
SafetyPointButton1-v0,sac_lag,starv2_resume_300k_SafetyPointButton1_v0_selected_sac_lag_sac_lag_s14,60000,0.0,0.0,0.0,0.0,0.0,0.0,
SafetyPointButton1-v0,sac_lag,starv2_resume_300k_SafetyPointButton1_v0_selected_sac_lag_sac_lag_s14,65000,0.0,0.0,0.0,0.0,0.0,0.0,
SafetyPointButton1-v0,sac_lag,starv2_resume_300k_SafetyPointButton1_v0_selected_sac_lag_sac_lag_s14,70000,0.0,0.0,0.0,0.0,0.0,0.0,
SafetyPointButton1-v0,sac_lag,starv2_resume_300k_SafetyPointButton1_v0_selected_sac_lag_sac_lag_s14,75000,0.0,0.0,0.0,0.0,0.0,0.0,
SafetyPointButton1-v0,sac_lag,starv2_resume_300k_SafetyPointButton1_v0_selected_sac_lag_sac_lag_s14,80000,0.0,0.0,0.0,0.0,0.0,0.0,
SafetyPointButton1-v0,sac_lag,starv2_resume_300k_SafetyPointButton1_v0_selected_sac_lag_sac_lag_s14,85000,0.0,0.0,0.0,0.0,0.0,0.0,
SafetyPointButton1-v0,sac_lag,starv2_resume_300k_SafetyPointButton1_v0_selected_sac_lag_sac_lag_s14,90000,0.0,0.0,0.0,0.0,0.0,0.0,
SafetyPointButton1-v0,sac_lag,starv2_resume_300k_SafetyPointButton1_v0_selected_sac_lag_sac_lag_s14,95000,0.0,0.0,0.0,0.0,0.0,0.0,
SafetyPointButton1-v0,sac_lag,starv2_resume_300k_SafetyPointButton1_v0_selected_sac_lag_sac_lag_s14,100000,0.0,0.0,0.0,0.0,0.0,0.0,
SafetyPointButton1-v0,sac_lag,starv2_resume_300k_SafetyPointButton1_v0_selected_sac_lag_sac_lag_s14,105000,0.0,0.0,0.0,0.0,0.0,0.0,
SafetyPointButton1-v0,sac_lag,starv2_resume_300k_SafetyPointButton1_v0_selected_sac_lag_sac_lag_s14,110000,0.0,0.0,0.0,0.0,0.0,0.0,
SafetyPointButton1-v0,sac_lag,starv2_resume_300k_SafetyPointButton1_v0_selected_sac_lag_sac_lag_s14,115000,0.0,0.0,0.0,0.0,0.0,0.0,
SafetyPointButton1-v0,sac_lag,starv2_resume_300k_SafetyPointButton1_v0_selected_sac_lag_sac_lag_s14,120000,0.0,0.0,0.0,0.0,0.0,0.0,
SafetyPointButton1-v0,sac_lag,starv2_resume_300k_SafetyPointButton1_v0_selected_sac_lag_sac_lag_s14,125000,0.0,0.0,0.0,0.0,0.0,0.0,
SafetyPointButton1-v0,sac_lag,starv2_resume_300k_SafetyPointButton1_v0_selected_sac_lag_sac_lag_s14,130000,0.0,0.0,0.0,0.0,0.0,0.0,
SafetyPointButton1-v0,sac_lag,starv2_resume_300k_SafetyPointButton1_v0_selected_sac_lag_sac_lag_s14,135000,0.0,0.0,0.0,0.0,0.0,0.0,
SafetyPointButton1-v0,sac_lag,starv2_resume_300k_SafetyPointButton1_v0_selected_sac_lag_sac_lag_s14,140000,0.0,0.0,0.0,0.0,0.0,0.0,
SafetyPointButton1-v0,sac_lag,starv2_resume_300k_SafetyPointButton1_v0_selected_sac_lag_sac_lag_s14,145000,0.0,0.0,0.0,0.0,0.0,0.0,
SafetyPointButton1-v0,sac_lag,starv2_resume_300k_SafetyPointButton1_v0_selected_sac_lag_sac_lag_s14,150000,0.0,0.0,0.0,0.0,0.0,0.0,
SafetyPointButton1-v0,sac_lag,starv2_resume_300k_SafetyPointButton1_v0_selected_sac_lag_sac_lag_s14,155000,0.0,0.0,0.0,0.0,0.0,0.0,
SafetyPointButton1-v0,sac_lag,starv2_resume_300k_SafetyPointButton1_v0_selected_sac_lag_sac_lag_s14,160000,0.0,0.0,0.0,0.0,0.0,0.0,
SafetyPointButton1-v0,sac_lag,starv2_resume_300k_SafetyPointButton1_v0_selected_sac_lag_sac_lag_s14,165000,0.0,0.0,0.0,0.0,0.0,0.0,
SafetyPointButton1-v0,sac_lag,starv2_resume_300k_SafetyPointButton1_v0_selected_sac_lag_sac_lag_s14,170000,0.0,0.0,0.0,0.0,0.0,0.0,
SafetyPointButton1-v0,sac_lag,starv2_resume_300k_SafetyPointButton1_v0_selected_sac_lag_sac_lag_s14,175000,0.0,0.0,0.0,0.0,0.0,0.0,
SafetyPointButton1-v0,sac_lag,starv2_resume_300k_SafetyPointButton1_v0_selected_sac_lag_sac_lag_s14,180000,0.0,0.0,0.0,0.0,0.0,0.0,
SafetyPointButton1-v0,sac_lag,starv2_resume_300k_SafetyPointButton1_v0_selected_sac_lag_sac_lag_s14,185000,0.0,0.0,0.0,0.0,0.0,0.0,
SafetyPointButton1-v0,sac_lag,starv2_resume_300k_SafetyPointButton1_v0_selected_sac_lag_sac_lag_s14,190000,0.0,0.0,0.0,0.0,0.0,0.0,
SafetyPointButton1-v0,sac_lag,starv2_resume_300k_SafetyPointButton1_v0_selected_sac_lag_sac_lag_s14,195000,0.0,0.0,0.0,0.0,0.0,0.0,
SafetyPointButton1-v0,sac_lag,starv2_resume_300k_SafetyPointButton1_v0_selected_sac_lag_sac_lag_s14,200000,0.0,0.0,0.0,0.0,0.0,0.0,
SafetyPointButton1-v0,sac_lag,starv2_resume_300k_SafetyPointButton1_v0_selected_sac_lag_sac_lag_s14,205000,0.0,0.0,0.0,0.0,0.0,0.0,
SafetyPointButton1-v0,sac_lag,starv2_resume_300k_SafetyPointButton1_v0_selected_sac_lag_sac_lag_s14,210000,0.0,0.0,0.0,0.0,0.0,0.0,
SafetyPointButton1-v0,sac_lag,starv2_resume_300k_SafetyPointButton1_v0_selected_sac_lag_sac_lag_s14,215000,0.0,0.0,0.0,0.0,0.0,0.0,
SafetyPointButton1-v0,sac_lag,starv2_resume_300k_SafetyPointButton1_v0_selected_sac_lag_sac_lag_s14,220000,0.0,0.0,0.0,0.0,0.0,0.0,
SafetyPointButton1-v0,sac_lag,starv2_resume_300k_SafetyPointButton1_v0_selected_sac_lag_sac_lag_s14,225000,0.0,0.0,0.0,0.0,0.0,0.0,
SafetyPointButton1-v0,sac_lag,starv2_resume_300k_SafetyPointButton1_v0_selected_sac_lag_sac_lag_s14,230000,0.0,0.0,0.0,0.0,0.0,0.0,
SafetyPointButton1-v0,sac_lag,starv2_resume_300k_SafetyPointButton1_v0_selected_sac_lag_sac_lag_s14,235000,0.0,0.0,0.0,0.0,0.0,0.0,
SafetyPointButton1-v0,sac_lag,starv2_resume_300k_SafetyPointButton1_v0_selected_sac_lag_sac_lag_s14,240000,0.0,0.0,0.0,0.0,0.0,0.0,
SafetyPointButton1-v0,sac_lag,starv2_resume_300k_SafetyPointButton1_v0_selected_sac_lag_sac_lag_s14,245000,0.0,0.0,0.0,0.0,0.0,0.0,
SafetyPointButton1-v0,sac_lag,starv2_resume_300k_SafetyPointButton1_v0_selected_sac_lag_sac_lag_s14,250000,0.0,0.0,0.0,0.0,0.0,0.0,
SafetyPointButton1-v0,sac_lag,starv2_resume_300k_SafetyPointButton1_v0_selected_sac_lag_sac_lag_s14,255000,0.0,0.0,0.0,0.0,0.0,0.0,
SafetyPointButton1-v0,sac_lag,starv2_resume_300k_SafetyPointButton1_v0_selected_sac_lag_sac_lag_s14,260000,0.0,0.0,0.0,0.0,0.0,0.0,
SafetyPointButton1-v0,sac_lag,starv2_resume_300k_SafetyPointButton1_v0_selected_sac_lag_sac_lag_s14,265000,0.0,0.0,0.0,0.0,0.0,0.0,
SafetyPointButton1-v0,sac_lag,starv2_resume_300k_SafetyPointButton1_v0_selected_sac_lag_sac_lag_s14,270000,0.0,0.0,0.0,0.0,0.0,0.0,
SafetyPointButton1-v0,sac_lag,starv2_resume_300k_SafetyPointButton1_v0_selected_sac_lag_sac_lag_s14,275000,0.0,0.0,0.0,0.0,0.0,0.0,
SafetyPointButton1-v0,sac_lag,starv2_resume_300k_SafetyPointButton1_v0_selected_sac_lag_sac_lag_s14,280000,0.0,0.0,0.0,0.0,0.0,0.0,
SafetyPointButton1-v0,sac_lag,starv2_resume_300k_SafetyPointButton1_v0_selected_sac_lag_sac_lag_s14,285000,0.0,0.0,0.0,0.0,0.0,0.0,
SafetyPointButton1-v0,sac_lag,starv2_resume_300k_SafetyPointButton1_v0_selected_sac_lag_sac_lag_s14,290000,0.0,0.0,0.0,0.0,0.0,0.0,
SafetyPointButton1-v0,sac_lag,starv2_resume_300k_SafetyPointButton1_v0_selected_sac_lag_sac_lag_s14,295000,0.0,0.0,0.0,0.0,0.0,0.0,
SafetyPointButton1-v0,star_v2,starv2_core_100k_SafetyPointButton1_v0_selected_star_v2_star_v2_s10,100000,0.46770524978637695,0.46770524978637695,7.8580342233181e-10,1.0,0.532238245010376,0.11496860533952713,
SafetyPointButton1-v0,star_v2,starv2_core_100k_SafetyPointButton1_v0_selected_star_v2_star_v2_s10,105000,0.46580278873443604,0.46580278873443604,4.0745362639427185e-10,1.0,0.5307177305221558,0.12309880554676056,
SafetyPointButton1-v0,star_v2,starv2_core_100k_SafetyPointButton1_v0_selected_star_v2_star_v2_s10,110000,0.46073341369628906,0.46073341369628906,1.7462298274040222e-10,1.0,0.5300389528274536,0.10434069484472275,
SafetyPointButton1-v0,star_v2,starv2_core_100k_SafetyPointButton1_v0_selected_star_v2_star_v2_s10,115000,0.46018654108047485,0.46018657088279724,-6.402842700481415e-10,0.0,0.5315258502960205,0.11602717638015747,
SafetyPointButton1-v0,star_v2,starv2_core_100k_SafetyPointButton1_v0_selected_star_v2_star_v2_s10,120000,0.5011515021324158,0.5011515021324158,3.7834979593753815e-10,1.0,0.5314515829086304,0.13942411541938782,
SafetyPointButton1-v0,star_v2,starv2_core_100k_SafetyPointButton1_v0_selected_star_v2_star_v2_s10,125000,0.529875636100769,0.529875636100769,-1.1641532182693481e-10,0.0,0.5321255922317505,0.15159082412719727,
SafetyPointButton1-v0,star_v2,starv2_core_100k_SafetyPointButton1_v0_selected_star_v2_star_v2_s10,130000,0.4885704517364502,0.4885704517364502,5.820766091346741e-10,1.0,0.5316193103790283,0.12236059457063675,
SafetyPointButton1-v0,star_v2,starv2_core_100k_SafetyPointButton1_v0_selected_star_v2_star_v2_s10,135000,0.48180943727493286,0.4818094074726105,-6.984919309616089e-10,0.0,0.5310851335525513,0.12573379278182983,
SafetyPointButton1-v0,star_v2,starv2_core_100k_SafetyPointButton1_v0_selected_star_v2_star_v2_s10,140000,0.5196115970611572,0.5196115970611572,1.1641532182693481e-10,1.0,0.5292431116104126,0.142063707113266,
SafetyPointButton1-v0,star_v2,starv2_core_100k_SafetyPointButton1_v0_selected_star_v2_star_v2_s10,145000,0.4687337279319763,0.4687337279319763,6.984919309616089e-10,1.0,0.5303283929824829,0.11653116345405579,
SafetyPointButton1-v0,star_v2,starv2_core_100k_SafetyPointButton1_v0_selected_star_v2_star_v2_s10,150000,0.4880748391151428,0.4880748391151428,-1.1350493878126144e-09,0.0,0.5330755710601807,0.12094401568174362,
SafetyPointButton1-v0,star_v2,starv2_core_100k_SafetyPointButton1_v0_selected_star_v2_star_v2_s10,155000,0.5545564293861389,0.5545564889907837,5.820766091346741e-11,1.0,0.5305129289627075,0.15429577231407166,
SafetyPointButton1-v0,star_v2,starv2_core_100k_SafetyPointButton1_v0_selected_star_v2_star_v2_s10,160000,0.5618555545806885,0.5618555545806885,9.604264050722122e-10,1.0,0.5298885107040405,0.15544353425502777,
SafetyPointButton1-v0,star_v2,starv2_core_100k_SafetyPointButton1_v0_selected_star_v2_star_v2_s10,165000,0.5349361300468445,0.5349361300468445,-6.402842700481415e-10,0.0,0.5306649804115295,0.14053747057914734,
SafetyPointButton1-v0,star_v2,starv2_core_100k_SafetyPointButton1_v0_selected_star_v2_star_v2_s10,170000,0.5306430459022522,0.5306430459022522,5.820766091346741e-10,1.0,0.532276451587677,0.1360182762145996,
SafetyPointButton1-v0,star_v2,starv2_core_100k_SafetyPointButton1_v0_selected_star_v2_star_v2_s10,175000,0.5324407815933228,0.5324407815933228,-5.820766091346741e-10,0.0,0.530346155166626,0.13860924541950226,
SafetyPointButton1-v0,star_v2,starv2_core_100k_SafetyPointButton1_v0_selected_star_v2_star_v2_s10,180000,0.5134694576263428,0.5134694576263428,6.402842700481415e-10,1.0,0.5334713459014893,0.12399754673242569,
SafetyPointButton1-v0,star_v2,starv2_core_100k_SafetyPointButton1_v0_selected_star_v2_star_v2_s10,185000,0.5256330966949463,0.5256330966949463,8.149072527885437e-10,1.0,0.5305641293525696,0.13369467854499817,
SafetyPointButton1-v0,star_v2,starv2_core_100k_SafetyPointButton1_v0_selected_star_v2_star_v2_s10,190000,0.5300261974334717,0.5300261974334717,-6.402842700481415e-10,0.0,0.5315722823143005,0.13295742869377136,
SafetyPointButton1-v0,star_v2,starv2_core_100k_SafetyPointButton1_v0_selected_star_v2_star_v2_s10,195000,0.5433660745620728,0.5433660745620728,-1.6880221664905548e-09,0.0,0.5311349630355835,0.13841775059700012,
SafetyPointButton1-v0,star_v2,starv2_core_100k_SafetyPointButton1_v0_selected_star_v2_star_v2_s10,200000,0.5403475761413574,0.5403475761413574,4.656612873077393e-10,1.0,0.5296969413757324,0.13565927743911743,
SafetyPointButton1-v0,star_v2,starv2_core_100k_SafetyPointButton1_v0_selected_star_v2_star_v2_s10,205000,0.5450946092605591,0.5450946092605591,-5.820766091346741e-11,0.0,0.5320161581039429,0.13901980221271515,
SafetyPointButton1-v0,star_v2,starv2_core_100k_SafetyPointButton1_v0_selected_star_v2_star_v2_s10,210000,0.568488597869873,0.568488597869873,2.3283064365386963e-10,1.0,0.5302163362503052,0.1547565460205078,
SafetyPointButton1-v0,star_v2,starv2_core_100k_SafetyPointButton1_v0_selected_star_v2_star_v2_s10,215000,0.5386174917221069,0.5386174917221069,5.820766091346741e-11,1.0,0.5302727222442627,0.14258426427841187,
SafetyPointButton1-v0,star_v2,starv2_core_100k_SafetyPointButton1_v0_selected_star_v2_star_v2_s10,220000,0.5564994812011719,0.5564994812011719,1.3387762010097504e-09,1.0,0.5296909809112549,0.14849647879600525,
SafetyPointButton1-v0,star_v2,starv2_core_100k_SafetyPointButton1_v0_selected_star_v2_star_v2_s10,225000,0.5783112645149231,0.5783112645149231,2.9103830456733704e-10,1.0,0.5303014516830444,0.15184488892555237,
SafetyPointButton1-v0,star_v2,starv2_core_100k_SafetyPointButton1_v0_selected_star_v2_star_v2_s10,230000,0.5444456338882446,0.5444456338882446,-1.2223608791828156e-09,0.0,0.5305532813072205,0.12356162816286087,
SafetyPointButton1-v0,star_v2,starv2_core_100k_SafetyPointButton1_v0_selected_star_v2_star_v2_s10,235000,0.5757081508636475,0.5757081508636475,1.6298145055770874e-09,1.0,0.5324245095252991,0.15483668446540833,
SafetyPointButton1-v0,star_v2,starv2_core_100k_SafetyPointButton1_v0_selected_star_v2_star_v2_s10,240000,0.5743080377578735,0.5743080377578735,-1.1641532182693481e-10,0.0,0.5323629379272461,0.1533614844083786,
SafetyPointButton1-v0,star_v2,starv2_core_100k_SafetyPointButton1_v0_selected_star_v2_star_v2_s10,245000,0.5757941007614136,0.5757941007614136,4.656612873077393e-10,1.0,0.5303570032119751,0.1471615880727768,
SafetyPointButton1-v0,star_v2,starv2_core_100k_SafetyPointButton1_v0_selected_star_v2_star_v2_s10,250000,0.5484445691108704,0.5484445691108704,-7.566995918750763e-10,0.0,0.5320128798484802,0.13426938652992249,
SafetyPointButton1-v0,star_v2,starv2_core_100k_SafetyPointButton1_v0_selected_star_v2_star_v2_s10,255000,0.5865951776504517,0.5865951776504517,-6.984919309616089e-10,0.0,0.5326229929924011,0.15778708457946777,
SafetyPointButton1-v0,star_v2,starv2_core_100k_SafetyPointButton1_v0_selected_star_v2_star_v2_s10,260000,0.5978469848632812,0.5978469848632812,-1.1641532182693481e-10,0.0,0.5319585800170898,0.16403228044509888,
SafetyPointButton1-v0,star_v2,starv2_core_100k_SafetyPointButton1_v0_selected_star_v2_star_v2_s10,265000,0.6045969724655151,0.6045969724655151,3.4924596548080444e-10,1.0,0.5308083295822144,0.16656288504600525,
SafetyPointButton1-v0,star_v2,starv2_core_100k_SafetyPointButton1_v0_selected_star_v2_star_v2_s10,270000,0.5893129110336304,0.5893129110336304,-6.984919309616089e-10,0.0,0.5293083786964417,0.15623793005943298,
SafetyPointButton1-v0,star_v2,starv2_core_100k_SafetyPointButton1_v0_selected_star_v2_star_v2_s10,275000,0.5971212387084961,0.5971212387084961,0.0,0.0,0.529552161693573,0.16488435864448547,
SafetyPointButton1-v0,star_v2,starv2_core_100k_SafetyPointButton1_v0_selected_star_v2_star_v2_s10,280000,0.5692110061645508,0.5692110061645508,-1.6880221664905548e-09,0.0,0.5329940319061279,0.14675015211105347,
SafetyPointButton1-v0,star_v2,starv2_core_100k_SafetyPointButton1_v0_selected_star_v2_star_v2_s10,285000,0.5479395389556885,0.5479395389556885,1.1641532182693481e-10,1.0,0.5309377312660217,0.1242123395204544,
SafetyPointButton1-v0,star_v2,starv2_core_100k_SafetyPointButton1_v0_selected_star_v2_star_v2_s10,290000,0.5895590782165527,0.5895590782165527,-9.313225746154785e-10,0.0,0.5288752317428589,0.15234917402267456,
SafetyPointButton1-v0,star_v2,starv2_core_100k_SafetyPointButton1_v0_selected_star_v2_star_v2_s10,295000,0.5646333694458008,0.5646333694458008,-5.820766091346741e-11,0.0,0.5308039784431458,0.13921740651130676,
SafetyPointButton1-v0,star_v2,starv2_core_100k_SafetyPointButton1_v0_selected_star_v2_star_v2_s11,100000,0.5141267776489258,0.5141267776489258,6.111804395914078e-10,1.0,0.5309081077575684,0.13164719939231873,
SafetyPointButton1-v0,star_v2,starv2_core_100k_SafetyPointButton1_v0_selected_star_v2_star_v2_s11,105000,0.5186620354652405,0.5186620354652405,-6.402842700481415e-10,0.0,0.5332889556884766,0.12622371315956116,
SafetyPointButton1-v0,star_v2,starv2_core_100k_SafetyPointButton1_v0_selected_star_v2_star_v2_s11,110000,0.5208727717399597,0.5208727717399597,2.0954757928848267e-09,1.0,0.5294733047485352,0.13300079107284546,
SafetyPointButton1-v0,star_v2,starv2_core_100k_SafetyPointButton1_v0_selected_star_v2_star_v2_s11,115000,0.5067740678787231,0.5067740678787231,1.862645149230957e-09,1.0,0.5300326943397522,0.125362828373909,
SafetyPointButton1-v0,star_v2,starv2_core_100k_SafetyPointButton1_v0_selected_star_v2_star_v2_s11,120000,0.502241849899292,0.502241849899292,2.9103830456733704e-10,1.0,0.5294426679611206,0.13249623775482178,
SafetyPointButton1-v0,star_v2,starv2_core_100k_SafetyPointButton1_v0_selected_star_v2_star_v2_s11,125000,0.5418536067008972,0.5418536067008972,-7.566995918750763e-10,0.0,0.5314958691596985,0.14990359544754028,
SafetyPointButton1-v0,star_v2,starv2_core_100k_SafetyPointButton1_v0_selected_star_v2_star_v2_s11,130000,0.5284723043441772,0.5284723043441772,-2.3283064365386963e-10,0.0,0.5334165096282959,0.14668655395507812,
SafetyPointButton1-v0,star_v2,starv2_core_100k_SafetyPointButton1_v0_selected_star_v2_star_v2_s11,135000,0.5347542762756348,0.5347542762756348,-5.238689482212067e-10,0.0,0.5325117111206055,0.13957317173480988,
SafetyPointButton1-v0,star_v2,starv2_core_100k_SafetyPointButton1_v0_selected_star_v2_star_v2_s11,140000,0.5579233765602112,0.557923436164856,3.4924596548080444e-10,1.0,0.5314084887504578,0.14957109093666077,
SafetyPointButton1-v0,star_v2,starv2_core_100k_SafetyPointButton1_v0_selected_star_v2_star_v2_s11,145000,0.5778955817222595,0.5778955817222595,4.0745362639427185e-10,1.0,0.5299986004829407,0.16024504601955414,
SafetyPointButton1-v0,star_v2,starv2_core_100k_SafetyPointButton1_v0_selected_star_v2_star_v2_s11,150000,0.5878573060035706,0.5878573060035706,1.4551915228366852e-09,1.0,0.5312087535858154,0.16933569312095642,
SafetyPointButton1-v0,star_v2,starv2_core_100k_SafetyPointButton1_v0_selected_star_v2_star_v2_s11,155000,0.5364011526107788,0.5364011526107788,-1.1641532182693481e-10,0.0,0.5284327864646912,0.1306753158569336,
SafetyPointButton1-v0,star_v2,starv2_core_100k_SafetyPointButton1_v0_selected_star_v2_star_v2_s11,160000,0.5384130477905273,0.5384130477905273,5.238689482212067e-10,1.0,0.5312719345092773,0.14115694165229797,
SafetyPointButton1-v0,star_v2,starv2_core_100k_SafetyPointButton1_v0_selected_star_v2_star_v2_s11,165000,0.6153475046157837,0.6153475046157837,-8.149072527885437e-10,0.0,0.5329562425613403,0.18655180931091309,
SafetyPointButton1-v0,star_v2,starv2_core_100k_SafetyPointButton1_v0_selected_star_v2_star_v2_s11,170000,0.5494463443756104,0.5494463443756104,-4.656612873077393e-10,0.0,0.5303007364273071,0.1473645269870758,
SafetyPointButton1-v0,star_v2,starv2_core_100k_SafetyPointButton1_v0_selected_star_v2_star_v2_s11,175000,0.5593903064727783,0.5593903064727783,-6.402842700481415e-10,0.0,0.5293188095092773,0.14469122886657715,
SafetyPointButton1-v0,star_v2,starv2_core_100k_SafetyPointButton1_v0_selected_star_v2_star_v2_s11,180000,0.5700761079788208,0.5700761079788208,1.1641532182693481e-09,1.0,0.531105101108551,0.15288430452346802,
SafetyPointButton1-v0,star_v2,starv2_core_100k_SafetyPointButton1_v0_selected_star_v2_star_v2_s11,185000,0.5716354250907898,0.5716354250907898,1.7462298274040222e-10,1.0,0.5301325917243958,0.15270215272903442,
SafetyPointButton1-v0,star_v2,starv2_core_100k_SafetyPointButton1_v0_selected_star_v2_star_v2_s11,190000,0.5593138337135315,0.5593138337135315,-1.862645149230957e-09,0.0,0.5307527780532837,0.15289857983589172,
SafetyPointButton1-v0,star_v2,starv2_core_100k_SafetyPointButton1_v0_selected_star_v2_star_v2_s11,195000,0.5665501356124878,0.5665501356124878,-1.1641532182693481e-10,0.0,0.5337176322937012,0.15629494190216064,
SafetyPointButton1-v0,star_v2,starv2_core_100k_SafetyPointButton1_v0_selected_star_v2_star_v2_s11,200000,0.5627617239952087,0.5627617239952087,-5.820766091346741e-11,0.0,0.5309975743293762,0.14262744784355164,
SafetyPointButton1-v0,star_v2,starv2_core_100k_SafetyPointButton1_v0_selected_star_v2_star_v2_s11,205000,0.5823918581008911,0.5823918581008911,-1.1641532182693481e-10,0.0,0.5288781523704529,0.1610601246356964,
SafetyPointButton1-v0,star_v2,starv2_core_100k_SafetyPointButton1_v0_selected_star_v2_star_v2_s11,210000,0.5987762212753296,0.5987762212753296,3.4924596548080444e-10,1.0,0.5322471857070923,0.18214288353919983,
SafetyPointButton1-v0,star_v2,starv2_core_100k_SafetyPointButton1_v0_selected_star_v2_star_v2_s11,215000,0.57779860496521,0.57779860496521,-7.566995918750763e-10,0.0,0.5301844477653503,0.15208524465560913,
SafetyPointButton1-v0,star_v2,starv2_core_100k_SafetyPointButton1_v0_selected_star_v2_star_v2_s11,220000,0.5631861686706543,0.5631861686706543,-8.149072527885437e-10,0.0,0.5322244167327881,0.14603668451309204,
SafetyPointButton1-v0,star_v2,starv2_core_100k_SafetyPointButton1_v0_selected_star_v2_star_v2_s11,225000,0.5834661722183228,0.5834661722183228,0.0,0.0,0.5327187180519104,0.161700040102005,
SafetyPointButton1-v0,star_v2,starv2_core_100k_SafetyPointButton1_v0_selected_star_v2_star_v2_s11,230000,0.5813117623329163,0.5813117027282715,4.656612873077393e-10,1.0,0.5295066833496094,0.15970385074615479,
SafetyPointButton1-v0,star_v2,starv2_core_100k_SafetyPointButton1_v0_selected_star_v2_star_v2_s11,235000,0.5928506851196289,0.5928506851196289,1.1641532182693481e-10,1.0,0.5324109792709351,0.1634541004896164,
SafetyPointButton1-v0,star_v2,starv2_core_100k_SafetyPointButton1_v0_selected_star_v2_star_v2_s11,240000,0.5877031087875366,0.5877031087875366,5.238689482212067e-10,1.0,0.5307548642158508,0.1594790667295456,
SafetyPointButton1-v0,star_v2,starv2_core_100k_SafetyPointButton1_v0_selected_star_v2_star_v2_s11,245000,0.5886242985725403,0.5886242985725403,-2.3283064365386963e-10,0.0,0.5306490063667297,0.1635560542345047,
SafetyPointButton1-v0,star_v2,starv2_core_100k_SafetyPointButton1_v0_selected_star_v2_star_v2_s11,250000,0.5876640677452087,0.5876640677452087,-3.4924596548080444e-10,0.0,0.5313946604728699,0.15651166439056396,
SafetyPointButton1-v0,star_v2,starv2_core_100k_SafetyPointButton1_v0_selected_star_v2_star_v2_s11,255000,0.5641053915023804,0.5641053915023804,1.7462298274040222e-09,1.0,0.5299596786499023,0.13163945078849792,
SafetyPointButton1-v0,star_v2,starv2_core_100k_SafetyPointButton1_v0_selected_star_v2_star_v2_s11,260000,0.6006706953048706,0.6006706953048706,-6.984919309616089e-10,0.0,0.529852032661438,0.16376155614852905,
SafetyPointButton1-v0,star_v2,starv2_core_100k_SafetyPointButton1_v0_selected_star_v2_star_v2_s11,265000,0.5874983668327332,0.5874983668327332,4.656612873077393e-10,1.0,0.5317810773849487,0.14929698407649994,
SafetyPointButton1-v0,star_v2,starv2_core_100k_SafetyPointButton1_v0_selected_star_v2_star_v2_s11,270000,0.6186986565589905,0.6186986565589905,1.5133991837501526e-09,1.0,0.5317765474319458,0.17629176378250122,
SafetyPointButton1-v0,star_v2,starv2_core_100k_SafetyPointButton1_v0_selected_star_v2_star_v2_s11,275000,0.623458743095398,0.623458743095398,3.4924596548080444e-10,1.0,0.5311859250068665,0.17945832014083862,
SafetyPointButton1-v0,star_v2,starv2_core_100k_SafetyPointButton1_v0_selected_star_v2_star_v2_s11,280000,0.5928832292556763,0.5928832292556763,-1.0477378964424133e-09,0.0,0.5314009189605713,0.14964044094085693,
SafetyPointButton1-v0,star_v2,starv2_core_100k_SafetyPointButton1_v0_selected_star_v2_star_v2_s11,285000,0.5903715491294861,0.5903715491294861,-2.9103830456733704e-10,0.0,0.5337744355201721,0.15312638878822327,
SafetyPointButton1-v0,star_v2,starv2_core_100k_SafetyPointButton1_v0_selected_star_v2_star_v2_s11,290000,0.6041362285614014,0.6041362285614014,4.656612873077393e-10,1.0,0.5327044129371643,0.16881117224693298,
SafetyPointButton1-v0,star_v2,starv2_core_100k_SafetyPointButton1_v0_selected_star_v2_star_v2_s11,295000,0.5688525438308716,0.5688525438308716,-1.1641532182693481e-10,0.0,0.532740592956543,0.1404118537902832,
SafetyPointButton1-v0,star_v2,starv2_core_100k_SafetyPointButton1_v0_selected_star_v2_star_v2_s12,100000,0.4996327757835388,0.4996327757835388,1.280568540096283e-09,1.0,0.5311198830604553,0.1277245432138443,
SafetyPointButton1-v0,star_v2,starv2_core_100k_SafetyPointButton1_v0_selected_star_v2_star_v2_s12,105000,0.5390703678131104,0.5390703678131104,1.2223608791828156e-09,1.0,0.5300078392028809,0.15215376019477844,
SafetyPointButton1-v0,star_v2,starv2_core_100k_SafetyPointButton1_v0_selected_star_v2_star_v2_s12,110000,0.4967568814754486,0.4967568814754486,-4.0745362639427185e-10,0.0,0.5292389392852783,0.12297721207141876,
SafetyPointButton1-v0,star_v2,starv2_core_100k_SafetyPointButton1_v0_selected_star_v2_star_v2_s12,115000,0.5278395414352417,0.5278395414352417,5.820766091346741e-10,1.0,0.5315054655075073,0.1386316567659378,
SafetyPointButton1-v0,star_v2,starv2_core_100k_SafetyPointButton1_v0_selected_star_v2_star_v2_s12,120000,0.5115915536880493,0.5115915536880493,-5.820766091346741e-11,0.0,0.5349322557449341,0.12747785449028015,
SafetyPointButton1-v0,star_v2,starv2_core_100k_SafetyPointButton1_v0_selected_star_v2_star_v2_s12,125000,0.5491597652435303,0.5491597652435303,1.1641532182693481e-10,1.0,0.5316929817199707,0.1541459560394287,
SafetyPointButton1-v0,star_v2,starv2_core_100k_SafetyPointButton1_v0_selected_star_v2_star_v2_s12,130000,0.5283675193786621,0.5283675193786621,4.0745362639427185e-10,1.0,0.5320984721183777,0.1424650251865387,
SafetyPointButton1-v0,star_v2,starv2_core_100k_SafetyPointButton1_v0_selected_star_v2_star_v2_s12,135000,0.5173822641372681,0.5173822641372681,6.402842700481415e-10,1.0,0.5308189392089844,0.13180305063724518,
SafetyPointButton1-v0,star_v2,starv2_core_100k_SafetyPointButton1_v0_selected_star_v2_star_v2_s12,140000,0.5441035032272339,0.5441035032272339,4.0745362639427185e-10,1.0,0.5298807621002197,0.14501383900642395,
SafetyPointButton1-v0,star_v2,starv2_core_100k_SafetyPointButton1_v0_selected_star_v2_star_v2_s12,145000,0.5409238338470459,0.5409238338470459,8.149072527885437e-10,1.0,0.530975341796875,0.1428889036178589,
SafetyPointButton1-v0,star_v2,starv2_core_100k_SafetyPointButton1_v0_selected_star_v2_star_v2_s12,150000,0.5368415117263794,0.5368414521217346,2.3865140974521637e-09,1.0,0.5319836139678955,0.13926111161708832,
SafetyPointButton1-v0,star_v2,starv2_core_100k_SafetyPointButton1_v0_selected_star_v2_star_v2_s12,155000,0.5679036378860474,0.5679036378860474,4.656612873077393e-10,1.0,0.5319178700447083,0.15321284532546997,
SafetyPointButton1-v0,star_v2,starv2_core_100k_SafetyPointButton1_v0_selected_star_v2_star_v2_s12,160000,0.5742263793945312,0.5742263793945312,1.7462298274040222e-09,1.0,0.5312040448188782,0.16115859150886536,
SafetyPointButton1-v0,star_v2,starv2_core_100k_SafetyPointButton1_v0_selected_star_v2_star_v2_s12,165000,0.6013016104698181,0.6013016104698181,8.149072527885437e-10,1.0,0.5308395624160767,0.1830020546913147,
SafetyPointButton1-v0,star_v2,starv2_core_100k_SafetyPointButton1_v0_selected_star_v2_star_v2_s12,170000,0.5405240058898926,0.5405240058898926,-8.731149137020111e-10,0.0,0.5331486463546753,0.13280120491981506,
SafetyPointButton1-v0,star_v2,starv2_core_100k_SafetyPointButton1_v0_selected_star_v2_star_v2_s12,175000,0.5397948026657104,0.5397948026657104,-4.656612873077393e-10,0.0,0.531782865524292,0.1294313669204712,
SafetyPointButton1-v0,star_v2,starv2_core_100k_SafetyPointButton1_v0_selected_star_v2_star_v2_s12,180000,0.5587961077690125,0.5587961077690125,-1.1641532182693481e-10,0.0,0.5306532382965088,0.15253311395645142,
SafetyPointButton1-v0,star_v2,starv2_core_100k_SafetyPointButton1_v0_selected_star_v2_star_v2_s12,185000,0.5876172780990601,0.5876172780990601,-4.0745362639427185e-10,0.0,0.5283676385879517,0.1638176441192627,
SafetyPointButton1-v0,star_v2,starv2_core_100k_SafetyPointButton1_v0_selected_star_v2_star_v2_s12,190000,0.5798484086990356,0.5798484086990356,7.566995918750763e-10,1.0,0.5274189114570618,0.1659456342458725,
SafetyPointButton1-v0,star_v2,starv2_core_100k_SafetyPointButton1_v0_selected_star_v2_star_v2_s12,195000,0.5522344708442688,0.5522344708442688,5.820766091346741e-10,1.0,0.5297285914421082,0.13961583375930786,
SafetyPointButton1-v0,star_v2,starv2_core_100k_SafetyPointButton1_v0_selected_star_v2_star_v2_s12,200000,0.5879674553871155,0.5879674553871155,-1.0477378964424133e-09,0.0,0.5322647094726562,0.1577962040901184,
SafetyPointButton1-v0,star_v2,starv2_core_100k_SafetyPointButton1_v0_selected_star_v2_star_v2_s12,205000,0.5691705346107483,0.5691705346107483,2.3283064365386963e-10,1.0,0.5312884449958801,0.1533764898777008,
SafetyPointButton1-v0,star_v2,starv2_core_100k_SafetyPointButton1_v0_selected_star_v2_star_v2_s12,210000,0.5649131536483765,0.5649131536483765,5.238689482212067e-10,1.0,0.5301104187965393,0.14676788449287415,
SafetyPointButton1-v0,star_v2,starv2_core_100k_SafetyPointButton1_v0_selected_star_v2_star_v2_s12,215000,0.5853855609893799,0.5853855609893799,1.280568540096283e-09,1.0,0.5312591791152954,0.1578005850315094,
SafetyPointButton1-v0,star_v2,starv2_core_100k_SafetyPointButton1_v0_selected_star_v2_star_v2_s12,220000,0.5742933750152588,0.5742933750152588,-1.3969838619232178e-09,0.0,0.5299808979034424,0.149115189909935,
SafetyPointButton1-v0,star_v2,starv2_core_100k_SafetyPointButton1_v0_selected_star_v2_star_v2_s12,225000,0.5912144184112549,0.5912144184112549,2.9103830456733704e-10,1.0,0.5319091081619263,0.16152527928352356,
SafetyPointButton1-v0,star_v2,starv2_core_100k_SafetyPointButton1_v0_selected_star_v2_star_v2_s12,230000,0.5618900060653687,0.5618900060653687,-5.820766091346741e-11,0.0,0.5322780609130859,0.14578495919704437,
SafetyPointButton1-v0,star_v2,starv2_core_100k_SafetyPointButton1_v0_selected_star_v2_star_v2_s12,235000,0.6043994426727295,0.6043994426727295,-8.149072527885437e-10,0.0,0.5309478640556335,0.16776853799819946,
SafetyPointButton1-v0,star_v2,starv2_core_100k_SafetyPointButton1_v0_selected_star_v2_star_v2_s12,240000,0.6159963607788086,0.6159963607788086,4.656612873077393e-10,1.0,0.5319584012031555,0.18132519721984863,
SafetyPointButton1-v0,star_v2,starv2_core_100k_SafetyPointButton1_v0_selected_star_v2_star_v2_s12,245000,0.6063966751098633,0.6063966751098633,-8.149072527885437e-10,0.0,0.5312622785568237,0.17132171988487244,
SafetyPointButton1-v0,star_v2,starv2_core_100k_SafetyPointButton1_v0_selected_star_v2_star_v2_s12,250000,0.5988953113555908,0.5988953113555908,-1.280568540096283e-09,0.0,0.5318105220794678,0.16160055994987488,
SafetyPointButton1-v0,star_v2,starv2_core_100k_SafetyPointButton1_v0_selected_star_v2_star_v2_s12,255000,0.5996694564819336,0.5996694564819336,5.820766091346741e-10,1.0,0.5306761264801025,0.16629624366760254,
SafetyPointButton1-v0,star_v2,starv2_core_100k_SafetyPointButton1_v0_selected_star_v2_star_v2_s12,260000,0.5876873731613159,0.5876873731613159,0.0,0.0,0.533275306224823,0.1547728180885315,
SafetyPointButton1-v0,star_v2,starv2_core_100k_SafetyPointButton1_v0_selected_star_v2_star_v2_s12,265000,0.5607279539108276,0.5607279539108276,4.0745362639427185e-10,1.0,0.5324987173080444,0.13679251074790955,
SafetyPointButton1-v0,star_v2,starv2_core_100k_SafetyPointButton1_v0_selected_star_v2_star_v2_s12,270000,0.5903295278549194,0.5903295278549194,-2.9103830456733704e-10,0.0,0.5320059061050415,0.16210338473320007,
SafetyPointButton1-v0,star_v2,starv2_core_100k_SafetyPointButton1_v0_selected_star_v2_star_v2_s12,275000,0.6049219369888306,0.6049219369888306,0.0,0.0,0.5320761799812317,0.17108631134033203,
SafetyPointButton1-v0,star_v2,starv2_core_100k_SafetyPointButton1_v0_selected_star_v2_star_v2_s12,280000,0.5823187828063965,0.5823187828063965,-1.979060471057892e-09,0.0,0.5330103635787964,0.15232691168785095,
SafetyPointButton1-v0,star_v2,starv2_core_100k_SafetyPointButton1_v0_selected_star_v2_star_v2_s12,285000,0.5941989421844482,0.5941989421844482,-3.4924596548080444e-10,0.0,0.5306793451309204,0.15666289627552032,
SafetyPointButton1-v0,star_v2,starv2_core_100k_SafetyPointButton1_v0_selected_star_v2_star_v2_s12,290000,0.5958414673805237,0.5958414673805237,6.984919309616089e-10,1.0,0.5301085114479065,0.16245564818382263,
SafetyPointButton1-v0,star_v2,starv2_core_100k_SafetyPointButton1_v0_selected_star_v2_star_v2_s12,295000,0.6116548776626587,0.6116548776626587,4.656612873077393e-10,1.0,0.5314872860908508,0.1777852326631546,
SafetyPointButton1-v0,star_v2,starv2_resume_300k_SafetyPointButton1_v0_selected_star_v2_star_v2_s13,5000,6.579894065856934,6.579894065856934,0.0,0.0,0.5271216630935669,6.080844879150391,
SafetyPointButton1-v0,star_v2,starv2_resume_300k_SafetyPointButton1_v0_selected_star_v2_star_v2_s13,10000,0.4360266327857971,0.4360266327857971,4.3655745685100555e-10,1.0,0.5306834578514099,0.08712755143642426,
SafetyPointButton1-v0,star_v2,starv2_resume_300k_SafetyPointButton1_v0_selected_star_v2_star_v2_s13,15000,0.2607794404029846,0.2607794404029846,-3.92901711165905e-10,0.0,0.5303061604499817,0.04903201013803482,
SafetyPointButton1-v0,star_v2,starv2_resume_300k_SafetyPointButton1_v0_selected_star_v2_star_v2_s13,20000,0.20400533080101013,0.20400533080101013,-1.4551915228366852e-11,0.0,0.5297709703445435,0.03253897279500961,
SafetyPointButton1-v0,star_v2,starv2_resume_300k_SafetyPointButton1_v0_selected_star_v2_star_v2_s13,25000,0.21291375160217285,0.21291375160217285,-7.8580342233181e-10,0.0,0.5305600762367249,0.050249919295310974,
SafetyPointButton1-v0,star_v2,starv2_resume_300k_SafetyPointButton1_v0_selected_star_v2_star_v2_s13,30000,0.24410799145698547,0.24410799145698547,2.9103830456733704e-10,1.0,0.5309869647026062,0.037896059453487396,
SafetyPointButton1-v0,star_v2,starv2_resume_300k_SafetyPointButton1_v0_selected_star_v2_star_v2_s13,35000,0.3516610562801361,0.3516610562801361,2.9103830456733704e-11,1.0,0.5330921411514282,0.07065191864967346,
SafetyPointButton1-v0,star_v2,starv2_resume_300k_SafetyPointButton1_v0_selected_star_v2_star_v2_s13,40000,0.39359480142593384,0.39359480142593384,-1.7462298274040222e-10,0.0,0.5316179394721985,0.08470828086137772,
SafetyPointButton1-v0,star_v2,starv2_resume_300k_SafetyPointButton1_v0_selected_star_v2_star_v2_s13,45000,0.4235581159591675,0.4235581159591675,-4.656612873077393e-10,0.0,0.5312460660934448,0.09089075028896332,
SafetyPointButton1-v0,star_v2,starv2_resume_300k_SafetyPointButton1_v0_selected_star_v2_star_v2_s13,50000,0.43592584133148193,0.43592584133148193,3.4924596548080444e-10,1.0,0.5312484502792358,0.09068554639816284,
SafetyPointButton1-v0,star_v2,starv2_resume_300k_SafetyPointButton1_v0_selected_star_v2_star_v2_s13,55000,0.43412354588508606,0.43412354588508606,1.1641532182693481e-10,1.0,0.5316221714019775,0.08952021598815918,
SafetyPointButton1-v0,star_v2,starv2_resume_300k_SafetyPointButton1_v0_selected_star_v2_star_v2_s13,60000,0.4663950800895691,0.4663950800895691,-4.0745362639427185e-10,0.0,0.5316612720489502,0.09836932271718979,
SafetyPointButton1-v0,star_v2,starv2_resume_300k_SafetyPointButton1_v0_selected_star_v2_star_v2_s13,65000,0.5002511739730835,0.5002511739730835,-1.4551915228366852e-10,0.0,0.5303955078125,0.11744809150695801,
SafetyPointButton1-v0,star_v2,starv2_resume_300k_SafetyPointButton1_v0_selected_star_v2_star_v2_s13,70000,0.5012277960777283,0.5012277960777283,2.3283064365386963e-10,1.0,0.5318758487701416,0.11135710775852203,
SafetyPointButton1-v0,star_v2,starv2_resume_300k_SafetyPointButton1_v0_selected_star_v2_star_v2_s13,75000,0.5269354581832886,0.5269354581832886,-1.1641532182693481e-09,0.0,0.5326340198516846,0.13255621492862701,
SafetyPointButton1-v0,star_v2,starv2_resume_300k_SafetyPointButton1_v0_selected_star_v2_star_v2_s13,80000,0.49913492798805237,0.49913492798805237,-9.313225746154785e-10,0.0,0.5300739407539368,0.10671879351139069,
SafetyPointButton1-v0,star_v2,starv2_resume_300k_SafetyPointButton1_v0_selected_star_v2_star_v2_s13,85000,0.4676482081413269,0.4676482081413269,-6.984919309616089e-10,0.0,0.536151647567749,0.10797198116779327,
SafetyPointButton1-v0,star_v2,starv2_resume_300k_SafetyPointButton1_v0_selected_star_v2_star_v2_s13,90000,0.4688121974468231,0.4688122272491455,-5.820766091346741e-10,0.0,0.5335400700569153,0.11128494143486023,
SafetyPointButton1-v0,star_v2,starv2_resume_300k_SafetyPointButton1_v0_selected_star_v2_star_v2_s13,95000,0.4751608073711395,0.4751608073711395,-1.5133991837501526e-09,0.0,0.5296779870986938,0.10597763955593109,
SafetyPointButton1-v0,star_v2,starv2_resume_300k_SafetyPointButton1_v0_selected_star_v2_star_v2_s13,100000,0.49154627323150635,0.49154627323150635,4.656612873077393e-10,1.0,0.5302745699882507,0.11722369492053986,
SafetyPointButton1-v0,star_v2,starv2_resume_300k_SafetyPointButton1_v0_selected_star_v2_star_v2_s13,105000,0.5282543301582336,0.5282543301582336,4.0745362639427185e-10,1.0,0.532778263092041,0.13752266764640808,
SafetyPointButton1-v0,star_v2,starv2_resume_300k_SafetyPointButton1_v0_selected_star_v2_star_v2_s13,110000,0.5121936798095703,0.5121936798095703,3.4924596548080444e-10,1.0,0.5322732329368591,0.1312914490699768,
SafetyPointButton1-v0,star_v2,starv2_resume_300k_SafetyPointButton1_v0_selected_star_v2_star_v2_s13,115000,0.5096644163131714,0.5096644163131714,-2.3283064365386963e-10,0.0,0.5307016968727112,0.13020849227905273,
SafetyPointButton1-v0,star_v2,starv2_resume_300k_SafetyPointButton1_v0_selected_star_v2_star_v2_s13,120000,0.5237157344818115,0.5237157344818115,4.0745362639427185e-10,1.0,0.5299186706542969,0.131103053689003,
SafetyPointButton1-v0,star_v2,starv2_resume_300k_SafetyPointButton1_v0_selected_star_v2_star_v2_s13,125000,0.5481535792350769,0.5481535792350769,-1.5133991837501526e-09,0.0,0.531432569026947,0.14492550492286682,
SafetyPointButton1-v0,star_v2,starv2_resume_300k_SafetyPointButton1_v0_selected_star_v2_star_v2_s13,130000,0.5187369585037231,0.5187369585037231,1.1059455573558807e-09,1.0,0.5286241769790649,0.1280420869588852,
SafetyPointButton1-v0,star_v2,starv2_resume_300k_SafetyPointButton1_v0_selected_star_v2_star_v2_s13,135000,0.567314088344574,0.567314088344574,-6.984919309616089e-10,0.0,0.5321624279022217,0.14822179079055786,
SafetyPointButton1-v0,star_v2,starv2_resume_300k_SafetyPointButton1_v0_selected_star_v2_star_v2_s13,140000,0.545300304889679,0.545300304889679,6.984919309616089e-10,1.0,0.5325047373771667,0.14111652970314026,
SafetyPointButton1-v0,star_v2,starv2_resume_300k_SafetyPointButton1_v0_selected_star_v2_star_v2_s13,145000,0.5545747876167297,0.5545747876167297,1.1641532182693481e-10,1.0,0.5307648181915283,0.14020715653896332,
SafetyPointButton1-v0,star_v2,starv2_resume_300k_SafetyPointButton1_v0_selected_star_v2_star_v2_s13,150000,0.567326545715332,0.567326545715332,-7.566995918750763e-10,0.0,0.5291938185691833,0.15751978754997253,
SafetyPointButton1-v0,star_v2,starv2_resume_300k_SafetyPointButton1_v0_selected_star_v2_star_v2_s13,155000,0.5424402952194214,0.5424402952194214,5.820766091346741e-11,1.0,0.5305541753768921,0.13410547375679016,
SafetyPointButton1-v0,star_v2,starv2_resume_300k_SafetyPointButton1_v0_selected_star_v2_star_v2_s13,160000,0.595913290977478,0.595913290977478,6.984919309616089e-10,1.0,0.5303266048431396,0.16618727147579193,
SafetyPointButton1-v0,star_v2,starv2_resume_300k_SafetyPointButton1_v0_selected_star_v2_star_v2_s13,165000,0.5834288001060486,0.5834288001060486,-1.280568540096283e-09,0.0,0.5331816673278809,0.15265962481498718,
SafetyPointButton1-v0,star_v2,starv2_resume_300k_SafetyPointButton1_v0_selected_star_v2_star_v2_s13,170000,0.5413827300071716,0.5413827300071716,6.984919309616089e-10,1.0,0.5315822958946228,0.12205870449542999,
SafetyPointButton1-v0,star_v2,starv2_resume_300k_SafetyPointButton1_v0_selected_star_v2_star_v2_s13,175000,0.5702998638153076,0.5702998638153076,-2.3283064365386963e-10,0.0,0.52812659740448,0.14095112681388855,
SafetyPointButton1-v0,star_v2,starv2_resume_300k_SafetyPointButton1_v0_selected_star_v2_star_v2_s13,180000,0.5498178005218506,0.5498178005218506,-1.0477378964424133e-09,0.0,0.5320044159889221,0.12680116295814514,
SafetyPointButton1-v0,star_v2,starv2_resume_300k_SafetyPointButton1_v0_selected_star_v2_star_v2_s13,185000,0.5578358173370361,0.5578358173370361,1.862645149230957e-09,1.0,0.5330907106399536,0.13864721357822418,
SafetyPointButton1-v0,star_v2,starv2_resume_300k_SafetyPointButton1_v0_selected_star_v2_star_v2_s13,190000,0.5492615103721619,0.5492615103721619,1.7462298274040222e-10,1.0,0.5306777358055115,0.12749609351158142,
SafetyPointButton1-v0,star_v2,starv2_resume_300k_SafetyPointButton1_v0_selected_star_v2_star_v2_s13,195000,0.5833960175514221,0.5833959579467773,1.862645149230957e-09,1.0,0.5312216281890869,0.1412258744239807,
SafetyPointButton1-v0,star_v2,starv2_resume_300k_SafetyPointButton1_v0_selected_star_v2_star_v2_s13,200000,0.5679980516433716,0.5679980516433716,0.0,0.0,0.529047966003418,0.13794389367103577,
SafetyPointButton1-v0,star_v2,starv2_resume_300k_SafetyPointButton1_v0_selected_star_v2_star_v2_s13,205000,0.580900251865387,0.580900251865387,-8.149072527885437e-10,0.0,0.5323158502578735,0.15023726224899292,
SafetyPointButton1-v0,star_v2,starv2_resume_300k_SafetyPointButton1_v0_selected_star_v2_star_v2_s13,210000,0.5628769397735596,0.5628769397735596,-5.820766091346741e-10,0.0,0.5327763557434082,0.13778461515903473,
SafetyPointButton1-v0,star_v2,starv2_resume_300k_SafetyPointButton1_v0_selected_star_v2_star_v2_s13,215000,0.5845102071762085,0.5845102071762085,2.3283064365386963e-10,1.0,0.5316716432571411,0.1522294282913208,
SafetyPointButton1-v0,star_v2,starv2_resume_300k_SafetyPointButton1_v0_selected_star_v2_star_v2_s13,220000,0.5861064195632935,0.5861064195632935,-2.3283064365386963e-10,0.0,0.5320701599121094,0.1535712033510208,
SafetyPointButton1-v0,star_v2,starv2_resume_300k_SafetyPointButton1_v0_selected_star_v2_star_v2_s13,225000,0.5636970400810242,0.5636970400810242,-3.4924596548080444e-10,0.0,0.5303971767425537,0.13333635032176971,
SafetyPointButton1-v0,star_v2,starv2_resume_300k_SafetyPointButton1_v0_selected_star_v2_star_v2_s13,230000,0.5747305154800415,0.5747305154800415,-6.984919309616089e-10,0.0,0.5348078608512878,0.14291340112686157,
SafetyPointButton1-v0,star_v2,starv2_resume_300k_SafetyPointButton1_v0_selected_star_v2_star_v2_s13,235000,0.5866366624832153,0.5866366624832153,-3.4924596548080444e-10,0.0,0.5324475765228271,0.15189313888549805,
SafetyPointButton1-v0,star_v2,starv2_resume_300k_SafetyPointButton1_v0_selected_star_v2_star_v2_s13,240000,0.6079477071762085,0.6079477071762085,0.0,0.0,0.5302245616912842,0.1699528694152832,
SafetyPointButton1-v0,star_v2,starv2_resume_300k_SafetyPointButton1_v0_selected_star_v2_star_v2_s13,245000,0.6054261326789856,0.6054261326789856,0.0,0.0,0.5331745743751526,0.16677162051200867,
SafetyPointButton1-v0,star_v2,starv2_resume_300k_SafetyPointButton1_v0_selected_star_v2_star_v2_s13,250000,0.5996562838554382,0.5996562838554382,0.0,0.0,0.5315263867378235,0.16077843308448792,
SafetyPointButton1-v0,star_v2,starv2_resume_300k_SafetyPointButton1_v0_selected_star_v2_star_v2_s13,255000,0.6096610426902771,0.6096610426902771,-4.656612873077393e-10,0.0,0.5302807092666626,0.17115943133831024,
SafetyPointButton1-v0,star_v2,starv2_resume_300k_SafetyPointButton1_v0_selected_star_v2_star_v2_s13,260000,0.609784722328186,0.609784722328186,2.3283064365386963e-10,1.0,0.5284955501556396,0.1576859951019287,
SafetyPointButton1-v0,star_v2,starv2_resume_300k_SafetyPointButton1_v0_selected_star_v2_star_v2_s13,265000,0.5889890789985657,0.5889890789985657,-4.656612873077393e-10,0.0,0.528427004814148,0.1524890959262848,
SafetyPointButton1-v0,star_v2,starv2_resume_300k_SafetyPointButton1_v0_selected_star_v2_star_v2_s13,270000,0.617190957069397,0.617190957069397,3.4924596548080444e-10,1.0,0.5295629501342773,0.17441493272781372,
SafetyPointButton1-v0,star_v2,starv2_resume_300k_SafetyPointButton1_v0_selected_star_v2_star_v2_s13,275000,0.5900875329971313,0.5900875329971313,-4.656612873077393e-10,0.0,0.5312703847885132,0.15452389419078827,
SafetyPointButton1-v0,star_v2,starv2_resume_300k_SafetyPointButton1_v0_selected_star_v2_star_v2_s13,280000,0.6356719136238098,0.6356719136238098,-5.820766091346741e-10,0.0,0.5307450890541077,0.18068161606788635,
SafetyPointButton1-v0,star_v2,starv2_resume_300k_SafetyPointButton1_v0_selected_star_v2_star_v2_s13,285000,0.6110142469406128,0.6110142469406128,-1.2223608791828156e-09,0.0,0.5269957780838013,0.16556812822818756,
SafetyPointButton1-v0,star_v2,starv2_resume_300k_SafetyPointButton1_v0_selected_star_v2_star_v2_s13,290000,0.6060709357261658,0.6060709357261658,6.984919309616089e-10,1.0,0.5303160548210144,0.16519670188426971,
SafetyPointButton1-v0,star_v2,starv2_resume_300k_SafetyPointButton1_v0_selected_star_v2_star_v2_s13,295000,0.6134449243545532,0.6134449243545532,-8.149072527885437e-10,0.0,0.5294743180274963,0.16742698848247528,
SafetyPointButton1-v0,star_v2,starv2_resume_300k_SafetyPointButton1_v0_selected_star_v2_star_v2_s14,5000,5.990670204162598,5.990670204162598,-3.725290298461914e-09,0.0,0.5367220044136047,5.494770050048828,
SafetyPointButton1-v0,star_v2,starv2_resume_300k_SafetyPointButton1_v0_selected_star_v2_star_v2_s14,10000,0.2783186137676239,0.2783186137676239,9.74978320300579e-10,1.0,0.5297378897666931,0.02026357874274254,
SafetyPointButton1-v0,star_v2,starv2_resume_300k_SafetyPointButton1_v0_selected_star_v2_star_v2_s14,15000,0.1870979219675064,0.1870979219675064,-4.94765117764473e-10,0.0,0.5311762094497681,0.03120592050254345,
SafetyPointButton1-v0,star_v2,starv2_resume_300k_SafetyPointButton1_v0_selected_star_v2_star_v2_s14,20000,0.17299586534500122,0.17299586534500122,1.1641532182693481e-10,1.0,0.5294297337532043,0.034085433930158615,
SafetyPointButton1-v0,star_v2,starv2_resume_300k_SafetyPointButton1_v0_selected_star_v2_star_v2_s14,25000,0.15676429867744446,0.15676429867744446,-5.820766091346741e-11,0.0,0.5319026708602905,0.01758234202861786,
SafetyPointButton1-v0,star_v2,starv2_resume_300k_SafetyPointButton1_v0_selected_star_v2_star_v2_s14,30000,0.23319083452224731,0.23319083452224731,-2.764863893389702e-10,0.0,0.5316354036331177,0.046311505138874054,
SafetyPointButton1-v0,star_v2,starv2_resume_300k_SafetyPointButton1_v0_selected_star_v2_star_v2_s14,35000,0.30975577235221863,0.30975577235221863,1.7462298274040222e-10,1.0,0.5312867164611816,0.05519486963748932,
SafetyPointButton1-v0,star_v2,starv2_resume_300k_SafetyPointButton1_v0_selected_star_v2_star_v2_s14,40000,0.345841646194458,0.345841646194458,6.402842700481415e-10,1.0,0.5325021743774414,0.06118849664926529,
SafetyPointButton1-v0,star_v2,starv2_resume_300k_SafetyPointButton1_v0_selected_star_v2_star_v2_s14,45000,0.37426263093948364,0.37426263093948364,-1.3969838619232178e-09,0.0,0.5307239890098572,0.06336318701505661,
SafetyPointButton1-v0,star_v2,starv2_resume_300k_SafetyPointButton1_v0_selected_star_v2_star_v2_s14,50000,0.4546004831790924,0.4546004831790924,0.0,0.0,0.5312063694000244,0.10476289689540863,
SafetyPointButton1-v0,star_v2,starv2_resume_300k_SafetyPointButton1_v0_selected_star_v2_star_v2_s14,55000,0.48600974678993225,0.48600974678993225,-4.656612873077393e-10,0.0,0.5311137437820435,0.10490304231643677,
SafetyPointButton1-v0,star_v2,starv2_resume_300k_SafetyPointButton1_v0_selected_star_v2_star_v2_s14,60000,0.4437704384326935,0.4437704384326935,-8.731149137020111e-11,0.0,0.5323268175125122,0.08110646903514862,
SafetyPointButton1-v0,star_v2,starv2_resume_300k_SafetyPointButton1_v0_selected_star_v2_star_v2_s14,65000,0.4599928557872772,0.4599928557872772,-4.0745362639427185e-10,0.0,0.5273303985595703,0.09038345515727997,
SafetyPointButton1-v0,star_v2,starv2_resume_300k_SafetyPointButton1_v0_selected_star_v2_star_v2_s14,70000,0.5078558325767517,0.5078558325767517,6.111804395914078e-10,1.0,0.5314558148384094,0.12054751813411713,
SafetyPointButton1-v0,star_v2,starv2_resume_300k_SafetyPointButton1_v0_selected_star_v2_star_v2_s14,75000,0.47206857800483704,0.47206857800483704,1.7462298274040222e-10,1.0,0.530771017074585,0.10358545184135437,
SafetyPointButton1-v0,star_v2,starv2_resume_300k_SafetyPointButton1_v0_selected_star_v2_star_v2_s14,80000,0.5143268704414368,0.5143268704414368,-1.5425030142068863e-09,0.0,0.5318357348442078,0.13190054893493652,
SafetyPointButton1-v0,star_v2,starv2_resume_300k_SafetyPointButton1_v0_selected_star_v2_star_v2_s14,85000,0.4822697639465332,0.4822697639465332,1.979060471057892e-09,1.0,0.5332292318344116,0.10634040832519531,
SafetyPointButton1-v0,star_v2,starv2_resume_300k_SafetyPointButton1_v0_selected_star_v2_star_v2_s14,90000,0.49664306640625,0.49664306640625,2.0954757928848267e-09,1.0,0.5311883687973022,0.11046221107244492,
SafetyPointButton1-v0,star_v2,starv2_resume_300k_SafetyPointButton1_v0_selected_star_v2_star_v2_s14,95000,0.522449254989624,0.522449254989624,-5.820766091346741e-10,0.0,0.5328357815742493,0.12364461272954941,
SafetyPointButton1-v0,star_v2,starv2_resume_300k_SafetyPointButton1_v0_selected_star_v2_star_v2_s14,100000,0.5384315252304077,0.5384315252304077,9.313225746154785e-10,1.0,0.5315438508987427,0.15247668325901031,
SafetyPointButton1-v0,star_v2,starv2_resume_300k_SafetyPointButton1_v0_selected_star_v2_star_v2_s14,105000,0.5827026963233948,0.5827026963233948,-1.1641532182693481e-09,0.0,0.5296087861061096,0.16611197590827942,
SafetyPointButton1-v0,star_v2,starv2_resume_300k_SafetyPointButton1_v0_selected_star_v2_star_v2_s14,110000,0.5431157350540161,0.5431157350540161,-3.4924596548080444e-10,0.0,0.5317431688308716,0.13190440833568573,
SafetyPointButton1-v0,star_v2,starv2_resume_300k_SafetyPointButton1_v0_selected_star_v2_star_v2_s14,115000,0.5604532361030579,0.5604532361030579,6.402842700481415e-10,1.0,0.5318365693092346,0.14930866658687592,
SafetyPointButton1-v0,star_v2,starv2_resume_300k_SafetyPointButton1_v0_selected_star_v2_star_v2_s14,120000,0.5519851446151733,0.5519851446151733,-4.0745362639427185e-10,0.0,0.5319600701332092,0.15099546313285828,
SafetyPointButton1-v0,star_v2,starv2_resume_300k_SafetyPointButton1_v0_selected_star_v2_star_v2_s14,125000,0.5464182496070862,0.5464182496070862,-4.0745362639427185e-10,0.0,0.5333832502365112,0.13393820822238922,
SafetyPointButton1-v0,star_v2,starv2_resume_300k_SafetyPointButton1_v0_selected_star_v2_star_v2_s14,130000,0.5707402229309082,0.5707402229309082,5.820766091346741e-10,1.0,0.5329921841621399,0.14958788454532623,
SafetyPointButton1-v0,star_v2,starv2_resume_300k_SafetyPointButton1_v0_selected_star_v2_star_v2_s14,135000,0.5751477479934692,0.575147807598114,-1.1641532182693481e-10,0.0,0.5323330163955688,0.16470566391944885,
SafetyPointButton1-v0,star_v2,starv2_resume_300k_SafetyPointButton1_v0_selected_star_v2_star_v2_s14,140000,0.5192073583602905,0.5192073583602905,6.984919309616089e-10,1.0,0.5301512479782104,0.13394290208816528,
SafetyPointButton1-v0,star_v2,starv2_resume_300k_SafetyPointButton1_v0_selected_star_v2_star_v2_s14,145000,0.5560870170593262,0.5560870170593262,1.1641532182693481e-10,1.0,0.5297825336456299,0.151558518409729,
SafetyPointButton1-v0,star_v2,starv2_resume_300k_SafetyPointButton1_v0_selected_star_v2_star_v2_s14,150000,0.5666123628616333,0.5666123628616333,8.149072527885437e-10,1.0,0.5305432677268982,0.14997273683547974,
SafetyPointButton1-v0,star_v2,starv2_resume_300k_SafetyPointButton1_v0_selected_star_v2_star_v2_s14,155000,0.554715633392334,0.554715633392334,1.5133991837501526e-09,1.0,0.5297518372535706,0.14114415645599365,
SafetyPointButton1-v0,star_v2,starv2_resume_300k_SafetyPointButton1_v0_selected_star_v2_star_v2_s14,160000,0.5622199177742004,0.5622199177742004,-8.149072527885437e-10,0.0,0.5331629514694214,0.1480848789215088,
SafetyPointButton1-v0,star_v2,starv2_resume_300k_SafetyPointButton1_v0_selected_star_v2_star_v2_s14,165000,0.5378240346908569,0.5378240346908569,5.238689482212067e-10,1.0,0.5333839058876038,0.12741586565971375,
SafetyPointButton1-v0,star_v2,starv2_resume_300k_SafetyPointButton1_v0_selected_star_v2_star_v2_s14,170000,0.5964503288269043,0.5964503288269043,-1.3969838619232178e-09,0.0,0.5298624634742737,0.16548489034175873,
SafetyPointButton1-v0,star_v2,starv2_resume_300k_SafetyPointButton1_v0_selected_star_v2_star_v2_s14,175000,0.5699553489685059,0.5699553489685059,1.3387762010097504e-09,1.0,0.5293034315109253,0.14929232001304626,
SafetyPointButton1-v0,star_v2,starv2_resume_300k_SafetyPointButton1_v0_selected_star_v2_star_v2_s14,180000,0.5321264863014221,0.5321264863014221,4.656612873077393e-10,1.0,0.530282735824585,0.13429880142211914,
SafetyPointButton1-v0,star_v2,starv2_resume_300k_SafetyPointButton1_v0_selected_star_v2_star_v2_s14,185000,0.5537110567092896,0.5537110567092896,-8.731149137020111e-10,0.0,0.5348498225212097,0.14278315007686615,
SafetyPointButton1-v0,star_v2,starv2_resume_300k_SafetyPointButton1_v0_selected_star_v2_star_v2_s14,190000,0.5298557877540588,0.5298557877540588,-1.1641532182693481e-10,0.0,0.5321050882339478,0.12712913751602173,
SafetyPointButton1-v0,star_v2,starv2_resume_300k_SafetyPointButton1_v0_selected_star_v2_star_v2_s14,195000,0.5723949670791626,0.5723949670791626,1.3387762010097504e-09,1.0,0.5305955410003662,0.1574372500181198,
SafetyPointButton1-v0,star_v2,starv2_resume_300k_SafetyPointButton1_v0_selected_star_v2_star_v2_s14,200000,0.5553699135780334,0.5553699135780334,9.313225746154785e-10,1.0,0.5315541625022888,0.1499757319688797,
SafetyPointButton1-v0,star_v2,starv2_resume_300k_SafetyPointButton1_v0_selected_star_v2_star_v2_s14,205000,0.5575610399246216,0.5575610399246216,3.4924596548080444e-10,1.0,0.5312108993530273,0.14389146864414215,
SafetyPointButton1-v0,star_v2,starv2_resume_300k_SafetyPointButton1_v0_selected_star_v2_star_v2_s14,210000,0.5830724239349365,0.5830724239349365,0.0,0.0,0.5304365158081055,0.15283067524433136,
SafetyPointButton1-v0,star_v2,starv2_resume_300k_SafetyPointButton1_v0_selected_star_v2_star_v2_s14,215000,0.5610936880111694,0.5610936880111694,0.0,0.0,0.5310605764389038,0.14395672082901,
SafetyPointButton1-v0,star_v2,starv2_resume_300k_SafetyPointButton1_v0_selected_star_v2_star_v2_s14,220000,0.536465048789978,0.536465048789978,-8.149072527885437e-10,0.0,0.5313187837600708,0.12595155835151672,
SafetyPointButton1-v0,star_v2,starv2_resume_300k_SafetyPointButton1_v0_selected_star_v2_star_v2_s14,225000,0.5805787444114685,0.5805787444114685,-3.4924596548080444e-10,0.0,0.5294046998023987,0.15009912848472595,
SafetyPointButton1-v0,star_v2,starv2_resume_300k_SafetyPointButton1_v0_selected_star_v2_star_v2_s14,230000,0.5893941521644592,0.5893941521644592,3.4924596548080444e-10,1.0,0.5315501689910889,0.1603599488735199,
SafetyPointButton1-v0,star_v2,starv2_resume_300k_SafetyPointButton1_v0_selected_star_v2_star_v2_s14,235000,0.5498293042182922,0.5498292446136475,1.6298145055770874e-09,1.0,0.531745433807373,0.12822358310222626,
SafetyPointButton1-v0,star_v2,starv2_resume_300k_SafetyPointButton1_v0_selected_star_v2_star_v2_s14,240000,0.577619194984436,0.577619194984436,-5.820766091346741e-10,0.0,0.5332105755805969,0.15261444449424744,
SafetyPointButton1-v0,star_v2,starv2_resume_300k_SafetyPointButton1_v0_selected_star_v2_star_v2_s14,245000,0.5859019160270691,0.5859019160270691,8.149072527885437e-10,1.0,0.530239462852478,0.15560564398765564,
SafetyPointButton1-v0,star_v2,starv2_resume_300k_SafetyPointButton1_v0_selected_star_v2_star_v2_s14,250000,0.5963600277900696,0.5963600277900696,2.3283064365386963e-10,1.0,0.5292160511016846,0.16231229901313782,
SafetyPointButton1-v0,star_v2,starv2_resume_300k_SafetyPointButton1_v0_selected_star_v2_star_v2_s14,255000,0.5826478600502014,0.5826478600502014,1.5133991837501526e-09,1.0,0.5313202738761902,0.153312548995018,
SafetyPointButton1-v0,star_v2,starv2_resume_300k_SafetyPointButton1_v0_selected_star_v2_star_v2_s14,260000,0.56784987449646,0.56784987449646,1.7462298274040222e-09,1.0,0.529041051864624,0.14560195803642273,
SafetyPointButton1-v0,star_v2,starv2_resume_300k_SafetyPointButton1_v0_selected_star_v2_star_v2_s14,265000,0.5758554935455322,0.5758554935455322,-1.280568540096283e-09,0.0,0.5305967926979065,0.14608800411224365,
SafetyPointButton1-v0,star_v2,starv2_resume_300k_SafetyPointButton1_v0_selected_star_v2_star_v2_s14,270000,0.6130262017250061,0.6130262017250061,-1.7462298274040222e-10,0.0,0.5331560373306274,0.1770527958869934,
SafetyPointButton1-v0,star_v2,starv2_resume_300k_SafetyPointButton1_v0_selected_star_v2_star_v2_s14,275000,0.5947086811065674,0.5947086811065674,-1.3969838619232178e-09,0.0,0.5296837687492371,0.1669028401374817,
SafetyPointButton1-v0,star_v2,starv2_resume_300k_SafetyPointButton1_v0_selected_star_v2_star_v2_s14,280000,0.5741909146308899,0.5741909146308899,-2.3283064365386963e-10,0.0,0.5312796831130981,0.14858734607696533,
SafetyPointButton1-v0,star_v2,starv2_resume_300k_SafetyPointButton1_v0_selected_star_v2_star_v2_s14,285000,0.589060366153717,0.589060366153717,6.984919309616089e-10,1.0,0.5281033515930176,0.16047394275665283,
SafetyPointButton1-v0,star_v2,starv2_resume_300k_SafetyPointButton1_v0_selected_star_v2_star_v2_s14,290000,0.5726468563079834,0.5726468563079834,-8.149072527885437e-10,0.0,0.5321531295776367,0.15049394965171814,
SafetyPointButton1-v0,star_v2,starv2_resume_300k_SafetyPointButton1_v0_selected_star_v2_star_v2_s14,295000,0.5696201920509338,0.5696201920509338,2.561137080192566e-09,1.0,0.5321930050849915,0.14059054851531982,
SafetyPointGoal1-v0,current_only_v2,starv2_core_100k_SafetyPointGoal1_v0_selected_current_only_v2_current_only_v2_s10,100000,0.3062456250190735,0.3062456250190735,-2.0372681319713593e-10,0.0,1.0,0.06434164941310883,
SafetyPointGoal1-v0,current_only_v2,starv2_core_100k_SafetyPointGoal1_v0_selected_current_only_v2_current_only_v2_s10,105000,0.2771562933921814,0.2771562933921814,2.3283064365386963e-10,1.0,1.0,0.060370370745658875,
SafetyPointGoal1-v0,current_only_v2,starv2_core_100k_SafetyPointGoal1_v0_selected_current_only_v2_current_only_v2_s10,110000,0.3055441379547119,0.3055441379547119,4.0745362639427185e-10,1.0,1.0,0.0701492577791214,
SafetyPointGoal1-v0,current_only_v2,starv2_core_100k_SafetyPointGoal1_v0_selected_current_only_v2_current_only_v2_s10,115000,0.29808831214904785,0.29808831214904785,5.238689482212067e-10,1.0,1.0,0.06939779222011566,
SafetyPointGoal1-v0,current_only_v2,starv2_core_100k_SafetyPointGoal1_v0_selected_current_only_v2_current_only_v2_s10,120000,0.28828611969947815,0.28828611969947815,-5.238689482212067e-10,0.0,1.0,0.06395469605922699,
SafetyPointGoal1-v0,current_only_v2,starv2_core_100k_SafetyPointGoal1_v0_selected_current_only_v2_current_only_v2_s10,125000,0.2647066116333008,0.2647066116333008,-6.693881005048752e-10,0.0,1.0,0.050693854689598083,
SafetyPointGoal1-v0,current_only_v2,starv2_core_100k_SafetyPointGoal1_v0_selected_current_only_v2_current_only_v2_s10,130000,0.24236293137073517,0.24236293137073517,3.4924596548080444e-10,1.0,1.0,0.037394389510154724,
SafetyPointGoal1-v0,current_only_v2,starv2_core_100k_SafetyPointGoal1_v0_selected_current_only_v2_current_only_v2_s10,135000,0.2759130001068115,0.2759130001068115,-2.0372681319713593e-10,0.0,1.0,0.0560256764292717,
SafetyPointGoal1-v0,current_only_v2,starv2_core_100k_SafetyPointGoal1_v0_selected_current_only_v2_current_only_v2_s10,140000,0.303464412689209,0.303464412689209,5.820766091346741e-11,1.0,1.0,0.0564577542245388,
SafetyPointGoal1-v0,current_only_v2,starv2_core_100k_SafetyPointGoal1_v0_selected_current_only_v2_current_only_v2_s10,145000,0.2567961513996124,0.2567961513996124,-3.4924596548080444e-10,0.0,1.0,0.044880494475364685,
SafetyPointGoal1-v0,current_only_v2,starv2_core_100k_SafetyPointGoal1_v0_selected_current_only_v2_current_only_v2_s10,150000,0.2632935047149658,0.2632935047149658,-2.9103830456733704e-11,0.0,1.0,0.05473335459828377,
SafetyPointGoal1-v0,current_only_v2,starv2_core_100k_SafetyPointGoal1_v0_selected_current_only_v2_current_only_v2_s10,155000,0.26346802711486816,0.26346802711486816,1.1641532182693481e-10,1.0,1.0,0.050726719200611115,
SafetyPointGoal1-v0,current_only_v2,starv2_core_100k_SafetyPointGoal1_v0_selected_current_only_v2_current_only_v2_s10,160000,0.27601131796836853,0.27601131796836853,5.238689482212067e-10,1.0,1.0,0.05567706376314163,
SafetyPointGoal1-v0,current_only_v2,starv2_core_100k_SafetyPointGoal1_v0_selected_current_only_v2_current_only_v2_s10,165000,0.25901535153388977,0.25901535153388977,1.1641532182693481e-10,1.0,1.0,0.03728315234184265,
SafetyPointGoal1-v0,current_only_v2,starv2_core_100k_SafetyPointGoal1_v0_selected_current_only_v2_current_only_v2_s10,170000,0.26180294156074524,0.26180294156074524,-7.566995918750763e-10,0.0,1.0,0.046416882425546646,
SafetyPointGoal1-v0,current_only_v2,starv2_core_100k_SafetyPointGoal1_v0_selected_current_only_v2_current_only_v2_s10,175000,0.28395023941993713,0.28395023941993713,-4.0745362639427185e-10,0.0,1.0,0.04949754849076271,
SafetyPointGoal1-v0,current_only_v2,starv2_core_100k_SafetyPointGoal1_v0_selected_current_only_v2_current_only_v2_s10,180000,0.3070591390132904,0.3070591390132904,3.7834979593753815e-10,1.0,1.0,0.06651407480239868,
SafetyPointGoal1-v0,current_only_v2,starv2_core_100k_SafetyPointGoal1_v0_selected_current_only_v2_current_only_v2_s10,185000,0.30337220430374146,0.30337220430374146,5.238689482212067e-10,1.0,1.0,0.06169414147734642,
SafetyPointGoal1-v0,current_only_v2,starv2_core_100k_SafetyPointGoal1_v0_selected_current_only_v2_current_only_v2_s10,190000,0.2877054810523987,0.2877054810523987,3.2014213502407074e-10,1.0,1.0,0.05126257240772247,
SafetyPointGoal1-v0,current_only_v2,starv2_core_100k_SafetyPointGoal1_v0_selected_current_only_v2_current_only_v2_s10,195000,0.29923462867736816,0.29923462867736816,-3.2014213502407074e-10,0.0,1.0,0.05313575267791748,
SafetyPointGoal1-v0,current_only_v2,starv2_core_100k_SafetyPointGoal1_v0_selected_current_only_v2_current_only_v2_s10,200000,0.2772972583770752,0.2772972583770752,-1.1641532182693481e-10,0.0,1.0,0.05399305373430252,
SafetyPointGoal1-v0,current_only_v2,starv2_core_100k_SafetyPointGoal1_v0_selected_current_only_v2_current_only_v2_s10,205000,0.2833251357078552,0.2833251357078552,5.820766091346741e-11,1.0,1.0,0.04887617751955986,
SafetyPointGoal1-v0,current_only_v2,starv2_core_100k_SafetyPointGoal1_v0_selected_current_only_v2_current_only_v2_s10,210000,0.2822979688644409,0.2822979688644409,7.275957614183426e-10,1.0,1.0,0.04293160140514374,
SafetyPointGoal1-v0,current_only_v2,starv2_core_100k_SafetyPointGoal1_v0_selected_current_only_v2_current_only_v2_s10,215000,0.27724286913871765,0.27724286913871765,6.402842700481415e-10,1.0,1.0,0.045496247708797455,
SafetyPointGoal1-v0,current_only_v2,starv2_core_100k_SafetyPointGoal1_v0_selected_current_only_v2_current_only_v2_s10,220000,0.28602445125579834,0.28602445125579834,-1.7462298274040222e-10,0.0,1.0,0.05054664611816406,
SafetyPointGoal1-v0,current_only_v2,starv2_core_100k_SafetyPointGoal1_v0_selected_current_only_v2_current_only_v2_s10,225000,0.2880333960056305,0.2880333960056305,3.4924596548080444e-10,1.0,1.0,0.04715835675597191,
SafetyPointGoal1-v0,current_only_v2,starv2_core_100k_SafetyPointGoal1_v0_selected_current_only_v2_current_only_v2_s10,230000,0.27373000979423523,0.2737300395965576,-2.3283064365386963e-10,0.0,1.0,0.04625583440065384,
SafetyPointGoal1-v0,current_only_v2,starv2_core_100k_SafetyPointGoal1_v0_selected_current_only_v2_current_only_v2_s10,235000,0.2904875874519348,0.2904875874519348,7.566995918750763e-10,1.0,1.0,0.04936250299215317,
SafetyPointGoal1-v0,current_only_v2,starv2_core_100k_SafetyPointGoal1_v0_selected_current_only_v2_current_only_v2_s10,240000,0.30797097086906433,0.30797097086906433,-6.984919309616089e-10,0.0,1.0,0.06248677521944046,
SafetyPointGoal1-v0,current_only_v2,starv2_core_100k_SafetyPointGoal1_v0_selected_current_only_v2_current_only_v2_s10,245000,0.3020307123661041,0.3020307123661041,-1.7462298274040222e-10,0.0,1.0,0.0555596798658371,
SafetyPointGoal1-v0,current_only_v2,starv2_core_100k_SafetyPointGoal1_v0_selected_current_only_v2_current_only_v2_s10,250000,0.28664273023605347,0.28664273023605347,1.7462298274040222e-10,1.0,1.0,0.04519195854663849,
SafetyPointGoal1-v0,current_only_v2,starv2_core_100k_SafetyPointGoal1_v0_selected_current_only_v2_current_only_v2_s10,255000,0.2772253453731537,0.2772253453731537,-2.9103830456733704e-11,0.0,1.0,0.044100597500801086,
SafetyPointGoal1-v0,current_only_v2,starv2_core_100k_SafetyPointGoal1_v0_selected_current_only_v2_current_only_v2_s10,260000,0.30369263887405396,0.30369263887405396,3.4924596548080444e-10,1.0,1.0,0.04673144221305847,
SafetyPointGoal1-v0,current_only_v2,starv2_core_100k_SafetyPointGoal1_v0_selected_current_only_v2_current_only_v2_s10,265000,0.34003087878227234,0.34003087878227234,-4.3655745685100555e-10,0.0,1.0,0.06986284255981445,
SafetyPointGoal1-v0,current_only_v2,starv2_core_100k_SafetyPointGoal1_v0_selected_current_only_v2_current_only_v2_s10,270000,0.29315632581710815,0.29315632581710815,6.402842700481415e-10,1.0,1.0,0.04832989722490311,
SafetyPointGoal1-v0,current_only_v2,starv2_core_100k_SafetyPointGoal1_v0_selected_current_only_v2_current_only_v2_s10,275000,0.3014170527458191,0.3014170527458191,2.3283064365386963e-10,1.0,1.0,0.05104196071624756,
SafetyPointGoal1-v0,current_only_v2,starv2_core_100k_SafetyPointGoal1_v0_selected_current_only_v2_current_only_v2_s10,280000,0.307312548160553,0.307312548160553,2.9103830456733704e-11,1.0,1.0,0.05593186616897583,
SafetyPointGoal1-v0,current_only_v2,starv2_core_100k_SafetyPointGoal1_v0_selected_current_only_v2_current_only_v2_s10,285000,0.2945510149002075,0.2945510149002075,-3.4924596548080444e-10,0.0,1.0,0.04589587450027466,
SafetyPointGoal1-v0,current_only_v2,starv2_core_100k_SafetyPointGoal1_v0_selected_current_only_v2_current_only_v2_s10,290000,0.2990262508392334,0.2990262508392334,1.7462298274040222e-10,1.0,1.0,0.05005123093724251,
SafetyPointGoal1-v0,current_only_v2,starv2_core_100k_SafetyPointGoal1_v0_selected_current_only_v2_current_only_v2_s10,295000,0.3453073501586914,0.3453073501586914,-1.367880031466484e-09,0.0,1.0,0.07385195791721344,
SafetyPointGoal1-v0,current_only_v2,starv2_core_100k_SafetyPointGoal1_v0_selected_current_only_v2_current_only_v2_s11,100000,0.32860851287841797,0.32860851287841797,-1.1641532182693481e-10,0.0,1.0,0.06816300749778748,
SafetyPointGoal1-v0,current_only_v2,starv2_core_100k_SafetyPointGoal1_v0_selected_current_only_v2_current_only_v2_s11,105000,0.2760699391365051,0.2760699391365051,2.1827872842550278e-10,1.0,1.0,0.050379492342472076,
SafetyPointGoal1-v0,current_only_v2,starv2_core_100k_SafetyPointGoal1_v0_selected_current_only_v2_current_only_v2_s11,110000,0.258640855550766,0.258640855550766,0.0,0.0,1.0,0.046261925250291824,
SafetyPointGoal1-v0,current_only_v2,starv2_core_100k_SafetyPointGoal1_v0_selected_current_only_v2_current_only_v2_s11,115000,0.26052919030189514,0.26052919030189514,3.4924596548080444e-10,1.0,1.0,0.03857354819774628,
SafetyPointGoal1-v0,current_only_v2,starv2_core_100k_SafetyPointGoal1_v0_selected_current_only_v2_current_only_v2_s11,120000,0.28333356976509094,0.28333356976509094,3.2014213502407074e-10,1.0,1.0,0.054388441145420074,
SafetyPointGoal1-v0,current_only_v2,starv2_core_100k_SafetyPointGoal1_v0_selected_current_only_v2_current_only_v2_s11,125000,0.2783504128456116,0.2783504128456116,-4.0745362639427185e-10,0.0,1.0,0.05615093559026718,
SafetyPointGoal1-v0,current_only_v2,starv2_core_100k_SafetyPointGoal1_v0_selected_current_only_v2_current_only_v2_s11,130000,0.2837822437286377,0.2837822437286377,3.7834979593753815e-10,1.0,1.0,0.051276084035634995,
SafetyPointGoal1-v0,current_only_v2,starv2_core_100k_SafetyPointGoal1_v0_selected_current_only_v2_current_only_v2_s11,135000,0.3233236074447632,0.3233236074447632,-7.8580342233181e-10,0.0,1.0,0.06389464437961578,
SafetyPointGoal1-v0,current_only_v2,starv2_core_100k_SafetyPointGoal1_v0_selected_current_only_v2_current_only_v2_s11,140000,0.27118411660194397,0.27118411660194397,-2.9103830456733704e-11,0.0,1.0,0.040263473987579346,
SafetyPointGoal1-v0,current_only_v2,starv2_core_100k_SafetyPointGoal1_v0_selected_current_only_v2_current_only_v2_s11,145000,0.28506165742874146,0.28506165742874146,9.604264050722122e-10,1.0,1.0,0.04760013520717621,
SafetyPointGoal1-v0,current_only_v2,starv2_core_100k_SafetyPointGoal1_v0_selected_current_only_v2_current_only_v2_s11,150000,0.2851794958114624,0.2851794958114624,0.0,0.0,1.0,0.047973982989788055,
SafetyPointGoal1-v0,current_only_v2,starv2_core_100k_SafetyPointGoal1_v0_selected_current_only_v2_current_only_v2_s11,155000,0.30862197279930115,0.30862197279930115,4.656612873077393e-10,1.0,1.0,0.056396082043647766,
SafetyPointGoal1-v0,current_only_v2,starv2_core_100k_SafetyPointGoal1_v0_selected_current_only_v2_current_only_v2_s11,160000,0.306528240442276,0.306528240442276,1.1641532182693481e-10,1.0,1.0,0.05483412370085716,
SafetyPointGoal1-v0,current_only_v2,starv2_core_100k_SafetyPointGoal1_v0_selected_current_only_v2_current_only_v2_s11,165000,0.31122592091560364,0.31122592091560364,-4.3655745685100555e-10,0.0,1.0,0.057962387800216675,
SafetyPointGoal1-v0,current_only_v2,starv2_core_100k_SafetyPointGoal1_v0_selected_current_only_v2_current_only_v2_s11,170000,0.3302955627441406,0.3302955627441406,-9.604264050722122e-10,0.0,1.0,0.06489522755146027,
SafetyPointGoal1-v0,current_only_v2,starv2_core_100k_SafetyPointGoal1_v0_selected_current_only_v2_current_only_v2_s11,175000,0.3190329670906067,0.3190329670906067,4.656612873077393e-10,1.0,1.0,0.059733591973781586,
SafetyPointGoal1-v0,current_only_v2,starv2_core_100k_SafetyPointGoal1_v0_selected_current_only_v2_current_only_v2_s11,180000,0.30307942628860474,0.30307942628860474,-6.693881005048752e-10,0.0,1.0,0.04776499792933464,
SafetyPointGoal1-v0,current_only_v2,starv2_core_100k_SafetyPointGoal1_v0_selected_current_only_v2_current_only_v2_s11,185000,0.30444103479385376,0.30444103479385376,5.238689482212067e-10,1.0,1.0,0.056015271693468094,
SafetyPointGoal1-v0,current_only_v2,starv2_core_100k_SafetyPointGoal1_v0_selected_current_only_v2_current_only_v2_s11,190000,0.33319714665412903,0.33319714665412903,-3.7834979593753815e-10,0.0,1.0,0.06298992037773132,
SafetyPointGoal1-v0,current_only_v2,starv2_core_100k_SafetyPointGoal1_v0_selected_current_only_v2_current_only_v2_s11,195000,0.3461846709251404,0.3461846709251404,2.6193447411060333e-10,1.0,1.0,0.07012203335762024,
SafetyPointGoal1-v0,current_only_v2,starv2_core_100k_SafetyPointGoal1_v0_selected_current_only_v2_current_only_v2_s11,200000,0.3286300599575043,0.3286300599575043,-3.4924596548080444e-10,0.0,1.0,0.06087397411465645,
SafetyPointGoal1-v0,current_only_v2,starv2_core_100k_SafetyPointGoal1_v0_selected_current_only_v2_current_only_v2_s11,205000,0.3286314606666565,0.3286314606666565,-7.8580342233181e-10,0.0,1.0,0.055274173617362976,
SafetyPointGoal1-v0,current_only_v2,starv2_core_100k_SafetyPointGoal1_v0_selected_current_only_v2_current_only_v2_s11,210000,0.34647321701049805,0.34647321701049805,-1.7462298274040222e-10,0.0,1.0,0.07121354341506958,
SafetyPointGoal1-v0,current_only_v2,starv2_core_100k_SafetyPointGoal1_v0_selected_current_only_v2_current_only_v2_s11,215000,0.311215877532959,0.311215877532959,5.238689482212067e-10,1.0,1.0,0.04288260638713837,
SafetyPointGoal1-v0,current_only_v2,starv2_core_100k_SafetyPointGoal1_v0_selected_current_only_v2_current_only_v2_s11,220000,0.340135395526886,0.340135395526886,-6.402842700481415e-10,0.0,1.0,0.06707361340522766,
SafetyPointGoal1-v0,current_only_v2,starv2_core_100k_SafetyPointGoal1_v0_selected_current_only_v2_current_only_v2_s11,225000,0.3131042718887329,0.3131042718887329,2.9103830456733704e-10,1.0,1.0,0.050937097519636154,
SafetyPointGoal1-v0,current_only_v2,starv2_core_100k_SafetyPointGoal1_v0_selected_current_only_v2_current_only_v2_s11,230000,0.30748850107192993,0.30748850107192993,1.076841726899147e-09,1.0,1.0,0.044409483671188354,
SafetyPointGoal1-v0,current_only_v2,starv2_core_100k_SafetyPointGoal1_v0_selected_current_only_v2_current_only_v2_s11,235000,0.3060663342475891,0.3060663342475891,7.275957614183426e-10,1.0,1.0,0.056512024253606796,
SafetyPointGoal1-v0,current_only_v2,starv2_core_100k_SafetyPointGoal1_v0_selected_current_only_v2_current_only_v2_s11,240000,0.2804698348045349,0.2804698348045349,-1.1641532182693481e-10,0.0,1.0,0.044387392699718475,
SafetyPointGoal1-v0,current_only_v2,starv2_core_100k_SafetyPointGoal1_v0_selected_current_only_v2_current_only_v2_s11,245000,0.34569495916366577,0.34569495916366577,3.4924596548080444e-10,1.0,1.0,0.07261185348033905,
SafetyPointGoal1-v0,current_only_v2,starv2_core_100k_SafetyPointGoal1_v0_selected_current_only_v2_current_only_v2_s11,250000,0.28992024064064026,0.28992024064064026,-2.9103830456733704e-10,0.0,1.0,0.04238470643758774,
SafetyPointGoal1-v0,current_only_v2,starv2_core_100k_SafetyPointGoal1_v0_selected_current_only_v2_current_only_v2_s11,255000,0.3049851655960083,0.3049851655960083,2.0372681319713593e-10,1.0,1.0,0.0402904637157917,
SafetyPointGoal1-v0,current_only_v2,starv2_core_100k_SafetyPointGoal1_v0_selected_current_only_v2_current_only_v2_s11,260000,0.30698156356811523,0.30698156356811523,-6.111804395914078e-10,0.0,1.0,0.04808048903942108,
SafetyPointGoal1-v0,current_only_v2,starv2_core_100k_SafetyPointGoal1_v0_selected_current_only_v2_current_only_v2_s11,265000,0.2954813241958618,0.2954813241958618,-1.1641532182693481e-10,0.0,1.0,0.04629519581794739,
SafetyPointGoal1-v0,current_only_v2,starv2_core_100k_SafetyPointGoal1_v0_selected_current_only_v2_current_only_v2_s11,270000,0.3140851855278015,0.3140851855278015,5.820766091346741e-10,1.0,1.0,0.053818538784980774,
SafetyPointGoal1-v0,current_only_v2,starv2_core_100k_SafetyPointGoal1_v0_selected_current_only_v2_current_only_v2_s11,275000,0.31045395135879517,0.31045395135879517,2.9103830456733704e-11,1.0,1.0,0.05075514316558838,
SafetyPointGoal1-v0,current_only_v2,starv2_core_100k_SafetyPointGoal1_v0_selected_current_only_v2_current_only_v2_s11,280000,0.3022644519805908,0.3022644519805908,-2.6193447411060333e-10,0.0,1.0,0.040502723306417465,
SafetyPointGoal1-v0,current_only_v2,starv2_core_100k_SafetyPointGoal1_v0_selected_current_only_v2_current_only_v2_s11,285000,0.3077109456062317,0.3077109456062317,-5.820766091346741e-11,0.0,1.0,0.04562435299158096,
SafetyPointGoal1-v0,current_only_v2,starv2_core_100k_SafetyPointGoal1_v0_selected_current_only_v2_current_only_v2_s11,290000,0.30062752962112427,0.30062752962112427,-1.1641532182693481e-10,0.0,1.0,0.0444972850382328,
SafetyPointGoal1-v0,current_only_v2,starv2_core_100k_SafetyPointGoal1_v0_selected_current_only_v2_current_only_v2_s11,295000,0.31434279680252075,0.31434279680252075,1.7462298274040222e-10,1.0,1.0,0.05216298997402191,
SafetyPointGoal1-v0,current_only_v2,starv2_core_100k_SafetyPointGoal1_v0_selected_current_only_v2_current_only_v2_s12,100000,0.2641100287437439,0.2641100287437439,-8.440110832452774e-10,0.0,1.0,0.05100094527006149,
SafetyPointGoal1-v0,current_only_v2,starv2_core_100k_SafetyPointGoal1_v0_selected_current_only_v2_current_only_v2_s12,105000,0.24755269289016724,0.24755269289016724,-5.820766091346741e-11,0.0,1.0,0.03571382537484169,
SafetyPointGoal1-v0,current_only_v2,starv2_core_100k_SafetyPointGoal1_v0_selected_current_only_v2_current_only_v2_s12,110000,0.2674739956855774,0.2674739956855774,1.4551915228366852e-10,1.0,1.0,0.05522584915161133,
SafetyPointGoal1-v0,current_only_v2,starv2_core_100k_SafetyPointGoal1_v0_selected_current_only_v2_current_only_v2_s12,115000,0.24621237814426422,0.24621237814426422,-5.820766091346741e-10,0.0,1.0,0.04481911659240723,
SafetyPointGoal1-v0,current_only_v2,starv2_core_100k_SafetyPointGoal1_v0_selected_current_only_v2_current_only_v2_s12,120000,0.2674682140350342,0.2674682140350342,-2.9103830456733704e-10,0.0,1.0,0.0478188619017601,
SafetyPointGoal1-v0,current_only_v2,starv2_core_100k_SafetyPointGoal1_v0_selected_current_only_v2_current_only_v2_s12,125000,0.26063039898872375,0.26063039898872375,0.0,0.0,1.0,0.04409033805131912,
SafetyPointGoal1-v0,current_only_v2,starv2_core_100k_SafetyPointGoal1_v0_selected_current_only_v2_current_only_v2_s12,130000,0.2885439991950989,0.2885439991950989,-8.440110832452774e-10,0.0,1.0,0.06047767400741577,
SafetyPointGoal1-v0,current_only_v2,starv2_core_100k_SafetyPointGoal1_v0_selected_current_only_v2_current_only_v2_s12,135000,0.26919007301330566,0.26919007301330566,-1.7462298274040222e-10,0.0,1.0,0.04993145912885666,
SafetyPointGoal1-v0,current_only_v2,starv2_core_100k_SafetyPointGoal1_v0_selected_current_only_v2_current_only_v2_s12,140000,0.2586085796356201,0.25860854983329773,4.0745362639427185e-10,1.0,1.0,0.040260713547468185,
SafetyPointGoal1-v0,current_only_v2,starv2_core_100k_SafetyPointGoal1_v0_selected_current_only_v2_current_only_v2_s12,145000,0.2952144145965576,0.2952144145965576,-9.313225746154785e-10,0.0,1.0,0.051755428314208984,
SafetyPointGoal1-v0,current_only_v2,starv2_core_100k_SafetyPointGoal1_v0_selected_current_only_v2_current_only_v2_s12,150000,0.2761276662349701,0.2761276662349701,-2.9103830456733704e-11,0.0,1.0,0.05131882056593895,
SafetyPointGoal1-v0,current_only_v2,starv2_core_100k_SafetyPointGoal1_v0_selected_current_only_v2_current_only_v2_s12,155000,0.2816944122314453,0.2816944122314453,-2.3283064365386963e-10,0.0,1.0,0.047936320304870605,
SafetyPointGoal1-v0,current_only_v2,starv2_core_100k_SafetyPointGoal1_v0_selected_current_only_v2_current_only_v2_s12,160000,0.25171348452568054,0.25171348452568054,0.0,0.0,1.0,0.03643518686294556,
SafetyPointGoal1-v0,current_only_v2,starv2_core_100k_SafetyPointGoal1_v0_selected_current_only_v2_current_only_v2_s12,165000,0.29926440119743347,0.29926440119743347,-3.4924596548080444e-10,0.0,1.0,0.06101347506046295,
SafetyPointGoal1-v0,current_only_v2,starv2_core_100k_SafetyPointGoal1_v0_selected_current_only_v2_current_only_v2_s12,170000,0.29798823595046997,0.29798823595046997,4.94765117764473e-10,1.0,1.0,0.05185065418481827,
SafetyPointGoal1-v0,current_only_v2,starv2_core_100k_SafetyPointGoal1_v0_selected_current_only_v2_current_only_v2_s12,175000,0.2655014991760254,0.2655014991760254,-2.9103830456733704e-11,0.0,1.0,0.04149646311998367,
SafetyPointGoal1-v0,current_only_v2,starv2_core_100k_SafetyPointGoal1_v0_selected_current_only_v2_current_only_v2_s12,180000,0.29453468322753906,0.29453468322753906,4.3655745685100555e-10,1.0,1.0,0.054465364664793015,
SafetyPointGoal1-v0,current_only_v2,starv2_core_100k_SafetyPointGoal1_v0_selected_current_only_v2_current_only_v2_s12,185000,0.2851526737213135,0.2851526737213135,3.4924596548080444e-10,1.0,1.0,0.05241868644952774,
SafetyPointGoal1-v0,current_only_v2,starv2_core_100k_SafetyPointGoal1_v0_selected_current_only_v2_current_only_v2_s12,190000,0.28778618574142456,0.28778618574142456,4.94765117764473e-10,1.0,1.0,0.05080490931868553,
SafetyPointGoal1-v0,current_only_v2,starv2_core_100k_SafetyPointGoal1_v0_selected_current_only_v2_current_only_v2_s12,195000,0.3135085105895996,0.3135085105895996,5.529727786779404e-10,1.0,1.0,0.06576795876026154,
SafetyPointGoal1-v0,current_only_v2,starv2_core_100k_SafetyPointGoal1_v0_selected_current_only_v2_current_only_v2_s12,200000,0.28369781374931335,0.28369781374931335,1.280568540096283e-09,1.0,1.0,0.05129493772983551,
SafetyPointGoal1-v0,current_only_v2,starv2_core_100k_SafetyPointGoal1_v0_selected_current_only_v2_current_only_v2_s12,205000,0.28849297761917114,0.28849297761917114,-1.7462298274040222e-10,0.0,1.0,0.05599590763449669,
SafetyPointGoal1-v0,current_only_v2,starv2_core_100k_SafetyPointGoal1_v0_selected_current_only_v2_current_only_v2_s12,210000,0.2957158088684082,0.2957158088684082,4.3655745685100555e-10,1.0,1.0,0.05585865676403046,
SafetyPointGoal1-v0,current_only_v2,starv2_core_100k_SafetyPointGoal1_v0_selected_current_only_v2_current_only_v2_s12,215000,0.29916393756866455,0.29916393756866455,-6.111804395914078e-10,0.0,1.0,0.0590524896979332,
SafetyPointGoal1-v0,current_only_v2,starv2_core_100k_SafetyPointGoal1_v0_selected_current_only_v2_current_only_v2_s12,220000,0.31285524368286133,0.31285524368286133,3.7834979593753815e-10,1.0,1.0,0.0617801696062088,
SafetyPointGoal1-v0,current_only_v2,starv2_core_100k_SafetyPointGoal1_v0_selected_current_only_v2_current_only_v2_s12,225000,0.2925075888633728,0.2925075888633728,0.0,0.0,1.0,0.04514705389738083,
SafetyPointGoal1-v0,current_only_v2,starv2_core_100k_SafetyPointGoal1_v0_selected_current_only_v2_current_only_v2_s12,230000,0.310604453086853,0.31060442328453064,-2.9103830456733704e-11,0.0,1.0,0.060663748532533646,
SafetyPointGoal1-v0,current_only_v2,starv2_core_100k_SafetyPointGoal1_v0_selected_current_only_v2_current_only_v2_s12,235000,0.3032180666923523,0.3032180666923523,-1.1059455573558807e-09,0.0,1.0,0.057572055608034134,
SafetyPointGoal1-v0,current_only_v2,starv2_core_100k_SafetyPointGoal1_v0_selected_current_only_v2_current_only_v2_s12,240000,0.2803919315338135,0.2803919315338135,4.0745362639427185e-10,1.0,1.0,0.0426383800804615,
SafetyPointGoal1-v0,current_only_v2,starv2_core_100k_SafetyPointGoal1_v0_selected_current_only_v2_current_only_v2_s12,245000,0.3037329614162445,0.3037329614162445,-4.656612873077393e-10,0.0,1.0,0.04890809953212738,
SafetyPointGoal1-v0,current_only_v2,starv2_core_100k_SafetyPointGoal1_v0_selected_current_only_v2_current_only_v2_s12,250000,0.2838432192802429,0.2838432192802429,-2.9103830456733704e-11,0.0,1.0,0.041369374841451645,
SafetyPointGoal1-v0,current_only_v2,starv2_core_100k_SafetyPointGoal1_v0_selected_current_only_v2_current_only_v2_s12,255000,0.30470091104507446,0.30470091104507446,-1.0186340659856796e-09,0.0,1.0,0.05654480308294296,
SafetyPointGoal1-v0,current_only_v2,starv2_core_100k_SafetyPointGoal1_v0_selected_current_only_v2_current_only_v2_s12,260000,0.29977643489837646,0.29977643489837646,-5.820766091346741e-11,0.0,1.0,0.05030154436826706,
SafetyPointGoal1-v0,current_only_v2,starv2_core_100k_SafetyPointGoal1_v0_selected_current_only_v2_current_only_v2_s12,265000,0.2773270606994629,0.2773270606994629,-5.820766091346741e-11,0.0,1.0,0.0390382744371891,
SafetyPointGoal1-v0,current_only_v2,starv2_core_100k_SafetyPointGoal1_v0_selected_current_only_v2_current_only_v2_s12,270000,0.25241661071777344,0.25241661071777344,-6.693881005048752e-10,0.0,1.0,0.034805260598659515,
SafetyPointGoal1-v0,current_only_v2,starv2_core_100k_SafetyPointGoal1_v0_selected_current_only_v2_current_only_v2_s12,275000,0.2879437208175659,0.2879437208175659,6.693881005048752e-10,1.0,1.0,0.04466508701443672,
SafetyPointGoal1-v0,current_only_v2,starv2_core_100k_SafetyPointGoal1_v0_selected_current_only_v2_current_only_v2_s12,280000,0.3008488416671753,0.3008488416671753,-1.1350493878126144e-09,0.0,1.0,0.051324211061000824,
SafetyPointGoal1-v0,current_only_v2,starv2_core_100k_SafetyPointGoal1_v0_selected_current_only_v2_current_only_v2_s12,285000,0.2916160523891449,0.2916160523891449,-1.7462298274040222e-10,0.0,1.0,0.051623016595840454,
SafetyPointGoal1-v0,current_only_v2,starv2_core_100k_SafetyPointGoal1_v0_selected_current_only_v2_current_only_v2_s12,290000,0.3208800256252289,0.3208800256252289,-5.820766091346741e-11,0.0,1.0,0.059504296630620956,
SafetyPointGoal1-v0,current_only_v2,starv2_core_100k_SafetyPointGoal1_v0_selected_current_only_v2_current_only_v2_s12,295000,0.34000086784362793,0.34000086784362793,4.0745362639427185e-10,1.0,1.0,0.06427089869976044,
SafetyPointGoal1-v0,current_only_v2,starv2_resume_300k_SafetyPointGoal1_v0_selected_current_only_v2_current_only_v2_s13,5000,5.977066993713379,5.977066993713379,5.587935447692871e-09,1.0,1.0,5.482818603515625,
SafetyPointGoal1-v0,current_only_v2,starv2_resume_300k_SafetyPointGoal1_v0_selected_current_only_v2_current_only_v2_s13,10000,0.39243149757385254,0.39243149757385254,-3.7834979593753815e-10,0.0,1.0,0.05972719565033913,
SafetyPointGoal1-v0,current_only_v2,starv2_resume_300k_SafetyPointGoal1_v0_selected_current_only_v2_current_only_v2_s13,15000,0.18350639939308167,0.18350639939308167,3.4924596548080444e-10,1.0,1.0,0.02265634573996067,
SafetyPointGoal1-v0,current_only_v2,starv2_resume_300k_SafetyPointGoal1_v0_selected_current_only_v2_current_only_v2_s13,20000,0.16517561674118042,0.16517560184001923,5.238689482212067e-10,1.0,1.0,0.036752849817276,
SafetyPointGoal1-v0,current_only_v2,starv2_resume_300k_SafetyPointGoal1_v0_selected_current_only_v2_current_only_v2_s13,25000,0.16871462762355804,0.16871462762355804,7.8580342233181e-10,1.0,1.0,0.049094729125499725,
SafetyPointGoal1-v0,current_only_v2,starv2_resume_300k_SafetyPointGoal1_v0_selected_current_only_v2_current_only_v2_s13,30000,0.21266698837280273,0.21266700327396393,-5.093170329928398e-11,0.0,1.0,0.05422259867191315,
SafetyPointGoal1-v0,current_only_v2,starv2_resume_300k_SafetyPointGoal1_v0_selected_current_only_v2_current_only_v2_s13,35000,0.2331988513469696,0.2331988513469696,-5.093170329928398e-10,0.0,1.0,0.04981347173452377,
SafetyPointGoal1-v0,current_only_v2,starv2_resume_300k_SafetyPointGoal1_v0_selected_current_only_v2_current_only_v2_s13,40000,0.22038449347019196,0.22038449347019196,-2.15550244320184e-10,0.0,1.0,0.0535687580704689,
SafetyPointGoal1-v0,current_only_v2,starv2_resume_300k_SafetyPointGoal1_v0_selected_current_only_v2_current_only_v2_s13,45000,0.16008809208869934,0.16008809208869934,-4.147295840084553e-10,0.0,1.0,0.020117223262786865,
SafetyPointGoal1-v0,current_only_v2,starv2_resume_300k_SafetyPointGoal1_v0_selected_current_only_v2_current_only_v2_s13,50000,0.16745835542678833,0.16745835542678833,1.4551915228366852e-10,1.0,1.0,0.03034653514623642,
SafetyPointGoal1-v0,current_only_v2,starv2_resume_300k_SafetyPointGoal1_v0_selected_current_only_v2_current_only_v2_s13,55000,0.24271410703659058,0.24271410703659058,4.656612873077393e-10,1.0,1.0,0.057757191359996796,
SafetyPointGoal1-v0,current_only_v2,starv2_resume_300k_SafetyPointGoal1_v0_selected_current_only_v2_current_only_v2_s13,60000,0.23532439768314362,0.23532439768314362,-1.7462298274040222e-10,0.0,1.0,0.045545533299446106,
SafetyPointGoal1-v0,current_only_v2,starv2_resume_300k_SafetyPointGoal1_v0_selected_current_only_v2_current_only_v2_s13,65000,0.2290673851966858,0.2290673851966858,1.6007106751203537e-10,1.0,1.0,0.03839896246790886,
SafetyPointGoal1-v0,current_only_v2,starv2_resume_300k_SafetyPointGoal1_v0_selected_current_only_v2_current_only_v2_s13,70000,0.2676367163658142,0.2676367163658142,-6.402842700481415e-10,0.0,1.0,0.04080648720264435,
SafetyPointGoal1-v0,current_only_v2,starv2_resume_300k_SafetyPointGoal1_v0_selected_current_only_v2_current_only_v2_s13,75000,0.26513034105300903,0.26513034105300903,-1.1641532182693481e-10,0.0,1.0,0.03916062414646149,
SafetyPointGoal1-v0,current_only_v2,starv2_resume_300k_SafetyPointGoal1_v0_selected_current_only_v2_current_only_v2_s13,80000,0.27273184061050415,0.27273184061050415,1.1641532182693481e-10,1.0,1.0,0.03412004932761192,
SafetyPointGoal1-v0,current_only_v2,starv2_resume_300k_SafetyPointGoal1_v0_selected_current_only_v2_current_only_v2_s13,85000,0.27090856432914734,0.27090856432914734,-2.0372681319713593e-10,0.0,1.0,0.03480622544884682,
SafetyPointGoal1-v0,current_only_v2,starv2_resume_300k_SafetyPointGoal1_v0_selected_current_only_v2_current_only_v2_s13,90000,0.266828715801239,0.266828715801239,-7.566995918750763e-10,0.0,1.0,0.035690028220415115,
SafetyPointGoal1-v0,current_only_v2,starv2_resume_300k_SafetyPointGoal1_v0_selected_current_only_v2_current_only_v2_s13,95000,0.2560843229293823,0.2560843229293823,-1.4551915228366852e-10,0.0,1.0,0.038264378905296326,
SafetyPointGoal1-v0,current_only_v2,starv2_resume_300k_SafetyPointGoal1_v0_selected_current_only_v2_current_only_v2_s13,100000,0.2791290283203125,0.2791290283203125,9.458744898438454e-11,1.0,1.0,0.05073803663253784,
SafetyPointGoal1-v0,current_only_v2,starv2_resume_300k_SafetyPointGoal1_v0_selected_current_only_v2_current_only_v2_s13,105000,0.25569847226142883,0.25569847226142883,-3.2014213502407074e-10,0.0,1.0,0.0399746298789978,
SafetyPointGoal1-v0,current_only_v2,starv2_resume_300k_SafetyPointGoal1_v0_selected_current_only_v2_current_only_v2_s13,110000,0.2616921067237854,0.2616921067237854,-6.984919309616089e-10,0.0,1.0,0.0353042371571064,
SafetyPointGoal1-v0,current_only_v2,starv2_resume_300k_SafetyPointGoal1_v0_selected_current_only_v2_current_only_v2_s13,115000,0.30157583951950073,0.30157583951950073,-1.2223608791828156e-09,0.0,1.0,0.05812551826238632,
SafetyPointGoal1-v0,current_only_v2,starv2_resume_300k_SafetyPointGoal1_v0_selected_current_only_v2_current_only_v2_s13,120000,0.3080706298351288,0.3080706000328064,4.94765117764473e-10,1.0,1.0,0.06305094063282013,
SafetyPointGoal1-v0,current_only_v2,starv2_resume_300k_SafetyPointGoal1_v0_selected_current_only_v2_current_only_v2_s13,125000,0.27465078234672546,0.27465078234672546,1.4551915228366852e-10,1.0,1.0,0.0392816886305809,
SafetyPointGoal1-v0,current_only_v2,starv2_resume_300k_SafetyPointGoal1_v0_selected_current_only_v2_current_only_v2_s13,130000,0.24959346652030945,0.24959346652030945,9.022187441587448e-10,1.0,1.0,0.04387402907013893,
SafetyPointGoal1-v0,current_only_v2,starv2_resume_300k_SafetyPointGoal1_v0_selected_current_only_v2_current_only_v2_s13,135000,0.2700110375881195,0.2700110375881195,1.4551915228366852e-10,1.0,1.0,0.03527195006608963,
SafetyPointGoal1-v0,current_only_v2,starv2_resume_300k_SafetyPointGoal1_v0_selected_current_only_v2_current_only_v2_s13,140000,0.2652129530906677,0.2652129530906677,1.4551915228366852e-10,1.0,1.0,0.047340650111436844,
SafetyPointGoal1-v0,current_only_v2,starv2_resume_300k_SafetyPointGoal1_v0_selected_current_only_v2_current_only_v2_s13,145000,0.2767047882080078,0.2767047882080078,3.7834979593753815e-10,1.0,1.0,0.045824743807315826,
SafetyPointGoal1-v0,current_only_v2,starv2_resume_300k_SafetyPointGoal1_v0_selected_current_only_v2_current_only_v2_s13,150000,0.29596614837646484,0.29596614837646484,-4.656612873077393e-10,0.0,1.0,0.053726859390735626,
SafetyPointGoal1-v0,current_only_v2,starv2_resume_300k_SafetyPointGoal1_v0_selected_current_only_v2_current_only_v2_s13,155000,0.27367258071899414,0.27367258071899414,6.402842700481415e-10,1.0,1.0,0.04086413234472275,
SafetyPointGoal1-v0,current_only_v2,starv2_resume_300k_SafetyPointGoal1_v0_selected_current_only_v2_current_only_v2_s13,160000,0.2984561324119568,0.2984561324119568,1.7462298274040222e-10,1.0,1.0,0.0523800402879715,
SafetyPointGoal1-v0,current_only_v2,starv2_resume_300k_SafetyPointGoal1_v0_selected_current_only_v2_current_only_v2_s13,165000,0.3060986399650574,0.3060986399650574,9.604264050722122e-10,1.0,1.0,0.05211247503757477,
SafetyPointGoal1-v0,current_only_v2,starv2_resume_300k_SafetyPointGoal1_v0_selected_current_only_v2_current_only_v2_s13,170000,0.3067206144332886,0.3067206144332886,-3.7834979593753815e-10,0.0,1.0,0.04931909590959549,
SafetyPointGoal1-v0,current_only_v2,starv2_resume_300k_SafetyPointGoal1_v0_selected_current_only_v2_current_only_v2_s13,175000,0.25513213872909546,0.25513213872909546,-4.3655745685100555e-10,0.0,1.0,0.02514595165848732,
SafetyPointGoal1-v0,current_only_v2,starv2_resume_300k_SafetyPointGoal1_v0_selected_current_only_v2_current_only_v2_s13,180000,0.2704929709434509,0.2704929709434509,-1.4551915228366852e-10,0.0,1.0,0.03987400233745575,
SafetyPointGoal1-v0,current_only_v2,starv2_resume_300k_SafetyPointGoal1_v0_selected_current_only_v2_current_only_v2_s13,185000,0.3044750392436981,0.3044750392436981,-4.0745362639427185e-10,0.0,1.0,0.05112505704164505,
SafetyPointGoal1-v0,current_only_v2,starv2_resume_300k_SafetyPointGoal1_v0_selected_current_only_v2_current_only_v2_s13,190000,0.3146563172340393,0.3146563172340393,6.693881005048752e-10,1.0,1.0,0.05641201511025429,
SafetyPointGoal1-v0,current_only_v2,starv2_resume_300k_SafetyPointGoal1_v0_selected_current_only_v2_current_only_v2_s13,195000,0.30663591623306274,0.30663591623306274,-3.4924596548080444e-10,0.0,1.0,0.05257681757211685,
SafetyPointGoal1-v0,current_only_v2,starv2_resume_300k_SafetyPointGoal1_v0_selected_current_only_v2_current_only_v2_s13,200000,0.3190080523490906,0.3190080523490906,-4.0745362639427185e-10,0.0,1.0,0.06287024915218353,
SafetyPointGoal1-v0,current_only_v2,starv2_resume_300k_SafetyPointGoal1_v0_selected_current_only_v2_current_only_v2_s13,205000,0.27121254801750183,0.27121254801750183,-2.9103830456733704e-10,0.0,1.0,0.03913368284702301,
SafetyPointGoal1-v0,current_only_v2,starv2_resume_300k_SafetyPointGoal1_v0_selected_current_only_v2_current_only_v2_s13,210000,0.2870207726955414,0.2870207726955414,5.238689482212067e-10,1.0,1.0,0.04648907482624054,
SafetyPointGoal1-v0,current_only_v2,starv2_resume_300k_SafetyPointGoal1_v0_selected_current_only_v2_current_only_v2_s13,215000,0.308239609003067,0.308239609003067,6.984919309616089e-10,1.0,1.0,0.05317837744951248,
SafetyPointGoal1-v0,current_only_v2,starv2_resume_300k_SafetyPointGoal1_v0_selected_current_only_v2_current_only_v2_s13,220000,0.2995973527431488,0.2995973527431488,-5.820766091346741e-10,0.0,1.0,0.059117794036865234,
SafetyPointGoal1-v0,current_only_v2,starv2_resume_300k_SafetyPointGoal1_v0_selected_current_only_v2_current_only_v2_s13,225000,0.29391714930534363,0.29391714930534363,4.3655745685100555e-10,1.0,1.0,0.04920486360788345,
SafetyPointGoal1-v0,current_only_v2,starv2_resume_300k_SafetyPointGoal1_v0_selected_current_only_v2_current_only_v2_s13,230000,0.2782072424888611,0.2782072424888611,1.4551915228366852e-10,1.0,1.0,0.038257986307144165,
SafetyPointGoal1-v0,current_only_v2,starv2_resume_300k_SafetyPointGoal1_v0_selected_current_only_v2_current_only_v2_s13,235000,0.3003465533256531,0.3003465533256531,-1.4551915228366852e-10,0.0,1.0,0.04712039232254028,
SafetyPointGoal1-v0,current_only_v2,starv2_resume_300k_SafetyPointGoal1_v0_selected_current_only_v2_current_only_v2_s13,240000,0.3191361427307129,0.3191361427307129,1.3387762010097504e-09,1.0,1.0,0.057089485228061676,
SafetyPointGoal1-v0,current_only_v2,starv2_resume_300k_SafetyPointGoal1_v0_selected_current_only_v2_current_only_v2_s13,245000,0.3244384825229645,0.3244384825229645,-2.9103830456733704e-10,0.0,1.0,0.060723401606082916,
SafetyPointGoal1-v0,current_only_v2,starv2_resume_300k_SafetyPointGoal1_v0_selected_current_only_v2_current_only_v2_s13,250000,0.29005080461502075,0.29005080461502075,8.440110832452774e-10,1.0,1.0,0.039191994816064835,
SafetyPointGoal1-v0,current_only_v2,starv2_resume_300k_SafetyPointGoal1_v0_selected_current_only_v2_current_only_v2_s13,255000,0.32466834783554077,0.32466834783554077,-1.1641532182693481e-10,0.0,1.0,0.05808304250240326,
SafetyPointGoal1-v0,current_only_v2,starv2_resume_300k_SafetyPointGoal1_v0_selected_current_only_v2_current_only_v2_s13,260000,0.3042408227920532,0.3042408227920532,0.0,0.0,1.0,0.049468204379081726,
SafetyPointGoal1-v0,current_only_v2,starv2_resume_300k_SafetyPointGoal1_v0_selected_current_only_v2_current_only_v2_s13,265000,0.2901621460914612,0.2901621460914612,-4.0745362639427185e-10,0.0,1.0,0.03754182532429695,
SafetyPointGoal1-v0,current_only_v2,starv2_resume_300k_SafetyPointGoal1_v0_selected_current_only_v2_current_only_v2_s13,270000,0.3030562996864319,0.3030562996864319,-2.9103830456733704e-10,0.0,1.0,0.048974014818668365,
SafetyPointGoal1-v0,current_only_v2,starv2_resume_300k_SafetyPointGoal1_v0_selected_current_only_v2_current_only_v2_s13,275000,0.31825780868530273,0.31825780868530273,3.2014213502407074e-10,1.0,1.0,0.06733986735343933,
SafetyPointGoal1-v0,current_only_v2,starv2_resume_300k_SafetyPointGoal1_v0_selected_current_only_v2_current_only_v2_s13,280000,0.2989720106124878,0.2989720106124878,-6.402842700481415e-10,0.0,1.0,0.0489128977060318,
SafetyPointGoal1-v0,current_only_v2,starv2_resume_300k_SafetyPointGoal1_v0_selected_current_only_v2_current_only_v2_s13,285000,0.33485710620880127,0.33485710620880127,-2.3283064365386963e-10,0.0,1.0,0.071894571185112,
SafetyPointGoal1-v0,current_only_v2,starv2_resume_300k_SafetyPointGoal1_v0_selected_current_only_v2_current_only_v2_s13,290000,0.3316223621368408,0.33162233233451843,2.9103830456733704e-10,1.0,1.0,0.06316318362951279,
SafetyPointGoal1-v0,current_only_v2,starv2_resume_300k_SafetyPointGoal1_v0_selected_current_only_v2_current_only_v2_s13,295000,0.3188440203666687,0.3188440203666687,-4.0745362639427185e-10,0.0,1.0,0.048379749059677124,
SafetyPointGoal1-v0,current_only_v2,starv2_resume_300k_SafetyPointGoal1_v0_selected_current_only_v2_current_only_v2_s14,5000,6.2682013511657715,6.2682013511657715,-1.862645149230957e-09,0.0,1.0,5.771333694458008,
SafetyPointGoal1-v0,current_only_v2,starv2_resume_300k_SafetyPointGoal1_v0_selected_current_only_v2_current_only_v2_s14,10000,0.3564150035381317,0.3564150035381317,9.89530235528946e-10,1.0,1.0,0.027495883405208588,
SafetyPointGoal1-v0,current_only_v2,starv2_resume_300k_SafetyPointGoal1_v0_selected_current_only_v2_current_only_v2_s14,15000,0.1760009527206421,0.1760009527206421,2.9103830456733704e-11,1.0,1.0,0.017463700845837593,
SafetyPointGoal1-v0,current_only_v2,starv2_resume_300k_SafetyPointGoal1_v0_selected_current_only_v2_current_only_v2_s14,20000,0.104593925178051,0.104593925178051,2.3283064365386963e-10,1.0,1.0,0.017271460965275764,
SafetyPointGoal1-v0,current_only_v2,starv2_resume_300k_SafetyPointGoal1_v0_selected_current_only_v2_current_only_v2_s14,25000,0.04741706699132919,0.04741706699132919,1.3460521586239338e-10,1.0,1.0,0.00567689398303628,
SafetyPointGoal1-v0,current_only_v2,starv2_resume_300k_SafetyPointGoal1_v0_selected_current_only_v2_current_only_v2_s14,30000,0.08325842022895813,0.08325842022895813,1.964508555829525e-10,1.0,1.0,0.017229191958904266,
SafetyPointGoal1-v0,current_only_v2,starv2_resume_300k_SafetyPointGoal1_v0_selected_current_only_v2_current_only_v2_s14,35000,0.09427224844694138,0.09427224844694138,5.093170329928398e-11,1.0,1.0,0.018694378435611725,
SafetyPointGoal1-v0,current_only_v2,starv2_resume_300k_SafetyPointGoal1_v0_selected_current_only_v2_current_only_v2_s14,40000,0.13860473036766052,0.13860473036766052,-3.4924596548080444e-10,0.0,1.0,0.025216761976480484,
SafetyPointGoal1-v0,current_only_v2,starv2_resume_300k_SafetyPointGoal1_v0_selected_current_only_v2_current_only_v2_s14,45000,0.1769806295633316,0.1769806295633316,0.0,0.0,1.0,0.015193087980151176,
SafetyPointGoal1-v0,current_only_v2,starv2_resume_300k_SafetyPointGoal1_v0_selected_current_only_v2_current_only_v2_s14,50000,0.2113828957080841,0.2113828957080841,-2.3283064365386963e-10,0.0,1.0,0.022972198203206062,
SafetyPointGoal1-v0,current_only_v2,starv2_resume_300k_SafetyPointGoal1_v0_selected_current_only_v2_current_only_v2_s14,55000,0.17631852626800537,0.17631852626800537,3.2014213502407074e-10,1.0,1.0,0.017495401203632355,
SafetyPointGoal1-v0,current_only_v2,starv2_resume_300k_SafetyPointGoal1_v0_selected_current_only_v2_current_only_v2_s14,60000,0.1741223782300949,0.1741223782300949,1.7462298274040222e-10,1.0,1.0,0.018451014533638954,
SafetyPointGoal1-v0,current_only_v2,starv2_resume_300k_SafetyPointGoal1_v0_selected_current_only_v2_current_only_v2_s14,65000,0.17656578123569489,0.17656579613685608,-4.802132025361061e-10,0.0,1.0,0.014423834159970284,
SafetyPointGoal1-v0,current_only_v2,starv2_resume_300k_SafetyPointGoal1_v0_selected_current_only_v2_current_only_v2_s14,70000,0.2169584333896637,0.2169584333896637,-4.3655745685100555e-11,0.0,1.0,0.02651252970099449,
SafetyPointGoal1-v0,current_only_v2,starv2_resume_300k_SafetyPointGoal1_v0_selected_current_only_v2_current_only_v2_s14,75000,0.23474499583244324,0.23474499583244324,-2.0372681319713593e-10,0.0,1.0,0.035024356096982956,
SafetyPointGoal1-v0,current_only_v2,starv2_resume_300k_SafetyPointGoal1_v0_selected_current_only_v2_current_only_v2_s14,80000,0.22539979219436646,0.22539979219436646,-3.7834979593753815e-10,0.0,1.0,0.027756791561841965,
SafetyPointGoal1-v0,current_only_v2,starv2_resume_300k_SafetyPointGoal1_v0_selected_current_only_v2_current_only_v2_s14,85000,0.26816391944885254,0.26816391944885254,2.9103830456733704e-10,1.0,1.0,0.04074490815401077,
SafetyPointGoal1-v0,current_only_v2,starv2_resume_300k_SafetyPointGoal1_v0_selected_current_only_v2_current_only_v2_s14,90000,0.277210533618927,0.277210533618927,2.9103830456733704e-11,1.0,1.0,0.04795072600245476,
SafetyPointGoal1-v0,current_only_v2,starv2_resume_300k_SafetyPointGoal1_v0_selected_current_only_v2_current_only_v2_s14,95000,0.2543832063674927,0.2543832063674927,-5.238689482212067e-10,0.0,1.0,0.039781928062438965,
SafetyPointGoal1-v0,current_only_v2,starv2_resume_300k_SafetyPointGoal1_v0_selected_current_only_v2_current_only_v2_s14,100000,0.23845452070236206,0.23845452070236206,-2.9103830456733704e-11,0.0,1.0,0.030789580196142197,
SafetyPointGoal1-v0,current_only_v2,starv2_resume_300k_SafetyPointGoal1_v0_selected_current_only_v2_current_only_v2_s14,105000,0.25878676772117615,0.25878676772117615,-5.820766091346741e-10,0.0,1.0,0.04072441905736923,
SafetyPointGoal1-v0,current_only_v2,starv2_resume_300k_SafetyPointGoal1_v0_selected_current_only_v2_current_only_v2_s14,110000,0.266108900308609,0.266108900308609,0.0,0.0,1.0,0.03910134360194206,
SafetyPointGoal1-v0,current_only_v2,starv2_resume_300k_SafetyPointGoal1_v0_selected_current_only_v2_current_only_v2_s14,115000,0.2456728219985962,0.2456728219985962,3.2014213502407074e-10,1.0,1.0,0.027296196669340134,
SafetyPointGoal1-v0,current_only_v2,starv2_resume_300k_SafetyPointGoal1_v0_selected_current_only_v2_current_only_v2_s14,120000,0.287129670381546,0.287129670381546,-2.9103830456733704e-10,0.0,1.0,0.04834900051355362,
SafetyPointGoal1-v0,current_only_v2,starv2_resume_300k_SafetyPointGoal1_v0_selected_current_only_v2_current_only_v2_s14,125000,0.2983739376068115,0.2983739376068115,4.94765117764473e-10,1.0,1.0,0.05157444253563881,
SafetyPointGoal1-v0,current_only_v2,starv2_resume_300k_SafetyPointGoal1_v0_selected_current_only_v2_current_only_v2_s14,130000,0.27551141381263733,0.27551141381263733,2.3283064365386963e-10,1.0,1.0,0.05137656256556511,
SafetyPointGoal1-v0,current_only_v2,starv2_resume_300k_SafetyPointGoal1_v0_selected_current_only_v2_current_only_v2_s14,135000,0.2691952884197235,0.2691952884197235,4.94765117764473e-10,1.0,1.0,0.03927154466509819,
SafetyPointGoal1-v0,current_only_v2,starv2_resume_300k_SafetyPointGoal1_v0_selected_current_only_v2_current_only_v2_s14,140000,0.2708008289337158,0.2708008289337158,2.6193447411060333e-10,1.0,1.0,0.04388740658760071,
SafetyPointGoal1-v0,current_only_v2,starv2_resume_300k_SafetyPointGoal1_v0_selected_current_only_v2_current_only_v2_s14,145000,0.27356481552124023,0.27356481552124023,-8.731149137020111e-11,0.0,1.0,0.04629695415496826,
SafetyPointGoal1-v0,current_only_v2,starv2_resume_300k_SafetyPointGoal1_v0_selected_current_only_v2_current_only_v2_s14,150000,0.276275098323822,0.276275098323822,1.4551915228366852e-10,1.0,1.0,0.04425035044550896,
SafetyPointGoal1-v0,current_only_v2,starv2_resume_300k_SafetyPointGoal1_v0_selected_current_only_v2_current_only_v2_s14,155000,0.2677730619907379,0.2677730619907379,8.731149137020111e-11,1.0,1.0,0.038254767656326294,
SafetyPointGoal1-v0,current_only_v2,starv2_resume_300k_SafetyPointGoal1_v0_selected_current_only_v2_current_only_v2_s14,160000,0.29453885555267334,0.29453885555267334,2.0372681319713593e-10,1.0,1.0,0.04888499528169632,
SafetyPointGoal1-v0,current_only_v2,starv2_resume_300k_SafetyPointGoal1_v0_selected_current_only_v2_current_only_v2_s14,165000,0.26723459362983704,0.26723459362983704,-5.238689482212067e-10,0.0,1.0,0.03805005922913551,
SafetyPointGoal1-v0,current_only_v2,starv2_resume_300k_SafetyPointGoal1_v0_selected_current_only_v2_current_only_v2_s14,170000,0.292991578578949,0.292991578578949,-1.1350493878126144e-09,0.0,1.0,0.046879928559064865,
SafetyPointGoal1-v0,current_only_v2,starv2_resume_300k_SafetyPointGoal1_v0_selected_current_only_v2_current_only_v2_s14,175000,0.30982476472854614,0.30982476472854614,8.731149137020111e-11,1.0,1.0,0.0614800751209259,
SafetyPointGoal1-v0,current_only_v2,starv2_resume_300k_SafetyPointGoal1_v0_selected_current_only_v2_current_only_v2_s14,180000,0.2912648022174835,0.2912648022174835,-5.820766091346741e-10,0.0,1.0,0.048650119453668594,
SafetyPointGoal1-v0,current_only_v2,starv2_resume_300k_SafetyPointGoal1_v0_selected_current_only_v2_current_only_v2_s14,185000,0.2690332531929016,0.2690332531929016,-2.0372681319713593e-10,0.0,1.0,0.04307921230792999,
SafetyPointGoal1-v0,current_only_v2,starv2_resume_300k_SafetyPointGoal1_v0_selected_current_only_v2_current_only_v2_s14,190000,0.307035356760025,0.307035356760025,5.820766091346741e-11,1.0,1.0,0.05498610436916351,
SafetyPointGoal1-v0,current_only_v2,starv2_resume_300k_SafetyPointGoal1_v0_selected_current_only_v2_current_only_v2_s14,195000,0.3183480501174927,0.3183480501174927,6.984919309616089e-10,1.0,1.0,0.05923517420887947,
SafetyPointGoal1-v0,current_only_v2,starv2_resume_300k_SafetyPointGoal1_v0_selected_current_only_v2_current_only_v2_s14,200000,0.31489086151123047,0.31489086151123047,1.1641532182693481e-10,1.0,1.0,0.05622879043221474,
SafetyPointGoal1-v0,current_only_v2,starv2_resume_300k_SafetyPointGoal1_v0_selected_current_only_v2_current_only_v2_s14,205000,0.29766589403152466,0.29766589403152466,-1.0477378964424133e-09,0.0,1.0,0.04886385798454285,
SafetyPointGoal1-v0,current_only_v2,starv2_resume_300k_SafetyPointGoal1_v0_selected_current_only_v2_current_only_v2_s14,210000,0.2998495101928711,0.2998495101928711,-3.4924596548080444e-10,0.0,1.0,0.04131537675857544,
SafetyPointGoal1-v0,current_only_v2,starv2_resume_300k_SafetyPointGoal1_v0_selected_current_only_v2_current_only_v2_s14,215000,0.2945273816585541,0.2945273816585541,1.7462298274040222e-10,1.0,1.0,0.04942508041858673,
SafetyPointGoal1-v0,current_only_v2,starv2_resume_300k_SafetyPointGoal1_v0_selected_current_only_v2_current_only_v2_s14,220000,0.27460598945617676,0.27460598945617676,2.9103830456733704e-10,1.0,1.0,0.032184988260269165,
SafetyPointGoal1-v0,current_only_v2,starv2_resume_300k_SafetyPointGoal1_v0_selected_current_only_v2_current_only_v2_s14,225000,0.30026257038116455,0.30026257038116455,1.1350493878126144e-09,1.0,1.0,0.0476277694106102,
SafetyPointGoal1-v0,current_only_v2,starv2_resume_300k_SafetyPointGoal1_v0_selected_current_only_v2_current_only_v2_s14,230000,0.3269088566303253,0.3269088566303253,-2.6193447411060333e-10,0.0,1.0,0.06146802753210068,
SafetyPointGoal1-v0,current_only_v2,starv2_resume_300k_SafetyPointGoal1_v0_selected_current_only_v2_current_only_v2_s14,235000,0.2906298041343689,0.2906298041343689,-1.1932570487260818e-09,0.0,1.0,0.038755983114242554,
SafetyPointGoal1-v0,current_only_v2,starv2_resume_300k_SafetyPointGoal1_v0_selected_current_only_v2_current_only_v2_s14,240000,0.30475300550460815,0.30475300550460815,-1.0477378964424133e-09,0.0,1.0,0.05318591371178627,
SafetyPointGoal1-v0,current_only_v2,starv2_resume_300k_SafetyPointGoal1_v0_selected_current_only_v2_current_only_v2_s14,245000,0.3354375958442688,0.3354375958442688,-8.731149137020111e-10,0.0,1.0,0.06681086122989655,
SafetyPointGoal1-v0,current_only_v2,starv2_resume_300k_SafetyPointGoal1_v0_selected_current_only_v2_current_only_v2_s14,250000,0.2880322337150574,0.2880322337150574,4.656612873077393e-10,1.0,1.0,0.04143139719963074,
SafetyPointGoal1-v0,current_only_v2,starv2_resume_300k_SafetyPointGoal1_v0_selected_current_only_v2_current_only_v2_s14,255000,0.28793829679489136,0.28793829679489136,1.6589183360338211e-09,1.0,1.0,0.04098287969827652,
SafetyPointGoal1-v0,current_only_v2,starv2_resume_300k_SafetyPointGoal1_v0_selected_current_only_v2_current_only_v2_s14,260000,0.28883352875709534,0.28883352875709534,4.656612873077393e-10,1.0,1.0,0.04188035428524017,
SafetyPointGoal1-v0,current_only_v2,starv2_resume_300k_SafetyPointGoal1_v0_selected_current_only_v2_current_only_v2_s14,265000,0.311435341835022,0.311435341835022,5.238689482212067e-10,1.0,1.0,0.05350712686777115,
SafetyPointGoal1-v0,current_only_v2,starv2_resume_300k_SafetyPointGoal1_v0_selected_current_only_v2_current_only_v2_s14,270000,0.2784264385700226,0.2784264385700226,5.529727786779404e-10,1.0,1.0,0.037072472274303436,
SafetyPointGoal1-v0,current_only_v2,starv2_resume_300k_SafetyPointGoal1_v0_selected_current_only_v2_current_only_v2_s14,275000,0.2760657072067261,0.2760657072067261,-2.0372681319713593e-10,0.0,1.0,0.03054334595799446,
SafetyPointGoal1-v0,current_only_v2,starv2_resume_300k_SafetyPointGoal1_v0_selected_current_only_v2_current_only_v2_s14,280000,0.31320714950561523,0.31320714950561523,6.984919309616089e-10,1.0,1.0,0.05245516076683998,
SafetyPointGoal1-v0,current_only_v2,starv2_resume_300k_SafetyPointGoal1_v0_selected_current_only_v2_current_only_v2_s14,285000,0.31892895698547363,0.31892895698547363,4.3655745685100555e-10,1.0,1.0,0.059365756809711456,
SafetyPointGoal1-v0,current_only_v2,starv2_resume_300k_SafetyPointGoal1_v0_selected_current_only_v2_current_only_v2_s14,290000,0.293423056602478,0.293423056602478,2.9103830456733704e-10,1.0,1.0,0.043693628162145615,
SafetyPointGoal1-v0,current_only_v2,starv2_resume_300k_SafetyPointGoal1_v0_selected_current_only_v2_current_only_v2_s14,295000,0.3063133955001831,0.3063133955001831,8.731149137020111e-11,1.0,1.0,0.05424947291612625,
SafetyPointGoal1-v0,pointwise_v2,starv2_core_100k_SafetyPointGoal1_v0_selected_pointwise_v2_pointwise_v2_s10,100000,0.0,0.0,0.0,0.0,0.0,0.0,
SafetyPointGoal1-v0,pointwise_v2,starv2_core_100k_SafetyPointGoal1_v0_selected_pointwise_v2_pointwise_v2_s10,105000,0.0,0.0,0.0,0.0,0.0,0.0,
SafetyPointGoal1-v0,pointwise_v2,starv2_core_100k_SafetyPointGoal1_v0_selected_pointwise_v2_pointwise_v2_s10,110000,0.0,0.0,0.0,0.0,0.0,0.0,
SafetyPointGoal1-v0,pointwise_v2,starv2_core_100k_SafetyPointGoal1_v0_selected_pointwise_v2_pointwise_v2_s10,115000,0.0,0.0,0.0,0.0,0.0,0.0,
SafetyPointGoal1-v0,pointwise_v2,starv2_core_100k_SafetyPointGoal1_v0_selected_pointwise_v2_pointwise_v2_s10,120000,0.0,0.0,0.0,0.0,0.0,0.0,
SafetyPointGoal1-v0,pointwise_v2,starv2_core_100k_SafetyPointGoal1_v0_selected_pointwise_v2_pointwise_v2_s10,125000,0.0,0.0,0.0,0.0,0.0,0.0,
SafetyPointGoal1-v0,pointwise_v2,starv2_core_100k_SafetyPointGoal1_v0_selected_pointwise_v2_pointwise_v2_s10,130000,0.0,0.0,0.0,0.0,0.0,0.0,
SafetyPointGoal1-v0,pointwise_v2,starv2_core_100k_SafetyPointGoal1_v0_selected_pointwise_v2_pointwise_v2_s10,135000,0.0,0.0,0.0,0.0,0.0,0.0,
SafetyPointGoal1-v0,pointwise_v2,starv2_core_100k_SafetyPointGoal1_v0_selected_pointwise_v2_pointwise_v2_s10,140000,0.0,0.0,0.0,0.0,0.0,0.0,
SafetyPointGoal1-v0,pointwise_v2,starv2_core_100k_SafetyPointGoal1_v0_selected_pointwise_v2_pointwise_v2_s10,145000,0.0,0.0,0.0,0.0,0.0,0.0,
SafetyPointGoal1-v0,pointwise_v2,starv2_core_100k_SafetyPointGoal1_v0_selected_pointwise_v2_pointwise_v2_s10,150000,0.0,0.0,0.0,0.0,0.0,0.0,
SafetyPointGoal1-v0,pointwise_v2,starv2_core_100k_SafetyPointGoal1_v0_selected_pointwise_v2_pointwise_v2_s10,155000,0.0,0.0,0.0,0.0,0.0,0.0,
SafetyPointGoal1-v0,pointwise_v2,starv2_core_100k_SafetyPointGoal1_v0_selected_pointwise_v2_pointwise_v2_s10,160000,0.0,0.0,0.0,0.0,0.0,0.0,
SafetyPointGoal1-v0,pointwise_v2,starv2_core_100k_SafetyPointGoal1_v0_selected_pointwise_v2_pointwise_v2_s10,165000,0.0,0.0,0.0,0.0,0.0,0.0,
SafetyPointGoal1-v0,pointwise_v2,starv2_core_100k_SafetyPointGoal1_v0_selected_pointwise_v2_pointwise_v2_s10,170000,0.0,0.0,0.0,0.0,0.0,0.0,
SafetyPointGoal1-v0,pointwise_v2,starv2_core_100k_SafetyPointGoal1_v0_selected_pointwise_v2_pointwise_v2_s10,175000,0.0,0.0,0.0,0.0,0.0,0.0,
SafetyPointGoal1-v0,pointwise_v2,starv2_core_100k_SafetyPointGoal1_v0_selected_pointwise_v2_pointwise_v2_s10,180000,0.0,0.0,0.0,0.0,0.0,0.0,
SafetyPointGoal1-v0,pointwise_v2,starv2_core_100k_SafetyPointGoal1_v0_selected_pointwise_v2_pointwise_v2_s10,185000,0.0,0.0,0.0,0.0,0.0,0.0,
SafetyPointGoal1-v0,pointwise_v2,starv2_core_100k_SafetyPointGoal1_v0_selected_pointwise_v2_pointwise_v2_s10,190000,0.0,0.0,0.0,0.0,0.0,0.0,
SafetyPointGoal1-v0,pointwise_v2,starv2_core_100k_SafetyPointGoal1_v0_selected_pointwise_v2_pointwise_v2_s10,195000,0.0,0.0,0.0,0.0,0.0,0.0,
SafetyPointGoal1-v0,pointwise_v2,starv2_core_100k_SafetyPointGoal1_v0_selected_pointwise_v2_pointwise_v2_s10,200000,0.0,0.0,0.0,0.0,0.0,0.0,
SafetyPointGoal1-v0,pointwise_v2,starv2_core_100k_SafetyPointGoal1_v0_selected_pointwise_v2_pointwise_v2_s10,205000,0.0,0.0,0.0,0.0,0.0,0.0,
SafetyPointGoal1-v0,pointwise_v2,starv2_core_100k_SafetyPointGoal1_v0_selected_pointwise_v2_pointwise_v2_s10,210000,0.0,0.0,0.0,0.0,0.0,0.0,
SafetyPointGoal1-v0,pointwise_v2,starv2_core_100k_SafetyPointGoal1_v0_selected_pointwise_v2_pointwise_v2_s10,215000,0.0,0.0,0.0,0.0,0.0,0.0,
SafetyPointGoal1-v0,pointwise_v2,starv2_core_100k_SafetyPointGoal1_v0_selected_pointwise_v2_pointwise_v2_s10,220000,0.0,0.0,0.0,0.0,0.0,0.0,
SafetyPointGoal1-v0,pointwise_v2,starv2_core_100k_SafetyPointGoal1_v0_selected_pointwise_v2_pointwise_v2_s10,225000,0.0,0.0,0.0,0.0,0.0,0.0,
SafetyPointGoal1-v0,pointwise_v2,starv2_core_100k_SafetyPointGoal1_v0_selected_pointwise_v2_pointwise_v2_s10,230000,0.0,0.0,0.0,0.0,0.0,0.0,
SafetyPointGoal1-v0,pointwise_v2,starv2_core_100k_SafetyPointGoal1_v0_selected_pointwise_v2_pointwise_v2_s10,235000,0.0,0.0,0.0,0.0,0.0,0.0,
SafetyPointGoal1-v0,pointwise_v2,starv2_core_100k_SafetyPointGoal1_v0_selected_pointwise_v2_pointwise_v2_s10,240000,0.0,0.0,0.0,0.0,0.0,0.0,
SafetyPointGoal1-v0,pointwise_v2,starv2_core_100k_SafetyPointGoal1_v0_selected_pointwise_v2_pointwise_v2_s10,245000,0.0,0.0,0.0,0.0,0.0,0.0,
SafetyPointGoal1-v0,pointwise_v2,starv2_core_100k_SafetyPointGoal1_v0_selected_pointwise_v2_pointwise_v2_s10,250000,0.0,0.0,0.0,0.0,0.0,0.0,
SafetyPointGoal1-v0,pointwise_v2,starv2_core_100k_SafetyPointGoal1_v0_selected_pointwise_v2_pointwise_v2_s10,255000,0.0,0.0,0.0,0.0,0.0,0.0,
SafetyPointGoal1-v0,pointwise_v2,starv2_core_100k_SafetyPointGoal1_v0_selected_pointwise_v2_pointwise_v2_s10,260000,0.0,0.0,0.0,0.0,0.0,0.0,
SafetyPointGoal1-v0,pointwise_v2,starv2_core_100k_SafetyPointGoal1_v0_selected_pointwise_v2_pointwise_v2_s10,265000,0.0,0.0,0.0,0.0,0.0,0.0,
SafetyPointGoal1-v0,pointwise_v2,starv2_core_100k_SafetyPointGoal1_v0_selected_pointwise_v2_pointwise_v2_s10,270000,0.0,0.0,0.0,0.0,0.0,0.0,
SafetyPointGoal1-v0,pointwise_v2,starv2_core_100k_SafetyPointGoal1_v0_selected_pointwise_v2_pointwise_v2_s10,275000,0.0,0.0,0.0,0.0,0.0,0.0,
SafetyPointGoal1-v0,pointwise_v2,starv2_core_100k_SafetyPointGoal1_v0_selected_pointwise_v2_pointwise_v2_s10,280000,0.0,0.0,0.0,0.0,0.0,0.0,
SafetyPointGoal1-v0,pointwise_v2,starv2_core_100k_SafetyPointGoal1_v0_selected_pointwise_v2_pointwise_v2_s10,285000,0.0,0.0,0.0,0.0,0.0,0.0,
SafetyPointGoal1-v0,pointwise_v2,starv2_core_100k_SafetyPointGoal1_v0_selected_pointwise_v2_pointwise_v2_s10,290000,0.0,0.0,0.0,0.0,0.0,0.0,
SafetyPointGoal1-v0,pointwise_v2,starv2_core_100k_SafetyPointGoal1_v0_selected_pointwise_v2_pointwise_v2_s10,295000,0.0,0.0,0.0,0.0,0.0,0.0,
SafetyPointGoal1-v0,pointwise_v2,starv2_core_100k_SafetyPointGoal1_v0_selected_pointwise_v2_pointwise_v2_s11,100000,0.0,0.0,0.0,0.0,0.0,0.0,
SafetyPointGoal1-v0,pointwise_v2,starv2_core_100k_SafetyPointGoal1_v0_selected_pointwise_v2_pointwise_v2_s11,105000,0.0,0.0,0.0,0.0,0.0,0.0,
SafetyPointGoal1-v0,pointwise_v2,starv2_core_100k_SafetyPointGoal1_v0_selected_pointwise_v2_pointwise_v2_s11,110000,0.0,0.0,0.0,0.0,0.0,0.0,
SafetyPointGoal1-v0,pointwise_v2,starv2_core_100k_SafetyPointGoal1_v0_selected_pointwise_v2_pointwise_v2_s11,115000,0.0,0.0,0.0,0.0,0.0,0.0,
SafetyPointGoal1-v0,pointwise_v2,starv2_core_100k_SafetyPointGoal1_v0_selected_pointwise_v2_pointwise_v2_s11,120000,0.0,0.0,0.0,0.0,0.0,0.0,
SafetyPointGoal1-v0,pointwise_v2,starv2_core_100k_SafetyPointGoal1_v0_selected_pointwise_v2_pointwise_v2_s11,125000,0.0,0.0,0.0,0.0,0.0,0.0,
SafetyPointGoal1-v0,pointwise_v2,starv2_core_100k_SafetyPointGoal1_v0_selected_pointwise_v2_pointwise_v2_s11,130000,0.0,0.0,0.0,0.0,0.0,0.0,
SafetyPointGoal1-v0,pointwise_v2,starv2_core_100k_SafetyPointGoal1_v0_selected_pointwise_v2_pointwise_v2_s11,135000,0.0,0.0,0.0,0.0,0.0,0.0,
SafetyPointGoal1-v0,pointwise_v2,starv2_core_100k_SafetyPointGoal1_v0_selected_pointwise_v2_pointwise_v2_s11,140000,0.0,0.0,0.0,0.0,0.0,0.0,
SafetyPointGoal1-v0,pointwise_v2,starv2_core_100k_SafetyPointGoal1_v0_selected_pointwise_v2_pointwise_v2_s11,145000,0.0,0.0,0.0,0.0,0.0,0.0,
SafetyPointGoal1-v0,pointwise_v2,starv2_core_100k_SafetyPointGoal1_v0_selected_pointwise_v2_pointwise_v2_s11,150000,0.0,0.0,0.0,0.0,0.0,0.0,
SafetyPointGoal1-v0,pointwise_v2,starv2_core_100k_SafetyPointGoal1_v0_selected_pointwise_v2_pointwise_v2_s11,155000,0.0,0.0,0.0,0.0,0.0,0.0,
SafetyPointGoal1-v0,pointwise_v2,starv2_core_100k_SafetyPointGoal1_v0_selected_pointwise_v2_pointwise_v2_s11,160000,0.0,0.0,0.0,0.0,0.0,0.0,
SafetyPointGoal1-v0,pointwise_v2,starv2_core_100k_SafetyPointGoal1_v0_selected_pointwise_v2_pointwise_v2_s11,165000,0.0,0.0,0.0,0.0,0.0,0.0,
SafetyPointGoal1-v0,pointwise_v2,starv2_core_100k_SafetyPointGoal1_v0_selected_pointwise_v2_pointwise_v2_s11,170000,0.0,0.0,0.0,0.0,0.0,0.0,
SafetyPointGoal1-v0,pointwise_v2,starv2_core_100k_SafetyPointGoal1_v0_selected_pointwise_v2_pointwise_v2_s11,175000,0.0,0.0,0.0,0.0,0.0,0.0,
SafetyPointGoal1-v0,pointwise_v2,starv2_core_100k_SafetyPointGoal1_v0_selected_pointwise_v2_pointwise_v2_s11,180000,0.0,0.0,0.0,0.0,0.0,0.0,
SafetyPointGoal1-v0,pointwise_v2,starv2_core_100k_SafetyPointGoal1_v0_selected_pointwise_v2_pointwise_v2_s11,185000,0.0,0.0,0.0,0.0,0.0,0.0,
SafetyPointGoal1-v0,pointwise_v2,starv2_core_100k_SafetyPointGoal1_v0_selected_pointwise_v2_pointwise_v2_s11,190000,0.0,0.0,0.0,0.0,0.0,0.0,
SafetyPointGoal1-v0,pointwise_v2,starv2_core_100k_SafetyPointGoal1_v0_selected_pointwise_v2_pointwise_v2_s11,195000,0.0,0.0,0.0,0.0,0.0,0.0,
SafetyPointGoal1-v0,pointwise_v2,starv2_core_100k_SafetyPointGoal1_v0_selected_pointwise_v2_pointwise_v2_s11,200000,0.0,0.0,0.0,0.0,0.0,0.0,
SafetyPointGoal1-v0,pointwise_v2,starv2_core_100k_SafetyPointGoal1_v0_selected_pointwise_v2_pointwise_v2_s11,205000,0.0,0.0,0.0,0.0,0.0,0.0,
SafetyPointGoal1-v0,pointwise_v2,starv2_core_100k_SafetyPointGoal1_v0_selected_pointwise_v2_pointwise_v2_s11,210000,0.0,0.0,0.0,0.0,0.0,0.0,
SafetyPointGoal1-v0,pointwise_v2,starv2_core_100k_SafetyPointGoal1_v0_selected_pointwise_v2_pointwise_v2_s11,215000,0.0,0.0,0.0,0.0,0.0,0.0,
SafetyPointGoal1-v0,pointwise_v2,starv2_core_100k_SafetyPointGoal1_v0_selected_pointwise_v2_pointwise_v2_s11,220000,0.0,0.0,0.0,0.0,0.0,0.0,
SafetyPointGoal1-v0,pointwise_v2,starv2_core_100k_SafetyPointGoal1_v0_selected_pointwise_v2_pointwise_v2_s11,225000,0.0,0.0,0.0,0.0,0.0,0.0,
SafetyPointGoal1-v0,pointwise_v2,starv2_core_100k_SafetyPointGoal1_v0_selected_pointwise_v2_pointwise_v2_s11,230000,0.0,0.0,0.0,0.0,0.0,0.0,
SafetyPointGoal1-v0,pointwise_v2,starv2_core_100k_SafetyPointGoal1_v0_selected_pointwise_v2_pointwise_v2_s11,235000,0.0,0.0,0.0,0.0,0.0,0.0,
SafetyPointGoal1-v0,pointwise_v2,starv2_core_100k_SafetyPointGoal1_v0_selected_pointwise_v2_pointwise_v2_s11,240000,0.0,0.0,0.0,0.0,0.0,0.0,
SafetyPointGoal1-v0,pointwise_v2,starv2_core_100k_SafetyPointGoal1_v0_selected_pointwise_v2_pointwise_v2_s11,245000,0.0,0.0,0.0,0.0,0.0,0.0,
SafetyPointGoal1-v0,pointwise_v2,starv2_core_100k_SafetyPointGoal1_v0_selected_pointwise_v2_pointwise_v2_s11,250000,0.0,0.0,0.0,0.0,0.0,0.0,
SafetyPointGoal1-v0,pointwise_v2,starv2_core_100k_SafetyPointGoal1_v0_selected_pointwise_v2_pointwise_v2_s11,255000,0.0,0.0,0.0,0.0,0.0,0.0,
SafetyPointGoal1-v0,pointwise_v2,starv2_core_100k_SafetyPointGoal1_v0_selected_pointwise_v2_pointwise_v2_s11,260000,0.0,0.0,0.0,0.0,0.0,0.0,
SafetyPointGoal1-v0,pointwise_v2,starv2_core_100k_SafetyPointGoal1_v0_selected_pointwise_v2_pointwise_v2_s11,265000,0.0,0.0,0.0,0.0,0.0,0.0,
SafetyPointGoal1-v0,pointwise_v2,starv2_core_100k_SafetyPointGoal1_v0_selected_pointwise_v2_pointwise_v2_s11,270000,0.0,0.0,0.0,0.0,0.0,0.0,
SafetyPointGoal1-v0,pointwise_v2,starv2_core_100k_SafetyPointGoal1_v0_selected_pointwise_v2_pointwise_v2_s11,275000,0.0,0.0,0.0,0.0,0.0,0.0,
SafetyPointGoal1-v0,pointwise_v2,starv2_core_100k_SafetyPointGoal1_v0_selected_pointwise_v2_pointwise_v2_s11,280000,0.0,0.0,0.0,0.0,0.0,0.0,
SafetyPointGoal1-v0,pointwise_v2,starv2_core_100k_SafetyPointGoal1_v0_selected_pointwise_v2_pointwise_v2_s11,285000,0.0,0.0,0.0,0.0,0.0,0.0,
SafetyPointGoal1-v0,pointwise_v2,starv2_core_100k_SafetyPointGoal1_v0_selected_pointwise_v2_pointwise_v2_s11,290000,0.0,0.0,0.0,0.0,0.0,0.0,
SafetyPointGoal1-v0,pointwise_v2,starv2_core_100k_SafetyPointGoal1_v0_selected_pointwise_v2_pointwise_v2_s11,295000,0.0,0.0,0.0,0.0,0.0,0.0,
SafetyPointGoal1-v0,pointwise_v2,starv2_core_100k_SafetyPointGoal1_v0_selected_pointwise_v2_pointwise_v2_s12,100000,0.0,0.0,0.0,0.0,0.0,0.0,
SafetyPointGoal1-v0,pointwise_v2,starv2_core_100k_SafetyPointGoal1_v0_selected_pointwise_v2_pointwise_v2_s12,105000,0.0,0.0,0.0,0.0,0.0,0.0,
SafetyPointGoal1-v0,pointwise_v2,starv2_core_100k_SafetyPointGoal1_v0_selected_pointwise_v2_pointwise_v2_s12,110000,0.0,0.0,0.0,0.0,0.0,0.0,
SafetyPointGoal1-v0,pointwise_v2,starv2_core_100k_SafetyPointGoal1_v0_selected_pointwise_v2_pointwise_v2_s12,115000,0.0,0.0,0.0,0.0,0.0,0.0,
SafetyPointGoal1-v0,pointwise_v2,starv2_core_100k_SafetyPointGoal1_v0_selected_pointwise_v2_pointwise_v2_s12,120000,0.0,0.0,0.0,0.0,0.0,0.0,
SafetyPointGoal1-v0,pointwise_v2,starv2_core_100k_SafetyPointGoal1_v0_selected_pointwise_v2_pointwise_v2_s12,125000,0.0,0.0,0.0,0.0,0.0,0.0,
SafetyPointGoal1-v0,pointwise_v2,starv2_core_100k_SafetyPointGoal1_v0_selected_pointwise_v2_pointwise_v2_s12,130000,0.0,0.0,0.0,0.0,0.0,0.0,
SafetyPointGoal1-v0,pointwise_v2,starv2_core_100k_SafetyPointGoal1_v0_selected_pointwise_v2_pointwise_v2_s12,135000,0.0,0.0,0.0,0.0,0.0,0.0,
SafetyPointGoal1-v0,pointwise_v2,starv2_core_100k_SafetyPointGoal1_v0_selected_pointwise_v2_pointwise_v2_s12,140000,0.0,0.0,0.0,0.0,0.0,0.0,
SafetyPointGoal1-v0,pointwise_v2,starv2_core_100k_SafetyPointGoal1_v0_selected_pointwise_v2_pointwise_v2_s12,145000,0.0,0.0,0.0,0.0,0.0,0.0,
SafetyPointGoal1-v0,pointwise_v2,starv2_core_100k_SafetyPointGoal1_v0_selected_pointwise_v2_pointwise_v2_s12,150000,0.0,0.0,0.0,0.0,0.0,0.0,
SafetyPointGoal1-v0,pointwise_v2,starv2_core_100k_SafetyPointGoal1_v0_selected_pointwise_v2_pointwise_v2_s12,155000,0.0,0.0,0.0,0.0,0.0,0.0,
SafetyPointGoal1-v0,pointwise_v2,starv2_core_100k_SafetyPointGoal1_v0_selected_pointwise_v2_pointwise_v2_s12,160000,0.0,0.0,0.0,0.0,0.0,0.0,
SafetyPointGoal1-v0,pointwise_v2,starv2_core_100k_SafetyPointGoal1_v0_selected_pointwise_v2_pointwise_v2_s12,165000,0.0,0.0,0.0,0.0,0.0,0.0,
SafetyPointGoal1-v0,pointwise_v2,starv2_core_100k_SafetyPointGoal1_v0_selected_pointwise_v2_pointwise_v2_s12,170000,0.0,0.0,0.0,0.0,0.0,0.0,
SafetyPointGoal1-v0,pointwise_v2,starv2_core_100k_SafetyPointGoal1_v0_selected_pointwise_v2_pointwise_v2_s12,175000,0.0,0.0,0.0,0.0,0.0,0.0,
SafetyPointGoal1-v0,pointwise_v2,starv2_core_100k_SafetyPointGoal1_v0_selected_pointwise_v2_pointwise_v2_s12,180000,0.0,0.0,0.0,0.0,0.0,0.0,
SafetyPointGoal1-v0,pointwise_v2,starv2_core_100k_SafetyPointGoal1_v0_selected_pointwise_v2_pointwise_v2_s12,185000,0.0,0.0,0.0,0.0,0.0,0.0,
SafetyPointGoal1-v0,pointwise_v2,starv2_core_100k_SafetyPointGoal1_v0_selected_pointwise_v2_pointwise_v2_s12,190000,0.0,0.0,0.0,0.0,0.0,0.0,
SafetyPointGoal1-v0,pointwise_v2,starv2_core_100k_SafetyPointGoal1_v0_selected_pointwise_v2_pointwise_v2_s12,195000,0.0,0.0,0.0,0.0,0.0,0.0,
SafetyPointGoal1-v0,pointwise_v2,starv2_core_100k_SafetyPointGoal1_v0_selected_pointwise_v2_pointwise_v2_s12,200000,0.0,0.0,0.0,0.0,0.0,0.0,
SafetyPointGoal1-v0,pointwise_v2,starv2_core_100k_SafetyPointGoal1_v0_selected_pointwise_v2_pointwise_v2_s12,205000,0.0,0.0,0.0,0.0,0.0,0.0,
SafetyPointGoal1-v0,pointwise_v2,starv2_core_100k_SafetyPointGoal1_v0_selected_pointwise_v2_pointwise_v2_s12,210000,0.0,0.0,0.0,0.0,0.0,0.0,
SafetyPointGoal1-v0,pointwise_v2,starv2_core_100k_SafetyPointGoal1_v0_selected_pointwise_v2_pointwise_v2_s12,215000,0.0,0.0,0.0,0.0,0.0,0.0,
SafetyPointGoal1-v0,pointwise_v2,starv2_core_100k_SafetyPointGoal1_v0_selected_pointwise_v2_pointwise_v2_s12,220000,0.0,0.0,0.0,0.0,0.0,0.0,
SafetyPointGoal1-v0,pointwise_v2,starv2_core_100k_SafetyPointGoal1_v0_selected_pointwise_v2_pointwise_v2_s12,225000,0.0,0.0,0.0,0.0,0.0,0.0,
SafetyPointGoal1-v0,pointwise_v2,starv2_core_100k_SafetyPointGoal1_v0_selected_pointwise_v2_pointwise_v2_s12,230000,0.0,0.0,0.0,0.0,0.0,0.0,
SafetyPointGoal1-v0,pointwise_v2,starv2_core_100k_SafetyPointGoal1_v0_selected_pointwise_v2_pointwise_v2_s12,235000,0.0,0.0,0.0,0.0,0.0,0.0,
SafetyPointGoal1-v0,pointwise_v2,starv2_core_100k_SafetyPointGoal1_v0_selected_pointwise_v2_pointwise_v2_s12,240000,0.0,0.0,0.0,0.0,0.0,0.0,
SafetyPointGoal1-v0,pointwise_v2,starv2_core_100k_SafetyPointGoal1_v0_selected_pointwise_v2_pointwise_v2_s12,245000,0.0,0.0,0.0,0.0,0.0,0.0,
SafetyPointGoal1-v0,pointwise_v2,starv2_core_100k_SafetyPointGoal1_v0_selected_pointwise_v2_pointwise_v2_s12,250000,0.0,0.0,0.0,0.0,0.0,0.0,
SafetyPointGoal1-v0,pointwise_v2,starv2_core_100k_SafetyPointGoal1_v0_selected_pointwise_v2_pointwise_v2_s12,255000,0.0,0.0,0.0,0.0,0.0,0.0,
SafetyPointGoal1-v0,pointwise_v2,starv2_core_100k_SafetyPointGoal1_v0_selected_pointwise_v2_pointwise_v2_s12,260000,0.0,0.0,0.0,0.0,0.0,0.0,
SafetyPointGoal1-v0,pointwise_v2,starv2_core_100k_SafetyPointGoal1_v0_selected_pointwise_v2_pointwise_v2_s12,265000,0.0,0.0,0.0,0.0,0.0,0.0,
SafetyPointGoal1-v0,pointwise_v2,starv2_core_100k_SafetyPointGoal1_v0_selected_pointwise_v2_pointwise_v2_s12,270000,0.0,0.0,0.0,0.0,0.0,0.0,
SafetyPointGoal1-v0,pointwise_v2,starv2_core_100k_SafetyPointGoal1_v0_selected_pointwise_v2_pointwise_v2_s12,275000,0.0,0.0,0.0,0.0,0.0,0.0,
SafetyPointGoal1-v0,pointwise_v2,starv2_core_100k_SafetyPointGoal1_v0_selected_pointwise_v2_pointwise_v2_s12,280000,0.0,0.0,0.0,0.0,0.0,0.0,
SafetyPointGoal1-v0,pointwise_v2,starv2_core_100k_SafetyPointGoal1_v0_selected_pointwise_v2_pointwise_v2_s12,285000,0.0,0.0,0.0,0.0,0.0,0.0,
SafetyPointGoal1-v0,pointwise_v2,starv2_core_100k_SafetyPointGoal1_v0_selected_pointwise_v2_pointwise_v2_s12,290000,0.0,0.0,0.0,0.0,0.0,0.0,
SafetyPointGoal1-v0,pointwise_v2,starv2_core_100k_SafetyPointGoal1_v0_selected_pointwise_v2_pointwise_v2_s12,295000,0.0,0.0,0.0,0.0,0.0,0.0,
SafetyPointGoal1-v0,pointwise_v2,starv2_resume_300k_SafetyPointGoal1_v0_selected_pointwise_v2_pointwise_v2_s13,5000,0.0,0.0,0.0,0.0,0.0,0.0,
SafetyPointGoal1-v0,pointwise_v2,starv2_resume_300k_SafetyPointGoal1_v0_selected_pointwise_v2_pointwise_v2_s13,10000,0.0,0.0,0.0,0.0,0.0,0.0,
SafetyPointGoal1-v0,pointwise_v2,starv2_resume_300k_SafetyPointGoal1_v0_selected_pointwise_v2_pointwise_v2_s13,15000,0.0,0.0,0.0,0.0,0.0,0.0,
SafetyPointGoal1-v0,pointwise_v2,starv2_resume_300k_SafetyPointGoal1_v0_selected_pointwise_v2_pointwise_v2_s13,20000,0.0,0.0,0.0,0.0,0.0,0.0,
SafetyPointGoal1-v0,pointwise_v2,starv2_resume_300k_SafetyPointGoal1_v0_selected_pointwise_v2_pointwise_v2_s13,25000,0.0,0.0,0.0,0.0,0.0,0.0,
SafetyPointGoal1-v0,pointwise_v2,starv2_resume_300k_SafetyPointGoal1_v0_selected_pointwise_v2_pointwise_v2_s13,30000,0.0,0.0,0.0,0.0,0.0,0.0,
SafetyPointGoal1-v0,pointwise_v2,starv2_resume_300k_SafetyPointGoal1_v0_selected_pointwise_v2_pointwise_v2_s13,35000,0.0,0.0,0.0,0.0,0.0,0.0,
SafetyPointGoal1-v0,pointwise_v2,starv2_resume_300k_SafetyPointGoal1_v0_selected_pointwise_v2_pointwise_v2_s13,40000,0.0,0.0,0.0,0.0,0.0,0.0,
SafetyPointGoal1-v0,pointwise_v2,starv2_resume_300k_SafetyPointGoal1_v0_selected_pointwise_v2_pointwise_v2_s13,45000,0.0,0.0,0.0,0.0,0.0,0.0,
SafetyPointGoal1-v0,pointwise_v2,starv2_resume_300k_SafetyPointGoal1_v0_selected_pointwise_v2_pointwise_v2_s13,50000,0.0,0.0,0.0,0.0,0.0,0.0,
SafetyPointGoal1-v0,pointwise_v2,starv2_resume_300k_SafetyPointGoal1_v0_selected_pointwise_v2_pointwise_v2_s13,55000,0.0,0.0,0.0,0.0,0.0,0.0,
SafetyPointGoal1-v0,pointwise_v2,starv2_resume_300k_SafetyPointGoal1_v0_selected_pointwise_v2_pointwise_v2_s13,60000,0.0,0.0,0.0,0.0,0.0,0.0,
SafetyPointGoal1-v0,pointwise_v2,starv2_resume_300k_SafetyPointGoal1_v0_selected_pointwise_v2_pointwise_v2_s13,65000,0.0,0.0,0.0,0.0,0.0,0.0,
SafetyPointGoal1-v0,pointwise_v2,starv2_resume_300k_SafetyPointGoal1_v0_selected_pointwise_v2_pointwise_v2_s13,70000,0.0,0.0,0.0,0.0,0.0,0.0,
SafetyPointGoal1-v0,pointwise_v2,starv2_resume_300k_SafetyPointGoal1_v0_selected_pointwise_v2_pointwise_v2_s13,75000,0.0,0.0,0.0,0.0,0.0,0.0,
SafetyPointGoal1-v0,pointwise_v2,starv2_resume_300k_SafetyPointGoal1_v0_selected_pointwise_v2_pointwise_v2_s13,80000,0.0,0.0,0.0,0.0,0.0,0.0,
SafetyPointGoal1-v0,pointwise_v2,starv2_resume_300k_SafetyPointGoal1_v0_selected_pointwise_v2_pointwise_v2_s13,85000,0.0,0.0,0.0,0.0,0.0,0.0,
SafetyPointGoal1-v0,pointwise_v2,starv2_resume_300k_SafetyPointGoal1_v0_selected_pointwise_v2_pointwise_v2_s13,90000,0.0,0.0,0.0,0.0,0.0,0.0,
SafetyPointGoal1-v0,pointwise_v2,starv2_resume_300k_SafetyPointGoal1_v0_selected_pointwise_v2_pointwise_v2_s13,95000,0.0,0.0,0.0,0.0,0.0,0.0,
SafetyPointGoal1-v0,pointwise_v2,starv2_resume_300k_SafetyPointGoal1_v0_selected_pointwise_v2_pointwise_v2_s13,100000,0.0,0.0,0.0,0.0,0.0,0.0,
SafetyPointGoal1-v0,pointwise_v2,starv2_resume_300k_SafetyPointGoal1_v0_selected_pointwise_v2_pointwise_v2_s13,105000,0.0,0.0,0.0,0.0,0.0,0.0,
SafetyPointGoal1-v0,pointwise_v2,starv2_resume_300k_SafetyPointGoal1_v0_selected_pointwise_v2_pointwise_v2_s13,110000,0.0,0.0,0.0,0.0,0.0,0.0,
SafetyPointGoal1-v0,pointwise_v2,starv2_resume_300k_SafetyPointGoal1_v0_selected_pointwise_v2_pointwise_v2_s13,115000,0.0,0.0,0.0,0.0,0.0,0.0,
SafetyPointGoal1-v0,pointwise_v2,starv2_resume_300k_SafetyPointGoal1_v0_selected_pointwise_v2_pointwise_v2_s13,120000,0.0,0.0,0.0,0.0,0.0,0.0,
SafetyPointGoal1-v0,pointwise_v2,starv2_resume_300k_SafetyPointGoal1_v0_selected_pointwise_v2_pointwise_v2_s13,125000,0.0,0.0,0.0,0.0,0.0,0.0,
SafetyPointGoal1-v0,pointwise_v2,starv2_resume_300k_SafetyPointGoal1_v0_selected_pointwise_v2_pointwise_v2_s13,130000,0.0,0.0,0.0,0.0,0.0,0.0,
SafetyPointGoal1-v0,pointwise_v2,starv2_resume_300k_SafetyPointGoal1_v0_selected_pointwise_v2_pointwise_v2_s13,135000,0.0,0.0,0.0,0.0,0.0,0.0,
SafetyPointGoal1-v0,pointwise_v2,starv2_resume_300k_SafetyPointGoal1_v0_selected_pointwise_v2_pointwise_v2_s13,140000,0.0,0.0,0.0,0.0,0.0,0.0,
SafetyPointGoal1-v0,pointwise_v2,starv2_resume_300k_SafetyPointGoal1_v0_selected_pointwise_v2_pointwise_v2_s13,145000,0.0,0.0,0.0,0.0,0.0,0.0,
SafetyPointGoal1-v0,pointwise_v2,starv2_resume_300k_SafetyPointGoal1_v0_selected_pointwise_v2_pointwise_v2_s13,150000,0.0,0.0,0.0,0.0,0.0,0.0,
SafetyPointGoal1-v0,pointwise_v2,starv2_resume_300k_SafetyPointGoal1_v0_selected_pointwise_v2_pointwise_v2_s13,155000,0.0,0.0,0.0,0.0,0.0,0.0,
SafetyPointGoal1-v0,pointwise_v2,starv2_resume_300k_SafetyPointGoal1_v0_selected_pointwise_v2_pointwise_v2_s13,160000,0.0,0.0,0.0,0.0,0.0,0.0,
SafetyPointGoal1-v0,pointwise_v2,starv2_resume_300k_SafetyPointGoal1_v0_selected_pointwise_v2_pointwise_v2_s13,165000,0.0,0.0,0.0,0.0,0.0,0.0,
SafetyPointGoal1-v0,pointwise_v2,starv2_resume_300k_SafetyPointGoal1_v0_selected_pointwise_v2_pointwise_v2_s13,170000,0.0,0.0,0.0,0.0,0.0,0.0,
SafetyPointGoal1-v0,pointwise_v2,starv2_resume_300k_SafetyPointGoal1_v0_selected_pointwise_v2_pointwise_v2_s13,175000,0.0,0.0,0.0,0.0,0.0,0.0,
SafetyPointGoal1-v0,pointwise_v2,starv2_resume_300k_SafetyPointGoal1_v0_selected_pointwise_v2_pointwise_v2_s13,180000,0.0,0.0,0.0,0.0,0.0,0.0,
SafetyPointGoal1-v0,pointwise_v2,starv2_resume_300k_SafetyPointGoal1_v0_selected_pointwise_v2_pointwise_v2_s13,185000,0.0,0.0,0.0,0.0,0.0,0.0,
SafetyPointGoal1-v0,pointwise_v2,starv2_resume_300k_SafetyPointGoal1_v0_selected_pointwise_v2_pointwise_v2_s13,190000,0.0,0.0,0.0,0.0,0.0,0.0,
SafetyPointGoal1-v0,pointwise_v2,starv2_resume_300k_SafetyPointGoal1_v0_selected_pointwise_v2_pointwise_v2_s13,195000,0.0,0.0,0.0,0.0,0.0,0.0,
SafetyPointGoal1-v0,pointwise_v2,starv2_resume_300k_SafetyPointGoal1_v0_selected_pointwise_v2_pointwise_v2_s13,200000,0.0,0.0,0.0,0.0,0.0,0.0,
SafetyPointGoal1-v0,pointwise_v2,starv2_resume_300k_SafetyPointGoal1_v0_selected_pointwise_v2_pointwise_v2_s13,205000,0.0,0.0,0.0,0.0,0.0,0.0,
SafetyPointGoal1-v0,pointwise_v2,starv2_resume_300k_SafetyPointGoal1_v0_selected_pointwise_v2_pointwise_v2_s13,210000,0.0,0.0,0.0,0.0,0.0,0.0,
SafetyPointGoal1-v0,pointwise_v2,starv2_resume_300k_SafetyPointGoal1_v0_selected_pointwise_v2_pointwise_v2_s13,215000,0.0,0.0,0.0,0.0,0.0,0.0,
SafetyPointGoal1-v0,pointwise_v2,starv2_resume_300k_SafetyPointGoal1_v0_selected_pointwise_v2_pointwise_v2_s13,220000,0.0,0.0,0.0,0.0,0.0,0.0,
SafetyPointGoal1-v0,pointwise_v2,starv2_resume_300k_SafetyPointGoal1_v0_selected_pointwise_v2_pointwise_v2_s13,225000,0.0,0.0,0.0,0.0,0.0,0.0,
SafetyPointGoal1-v0,pointwise_v2,starv2_resume_300k_SafetyPointGoal1_v0_selected_pointwise_v2_pointwise_v2_s13,230000,0.0,0.0,0.0,0.0,0.0,0.0,
SafetyPointGoal1-v0,pointwise_v2,starv2_resume_300k_SafetyPointGoal1_v0_selected_pointwise_v2_pointwise_v2_s13,235000,0.0,0.0,0.0,0.0,0.0,0.0,
SafetyPointGoal1-v0,pointwise_v2,starv2_resume_300k_SafetyPointGoal1_v0_selected_pointwise_v2_pointwise_v2_s13,240000,0.0,0.0,0.0,0.0,0.0,0.0,
SafetyPointGoal1-v0,pointwise_v2,starv2_resume_300k_SafetyPointGoal1_v0_selected_pointwise_v2_pointwise_v2_s13,245000,0.0,0.0,0.0,0.0,0.0,0.0,
SafetyPointGoal1-v0,pointwise_v2,starv2_resume_300k_SafetyPointGoal1_v0_selected_pointwise_v2_pointwise_v2_s13,250000,0.0,0.0,0.0,0.0,0.0,0.0,
SafetyPointGoal1-v0,pointwise_v2,starv2_resume_300k_SafetyPointGoal1_v0_selected_pointwise_v2_pointwise_v2_s13,255000,0.0,0.0,0.0,0.0,0.0,0.0,
SafetyPointGoal1-v0,pointwise_v2,starv2_resume_300k_SafetyPointGoal1_v0_selected_pointwise_v2_pointwise_v2_s13,260000,0.0,0.0,0.0,0.0,0.0,0.0,
SafetyPointGoal1-v0,pointwise_v2,starv2_resume_300k_SafetyPointGoal1_v0_selected_pointwise_v2_pointwise_v2_s13,265000,0.0,0.0,0.0,0.0,0.0,0.0,
SafetyPointGoal1-v0,pointwise_v2,starv2_resume_300k_SafetyPointGoal1_v0_selected_pointwise_v2_pointwise_v2_s13,270000,0.0,0.0,0.0,0.0,0.0,0.0,
SafetyPointGoal1-v0,pointwise_v2,starv2_resume_300k_SafetyPointGoal1_v0_selected_pointwise_v2_pointwise_v2_s13,275000,0.0,0.0,0.0,0.0,0.0,0.0,
SafetyPointGoal1-v0,pointwise_v2,starv2_resume_300k_SafetyPointGoal1_v0_selected_pointwise_v2_pointwise_v2_s13,280000,0.0,0.0,0.0,0.0,0.0,0.0,
SafetyPointGoal1-v0,pointwise_v2,starv2_resume_300k_SafetyPointGoal1_v0_selected_pointwise_v2_pointwise_v2_s13,285000,0.0,0.0,0.0,0.0,0.0,0.0,
SafetyPointGoal1-v0,pointwise_v2,starv2_resume_300k_SafetyPointGoal1_v0_selected_pointwise_v2_pointwise_v2_s13,290000,0.0,0.0,0.0,0.0,0.0,0.0,
SafetyPointGoal1-v0,pointwise_v2,starv2_resume_300k_SafetyPointGoal1_v0_selected_pointwise_v2_pointwise_v2_s13,295000,0.0,0.0,0.0,0.0,0.0,0.0,
SafetyPointGoal1-v0,pointwise_v2,starv2_resume_300k_SafetyPointGoal1_v0_selected_pointwise_v2_pointwise_v2_s14,5000,0.0,0.0,0.0,0.0,0.0,0.0,
SafetyPointGoal1-v0,pointwise_v2,starv2_resume_300k_SafetyPointGoal1_v0_selected_pointwise_v2_pointwise_v2_s14,10000,0.0,0.0,0.0,0.0,0.0,0.0,
SafetyPointGoal1-v0,pointwise_v2,starv2_resume_300k_SafetyPointGoal1_v0_selected_pointwise_v2_pointwise_v2_s14,15000,0.0,0.0,0.0,0.0,0.0,0.0,
SafetyPointGoal1-v0,pointwise_v2,starv2_resume_300k_SafetyPointGoal1_v0_selected_pointwise_v2_pointwise_v2_s14,20000,0.0,0.0,0.0,0.0,0.0,0.0,
SafetyPointGoal1-v0,pointwise_v2,starv2_resume_300k_SafetyPointGoal1_v0_selected_pointwise_v2_pointwise_v2_s14,25000,0.0,0.0,0.0,0.0,0.0,0.0,
SafetyPointGoal1-v0,pointwise_v2,starv2_resume_300k_SafetyPointGoal1_v0_selected_pointwise_v2_pointwise_v2_s14,30000,0.0,0.0,0.0,0.0,0.0,0.0,
SafetyPointGoal1-v0,pointwise_v2,starv2_resume_300k_SafetyPointGoal1_v0_selected_pointwise_v2_pointwise_v2_s14,35000,0.0,0.0,0.0,0.0,0.0,0.0,
SafetyPointGoal1-v0,pointwise_v2,starv2_resume_300k_SafetyPointGoal1_v0_selected_pointwise_v2_pointwise_v2_s14,40000,0.0,0.0,0.0,0.0,0.0,0.0,
SafetyPointGoal1-v0,pointwise_v2,starv2_resume_300k_SafetyPointGoal1_v0_selected_pointwise_v2_pointwise_v2_s14,45000,0.0,0.0,0.0,0.0,0.0,0.0,
SafetyPointGoal1-v0,pointwise_v2,starv2_resume_300k_SafetyPointGoal1_v0_selected_pointwise_v2_pointwise_v2_s14,50000,0.0,0.0,0.0,0.0,0.0,0.0,
SafetyPointGoal1-v0,pointwise_v2,starv2_resume_300k_SafetyPointGoal1_v0_selected_pointwise_v2_pointwise_v2_s14,55000,0.0,0.0,0.0,0.0,0.0,0.0,
SafetyPointGoal1-v0,pointwise_v2,starv2_resume_300k_SafetyPointGoal1_v0_selected_pointwise_v2_pointwise_v2_s14,60000,0.0,0.0,0.0,0.0,0.0,0.0,
SafetyPointGoal1-v0,pointwise_v2,starv2_resume_300k_SafetyPointGoal1_v0_selected_pointwise_v2_pointwise_v2_s14,65000,0.0,0.0,0.0,0.0,0.0,0.0,
SafetyPointGoal1-v0,pointwise_v2,starv2_resume_300k_SafetyPointGoal1_v0_selected_pointwise_v2_pointwise_v2_s14,70000,0.0,0.0,0.0,0.0,0.0,0.0,
SafetyPointGoal1-v0,pointwise_v2,starv2_resume_300k_SafetyPointGoal1_v0_selected_pointwise_v2_pointwise_v2_s14,75000,0.0,0.0,0.0,0.0,0.0,0.0,
SafetyPointGoal1-v0,pointwise_v2,starv2_resume_300k_SafetyPointGoal1_v0_selected_pointwise_v2_pointwise_v2_s14,80000,0.0,0.0,0.0,0.0,0.0,0.0,
SafetyPointGoal1-v0,pointwise_v2,starv2_resume_300k_SafetyPointGoal1_v0_selected_pointwise_v2_pointwise_v2_s14,85000,0.0,0.0,0.0,0.0,0.0,0.0,
SafetyPointGoal1-v0,pointwise_v2,starv2_resume_300k_SafetyPointGoal1_v0_selected_pointwise_v2_pointwise_v2_s14,90000,0.0,0.0,0.0,0.0,0.0,0.0,
SafetyPointGoal1-v0,pointwise_v2,starv2_resume_300k_SafetyPointGoal1_v0_selected_pointwise_v2_pointwise_v2_s14,95000,0.0,0.0,0.0,0.0,0.0,0.0,
SafetyPointGoal1-v0,pointwise_v2,starv2_resume_300k_SafetyPointGoal1_v0_selected_pointwise_v2_pointwise_v2_s14,100000,0.0,0.0,0.0,0.0,0.0,0.0,
SafetyPointGoal1-v0,pointwise_v2,starv2_resume_300k_SafetyPointGoal1_v0_selected_pointwise_v2_pointwise_v2_s14,105000,0.0,0.0,0.0,0.0,0.0,0.0,
SafetyPointGoal1-v0,pointwise_v2,starv2_resume_300k_SafetyPointGoal1_v0_selected_pointwise_v2_pointwise_v2_s14,110000,0.0,0.0,0.0,0.0,0.0,0.0,
SafetyPointGoal1-v0,pointwise_v2,starv2_resume_300k_SafetyPointGoal1_v0_selected_pointwise_v2_pointwise_v2_s14,115000,0.0,0.0,0.0,0.0,0.0,0.0,
SafetyPointGoal1-v0,pointwise_v2,starv2_resume_300k_SafetyPointGoal1_v0_selected_pointwise_v2_pointwise_v2_s14,120000,0.0,0.0,0.0,0.0,0.0,0.0,
SafetyPointGoal1-v0,pointwise_v2,starv2_resume_300k_SafetyPointGoal1_v0_selected_pointwise_v2_pointwise_v2_s14,125000,0.0,0.0,0.0,0.0,0.0,0.0,
SafetyPointGoal1-v0,pointwise_v2,starv2_resume_300k_SafetyPointGoal1_v0_selected_pointwise_v2_pointwise_v2_s14,130000,0.0,0.0,0.0,0.0,0.0,0.0,
SafetyPointGoal1-v0,pointwise_v2,starv2_resume_300k_SafetyPointGoal1_v0_selected_pointwise_v2_pointwise_v2_s14,135000,0.0,0.0,0.0,0.0,0.0,0.0,
SafetyPointGoal1-v0,pointwise_v2,starv2_resume_300k_SafetyPointGoal1_v0_selected_pointwise_v2_pointwise_v2_s14,140000,0.0,0.0,0.0,0.0,0.0,0.0,
SafetyPointGoal1-v0,pointwise_v2,starv2_resume_300k_SafetyPointGoal1_v0_selected_pointwise_v2_pointwise_v2_s14,145000,0.0,0.0,0.0,0.0,0.0,0.0,
SafetyPointGoal1-v0,pointwise_v2,starv2_resume_300k_SafetyPointGoal1_v0_selected_pointwise_v2_pointwise_v2_s14,150000,0.0,0.0,0.0,0.0,0.0,0.0,
SafetyPointGoal1-v0,pointwise_v2,starv2_resume_300k_SafetyPointGoal1_v0_selected_pointwise_v2_pointwise_v2_s14,155000,0.0,0.0,0.0,0.0,0.0,0.0,
SafetyPointGoal1-v0,pointwise_v2,starv2_resume_300k_SafetyPointGoal1_v0_selected_pointwise_v2_pointwise_v2_s14,160000,0.0,0.0,0.0,0.0,0.0,0.0,
SafetyPointGoal1-v0,pointwise_v2,starv2_resume_300k_SafetyPointGoal1_v0_selected_pointwise_v2_pointwise_v2_s14,165000,0.0,0.0,0.0,0.0,0.0,0.0,
SafetyPointGoal1-v0,pointwise_v2,starv2_resume_300k_SafetyPointGoal1_v0_selected_pointwise_v2_pointwise_v2_s14,170000,0.0,0.0,0.0,0.0,0.0,0.0,
SafetyPointGoal1-v0,pointwise_v2,starv2_resume_300k_SafetyPointGoal1_v0_selected_pointwise_v2_pointwise_v2_s14,175000,0.0,0.0,0.0,0.0,0.0,0.0,
SafetyPointGoal1-v0,pointwise_v2,starv2_resume_300k_SafetyPointGoal1_v0_selected_pointwise_v2_pointwise_v2_s14,180000,0.0,0.0,0.0,0.0,0.0,0.0,
SafetyPointGoal1-v0,pointwise_v2,starv2_resume_300k_SafetyPointGoal1_v0_selected_pointwise_v2_pointwise_v2_s14,185000,0.0,0.0,0.0,0.0,0.0,0.0,
SafetyPointGoal1-v0,pointwise_v2,starv2_resume_300k_SafetyPointGoal1_v0_selected_pointwise_v2_pointwise_v2_s14,190000,0.0,0.0,0.0,0.0,0.0,0.0,
SafetyPointGoal1-v0,pointwise_v2,starv2_resume_300k_SafetyPointGoal1_v0_selected_pointwise_v2_pointwise_v2_s14,195000,0.0,0.0,0.0,0.0,0.0,0.0,
SafetyPointGoal1-v0,pointwise_v2,starv2_resume_300k_SafetyPointGoal1_v0_selected_pointwise_v2_pointwise_v2_s14,200000,0.0,0.0,0.0,0.0,0.0,0.0,
SafetyPointGoal1-v0,pointwise_v2,starv2_resume_300k_SafetyPointGoal1_v0_selected_pointwise_v2_pointwise_v2_s14,205000,0.0,0.0,0.0,0.0,0.0,0.0,
SafetyPointGoal1-v0,pointwise_v2,starv2_resume_300k_SafetyPointGoal1_v0_selected_pointwise_v2_pointwise_v2_s14,210000,0.0,0.0,0.0,0.0,0.0,0.0,
SafetyPointGoal1-v0,pointwise_v2,starv2_resume_300k_SafetyPointGoal1_v0_selected_pointwise_v2_pointwise_v2_s14,215000,0.0,0.0,0.0,0.0,0.0,0.0,
SafetyPointGoal1-v0,pointwise_v2,starv2_resume_300k_SafetyPointGoal1_v0_selected_pointwise_v2_pointwise_v2_s14,220000,0.0,0.0,0.0,0.0,0.0,0.0,
SafetyPointGoal1-v0,pointwise_v2,starv2_resume_300k_SafetyPointGoal1_v0_selected_pointwise_v2_pointwise_v2_s14,225000,0.0,0.0,0.0,0.0,0.0,0.0,
SafetyPointGoal1-v0,pointwise_v2,starv2_resume_300k_SafetyPointGoal1_v0_selected_pointwise_v2_pointwise_v2_s14,230000,0.0,0.0,0.0,0.0,0.0,0.0,
SafetyPointGoal1-v0,pointwise_v2,starv2_resume_300k_SafetyPointGoal1_v0_selected_pointwise_v2_pointwise_v2_s14,235000,0.0,0.0,0.0,0.0,0.0,0.0,
SafetyPointGoal1-v0,pointwise_v2,starv2_resume_300k_SafetyPointGoal1_v0_selected_pointwise_v2_pointwise_v2_s14,240000,0.0,0.0,0.0,0.0,0.0,0.0,
SafetyPointGoal1-v0,pointwise_v2,starv2_resume_300k_SafetyPointGoal1_v0_selected_pointwise_v2_pointwise_v2_s14,245000,0.0,0.0,0.0,0.0,0.0,0.0,
SafetyPointGoal1-v0,pointwise_v2,starv2_resume_300k_SafetyPointGoal1_v0_selected_pointwise_v2_pointwise_v2_s14,250000,0.0,0.0,0.0,0.0,0.0,0.0,
SafetyPointGoal1-v0,pointwise_v2,starv2_resume_300k_SafetyPointGoal1_v0_selected_pointwise_v2_pointwise_v2_s14,255000,0.0,0.0,0.0,0.0,0.0,0.0,
SafetyPointGoal1-v0,pointwise_v2,starv2_resume_300k_SafetyPointGoal1_v0_selected_pointwise_v2_pointwise_v2_s14,260000,0.0,0.0,0.0,0.0,0.0,0.0,
SafetyPointGoal1-v0,pointwise_v2,starv2_resume_300k_SafetyPointGoal1_v0_selected_pointwise_v2_pointwise_v2_s14,265000,0.0,0.0,0.0,0.0,0.0,0.0,
SafetyPointGoal1-v0,pointwise_v2,starv2_resume_300k_SafetyPointGoal1_v0_selected_pointwise_v2_pointwise_v2_s14,270000,0.0,0.0,0.0,0.0,0.0,0.0,
SafetyPointGoal1-v0,pointwise_v2,starv2_resume_300k_SafetyPointGoal1_v0_selected_pointwise_v2_pointwise_v2_s14,275000,0.0,0.0,0.0,0.0,0.0,0.0,
SafetyPointGoal1-v0,pointwise_v2,starv2_resume_300k_SafetyPointGoal1_v0_selected_pointwise_v2_pointwise_v2_s14,280000,0.0,0.0,0.0,0.0,0.0,0.0,
SafetyPointGoal1-v0,pointwise_v2,starv2_resume_300k_SafetyPointGoal1_v0_selected_pointwise_v2_pointwise_v2_s14,285000,0.0,0.0,0.0,0.0,0.0,0.0,
SafetyPointGoal1-v0,pointwise_v2,starv2_resume_300k_SafetyPointGoal1_v0_selected_pointwise_v2_pointwise_v2_s14,290000,0.0,0.0,0.0,0.0,0.0,0.0,
SafetyPointGoal1-v0,pointwise_v2,starv2_resume_300k_SafetyPointGoal1_v0_selected_pointwise_v2_pointwise_v2_s14,295000,0.0,0.0,0.0,0.0,0.0,0.0,
SafetyPointGoal1-v0,sac_lag,starv2_core_100k_SafetyPointGoal1_v0_selected_sac_lag_sac_lag_s10,100000,0.0,0.0,0.0,0.0,0.0,0.0,
SafetyPointGoal1-v0,sac_lag,starv2_core_100k_SafetyPointGoal1_v0_selected_sac_lag_sac_lag_s10,105000,0.0,0.0,0.0,0.0,0.0,0.0,
SafetyPointGoal1-v0,sac_lag,starv2_core_100k_SafetyPointGoal1_v0_selected_sac_lag_sac_lag_s10,110000,0.0,0.0,0.0,0.0,0.0,0.0,
SafetyPointGoal1-v0,sac_lag,starv2_core_100k_SafetyPointGoal1_v0_selected_sac_lag_sac_lag_s10,115000,0.0,0.0,0.0,0.0,0.0,0.0,
SafetyPointGoal1-v0,sac_lag,starv2_core_100k_SafetyPointGoal1_v0_selected_sac_lag_sac_lag_s10,120000,0.0,0.0,0.0,0.0,0.0,0.0,
SafetyPointGoal1-v0,sac_lag,starv2_core_100k_SafetyPointGoal1_v0_selected_sac_lag_sac_lag_s10,125000,0.0,0.0,0.0,0.0,0.0,0.0,
SafetyPointGoal1-v0,sac_lag,starv2_core_100k_SafetyPointGoal1_v0_selected_sac_lag_sac_lag_s10,130000,0.0,0.0,0.0,0.0,0.0,0.0,
SafetyPointGoal1-v0,sac_lag,starv2_core_100k_SafetyPointGoal1_v0_selected_sac_lag_sac_lag_s10,135000,0.0,0.0,0.0,0.0,0.0,0.0,
SafetyPointGoal1-v0,sac_lag,starv2_core_100k_SafetyPointGoal1_v0_selected_sac_lag_sac_lag_s10,140000,0.0,0.0,0.0,0.0,0.0,0.0,
SafetyPointGoal1-v0,sac_lag,starv2_core_100k_SafetyPointGoal1_v0_selected_sac_lag_sac_lag_s10,145000,0.0,0.0,0.0,0.0,0.0,0.0,
SafetyPointGoal1-v0,sac_lag,starv2_core_100k_SafetyPointGoal1_v0_selected_sac_lag_sac_lag_s10,150000,0.0,0.0,0.0,0.0,0.0,0.0,
SafetyPointGoal1-v0,sac_lag,starv2_core_100k_SafetyPointGoal1_v0_selected_sac_lag_sac_lag_s10,155000,0.0,0.0,0.0,0.0,0.0,0.0,
SafetyPointGoal1-v0,sac_lag,starv2_core_100k_SafetyPointGoal1_v0_selected_sac_lag_sac_lag_s10,160000,0.0,0.0,0.0,0.0,0.0,0.0,
SafetyPointGoal1-v0,sac_lag,starv2_core_100k_SafetyPointGoal1_v0_selected_sac_lag_sac_lag_s10,165000,0.0,0.0,0.0,0.0,0.0,0.0,
SafetyPointGoal1-v0,sac_lag,starv2_core_100k_SafetyPointGoal1_v0_selected_sac_lag_sac_lag_s10,170000,0.0,0.0,0.0,0.0,0.0,0.0,
SafetyPointGoal1-v0,sac_lag,starv2_core_100k_SafetyPointGoal1_v0_selected_sac_lag_sac_lag_s10,175000,0.0,0.0,0.0,0.0,0.0,0.0,
SafetyPointGoal1-v0,sac_lag,starv2_core_100k_SafetyPointGoal1_v0_selected_sac_lag_sac_lag_s10,180000,0.0,0.0,0.0,0.0,0.0,0.0,
SafetyPointGoal1-v0,sac_lag,starv2_core_100k_SafetyPointGoal1_v0_selected_sac_lag_sac_lag_s10,185000,0.0,0.0,0.0,0.0,0.0,0.0,
SafetyPointGoal1-v0,sac_lag,starv2_core_100k_SafetyPointGoal1_v0_selected_sac_lag_sac_lag_s10,190000,0.0,0.0,0.0,0.0,0.0,0.0,
SafetyPointGoal1-v0,sac_lag,starv2_core_100k_SafetyPointGoal1_v0_selected_sac_lag_sac_lag_s10,195000,0.0,0.0,0.0,0.0,0.0,0.0,
SafetyPointGoal1-v0,sac_lag,starv2_core_100k_SafetyPointGoal1_v0_selected_sac_lag_sac_lag_s10,200000,0.0,0.0,0.0,0.0,0.0,0.0,
SafetyPointGoal1-v0,sac_lag,starv2_core_100k_SafetyPointGoal1_v0_selected_sac_lag_sac_lag_s10,205000,0.0,0.0,0.0,0.0,0.0,0.0,
SafetyPointGoal1-v0,sac_lag,starv2_core_100k_SafetyPointGoal1_v0_selected_sac_lag_sac_lag_s10,210000,0.0,0.0,0.0,0.0,0.0,0.0,
SafetyPointGoal1-v0,sac_lag,starv2_core_100k_SafetyPointGoal1_v0_selected_sac_lag_sac_lag_s10,215000,0.0,0.0,0.0,0.0,0.0,0.0,
SafetyPointGoal1-v0,sac_lag,starv2_core_100k_SafetyPointGoal1_v0_selected_sac_lag_sac_lag_s10,220000,0.0,0.0,0.0,0.0,0.0,0.0,
SafetyPointGoal1-v0,sac_lag,starv2_core_100k_SafetyPointGoal1_v0_selected_sac_lag_sac_lag_s10,225000,0.0,0.0,0.0,0.0,0.0,0.0,
SafetyPointGoal1-v0,sac_lag,starv2_core_100k_SafetyPointGoal1_v0_selected_sac_lag_sac_lag_s10,230000,0.0,0.0,0.0,0.0,0.0,0.0,
SafetyPointGoal1-v0,sac_lag,starv2_core_100k_SafetyPointGoal1_v0_selected_sac_lag_sac_lag_s10,235000,0.0,0.0,0.0,0.0,0.0,0.0,
SafetyPointGoal1-v0,sac_lag,starv2_core_100k_SafetyPointGoal1_v0_selected_sac_lag_sac_lag_s10,240000,0.0,0.0,0.0,0.0,0.0,0.0,
SafetyPointGoal1-v0,sac_lag,starv2_core_100k_SafetyPointGoal1_v0_selected_sac_lag_sac_lag_s10,245000,0.0,0.0,0.0,0.0,0.0,0.0,
SafetyPointGoal1-v0,sac_lag,starv2_core_100k_SafetyPointGoal1_v0_selected_sac_lag_sac_lag_s10,250000,0.0,0.0,0.0,0.0,0.0,0.0,
SafetyPointGoal1-v0,sac_lag,starv2_core_100k_SafetyPointGoal1_v0_selected_sac_lag_sac_lag_s10,255000,0.0,0.0,0.0,0.0,0.0,0.0,
SafetyPointGoal1-v0,sac_lag,starv2_core_100k_SafetyPointGoal1_v0_selected_sac_lag_sac_lag_s10,260000,0.0,0.0,0.0,0.0,0.0,0.0,
SafetyPointGoal1-v0,sac_lag,starv2_core_100k_SafetyPointGoal1_v0_selected_sac_lag_sac_lag_s10,265000,0.0,0.0,0.0,0.0,0.0,0.0,
SafetyPointGoal1-v0,sac_lag,starv2_core_100k_SafetyPointGoal1_v0_selected_sac_lag_sac_lag_s10,270000,0.0,0.0,0.0,0.0,0.0,0.0,
SafetyPointGoal1-v0,sac_lag,starv2_core_100k_SafetyPointGoal1_v0_selected_sac_lag_sac_lag_s10,275000,0.0,0.0,0.0,0.0,0.0,0.0,
SafetyPointGoal1-v0,sac_lag,starv2_core_100k_SafetyPointGoal1_v0_selected_sac_lag_sac_lag_s10,280000,0.0,0.0,0.0,0.0,0.0,0.0,
SafetyPointGoal1-v0,sac_lag,starv2_core_100k_SafetyPointGoal1_v0_selected_sac_lag_sac_lag_s10,285000,0.0,0.0,0.0,0.0,0.0,0.0,
SafetyPointGoal1-v0,sac_lag,starv2_core_100k_SafetyPointGoal1_v0_selected_sac_lag_sac_lag_s10,290000,0.0,0.0,0.0,0.0,0.0,0.0,
SafetyPointGoal1-v0,sac_lag,starv2_core_100k_SafetyPointGoal1_v0_selected_sac_lag_sac_lag_s10,295000,0.0,0.0,0.0,0.0,0.0,0.0,
SafetyPointGoal1-v0,sac_lag,starv2_core_100k_SafetyPointGoal1_v0_selected_sac_lag_sac_lag_s11,100000,0.0,0.0,0.0,0.0,0.0,0.0,
SafetyPointGoal1-v0,sac_lag,starv2_core_100k_SafetyPointGoal1_v0_selected_sac_lag_sac_lag_s11,105000,0.0,0.0,0.0,0.0,0.0,0.0,
SafetyPointGoal1-v0,sac_lag,starv2_core_100k_SafetyPointGoal1_v0_selected_sac_lag_sac_lag_s11,110000,0.0,0.0,0.0,0.0,0.0,0.0,
SafetyPointGoal1-v0,sac_lag,starv2_core_100k_SafetyPointGoal1_v0_selected_sac_lag_sac_lag_s11,115000,0.0,0.0,0.0,0.0,0.0,0.0,
SafetyPointGoal1-v0,sac_lag,starv2_core_100k_SafetyPointGoal1_v0_selected_sac_lag_sac_lag_s11,120000,0.0,0.0,0.0,0.0,0.0,0.0,
SafetyPointGoal1-v0,sac_lag,starv2_core_100k_SafetyPointGoal1_v0_selected_sac_lag_sac_lag_s11,125000,0.0,0.0,0.0,0.0,0.0,0.0,
SafetyPointGoal1-v0,sac_lag,starv2_core_100k_SafetyPointGoal1_v0_selected_sac_lag_sac_lag_s11,130000,0.0,0.0,0.0,0.0,0.0,0.0,
SafetyPointGoal1-v0,sac_lag,starv2_core_100k_SafetyPointGoal1_v0_selected_sac_lag_sac_lag_s11,135000,0.0,0.0,0.0,0.0,0.0,0.0,
SafetyPointGoal1-v0,sac_lag,starv2_core_100k_SafetyPointGoal1_v0_selected_sac_lag_sac_lag_s11,140000,0.0,0.0,0.0,0.0,0.0,0.0,
SafetyPointGoal1-v0,sac_lag,starv2_core_100k_SafetyPointGoal1_v0_selected_sac_lag_sac_lag_s11,145000,0.0,0.0,0.0,0.0,0.0,0.0,
SafetyPointGoal1-v0,sac_lag,starv2_core_100k_SafetyPointGoal1_v0_selected_sac_lag_sac_lag_s11,150000,0.0,0.0,0.0,0.0,0.0,0.0,
SafetyPointGoal1-v0,sac_lag,starv2_core_100k_SafetyPointGoal1_v0_selected_sac_lag_sac_lag_s11,155000,0.0,0.0,0.0,0.0,0.0,0.0,
SafetyPointGoal1-v0,sac_lag,starv2_core_100k_SafetyPointGoal1_v0_selected_sac_lag_sac_lag_s11,160000,0.0,0.0,0.0,0.0,0.0,0.0,
SafetyPointGoal1-v0,sac_lag,starv2_core_100k_SafetyPointGoal1_v0_selected_sac_lag_sac_lag_s11,165000,0.0,0.0,0.0,0.0,0.0,0.0,
SafetyPointGoal1-v0,sac_lag,starv2_core_100k_SafetyPointGoal1_v0_selected_sac_lag_sac_lag_s11,170000,0.0,0.0,0.0,0.0,0.0,0.0,
SafetyPointGoal1-v0,sac_lag,starv2_core_100k_SafetyPointGoal1_v0_selected_sac_lag_sac_lag_s11,175000,0.0,0.0,0.0,0.0,0.0,0.0,
SafetyPointGoal1-v0,sac_lag,starv2_core_100k_SafetyPointGoal1_v0_selected_sac_lag_sac_lag_s11,180000,0.0,0.0,0.0,0.0,0.0,0.0,
SafetyPointGoal1-v0,sac_lag,starv2_core_100k_SafetyPointGoal1_v0_selected_sac_lag_sac_lag_s11,185000,0.0,0.0,0.0,0.0,0.0,0.0,
SafetyPointGoal1-v0,sac_lag,starv2_core_100k_SafetyPointGoal1_v0_selected_sac_lag_sac_lag_s11,190000,0.0,0.0,0.0,0.0,0.0,0.0,
SafetyPointGoal1-v0,sac_lag,starv2_core_100k_SafetyPointGoal1_v0_selected_sac_lag_sac_lag_s11,195000,0.0,0.0,0.0,0.0,0.0,0.0,
SafetyPointGoal1-v0,sac_lag,starv2_core_100k_SafetyPointGoal1_v0_selected_sac_lag_sac_lag_s11,200000,0.0,0.0,0.0,0.0,0.0,0.0,
SafetyPointGoal1-v0,sac_lag,starv2_core_100k_SafetyPointGoal1_v0_selected_sac_lag_sac_lag_s11,205000,0.0,0.0,0.0,0.0,0.0,0.0,
SafetyPointGoal1-v0,sac_lag,starv2_core_100k_SafetyPointGoal1_v0_selected_sac_lag_sac_lag_s11,210000,0.0,0.0,0.0,0.0,0.0,0.0,
SafetyPointGoal1-v0,sac_lag,starv2_core_100k_SafetyPointGoal1_v0_selected_sac_lag_sac_lag_s11,215000,0.0,0.0,0.0,0.0,0.0,0.0,
SafetyPointGoal1-v0,sac_lag,starv2_core_100k_SafetyPointGoal1_v0_selected_sac_lag_sac_lag_s11,220000,0.0,0.0,0.0,0.0,0.0,0.0,
SafetyPointGoal1-v0,sac_lag,starv2_core_100k_SafetyPointGoal1_v0_selected_sac_lag_sac_lag_s11,225000,0.0,0.0,0.0,0.0,0.0,0.0,
SafetyPointGoal1-v0,sac_lag,starv2_core_100k_SafetyPointGoal1_v0_selected_sac_lag_sac_lag_s11,230000,0.0,0.0,0.0,0.0,0.0,0.0,
SafetyPointGoal1-v0,sac_lag,starv2_core_100k_SafetyPointGoal1_v0_selected_sac_lag_sac_lag_s11,235000,0.0,0.0,0.0,0.0,0.0,0.0,
SafetyPointGoal1-v0,sac_lag,starv2_core_100k_SafetyPointGoal1_v0_selected_sac_lag_sac_lag_s11,240000,0.0,0.0,0.0,0.0,0.0,0.0,
SafetyPointGoal1-v0,sac_lag,starv2_core_100k_SafetyPointGoal1_v0_selected_sac_lag_sac_lag_s11,245000,0.0,0.0,0.0,0.0,0.0,0.0,
SafetyPointGoal1-v0,sac_lag,starv2_core_100k_SafetyPointGoal1_v0_selected_sac_lag_sac_lag_s11,250000,0.0,0.0,0.0,0.0,0.0,0.0,
SafetyPointGoal1-v0,sac_lag,starv2_core_100k_SafetyPointGoal1_v0_selected_sac_lag_sac_lag_s11,255000,0.0,0.0,0.0,0.0,0.0,0.0,
SafetyPointGoal1-v0,sac_lag,starv2_core_100k_SafetyPointGoal1_v0_selected_sac_lag_sac_lag_s11,260000,0.0,0.0,0.0,0.0,0.0,0.0,
SafetyPointGoal1-v0,sac_lag,starv2_core_100k_SafetyPointGoal1_v0_selected_sac_lag_sac_lag_s11,265000,0.0,0.0,0.0,0.0,0.0,0.0,
SafetyPointGoal1-v0,sac_lag,starv2_core_100k_SafetyPointGoal1_v0_selected_sac_lag_sac_lag_s11,270000,0.0,0.0,0.0,0.0,0.0,0.0,
SafetyPointGoal1-v0,sac_lag,starv2_core_100k_SafetyPointGoal1_v0_selected_sac_lag_sac_lag_s11,275000,0.0,0.0,0.0,0.0,0.0,0.0,
SafetyPointGoal1-v0,sac_lag,starv2_core_100k_SafetyPointGoal1_v0_selected_sac_lag_sac_lag_s11,280000,0.0,0.0,0.0,0.0,0.0,0.0,
SafetyPointGoal1-v0,sac_lag,starv2_core_100k_SafetyPointGoal1_v0_selected_sac_lag_sac_lag_s11,285000,0.0,0.0,0.0,0.0,0.0,0.0,
SafetyPointGoal1-v0,sac_lag,starv2_core_100k_SafetyPointGoal1_v0_selected_sac_lag_sac_lag_s11,290000,0.0,0.0,0.0,0.0,0.0,0.0,
SafetyPointGoal1-v0,sac_lag,starv2_core_100k_SafetyPointGoal1_v0_selected_sac_lag_sac_lag_s11,295000,0.0,0.0,0.0,0.0,0.0,0.0,
SafetyPointGoal1-v0,sac_lag,starv2_core_100k_SafetyPointGoal1_v0_selected_sac_lag_sac_lag_s12,100000,0.0,0.0,0.0,0.0,0.0,0.0,
SafetyPointGoal1-v0,sac_lag,starv2_core_100k_SafetyPointGoal1_v0_selected_sac_lag_sac_lag_s12,105000,0.0,0.0,0.0,0.0,0.0,0.0,
SafetyPointGoal1-v0,sac_lag,starv2_core_100k_SafetyPointGoal1_v0_selected_sac_lag_sac_lag_s12,110000,0.0,0.0,0.0,0.0,0.0,0.0,
SafetyPointGoal1-v0,sac_lag,starv2_core_100k_SafetyPointGoal1_v0_selected_sac_lag_sac_lag_s12,115000,0.0,0.0,0.0,0.0,0.0,0.0,
SafetyPointGoal1-v0,sac_lag,starv2_core_100k_SafetyPointGoal1_v0_selected_sac_lag_sac_lag_s12,120000,0.0,0.0,0.0,0.0,0.0,0.0,
SafetyPointGoal1-v0,sac_lag,starv2_core_100k_SafetyPointGoal1_v0_selected_sac_lag_sac_lag_s12,125000,0.0,0.0,0.0,0.0,0.0,0.0,
SafetyPointGoal1-v0,sac_lag,starv2_core_100k_SafetyPointGoal1_v0_selected_sac_lag_sac_lag_s12,130000,0.0,0.0,0.0,0.0,0.0,0.0,
SafetyPointGoal1-v0,sac_lag,starv2_core_100k_SafetyPointGoal1_v0_selected_sac_lag_sac_lag_s12,135000,0.0,0.0,0.0,0.0,0.0,0.0,
SafetyPointGoal1-v0,sac_lag,starv2_core_100k_SafetyPointGoal1_v0_selected_sac_lag_sac_lag_s12,140000,0.0,0.0,0.0,0.0,0.0,0.0,
SafetyPointGoal1-v0,sac_lag,starv2_core_100k_SafetyPointGoal1_v0_selected_sac_lag_sac_lag_s12,145000,0.0,0.0,0.0,0.0,0.0,0.0,
SafetyPointGoal1-v0,sac_lag,starv2_core_100k_SafetyPointGoal1_v0_selected_sac_lag_sac_lag_s12,150000,0.0,0.0,0.0,0.0,0.0,0.0,
SafetyPointGoal1-v0,sac_lag,starv2_core_100k_SafetyPointGoal1_v0_selected_sac_lag_sac_lag_s12,155000,0.0,0.0,0.0,0.0,0.0,0.0,
SafetyPointGoal1-v0,sac_lag,starv2_core_100k_SafetyPointGoal1_v0_selected_sac_lag_sac_lag_s12,160000,0.0,0.0,0.0,0.0,0.0,0.0,
SafetyPointGoal1-v0,sac_lag,starv2_core_100k_SafetyPointGoal1_v0_selected_sac_lag_sac_lag_s12,165000,0.0,0.0,0.0,0.0,0.0,0.0,
SafetyPointGoal1-v0,sac_lag,starv2_core_100k_SafetyPointGoal1_v0_selected_sac_lag_sac_lag_s12,170000,0.0,0.0,0.0,0.0,0.0,0.0,
SafetyPointGoal1-v0,sac_lag,starv2_core_100k_SafetyPointGoal1_v0_selected_sac_lag_sac_lag_s12,175000,0.0,0.0,0.0,0.0,0.0,0.0,
SafetyPointGoal1-v0,sac_lag,starv2_core_100k_SafetyPointGoal1_v0_selected_sac_lag_sac_lag_s12,180000,0.0,0.0,0.0,0.0,0.0,0.0,
SafetyPointGoal1-v0,sac_lag,starv2_core_100k_SafetyPointGoal1_v0_selected_sac_lag_sac_lag_s12,185000,0.0,0.0,0.0,0.0,0.0,0.0,
SafetyPointGoal1-v0,sac_lag,starv2_core_100k_SafetyPointGoal1_v0_selected_sac_lag_sac_lag_s12,190000,0.0,0.0,0.0,0.0,0.0,0.0,
SafetyPointGoal1-v0,sac_lag,starv2_core_100k_SafetyPointGoal1_v0_selected_sac_lag_sac_lag_s12,195000,0.0,0.0,0.0,0.0,0.0,0.0,
SafetyPointGoal1-v0,sac_lag,starv2_core_100k_SafetyPointGoal1_v0_selected_sac_lag_sac_lag_s12,200000,0.0,0.0,0.0,0.0,0.0,0.0,
SafetyPointGoal1-v0,sac_lag,starv2_core_100k_SafetyPointGoal1_v0_selected_sac_lag_sac_lag_s12,205000,0.0,0.0,0.0,0.0,0.0,0.0,
SafetyPointGoal1-v0,sac_lag,starv2_core_100k_SafetyPointGoal1_v0_selected_sac_lag_sac_lag_s12,210000,0.0,0.0,0.0,0.0,0.0,0.0,
SafetyPointGoal1-v0,sac_lag,starv2_core_100k_SafetyPointGoal1_v0_selected_sac_lag_sac_lag_s12,215000,0.0,0.0,0.0,0.0,0.0,0.0,
SafetyPointGoal1-v0,sac_lag,starv2_core_100k_SafetyPointGoal1_v0_selected_sac_lag_sac_lag_s12,220000,0.0,0.0,0.0,0.0,0.0,0.0,
SafetyPointGoal1-v0,sac_lag,starv2_core_100k_SafetyPointGoal1_v0_selected_sac_lag_sac_lag_s12,225000,0.0,0.0,0.0,0.0,0.0,0.0,
SafetyPointGoal1-v0,sac_lag,starv2_core_100k_SafetyPointGoal1_v0_selected_sac_lag_sac_lag_s12,230000,0.0,0.0,0.0,0.0,0.0,0.0,
SafetyPointGoal1-v0,sac_lag,starv2_core_100k_SafetyPointGoal1_v0_selected_sac_lag_sac_lag_s12,235000,0.0,0.0,0.0,0.0,0.0,0.0,
SafetyPointGoal1-v0,sac_lag,starv2_core_100k_SafetyPointGoal1_v0_selected_sac_lag_sac_lag_s12,240000,0.0,0.0,0.0,0.0,0.0,0.0,
SafetyPointGoal1-v0,sac_lag,starv2_core_100k_SafetyPointGoal1_v0_selected_sac_lag_sac_lag_s12,245000,0.0,0.0,0.0,0.0,0.0,0.0,
SafetyPointGoal1-v0,sac_lag,starv2_core_100k_SafetyPointGoal1_v0_selected_sac_lag_sac_lag_s12,250000,0.0,0.0,0.0,0.0,0.0,0.0,
SafetyPointGoal1-v0,sac_lag,starv2_core_100k_SafetyPointGoal1_v0_selected_sac_lag_sac_lag_s12,255000,0.0,0.0,0.0,0.0,0.0,0.0,
SafetyPointGoal1-v0,sac_lag,starv2_core_100k_SafetyPointGoal1_v0_selected_sac_lag_sac_lag_s12,260000,0.0,0.0,0.0,0.0,0.0,0.0,
SafetyPointGoal1-v0,sac_lag,starv2_core_100k_SafetyPointGoal1_v0_selected_sac_lag_sac_lag_s12,265000,0.0,0.0,0.0,0.0,0.0,0.0,
SafetyPointGoal1-v0,sac_lag,starv2_core_100k_SafetyPointGoal1_v0_selected_sac_lag_sac_lag_s12,270000,0.0,0.0,0.0,0.0,0.0,0.0,
SafetyPointGoal1-v0,sac_lag,starv2_core_100k_SafetyPointGoal1_v0_selected_sac_lag_sac_lag_s12,275000,0.0,0.0,0.0,0.0,0.0,0.0,
SafetyPointGoal1-v0,sac_lag,starv2_core_100k_SafetyPointGoal1_v0_selected_sac_lag_sac_lag_s12,280000,0.0,0.0,0.0,0.0,0.0,0.0,
SafetyPointGoal1-v0,sac_lag,starv2_core_100k_SafetyPointGoal1_v0_selected_sac_lag_sac_lag_s12,285000,0.0,0.0,0.0,0.0,0.0,0.0,
SafetyPointGoal1-v0,sac_lag,starv2_core_100k_SafetyPointGoal1_v0_selected_sac_lag_sac_lag_s12,290000,0.0,0.0,0.0,0.0,0.0,0.0,
SafetyPointGoal1-v0,sac_lag,starv2_core_100k_SafetyPointGoal1_v0_selected_sac_lag_sac_lag_s12,295000,0.0,0.0,0.0,0.0,0.0,0.0,
SafetyPointGoal1-v0,sac_lag,starv2_resume_300k_SafetyPointGoal1_v0_selected_sac_lag_sac_lag_s13,5000,0.0,0.0,0.0,0.0,0.0,0.0,
SafetyPointGoal1-v0,sac_lag,starv2_resume_300k_SafetyPointGoal1_v0_selected_sac_lag_sac_lag_s13,10000,0.0,0.0,0.0,0.0,0.0,0.0,
SafetyPointGoal1-v0,sac_lag,starv2_resume_300k_SafetyPointGoal1_v0_selected_sac_lag_sac_lag_s13,15000,0.0,0.0,0.0,0.0,0.0,0.0,
SafetyPointGoal1-v0,sac_lag,starv2_resume_300k_SafetyPointGoal1_v0_selected_sac_lag_sac_lag_s13,20000,0.0,0.0,0.0,0.0,0.0,0.0,
SafetyPointGoal1-v0,sac_lag,starv2_resume_300k_SafetyPointGoal1_v0_selected_sac_lag_sac_lag_s13,25000,0.0,0.0,0.0,0.0,0.0,0.0,
SafetyPointGoal1-v0,sac_lag,starv2_resume_300k_SafetyPointGoal1_v0_selected_sac_lag_sac_lag_s13,30000,0.0,0.0,0.0,0.0,0.0,0.0,
SafetyPointGoal1-v0,sac_lag,starv2_resume_300k_SafetyPointGoal1_v0_selected_sac_lag_sac_lag_s13,35000,0.0,0.0,0.0,0.0,0.0,0.0,
SafetyPointGoal1-v0,sac_lag,starv2_resume_300k_SafetyPointGoal1_v0_selected_sac_lag_sac_lag_s13,40000,0.0,0.0,0.0,0.0,0.0,0.0,
SafetyPointGoal1-v0,sac_lag,starv2_resume_300k_SafetyPointGoal1_v0_selected_sac_lag_sac_lag_s13,45000,0.0,0.0,0.0,0.0,0.0,0.0,
SafetyPointGoal1-v0,sac_lag,starv2_resume_300k_SafetyPointGoal1_v0_selected_sac_lag_sac_lag_s13,50000,0.0,0.0,0.0,0.0,0.0,0.0,
SafetyPointGoal1-v0,sac_lag,starv2_resume_300k_SafetyPointGoal1_v0_selected_sac_lag_sac_lag_s13,55000,0.0,0.0,0.0,0.0,0.0,0.0,
SafetyPointGoal1-v0,sac_lag,starv2_resume_300k_SafetyPointGoal1_v0_selected_sac_lag_sac_lag_s13,60000,0.0,0.0,0.0,0.0,0.0,0.0,
SafetyPointGoal1-v0,sac_lag,starv2_resume_300k_SafetyPointGoal1_v0_selected_sac_lag_sac_lag_s13,65000,0.0,0.0,0.0,0.0,0.0,0.0,
SafetyPointGoal1-v0,sac_lag,starv2_resume_300k_SafetyPointGoal1_v0_selected_sac_lag_sac_lag_s13,70000,0.0,0.0,0.0,0.0,0.0,0.0,
SafetyPointGoal1-v0,sac_lag,starv2_resume_300k_SafetyPointGoal1_v0_selected_sac_lag_sac_lag_s13,75000,0.0,0.0,0.0,0.0,0.0,0.0,
SafetyPointGoal1-v0,sac_lag,starv2_resume_300k_SafetyPointGoal1_v0_selected_sac_lag_sac_lag_s13,80000,0.0,0.0,0.0,0.0,0.0,0.0,
SafetyPointGoal1-v0,sac_lag,starv2_resume_300k_SafetyPointGoal1_v0_selected_sac_lag_sac_lag_s13,85000,0.0,0.0,0.0,0.0,0.0,0.0,
SafetyPointGoal1-v0,sac_lag,starv2_resume_300k_SafetyPointGoal1_v0_selected_sac_lag_sac_lag_s13,90000,0.0,0.0,0.0,0.0,0.0,0.0,
SafetyPointGoal1-v0,sac_lag,starv2_resume_300k_SafetyPointGoal1_v0_selected_sac_lag_sac_lag_s13,95000,0.0,0.0,0.0,0.0,0.0,0.0,
SafetyPointGoal1-v0,sac_lag,starv2_resume_300k_SafetyPointGoal1_v0_selected_sac_lag_sac_lag_s13,100000,0.0,0.0,0.0,0.0,0.0,0.0,
SafetyPointGoal1-v0,sac_lag,starv2_resume_300k_SafetyPointGoal1_v0_selected_sac_lag_sac_lag_s13,105000,0.0,0.0,0.0,0.0,0.0,0.0,
SafetyPointGoal1-v0,sac_lag,starv2_resume_300k_SafetyPointGoal1_v0_selected_sac_lag_sac_lag_s13,110000,0.0,0.0,0.0,0.0,0.0,0.0,
SafetyPointGoal1-v0,sac_lag,starv2_resume_300k_SafetyPointGoal1_v0_selected_sac_lag_sac_lag_s13,115000,0.0,0.0,0.0,0.0,0.0,0.0,
SafetyPointGoal1-v0,sac_lag,starv2_resume_300k_SafetyPointGoal1_v0_selected_sac_lag_sac_lag_s13,120000,0.0,0.0,0.0,0.0,0.0,0.0,
SafetyPointGoal1-v0,sac_lag,starv2_resume_300k_SafetyPointGoal1_v0_selected_sac_lag_sac_lag_s13,125000,0.0,0.0,0.0,0.0,0.0,0.0,
SafetyPointGoal1-v0,sac_lag,starv2_resume_300k_SafetyPointGoal1_v0_selected_sac_lag_sac_lag_s13,130000,0.0,0.0,0.0,0.0,0.0,0.0,
SafetyPointGoal1-v0,sac_lag,starv2_resume_300k_SafetyPointGoal1_v0_selected_sac_lag_sac_lag_s13,135000,0.0,0.0,0.0,0.0,0.0,0.0,
SafetyPointGoal1-v0,sac_lag,starv2_resume_300k_SafetyPointGoal1_v0_selected_sac_lag_sac_lag_s13,140000,0.0,0.0,0.0,0.0,0.0,0.0,
SafetyPointGoal1-v0,sac_lag,starv2_resume_300k_SafetyPointGoal1_v0_selected_sac_lag_sac_lag_s13,145000,0.0,0.0,0.0,0.0,0.0,0.0,
SafetyPointGoal1-v0,sac_lag,starv2_resume_300k_SafetyPointGoal1_v0_selected_sac_lag_sac_lag_s13,150000,0.0,0.0,0.0,0.0,0.0,0.0,
SafetyPointGoal1-v0,sac_lag,starv2_resume_300k_SafetyPointGoal1_v0_selected_sac_lag_sac_lag_s13,155000,0.0,0.0,0.0,0.0,0.0,0.0,
SafetyPointGoal1-v0,sac_lag,starv2_resume_300k_SafetyPointGoal1_v0_selected_sac_lag_sac_lag_s13,160000,0.0,0.0,0.0,0.0,0.0,0.0,
SafetyPointGoal1-v0,sac_lag,starv2_resume_300k_SafetyPointGoal1_v0_selected_sac_lag_sac_lag_s13,165000,0.0,0.0,0.0,0.0,0.0,0.0,
SafetyPointGoal1-v0,sac_lag,starv2_resume_300k_SafetyPointGoal1_v0_selected_sac_lag_sac_lag_s13,170000,0.0,0.0,0.0,0.0,0.0,0.0,
SafetyPointGoal1-v0,sac_lag,starv2_resume_300k_SafetyPointGoal1_v0_selected_sac_lag_sac_lag_s13,175000,0.0,0.0,0.0,0.0,0.0,0.0,
SafetyPointGoal1-v0,sac_lag,starv2_resume_300k_SafetyPointGoal1_v0_selected_sac_lag_sac_lag_s13,180000,0.0,0.0,0.0,0.0,0.0,0.0,
SafetyPointGoal1-v0,sac_lag,starv2_resume_300k_SafetyPointGoal1_v0_selected_sac_lag_sac_lag_s13,185000,0.0,0.0,0.0,0.0,0.0,0.0,
SafetyPointGoal1-v0,sac_lag,starv2_resume_300k_SafetyPointGoal1_v0_selected_sac_lag_sac_lag_s13,190000,0.0,0.0,0.0,0.0,0.0,0.0,
SafetyPointGoal1-v0,sac_lag,starv2_resume_300k_SafetyPointGoal1_v0_selected_sac_lag_sac_lag_s13,195000,0.0,0.0,0.0,0.0,0.0,0.0,
SafetyPointGoal1-v0,sac_lag,starv2_resume_300k_SafetyPointGoal1_v0_selected_sac_lag_sac_lag_s13,200000,0.0,0.0,0.0,0.0,0.0,0.0,
SafetyPointGoal1-v0,sac_lag,starv2_resume_300k_SafetyPointGoal1_v0_selected_sac_lag_sac_lag_s13,205000,0.0,0.0,0.0,0.0,0.0,0.0,
SafetyPointGoal1-v0,sac_lag,starv2_resume_300k_SafetyPointGoal1_v0_selected_sac_lag_sac_lag_s13,210000,0.0,0.0,0.0,0.0,0.0,0.0,
SafetyPointGoal1-v0,sac_lag,starv2_resume_300k_SafetyPointGoal1_v0_selected_sac_lag_sac_lag_s13,215000,0.0,0.0,0.0,0.0,0.0,0.0,
SafetyPointGoal1-v0,sac_lag,starv2_resume_300k_SafetyPointGoal1_v0_selected_sac_lag_sac_lag_s13,220000,0.0,0.0,0.0,0.0,0.0,0.0,
SafetyPointGoal1-v0,sac_lag,starv2_resume_300k_SafetyPointGoal1_v0_selected_sac_lag_sac_lag_s13,225000,0.0,0.0,0.0,0.0,0.0,0.0,
SafetyPointGoal1-v0,sac_lag,starv2_resume_300k_SafetyPointGoal1_v0_selected_sac_lag_sac_lag_s13,230000,0.0,0.0,0.0,0.0,0.0,0.0,
SafetyPointGoal1-v0,sac_lag,starv2_resume_300k_SafetyPointGoal1_v0_selected_sac_lag_sac_lag_s13,235000,0.0,0.0,0.0,0.0,0.0,0.0,
SafetyPointGoal1-v0,sac_lag,starv2_resume_300k_SafetyPointGoal1_v0_selected_sac_lag_sac_lag_s13,240000,0.0,0.0,0.0,0.0,0.0,0.0,
SafetyPointGoal1-v0,sac_lag,starv2_resume_300k_SafetyPointGoal1_v0_selected_sac_lag_sac_lag_s13,245000,0.0,0.0,0.0,0.0,0.0,0.0,
SafetyPointGoal1-v0,sac_lag,starv2_resume_300k_SafetyPointGoal1_v0_selected_sac_lag_sac_lag_s13,250000,0.0,0.0,0.0,0.0,0.0,0.0,
SafetyPointGoal1-v0,sac_lag,starv2_resume_300k_SafetyPointGoal1_v0_selected_sac_lag_sac_lag_s13,255000,0.0,0.0,0.0,0.0,0.0,0.0,
SafetyPointGoal1-v0,sac_lag,starv2_resume_300k_SafetyPointGoal1_v0_selected_sac_lag_sac_lag_s13,260000,0.0,0.0,0.0,0.0,0.0,0.0,
SafetyPointGoal1-v0,sac_lag,starv2_resume_300k_SafetyPointGoal1_v0_selected_sac_lag_sac_lag_s13,265000,0.0,0.0,0.0,0.0,0.0,0.0,
SafetyPointGoal1-v0,sac_lag,starv2_resume_300k_SafetyPointGoal1_v0_selected_sac_lag_sac_lag_s13,270000,0.0,0.0,0.0,0.0,0.0,0.0,
SafetyPointGoal1-v0,sac_lag,starv2_resume_300k_SafetyPointGoal1_v0_selected_sac_lag_sac_lag_s13,275000,0.0,0.0,0.0,0.0,0.0,0.0,
SafetyPointGoal1-v0,sac_lag,starv2_resume_300k_SafetyPointGoal1_v0_selected_sac_lag_sac_lag_s13,280000,0.0,0.0,0.0,0.0,0.0,0.0,
SafetyPointGoal1-v0,sac_lag,starv2_resume_300k_SafetyPointGoal1_v0_selected_sac_lag_sac_lag_s13,285000,0.0,0.0,0.0,0.0,0.0,0.0,
SafetyPointGoal1-v0,sac_lag,starv2_resume_300k_SafetyPointGoal1_v0_selected_sac_lag_sac_lag_s13,290000,0.0,0.0,0.0,0.0,0.0,0.0,
SafetyPointGoal1-v0,sac_lag,starv2_resume_300k_SafetyPointGoal1_v0_selected_sac_lag_sac_lag_s13,295000,0.0,0.0,0.0,0.0,0.0,0.0,
SafetyPointGoal1-v0,sac_lag,starv2_resume_300k_SafetyPointGoal1_v0_selected_sac_lag_sac_lag_s14,5000,0.0,0.0,0.0,0.0,0.0,0.0,
SafetyPointGoal1-v0,sac_lag,starv2_resume_300k_SafetyPointGoal1_v0_selected_sac_lag_sac_lag_s14,10000,0.0,0.0,0.0,0.0,0.0,0.0,
SafetyPointGoal1-v0,sac_lag,starv2_resume_300k_SafetyPointGoal1_v0_selected_sac_lag_sac_lag_s14,15000,0.0,0.0,0.0,0.0,0.0,0.0,
SafetyPointGoal1-v0,sac_lag,starv2_resume_300k_SafetyPointGoal1_v0_selected_sac_lag_sac_lag_s14,20000,0.0,0.0,0.0,0.0,0.0,0.0,
SafetyPointGoal1-v0,sac_lag,starv2_resume_300k_SafetyPointGoal1_v0_selected_sac_lag_sac_lag_s14,25000,0.0,0.0,0.0,0.0,0.0,0.0,
SafetyPointGoal1-v0,sac_lag,starv2_resume_300k_SafetyPointGoal1_v0_selected_sac_lag_sac_lag_s14,30000,0.0,0.0,0.0,0.0,0.0,0.0,
SafetyPointGoal1-v0,sac_lag,starv2_resume_300k_SafetyPointGoal1_v0_selected_sac_lag_sac_lag_s14,35000,0.0,0.0,0.0,0.0,0.0,0.0,
SafetyPointGoal1-v0,sac_lag,starv2_resume_300k_SafetyPointGoal1_v0_selected_sac_lag_sac_lag_s14,40000,0.0,0.0,0.0,0.0,0.0,0.0,
SafetyPointGoal1-v0,sac_lag,starv2_resume_300k_SafetyPointGoal1_v0_selected_sac_lag_sac_lag_s14,45000,0.0,0.0,0.0,0.0,0.0,0.0,
SafetyPointGoal1-v0,sac_lag,starv2_resume_300k_SafetyPointGoal1_v0_selected_sac_lag_sac_lag_s14,50000,0.0,0.0,0.0,0.0,0.0,0.0,
SafetyPointGoal1-v0,sac_lag,starv2_resume_300k_SafetyPointGoal1_v0_selected_sac_lag_sac_lag_s14,55000,0.0,0.0,0.0,0.0,0.0,0.0,
SafetyPointGoal1-v0,sac_lag,starv2_resume_300k_SafetyPointGoal1_v0_selected_sac_lag_sac_lag_s14,60000,0.0,0.0,0.0,0.0,0.0,0.0,
SafetyPointGoal1-v0,sac_lag,starv2_resume_300k_SafetyPointGoal1_v0_selected_sac_lag_sac_lag_s14,65000,0.0,0.0,0.0,0.0,0.0,0.0,
SafetyPointGoal1-v0,sac_lag,starv2_resume_300k_SafetyPointGoal1_v0_selected_sac_lag_sac_lag_s14,70000,0.0,0.0,0.0,0.0,0.0,0.0,
SafetyPointGoal1-v0,sac_lag,starv2_resume_300k_SafetyPointGoal1_v0_selected_sac_lag_sac_lag_s14,75000,0.0,0.0,0.0,0.0,0.0,0.0,
SafetyPointGoal1-v0,sac_lag,starv2_resume_300k_SafetyPointGoal1_v0_selected_sac_lag_sac_lag_s14,80000,0.0,0.0,0.0,0.0,0.0,0.0,
SafetyPointGoal1-v0,sac_lag,starv2_resume_300k_SafetyPointGoal1_v0_selected_sac_lag_sac_lag_s14,85000,0.0,0.0,0.0,0.0,0.0,0.0,
SafetyPointGoal1-v0,sac_lag,starv2_resume_300k_SafetyPointGoal1_v0_selected_sac_lag_sac_lag_s14,90000,0.0,0.0,0.0,0.0,0.0,0.0,
SafetyPointGoal1-v0,sac_lag,starv2_resume_300k_SafetyPointGoal1_v0_selected_sac_lag_sac_lag_s14,95000,0.0,0.0,0.0,0.0,0.0,0.0,
SafetyPointGoal1-v0,sac_lag,starv2_resume_300k_SafetyPointGoal1_v0_selected_sac_lag_sac_lag_s14,100000,0.0,0.0,0.0,0.0,0.0,0.0,
SafetyPointGoal1-v0,sac_lag,starv2_resume_300k_SafetyPointGoal1_v0_selected_sac_lag_sac_lag_s14,105000,0.0,0.0,0.0,0.0,0.0,0.0,
SafetyPointGoal1-v0,sac_lag,starv2_resume_300k_SafetyPointGoal1_v0_selected_sac_lag_sac_lag_s14,110000,0.0,0.0,0.0,0.0,0.0,0.0,
SafetyPointGoal1-v0,sac_lag,starv2_resume_300k_SafetyPointGoal1_v0_selected_sac_lag_sac_lag_s14,115000,0.0,0.0,0.0,0.0,0.0,0.0,
SafetyPointGoal1-v0,sac_lag,starv2_resume_300k_SafetyPointGoal1_v0_selected_sac_lag_sac_lag_s14,120000,0.0,0.0,0.0,0.0,0.0,0.0,
SafetyPointGoal1-v0,sac_lag,starv2_resume_300k_SafetyPointGoal1_v0_selected_sac_lag_sac_lag_s14,125000,0.0,0.0,0.0,0.0,0.0,0.0,
SafetyPointGoal1-v0,sac_lag,starv2_resume_300k_SafetyPointGoal1_v0_selected_sac_lag_sac_lag_s14,130000,0.0,0.0,0.0,0.0,0.0,0.0,
SafetyPointGoal1-v0,sac_lag,starv2_resume_300k_SafetyPointGoal1_v0_selected_sac_lag_sac_lag_s14,135000,0.0,0.0,0.0,0.0,0.0,0.0,
SafetyPointGoal1-v0,sac_lag,starv2_resume_300k_SafetyPointGoal1_v0_selected_sac_lag_sac_lag_s14,140000,0.0,0.0,0.0,0.0,0.0,0.0,
SafetyPointGoal1-v0,sac_lag,starv2_resume_300k_SafetyPointGoal1_v0_selected_sac_lag_sac_lag_s14,145000,0.0,0.0,0.0,0.0,0.0,0.0,
SafetyPointGoal1-v0,sac_lag,starv2_resume_300k_SafetyPointGoal1_v0_selected_sac_lag_sac_lag_s14,150000,0.0,0.0,0.0,0.0,0.0,0.0,
SafetyPointGoal1-v0,sac_lag,starv2_resume_300k_SafetyPointGoal1_v0_selected_sac_lag_sac_lag_s14,155000,0.0,0.0,0.0,0.0,0.0,0.0,
SafetyPointGoal1-v0,sac_lag,starv2_resume_300k_SafetyPointGoal1_v0_selected_sac_lag_sac_lag_s14,160000,0.0,0.0,0.0,0.0,0.0,0.0,
SafetyPointGoal1-v0,sac_lag,starv2_resume_300k_SafetyPointGoal1_v0_selected_sac_lag_sac_lag_s14,165000,0.0,0.0,0.0,0.0,0.0,0.0,
SafetyPointGoal1-v0,sac_lag,starv2_resume_300k_SafetyPointGoal1_v0_selected_sac_lag_sac_lag_s14,170000,0.0,0.0,0.0,0.0,0.0,0.0,
SafetyPointGoal1-v0,sac_lag,starv2_resume_300k_SafetyPointGoal1_v0_selected_sac_lag_sac_lag_s14,175000,0.0,0.0,0.0,0.0,0.0,0.0,
SafetyPointGoal1-v0,sac_lag,starv2_resume_300k_SafetyPointGoal1_v0_selected_sac_lag_sac_lag_s14,180000,0.0,0.0,0.0,0.0,0.0,0.0,
SafetyPointGoal1-v0,sac_lag,starv2_resume_300k_SafetyPointGoal1_v0_selected_sac_lag_sac_lag_s14,185000,0.0,0.0,0.0,0.0,0.0,0.0,
SafetyPointGoal1-v0,sac_lag,starv2_resume_300k_SafetyPointGoal1_v0_selected_sac_lag_sac_lag_s14,190000,0.0,0.0,0.0,0.0,0.0,0.0,
SafetyPointGoal1-v0,sac_lag,starv2_resume_300k_SafetyPointGoal1_v0_selected_sac_lag_sac_lag_s14,195000,0.0,0.0,0.0,0.0,0.0,0.0,
SafetyPointGoal1-v0,sac_lag,starv2_resume_300k_SafetyPointGoal1_v0_selected_sac_lag_sac_lag_s14,200000,0.0,0.0,0.0,0.0,0.0,0.0,
SafetyPointGoal1-v0,sac_lag,starv2_resume_300k_SafetyPointGoal1_v0_selected_sac_lag_sac_lag_s14,205000,0.0,0.0,0.0,0.0,0.0,0.0,
SafetyPointGoal1-v0,sac_lag,starv2_resume_300k_SafetyPointGoal1_v0_selected_sac_lag_sac_lag_s14,210000,0.0,0.0,0.0,0.0,0.0,0.0,
SafetyPointGoal1-v0,sac_lag,starv2_resume_300k_SafetyPointGoal1_v0_selected_sac_lag_sac_lag_s14,215000,0.0,0.0,0.0,0.0,0.0,0.0,
SafetyPointGoal1-v0,sac_lag,starv2_resume_300k_SafetyPointGoal1_v0_selected_sac_lag_sac_lag_s14,220000,0.0,0.0,0.0,0.0,0.0,0.0,
SafetyPointGoal1-v0,sac_lag,starv2_resume_300k_SafetyPointGoal1_v0_selected_sac_lag_sac_lag_s14,225000,0.0,0.0,0.0,0.0,0.0,0.0,
SafetyPointGoal1-v0,sac_lag,starv2_resume_300k_SafetyPointGoal1_v0_selected_sac_lag_sac_lag_s14,230000,0.0,0.0,0.0,0.0,0.0,0.0,
SafetyPointGoal1-v0,sac_lag,starv2_resume_300k_SafetyPointGoal1_v0_selected_sac_lag_sac_lag_s14,235000,0.0,0.0,0.0,0.0,0.0,0.0,
SafetyPointGoal1-v0,sac_lag,starv2_resume_300k_SafetyPointGoal1_v0_selected_sac_lag_sac_lag_s14,240000,0.0,0.0,0.0,0.0,0.0,0.0,
SafetyPointGoal1-v0,sac_lag,starv2_resume_300k_SafetyPointGoal1_v0_selected_sac_lag_sac_lag_s14,245000,0.0,0.0,0.0,0.0,0.0,0.0,
SafetyPointGoal1-v0,sac_lag,starv2_resume_300k_SafetyPointGoal1_v0_selected_sac_lag_sac_lag_s14,250000,0.0,0.0,0.0,0.0,0.0,0.0,
SafetyPointGoal1-v0,sac_lag,starv2_resume_300k_SafetyPointGoal1_v0_selected_sac_lag_sac_lag_s14,255000,0.0,0.0,0.0,0.0,0.0,0.0,
SafetyPointGoal1-v0,sac_lag,starv2_resume_300k_SafetyPointGoal1_v0_selected_sac_lag_sac_lag_s14,260000,0.0,0.0,0.0,0.0,0.0,0.0,
SafetyPointGoal1-v0,sac_lag,starv2_resume_300k_SafetyPointGoal1_v0_selected_sac_lag_sac_lag_s14,265000,0.0,0.0,0.0,0.0,0.0,0.0,
SafetyPointGoal1-v0,sac_lag,starv2_resume_300k_SafetyPointGoal1_v0_selected_sac_lag_sac_lag_s14,270000,0.0,0.0,0.0,0.0,0.0,0.0,
SafetyPointGoal1-v0,sac_lag,starv2_resume_300k_SafetyPointGoal1_v0_selected_sac_lag_sac_lag_s14,275000,0.0,0.0,0.0,0.0,0.0,0.0,
SafetyPointGoal1-v0,sac_lag,starv2_resume_300k_SafetyPointGoal1_v0_selected_sac_lag_sac_lag_s14,280000,0.0,0.0,0.0,0.0,0.0,0.0,
SafetyPointGoal1-v0,sac_lag,starv2_resume_300k_SafetyPointGoal1_v0_selected_sac_lag_sac_lag_s14,285000,0.0,0.0,0.0,0.0,0.0,0.0,
SafetyPointGoal1-v0,sac_lag,starv2_resume_300k_SafetyPointGoal1_v0_selected_sac_lag_sac_lag_s14,290000,0.0,0.0,0.0,0.0,0.0,0.0,
SafetyPointGoal1-v0,sac_lag,starv2_resume_300k_SafetyPointGoal1_v0_selected_sac_lag_sac_lag_s14,295000,0.0,0.0,0.0,0.0,0.0,0.0,
SafetyPointGoal1-v0,star_v2,starv2_core_100k_SafetyPointGoal1_v0_selected_star_v2_star_v2_s10,100000,0.2958632707595825,0.2958632707595825,7.275957614183426e-10,1.0,0.53156578540802,0.061264730989933014,
SafetyPointGoal1-v0,star_v2,starv2_core_100k_SafetyPointGoal1_v0_selected_star_v2_star_v2_s10,105000,0.3073759078979492,0.3073759078979492,5.238689482212067e-10,1.0,0.531634509563446,0.06275810301303864,
SafetyPointGoal1-v0,star_v2,starv2_core_100k_SafetyPointGoal1_v0_selected_star_v2_star_v2_s10,110000,0.28735750913619995,0.28735750913619995,-8.731149137020111e-11,0.0,0.5310713052749634,0.052034273743629456,
SafetyPointGoal1-v0,star_v2,starv2_core_100k_SafetyPointGoal1_v0_selected_star_v2_star_v2_s10,115000,0.2950630784034729,0.2950630784034729,2.9103830456733704e-11,1.0,0.5326428413391113,0.06562894582748413,
SafetyPointGoal1-v0,star_v2,starv2_core_100k_SafetyPointGoal1_v0_selected_star_v2_star_v2_s10,120000,0.2657648026943207,0.2657648026943207,-2.3283064365386963e-10,0.0,0.5320192575454712,0.042662929743528366,
SafetyPointGoal1-v0,star_v2,starv2_core_100k_SafetyPointGoal1_v0_selected_star_v2_star_v2_s10,125000,0.2970309555530548,0.2970309555530548,-5.238689482212067e-10,0.0,0.5307579040527344,0.06242267042398453,
SafetyPointGoal1-v0,star_v2,starv2_core_100k_SafetyPointGoal1_v0_selected_star_v2_star_v2_s10,130000,0.2857930362224579,0.2857930362224579,3.7834979593753815e-10,1.0,0.5313699245452881,0.06042354553937912,
SafetyPointGoal1-v0,star_v2,starv2_core_100k_SafetyPointGoal1_v0_selected_star_v2_star_v2_s10,135000,0.30184292793273926,0.30184295773506165,2.9103830456733704e-10,1.0,0.5308260917663574,0.06225474923849106,
SafetyPointGoal1-v0,star_v2,starv2_core_100k_SafetyPointGoal1_v0_selected_star_v2_star_v2_s10,140000,0.281242311000824,0.281242311000824,-3.4924596548080444e-10,0.0,0.5312453508377075,0.05519787222146988,
SafetyPointGoal1-v0,star_v2,starv2_core_100k_SafetyPointGoal1_v0_selected_star_v2_star_v2_s10,145000,0.29013755917549133,0.29013755917549133,-4.656612873077393e-10,0.0,0.5322179794311523,0.054092295467853546,
SafetyPointGoal1-v0,star_v2,starv2_core_100k_SafetyPointGoal1_v0_selected_star_v2_star_v2_s10,150000,0.2745440602302551,0.2745440602302551,2.9103830456733704e-10,1.0,0.5311340093612671,0.05804109573364258,
SafetyPointGoal1-v0,star_v2,starv2_core_100k_SafetyPointGoal1_v0_selected_star_v2_star_v2_s10,155000,0.3058972954750061,0.3058972954750061,-1.1641532182693481e-09,0.0,0.5322666168212891,0.05823460966348648,
SafetyPointGoal1-v0,star_v2,starv2_core_100k_SafetyPointGoal1_v0_selected_star_v2_star_v2_s10,160000,0.3007412850856781,0.3007412850856781,1.7462298274040222e-10,1.0,0.5311241745948792,0.06238393858075142,
SafetyPointGoal1-v0,star_v2,starv2_core_100k_SafetyPointGoal1_v0_selected_star_v2_star_v2_s10,165000,0.26783350110054016,0.26783350110054016,4.0745362639427185e-10,1.0,0.532281756401062,0.04153073951601982,
SafetyPointGoal1-v0,star_v2,starv2_core_100k_SafetyPointGoal1_v0_selected_star_v2_star_v2_s10,170000,0.26835763454437256,0.26835763454437256,2.3283064365386963e-10,1.0,0.5315423607826233,0.04824279993772507,
SafetyPointGoal1-v0,star_v2,starv2_core_100k_SafetyPointGoal1_v0_selected_star_v2_star_v2_s10,175000,0.3032616376876831,0.3032616376876831,6.402842700481415e-10,1.0,0.5312944054603577,0.0675133615732193,
SafetyPointGoal1-v0,star_v2,starv2_core_100k_SafetyPointGoal1_v0_selected_star_v2_star_v2_s10,180000,0.2788020670413971,0.2788020670413971,1.7462298274040222e-10,1.0,0.5302211046218872,0.05383151024580002,
SafetyPointGoal1-v0,star_v2,starv2_core_100k_SafetyPointGoal1_v0_selected_star_v2_star_v2_s10,185000,0.28228792548179626,0.28228792548179626,-1.1641532182693481e-10,0.0,0.5302964448928833,0.055076099932193756,
SafetyPointGoal1-v0,star_v2,starv2_core_100k_SafetyPointGoal1_v0_selected_star_v2_star_v2_s10,190000,0.28535664081573486,0.28535664081573486,5.820766091346741e-11,1.0,0.5313007235527039,0.04903078079223633,
SafetyPointGoal1-v0,star_v2,starv2_core_100k_SafetyPointGoal1_v0_selected_star_v2_star_v2_s10,195000,0.2753237187862396,0.2753237187862396,3.2014213502407074e-10,1.0,0.5316617488861084,0.04627649486064911,
SafetyPointGoal1-v0,star_v2,starv2_core_100k_SafetyPointGoal1_v0_selected_star_v2_star_v2_s10,200000,0.280620813369751,0.280620813369751,2.6193447411060333e-10,1.0,0.5317727327346802,0.0427650585770607,
SafetyPointGoal1-v0,star_v2,starv2_core_100k_SafetyPointGoal1_v0_selected_star_v2_star_v2_s10,205000,0.27136528491973877,0.27136528491973877,6.402842700481415e-10,1.0,0.5307080745697021,0.04411528259515762,
SafetyPointGoal1-v0,star_v2,starv2_core_100k_SafetyPointGoal1_v0_selected_star_v2_star_v2_s10,210000,0.27100855112075806,0.27100855112075806,-1.280568540096283e-09,0.0,0.5309097766876221,0.038842976093292236,
SafetyPointGoal1-v0,star_v2,starv2_core_100k_SafetyPointGoal1_v0_selected_star_v2_star_v2_s10,215000,0.28988325595855713,0.28988325595855713,1.7462298274040222e-10,1.0,0.5306975841522217,0.051807232201099396,
SafetyPointGoal1-v0,star_v2,starv2_core_100k_SafetyPointGoal1_v0_selected_star_v2_star_v2_s10,220000,0.30852022767066956,0.30852022767066956,-3.4924596548080444e-10,0.0,0.5313660502433777,0.051636941730976105,
SafetyPointGoal1-v0,star_v2,starv2_core_100k_SafetyPointGoal1_v0_selected_star_v2_star_v2_s10,225000,0.3066979944705963,0.3066979944705963,1.1641532182693481e-10,1.0,0.5316834449768066,0.05505913496017456,
SafetyPointGoal1-v0,star_v2,starv2_core_100k_SafetyPointGoal1_v0_selected_star_v2_star_v2_s10,230000,0.2665230929851532,0.2665230929851532,5.820766091346741e-11,1.0,0.5322463512420654,0.041695356369018555,
SafetyPointGoal1-v0,star_v2,starv2_core_100k_SafetyPointGoal1_v0_selected_star_v2_star_v2_s10,235000,0.33206087350845337,0.33206087350845337,8.731149137020111e-11,1.0,0.5305007696151733,0.06992004811763763,
SafetyPointGoal1-v0,star_v2,starv2_core_100k_SafetyPointGoal1_v0_selected_star_v2_star_v2_s10,240000,0.3087998926639557,0.3087998926639557,1.1350493878126144e-09,1.0,0.5314648151397705,0.05132032185792923,
SafetyPointGoal1-v0,star_v2,starv2_core_100k_SafetyPointGoal1_v0_selected_star_v2_star_v2_s10,245000,0.294827401638031,0.294827401638031,-5.820766091346741e-11,0.0,0.5307523012161255,0.04902467131614685,
SafetyPointGoal1-v0,star_v2,starv2_core_100k_SafetyPointGoal1_v0_selected_star_v2_star_v2_s10,250000,0.30341583490371704,0.30341583490371704,3.2014213502407074e-10,1.0,0.5309075713157654,0.05523516982793808,
SafetyPointGoal1-v0,star_v2,starv2_core_100k_SafetyPointGoal1_v0_selected_star_v2_star_v2_s10,255000,0.2960349917411804,0.2960349917411804,-2.9103830456733704e-11,0.0,0.5315998792648315,0.057094231247901917,
SafetyPointGoal1-v0,star_v2,starv2_core_100k_SafetyPointGoal1_v0_selected_star_v2_star_v2_s10,260000,0.3174971044063568,0.3174971044063568,1.7462298274040222e-10,1.0,0.5304960012435913,0.060044996440410614,
SafetyPointGoal1-v0,star_v2,starv2_core_100k_SafetyPointGoal1_v0_selected_star_v2_star_v2_s10,265000,0.2922380268573761,0.2922380268573761,3.2014213502407074e-10,1.0,0.5319151878356934,0.03696482628583908,
SafetyPointGoal1-v0,star_v2,starv2_core_100k_SafetyPointGoal1_v0_selected_star_v2_star_v2_s10,100000,0.2958632707595825,0.2958632707595825,7.275957614183426e-10,1.0,0.53156578540802,0.061264730989933014,
SafetyPointGoal1-v0,star_v2,starv2_core_100k_SafetyPointGoal1_v0_selected_star_v2_star_v2_s10,105000,0.3073759078979492,0.3073759078979492,5.238689482212067e-10,1.0,0.531634509563446,0.06275810301303864,
SafetyPointGoal1-v0,star_v2,starv2_core_100k_SafetyPointGoal1_v0_selected_star_v2_star_v2_s10,110000,0.28735750913619995,0.28735750913619995,-8.731149137020111e-11,0.0,0.5310713052749634,0.052034273743629456,
SafetyPointGoal1-v0,star_v2,starv2_core_100k_SafetyPointGoal1_v0_selected_star_v2_star_v2_s10,115000,0.2950630784034729,0.2950630784034729,2.9103830456733704e-11,1.0,0.5326428413391113,0.06562894582748413,
SafetyPointGoal1-v0,star_v2,starv2_core_100k_SafetyPointGoal1_v0_selected_star_v2_star_v2_s10,120000,0.2657648026943207,0.2657648026943207,-2.3283064365386963e-10,0.0,0.5320192575454712,0.042662929743528366,
SafetyPointGoal1-v0,star_v2,starv2_core_100k_SafetyPointGoal1_v0_selected_star_v2_star_v2_s10,125000,0.2970309555530548,0.2970309555530548,-5.238689482212067e-10,0.0,0.5307579040527344,0.06242267042398453,
SafetyPointGoal1-v0,star_v2,starv2_core_100k_SafetyPointGoal1_v0_selected_star_v2_star_v2_s10,130000,0.2857930362224579,0.2857930362224579,3.7834979593753815e-10,1.0,0.5313699245452881,0.06042354553937912,
SafetyPointGoal1-v0,star_v2,starv2_core_100k_SafetyPointGoal1_v0_selected_star_v2_star_v2_s10,135000,0.30184292793273926,0.30184295773506165,2.9103830456733704e-10,1.0,0.5308260917663574,0.06225474923849106,
SafetyPointGoal1-v0,star_v2,starv2_core_100k_SafetyPointGoal1_v0_selected_star_v2_star_v2_s10,140000,0.281242311000824,0.281242311000824,-3.4924596548080444e-10,0.0,0.5312453508377075,0.05519787222146988,
SafetyPointGoal1-v0,star_v2,starv2_core_100k_SafetyPointGoal1_v0_selected_star_v2_star_v2_s10,145000,0.29013755917549133,0.29013755917549133,-4.656612873077393e-10,0.0,0.5322179794311523,0.054092295467853546,
SafetyPointGoal1-v0,star_v2,starv2_core_100k_SafetyPointGoal1_v0_selected_star_v2_star_v2_s10,150000,0.2745440602302551,0.2745440602302551,2.9103830456733704e-10,1.0,0.5311340093612671,0.05804109573364258,
SafetyPointGoal1-v0,star_v2,starv2_core_100k_SafetyPointGoal1_v0_selected_star_v2_star_v2_s10,155000,0.3058972954750061,0.3058972954750061,-1.1641532182693481e-09,0.0,0.5322666168212891,0.05823460966348648,
SafetyPointGoal1-v0,star_v2,starv2_core_100k_SafetyPointGoal1_v0_selected_star_v2_star_v2_s10,160000,0.3007412850856781,0.3007412850856781,1.7462298274040222e-10,1.0,0.5311241745948792,0.06238393858075142,
SafetyPointGoal1-v0,star_v2,starv2_core_100k_SafetyPointGoal1_v0_selected_star_v2_star_v2_s10,165000,0.26783350110054016,0.26783350110054016,4.0745362639427185e-10,1.0,0.532281756401062,0.04153073951601982,
SafetyPointGoal1-v0,star_v2,starv2_core_100k_SafetyPointGoal1_v0_selected_star_v2_star_v2_s10,170000,0.26835763454437256,0.26835763454437256,2.3283064365386963e-10,1.0,0.5315423607826233,0.04824279993772507,
SafetyPointGoal1-v0,star_v2,starv2_core_100k_SafetyPointGoal1_v0_selected_star_v2_star_v2_s10,175000,0.3032616376876831,0.3032616376876831,6.402842700481415e-10,1.0,0.5312944054603577,0.0675133615732193,
SafetyPointGoal1-v0,star_v2,starv2_core_100k_SafetyPointGoal1_v0_selected_star_v2_star_v2_s10,180000,0.2788020670413971,0.2788020670413971,1.7462298274040222e-10,1.0,0.5302211046218872,0.05383151024580002,
SafetyPointGoal1-v0,star_v2,starv2_core_100k_SafetyPointGoal1_v0_selected_star_v2_star_v2_s10,185000,0.28228792548179626,0.28228792548179626,-1.1641532182693481e-10,0.0,0.5302964448928833,0.055076099932193756,
SafetyPointGoal1-v0,star_v2,starv2_core_100k_SafetyPointGoal1_v0_selected_star_v2_star_v2_s10,190000,0.28535664081573486,0.28535664081573486,5.820766091346741e-11,1.0,0.5313007235527039,0.04903078079223633,
SafetyPointGoal1-v0,star_v2,starv2_core_100k_SafetyPointGoal1_v0_selected_star_v2_star_v2_s10,195000,0.2753237187862396,0.2753237187862396,3.2014213502407074e-10,1.0,0.5316617488861084,0.04627649486064911,
SafetyPointGoal1-v0,star_v2,starv2_core_100k_SafetyPointGoal1_v0_selected_star_v2_star_v2_s10,200000,0.280620813369751,0.280620813369751,2.6193447411060333e-10,1.0,0.5317727327346802,0.0427650585770607,
SafetyPointGoal1-v0,star_v2,starv2_core_100k_SafetyPointGoal1_v0_selected_star_v2_star_v2_s10,205000,0.27136528491973877,0.27136528491973877,6.402842700481415e-10,1.0,0.5307080745697021,0.04411528259515762,
SafetyPointGoal1-v0,star_v2,starv2_core_100k_SafetyPointGoal1_v0_selected_star_v2_star_v2_s10,210000,0.27100855112075806,0.27100855112075806,-1.280568540096283e-09,0.0,0.5309097766876221,0.038842976093292236,
SafetyPointGoal1-v0,star_v2,starv2_core_100k_SafetyPointGoal1_v0_selected_star_v2_star_v2_s10,215000,0.28988325595855713,0.28988325595855713,1.7462298274040222e-10,1.0,0.5306975841522217,0.051807232201099396,
SafetyPointGoal1-v0,star_v2,starv2_core_100k_SafetyPointGoal1_v0_selected_star_v2_star_v2_s10,220000,0.30852022767066956,0.30852022767066956,-3.4924596548080444e-10,0.0,0.5313660502433777,0.051636941730976105,
SafetyPointGoal1-v0,star_v2,starv2_core_100k_SafetyPointGoal1_v0_selected_star_v2_star_v2_s10,225000,0.3066979944705963,0.3066979944705963,1.1641532182693481e-10,1.0,0.5316834449768066,0.05505913496017456,
SafetyPointGoal1-v0,star_v2,starv2_core_100k_SafetyPointGoal1_v0_selected_star_v2_star_v2_s10,230000,0.2665230929851532,0.2665230929851532,5.820766091346741e-11,1.0,0.5322463512420654,0.041695356369018555,
SafetyPointGoal1-v0,star_v2,starv2_core_100k_SafetyPointGoal1_v0_selected_star_v2_star_v2_s10,235000,0.33206087350845337,0.33206087350845337,8.731149137020111e-11,1.0,0.5305007696151733,0.06992004811763763,
SafetyPointGoal1-v0,star_v2,starv2_core_100k_SafetyPointGoal1_v0_selected_star_v2_star_v2_s10,240000,0.3087998926639557,0.3087998926639557,1.1350493878126144e-09,1.0,0.5314648151397705,0.05132032185792923,
SafetyPointGoal1-v0,star_v2,starv2_core_100k_SafetyPointGoal1_v0_selected_star_v2_star_v2_s10,245000,0.294827401638031,0.294827401638031,-5.820766091346741e-11,0.0,0.5307523012161255,0.04902467131614685,
SafetyPointGoal1-v0,star_v2,starv2_core_100k_SafetyPointGoal1_v0_selected_star_v2_star_v2_s10,250000,0.30341583490371704,0.30341583490371704,3.2014213502407074e-10,1.0,0.5309075713157654,0.05523516982793808,
SafetyPointGoal1-v0,star_v2,starv2_core_100k_SafetyPointGoal1_v0_selected_star_v2_star_v2_s10,255000,0.2960349917411804,0.2960349917411804,-2.9103830456733704e-11,0.0,0.5315998792648315,0.057094231247901917,
SafetyPointGoal1-v0,star_v2,starv2_core_100k_SafetyPointGoal1_v0_selected_star_v2_star_v2_s10,260000,0.3174971044063568,0.3174971044063568,1.7462298274040222e-10,1.0,0.5304960012435913,0.060044996440410614,
SafetyPointGoal1-v0,star_v2,starv2_core_100k_SafetyPointGoal1_v0_selected_star_v2_star_v2_s10,265000,0.2922380268573761,0.2922380268573761,3.2014213502407074e-10,1.0,0.5319151878356934,0.03696482628583908,
SafetyPointGoal1-v0,star_v2,starv2_core_100k_SafetyPointGoal1_v0_selected_star_v2_star_v2_s10,270000,0.2931331992149353,0.2931331992149353,-8.731149137020111e-11,0.0,0.5310474634170532,0.048823826014995575,
SafetyPointGoal1-v0,star_v2,starv2_core_100k_SafetyPointGoal1_v0_selected_star_v2_star_v2_s10,275000,0.32140690088272095,0.32140690088272095,2.9103830456733704e-11,1.0,0.5319687128067017,0.06516644358634949,
SafetyPointGoal1-v0,star_v2,starv2_core_100k_SafetyPointGoal1_v0_selected_star_v2_star_v2_s10,280000,0.2734421491622925,0.2734421491622925,-2.9103830456733704e-11,0.0,0.5320482850074768,0.03245967626571655,
SafetyPointGoal1-v0,star_v2,starv2_core_100k_SafetyPointGoal1_v0_selected_star_v2_star_v2_s10,285000,0.2807960510253906,0.2807960510253906,5.820766091346741e-11,1.0,0.5313470363616943,0.04402758926153183,
SafetyPointGoal1-v0,star_v2,starv2_core_100k_SafetyPointGoal1_v0_selected_star_v2_star_v2_s10,290000,0.30334895849227905,0.30334895849227905,7.566995918750763e-10,1.0,0.5313633680343628,0.048328250646591187,
SafetyPointGoal1-v0,star_v2,starv2_core_100k_SafetyPointGoal1_v0_selected_star_v2_star_v2_s10,295000,0.3380349278450012,0.3380349278450012,4.656612873077393e-10,1.0,0.5299920439720154,0.06678055226802826,
SafetyPointGoal1-v0,star_v2,starv2_core_100k_SafetyPointGoal1_v0_selected_star_v2_star_v2_s11,100000,0.24511125683784485,0.24511125683784485,-4.656612873077393e-10,0.0,0.5314822793006897,0.04534418135881424,
SafetyPointGoal1-v0,star_v2,starv2_core_100k_SafetyPointGoal1_v0_selected_star_v2_star_v2_s11,105000,0.262474000453949,0.262474000453949,3.92901711165905e-10,1.0,0.5310198664665222,0.05475885793566704,
SafetyPointGoal1-v0,star_v2,starv2_core_100k_SafetyPointGoal1_v0_selected_star_v2_star_v2_s11,110000,0.2898467183113098,0.2898467183113098,4.0745362639427185e-10,1.0,0.5310760140419006,0.06272073835134506,
SafetyPointGoal1-v0,star_v2,starv2_core_100k_SafetyPointGoal1_v0_selected_star_v2_star_v2_s11,115000,0.28562116622924805,0.28562116622924805,-1.7462298274040222e-10,0.0,0.5311393737792969,0.05136954411864281,
SafetyPointGoal1-v0,star_v2,starv2_core_100k_SafetyPointGoal1_v0_selected_star_v2_star_v2_s11,120000,0.26122376322746277,0.26122376322746277,-4.94765117764473e-10,0.0,0.5318615436553955,0.04314069449901581,
SafetyPointGoal1-v0,star_v2,starv2_core_100k_SafetyPointGoal1_v0_selected_star_v2_star_v2_s11,125000,0.2745252251625061,0.2745252251625061,7.566995918750763e-10,1.0,0.5314215421676636,0.047939807176589966,
SafetyPointGoal1-v0,star_v2,starv2_core_100k_SafetyPointGoal1_v0_selected_star_v2_star_v2_s11,130000,0.2958400249481201,0.2958400249481201,0.0,0.0,0.5304578542709351,0.05816198140382767,
SafetyPointGoal1-v0,star_v2,starv2_core_100k_SafetyPointGoal1_v0_selected_star_v2_star_v2_s11,135000,0.273834764957428,0.273834764957428,4.94765117764473e-10,1.0,0.5320463180541992,0.04724336415529251,
SafetyPointGoal1-v0,star_v2,starv2_core_100k_SafetyPointGoal1_v0_selected_star_v2_star_v2_s11,140000,0.27570801973342896,0.27570801973342896,-5.820766091346741e-11,0.0,0.5318024754524231,0.049674976617097855,
SafetyPointGoal1-v0,star_v2,starv2_core_100k_SafetyPointGoal1_v0_selected_star_v2_star_v2_s11,145000,0.27628442645072937,0.27628442645072937,1.2223608791828156e-09,1.0,0.5315611362457275,0.0503864511847496,
SafetyPointGoal1-v0,star_v2,starv2_core_100k_SafetyPointGoal1_v0_selected_star_v2_star_v2_s11,150000,0.25874507427215576,0.25874507427215576,-6.693881005048752e-10,0.0,0.5295075178146362,0.04073704034090042,
SafetyPointGoal1-v0,star_v2,starv2_core_100k_SafetyPointGoal1_v0_selected_star_v2_star_v2_s11,155000,0.28692784905433655,0.28692784905433655,7.8580342233181e-10,1.0,0.530622124671936,0.059625618159770966,
SafetyPointGoal1-v0,star_v2,starv2_core_100k_SafetyPointGoal1_v0_selected_star_v2_star_v2_s11,160000,0.2901066541671753,0.2901066541671753,5.820766091346741e-11,1.0,0.5313935875892639,0.05497938022017479,
SafetyPointGoal1-v0,star_v2,starv2_core_100k_SafetyPointGoal1_v0_selected_star_v2_star_v2_s11,165000,0.28117042779922485,0.28117042779922485,-2.9103830456733704e-10,0.0,0.5321425199508667,0.06177406385540962,
SafetyPointGoal1-v0,star_v2,starv2_core_100k_SafetyPointGoal1_v0_selected_star_v2_star_v2_s11,170000,0.2501608431339264,0.2501608431339264,-3.055902197957039e-10,0.0,0.5313308238983154,0.044033776968717575,
SafetyPointGoal1-v0,star_v2,starv2_core_100k_SafetyPointGoal1_v0_selected_star_v2_star_v2_s11,175000,0.2620231509208679,0.2620231509208679,8.731149137020111e-11,1.0,0.5297756791114807,0.04598649963736534,
SafetyPointGoal1-v0,star_v2,starv2_core_100k_SafetyPointGoal1_v0_selected_star_v2_star_v2_s11,180000,0.2699253261089325,0.2699253261089325,-5.238689482212067e-10,0.0,0.5312052965164185,0.04173161834478378,
SafetyPointGoal1-v0,star_v2,starv2_core_100k_SafetyPointGoal1_v0_selected_star_v2_star_v2_s11,185000,0.2631416618824005,0.2631416618824005,1.7462298274040222e-10,1.0,0.5319099426269531,0.046027589589357376,
SafetyPointGoal1-v0,star_v2,starv2_core_100k_SafetyPointGoal1_v0_selected_star_v2_star_v2_s11,190000,0.3070111870765686,0.3070111870765686,2.9103830456733704e-11,1.0,0.5317724943161011,0.05445302277803421,
SafetyPointGoal1-v0,star_v2,starv2_core_100k_SafetyPointGoal1_v0_selected_star_v2_star_v2_s11,195000,0.3048314154148102,0.3048314154148102,6.693881005048752e-10,1.0,0.5307707786560059,0.06339025497436523,
SafetyPointGoal1-v0,star_v2,starv2_core_100k_SafetyPointGoal1_v0_selected_star_v2_star_v2_s11,200000,0.2830709218978882,0.2830709218978882,4.656612873077393e-10,1.0,0.5312597751617432,0.051990918815135956,
SafetyPointGoal1-v0,star_v2,starv2_core_100k_SafetyPointGoal1_v0_selected_star_v2_star_v2_s11,205000,0.2763090133666992,0.2763090133666992,0.0,0.0,0.5300694108009338,0.04782715439796448,
SafetyPointGoal1-v0,star_v2,starv2_core_100k_SafetyPointGoal1_v0_selected_star_v2_star_v2_s11,210000,0.2986656427383423,0.2986656427383423,3.2014213502407074e-10,1.0,0.5312094688415527,0.05359986424446106,
SafetyPointGoal1-v0,star_v2,starv2_core_100k_SafetyPointGoal1_v0_selected_star_v2_star_v2_s11,215000,0.31604546308517456,0.31604546308517456,-2.9103830456733704e-10,0.0,0.5319373607635498,0.06057547777891159,
SafetyPointGoal1-v0,star_v2,starv2_core_100k_SafetyPointGoal1_v0_selected_star_v2_star_v2_s11,220000,0.32610663771629333,0.32610663771629333,-5.820766091346741e-11,0.0,0.5318828821182251,0.06474043428897858,
SafetyPointGoal1-v0,star_v2,starv2_core_100k_SafetyPointGoal1_v0_selected_star_v2_star_v2_s11,225000,0.3248600363731384,0.3248600363731384,2.0372681319713593e-10,1.0,0.5301501750946045,0.06411314755678177,
SafetyPointGoal1-v0,star_v2,starv2_core_100k_SafetyPointGoal1_v0_selected_star_v2_star_v2_s11,230000,0.2866485118865967,0.2866485118865967,4.94765117764473e-10,1.0,0.5315200090408325,0.03424724563956261,
SafetyPointGoal1-v0,star_v2,starv2_core_100k_SafetyPointGoal1_v0_selected_star_v2_star_v2_s11,235000,0.27883073687553406,0.27883073687553406,3.7834979593753815e-10,1.0,0.5307498574256897,0.0476112999022007,
SafetyPointGoal1-v0,star_v2,starv2_core_100k_SafetyPointGoal1_v0_selected_star_v2_star_v2_s11,240000,0.3223913311958313,0.3223913311958313,-2.9103830456733704e-10,0.0,0.5317205190658569,0.06596390902996063,
SafetyPointGoal1-v0,star_v2,starv2_core_100k_SafetyPointGoal1_v0_selected_star_v2_star_v2_s11,245000,0.2843363285064697,0.2843363285064697,5.529727786779404e-10,1.0,0.5317432284355164,0.04575705528259277,
SafetyPointGoal1-v0,star_v2,starv2_core_100k_SafetyPointGoal1_v0_selected_star_v2_star_v2_s11,250000,0.30552345514297485,0.30552345514297485,5.529727786779404e-10,1.0,0.5315531492233276,0.0439629890024662,
SafetyPointGoal1-v0,star_v2,starv2_core_100k_SafetyPointGoal1_v0_selected_star_v2_star_v2_s11,255000,0.29772910475730896,0.29772910475730896,4.94765117764473e-10,1.0,0.5311068892478943,0.04694407060742378,
SafetyPointGoal1-v0,star_v2,starv2_core_100k_SafetyPointGoal1_v0_selected_star_v2_star_v2_s11,260000,0.2803638279438019,0.2803638279438019,8.731149137020111e-11,1.0,0.5314350128173828,0.0436069630086422,
SafetyPointGoal1-v0,star_v2,starv2_core_100k_SafetyPointGoal1_v0_selected_star_v2_star_v2_s11,100000,0.24511125683784485,0.24511125683784485,-4.656612873077393e-10,0.0,0.5314822793006897,0.04534418135881424,
SafetyPointGoal1-v0,star_v2,starv2_core_100k_SafetyPointGoal1_v0_selected_star_v2_star_v2_s11,105000,0.262474000453949,0.262474000453949,3.92901711165905e-10,1.0,0.5310198664665222,0.05475885793566704,
SafetyPointGoal1-v0,star_v2,starv2_core_100k_SafetyPointGoal1_v0_selected_star_v2_star_v2_s11,110000,0.2898467183113098,0.2898467183113098,4.0745362639427185e-10,1.0,0.5310760140419006,0.06272073835134506,
SafetyPointGoal1-v0,star_v2,starv2_core_100k_SafetyPointGoal1_v0_selected_star_v2_star_v2_s11,115000,0.28562116622924805,0.28562116622924805,-1.7462298274040222e-10,0.0,0.5311393737792969,0.05136954411864281,
SafetyPointGoal1-v0,star_v2,starv2_core_100k_SafetyPointGoal1_v0_selected_star_v2_star_v2_s11,120000,0.26122376322746277,0.26122376322746277,-4.94765117764473e-10,0.0,0.5318615436553955,0.04314069449901581,
SafetyPointGoal1-v0,star_v2,starv2_core_100k_SafetyPointGoal1_v0_selected_star_v2_star_v2_s11,125000,0.2745252251625061,0.2745252251625061,7.566995918750763e-10,1.0,0.5314215421676636,0.047939807176589966,
SafetyPointGoal1-v0,star_v2,starv2_core_100k_SafetyPointGoal1_v0_selected_star_v2_star_v2_s11,130000,0.2958400249481201,0.2958400249481201,0.0,0.0,0.5304578542709351,0.05816198140382767,
SafetyPointGoal1-v0,star_v2,starv2_core_100k_SafetyPointGoal1_v0_selected_star_v2_star_v2_s11,135000,0.273834764957428,0.273834764957428,4.94765117764473e-10,1.0,0.5320463180541992,0.04724336415529251,
SafetyPointGoal1-v0,star_v2,starv2_core_100k_SafetyPointGoal1_v0_selected_star_v2_star_v2_s11,140000,0.27570801973342896,0.27570801973342896,-5.820766091346741e-11,0.0,0.5318024754524231,0.049674976617097855,
SafetyPointGoal1-v0,star_v2,starv2_core_100k_SafetyPointGoal1_v0_selected_star_v2_star_v2_s11,145000,0.27628442645072937,0.27628442645072937,1.2223608791828156e-09,1.0,0.5315611362457275,0.0503864511847496,
SafetyPointGoal1-v0,star_v2,starv2_core_100k_SafetyPointGoal1_v0_selected_star_v2_star_v2_s11,150000,0.25874507427215576,0.25874507427215576,-6.693881005048752e-10,0.0,0.5295075178146362,0.04073704034090042,
SafetyPointGoal1-v0,star_v2,starv2_core_100k_SafetyPointGoal1_v0_selected_star_v2_star_v2_s11,155000,0.28692784905433655,0.28692784905433655,7.8580342233181e-10,1.0,0.530622124671936,0.059625618159770966,
SafetyPointGoal1-v0,star_v2,starv2_core_100k_SafetyPointGoal1_v0_selected_star_v2_star_v2_s11,160000,0.2901066541671753,0.2901066541671753,5.820766091346741e-11,1.0,0.5313935875892639,0.05497938022017479,
SafetyPointGoal1-v0,star_v2,starv2_core_100k_SafetyPointGoal1_v0_selected_star_v2_star_v2_s11,165000,0.28117042779922485,0.28117042779922485,-2.9103830456733704e-10,0.0,0.5321425199508667,0.06177406385540962,
SafetyPointGoal1-v0,star_v2,starv2_core_100k_SafetyPointGoal1_v0_selected_star_v2_star_v2_s11,170000,0.2501608431339264,0.2501608431339264,-3.055902197957039e-10,0.0,0.5313308238983154,0.044033776968717575,
SafetyPointGoal1-v0,star_v2,starv2_core_100k_SafetyPointGoal1_v0_selected_star_v2_star_v2_s11,175000,0.2620231509208679,0.2620231509208679,8.731149137020111e-11,1.0,0.5297756791114807,0.04598649963736534,
SafetyPointGoal1-v0,star_v2,starv2_core_100k_SafetyPointGoal1_v0_selected_star_v2_star_v2_s11,180000,0.2699253261089325,0.2699253261089325,-5.238689482212067e-10,0.0,0.5312052965164185,0.04173161834478378,
SafetyPointGoal1-v0,star_v2,starv2_core_100k_SafetyPointGoal1_v0_selected_star_v2_star_v2_s11,185000,0.2631416618824005,0.2631416618824005,1.7462298274040222e-10,1.0,0.5319099426269531,0.046027589589357376,
SafetyPointGoal1-v0,star_v2,starv2_core_100k_SafetyPointGoal1_v0_selected_star_v2_star_v2_s11,190000,0.3070111870765686,0.3070111870765686,2.9103830456733704e-11,1.0,0.5317724943161011,0.05445302277803421,
SafetyPointGoal1-v0,star_v2,starv2_core_100k_SafetyPointGoal1_v0_selected_star_v2_star_v2_s11,195000,0.3048314154148102,0.3048314154148102,6.693881005048752e-10,1.0,0.5307707786560059,0.06339025497436523,
SafetyPointGoal1-v0,star_v2,starv2_core_100k_SafetyPointGoal1_v0_selected_star_v2_star_v2_s11,200000,0.2830709218978882,0.2830709218978882,4.656612873077393e-10,1.0,0.5312597751617432,0.051990918815135956,
SafetyPointGoal1-v0,star_v2,starv2_core_100k_SafetyPointGoal1_v0_selected_star_v2_star_v2_s11,205000,0.2763090133666992,0.2763090133666992,0.0,0.0,0.5300694108009338,0.04782715439796448,
SafetyPointGoal1-v0,star_v2,starv2_core_100k_SafetyPointGoal1_v0_selected_star_v2_star_v2_s11,210000,0.2986656427383423,0.2986656427383423,3.2014213502407074e-10,1.0,0.5312094688415527,0.05359986424446106,
SafetyPointGoal1-v0,star_v2,starv2_core_100k_SafetyPointGoal1_v0_selected_star_v2_star_v2_s11,215000,0.31604546308517456,0.31604546308517456,-2.9103830456733704e-10,0.0,0.5319373607635498,0.06057547777891159,
SafetyPointGoal1-v0,star_v2,starv2_core_100k_SafetyPointGoal1_v0_selected_star_v2_star_v2_s11,220000,0.32610663771629333,0.32610663771629333,-5.820766091346741e-11,0.0,0.5318828821182251,0.06474043428897858,
SafetyPointGoal1-v0,star_v2,starv2_core_100k_SafetyPointGoal1_v0_selected_star_v2_star_v2_s11,225000,0.3248600363731384,0.3248600363731384,2.0372681319713593e-10,1.0,0.5301501750946045,0.06411314755678177,
SafetyPointGoal1-v0,star_v2,starv2_core_100k_SafetyPointGoal1_v0_selected_star_v2_star_v2_s11,230000,0.2866485118865967,0.2866485118865967,4.94765117764473e-10,1.0,0.5315200090408325,0.03424724563956261,
SafetyPointGoal1-v0,star_v2,starv2_core_100k_SafetyPointGoal1_v0_selected_star_v2_star_v2_s11,235000,0.27883073687553406,0.27883073687553406,3.7834979593753815e-10,1.0,0.5307498574256897,0.0476112999022007,
SafetyPointGoal1-v0,star_v2,starv2_core_100k_SafetyPointGoal1_v0_selected_star_v2_star_v2_s11,240000,0.3223913311958313,0.3223913311958313,-2.9103830456733704e-10,0.0,0.5317205190658569,0.06596390902996063,
SafetyPointGoal1-v0,star_v2,starv2_core_100k_SafetyPointGoal1_v0_selected_star_v2_star_v2_s11,245000,0.2843363285064697,0.2843363285064697,5.529727786779404e-10,1.0,0.5317432284355164,0.04575705528259277,
SafetyPointGoal1-v0,star_v2,starv2_core_100k_SafetyPointGoal1_v0_selected_star_v2_star_v2_s11,250000,0.30552345514297485,0.30552345514297485,5.529727786779404e-10,1.0,0.5315531492233276,0.0439629890024662,
SafetyPointGoal1-v0,star_v2,starv2_core_100k_SafetyPointGoal1_v0_selected_star_v2_star_v2_s11,255000,0.29772910475730896,0.29772910475730896,4.94765117764473e-10,1.0,0.5311068892478943,0.04694407060742378,
SafetyPointGoal1-v0,star_v2,starv2_core_100k_SafetyPointGoal1_v0_selected_star_v2_star_v2_s11,260000,0.2803638279438019,0.2803638279438019,8.731149137020111e-11,1.0,0.5314350128173828,0.0436069630086422,
SafetyPointGoal1-v0,star_v2,starv2_core_100k_SafetyPointGoal1_v0_selected_star_v2_star_v2_s11,265000,0.30046790838241577,0.30046790838241577,0.0,0.0,0.5301526784896851,0.05308083817362785,
SafetyPointGoal1-v0,star_v2,starv2_core_100k_SafetyPointGoal1_v0_selected_star_v2_star_v2_s11,270000,0.30312639474868774,0.30312639474868774,-4.0745362639427185e-10,0.0,0.5317938923835754,0.050451114773750305,
SafetyPointGoal1-v0,star_v2,starv2_core_100k_SafetyPointGoal1_v0_selected_star_v2_star_v2_s11,275000,0.2805633246898651,0.2805633246898651,6.984919309616089e-10,1.0,0.5320240259170532,0.04571043699979782,
SafetyPointGoal1-v0,star_v2,starv2_core_100k_SafetyPointGoal1_v0_selected_star_v2_star_v2_s11,280000,0.3148205280303955,0.3148205280303955,8.440110832452774e-10,1.0,0.5317693948745728,0.06279510259628296,
SafetyPointGoal1-v0,star_v2,starv2_core_100k_SafetyPointGoal1_v0_selected_star_v2_star_v2_s11,285000,0.28530433773994446,0.28530433773994446,2.9103830456733704e-11,1.0,0.5305286645889282,0.04510238766670227,
SafetyPointGoal1-v0,star_v2,starv2_core_100k_SafetyPointGoal1_v0_selected_star_v2_star_v2_s11,290000,0.28876030445098877,0.28876030445098877,-2.6193447411060333e-10,0.0,0.5316785573959351,0.044305067509412766,
SafetyPointGoal1-v0,star_v2,starv2_core_100k_SafetyPointGoal1_v0_selected_star_v2_star_v2_s11,295000,0.3113716244697571,0.3113716244697571,9.313225746154785e-10,1.0,0.5313734412193298,0.05364130064845085,
SafetyPointGoal1-v0,star_v2,starv2_core_100k_SafetyPointGoal1_v0_selected_star_v2_star_v2_s12,100000,0.30228859186172485,0.30228859186172485,2.9103830456733704e-10,1.0,0.5317604541778564,0.06242689862847328,
SafetyPointGoal1-v0,star_v2,starv2_core_100k_SafetyPointGoal1_v0_selected_star_v2_star_v2_s12,105000,0.31054502725601196,0.31054502725601196,-1.1641532182693481e-10,0.0,0.5303342938423157,0.06296990811824799,
SafetyPointGoal1-v0,star_v2,starv2_core_100k_SafetyPointGoal1_v0_selected_star_v2_star_v2_s12,110000,0.2950133979320526,0.2950133979320526,-3.7834979593753815e-10,0.0,0.5316445231437683,0.05951171740889549,
SafetyPointGoal1-v0,star_v2,starv2_core_100k_SafetyPointGoal1_v0_selected_star_v2_star_v2_s12,115000,0.28332000970840454,0.28332000970840454,7.275957614183426e-11,1.0,0.5315498113632202,0.054571665823459625,
SafetyPointGoal1-v0,star_v2,starv2_core_100k_SafetyPointGoal1_v0_selected_star_v2_star_v2_s12,120000,0.262667715549469,0.262667715549469,3.4924596548080444e-10,1.0,0.5315080881118774,0.0521860346198082,
SafetyPointGoal1-v0,star_v2,starv2_core_100k_SafetyPointGoal1_v0_selected_star_v2_star_v2_s12,125000,0.2784515619277954,0.2784515619277954,-1.4551915228366852e-10,0.0,0.5315138101577759,0.05058618262410164,
SafetyPointGoal1-v0,star_v2,starv2_core_100k_SafetyPointGoal1_v0_selected_star_v2_star_v2_s12,130000,0.25643104314804077,0.25643104314804077,1.7462298274040222e-10,1.0,0.532153844833374,0.047915779054164886,
SafetyPointGoal1-v0,star_v2,starv2_core_100k_SafetyPointGoal1_v0_selected_star_v2_star_v2_s12,135000,0.2774447798728943,0.2774447798728943,-9.89530235528946e-10,0.0,0.530792236328125,0.05181021988391876,
SafetyPointGoal1-v0,star_v2,starv2_core_100k_SafetyPointGoal1_v0_selected_star_v2_star_v2_s12,140000,0.28902319073677063,0.28902319073677063,5.529727786779404e-10,1.0,0.531194806098938,0.052622050046920776,
SafetyPointGoal1-v0,star_v2,starv2_core_100k_SafetyPointGoal1_v0_selected_star_v2_star_v2_s12,145000,0.2882576584815979,0.2882576584815979,-5.820766091346741e-11,0.0,0.5325289368629456,0.047921840101480484,
SafetyPointGoal1-v0,star_v2,starv2_core_100k_SafetyPointGoal1_v0_selected_star_v2_star_v2_s12,150000,0.31713247299194336,0.31713247299194336,-1.6007106751203537e-09,0.0,0.5314465761184692,0.06159241124987602,
SafetyPointGoal1-v0,star_v2,starv2_core_100k_SafetyPointGoal1_v0_selected_star_v2_star_v2_s12,155000,0.3182380795478821,0.3182380795478821,-5.529727786779404e-10,0.0,0.5317407846450806,0.06414171308279037,
SafetyPointGoal1-v0,star_v2,starv2_core_100k_SafetyPointGoal1_v0_selected_star_v2_star_v2_s12,160000,0.32550138235092163,0.32550138235092163,-1.1641532182693481e-10,0.0,0.5309553146362305,0.06940600275993347,
SafetyPointGoal1-v0,star_v2,starv2_core_100k_SafetyPointGoal1_v0_selected_star_v2_star_v2_s12,165000,0.3082752823829651,0.3082752823829651,6.693881005048752e-10,1.0,0.5313609838485718,0.05521072447299957,
SafetyPointGoal1-v0,star_v2,starv2_core_100k_SafetyPointGoal1_v0_selected_star_v2_star_v2_s12,170000,0.2820931673049927,0.28209319710731506,-4.656612873077393e-10,0.0,0.5304887294769287,0.04202502220869064,
SafetyPointGoal1-v0,star_v2,starv2_core_100k_SafetyPointGoal1_v0_selected_star_v2_star_v2_s12,175000,0.29715782403945923,0.2971578538417816,0.0,0.0,0.5322599411010742,0.05234501510858536,
SafetyPointGoal1-v0,star_v2,starv2_core_100k_SafetyPointGoal1_v0_selected_star_v2_star_v2_s12,180000,0.34076741337776184,0.34076741337776184,-3.2014213502407074e-10,0.0,0.531652569770813,0.07973956316709518,
SafetyPointGoal1-v0,star_v2,starv2_core_100k_SafetyPointGoal1_v0_selected_star_v2_star_v2_s12,185000,0.32965007424354553,0.32965007424354553,1.4842953532934189e-09,1.0,0.5313417911529541,0.06404564529657364,
SafetyPointGoal1-v0,star_v2,starv2_core_100k_SafetyPointGoal1_v0_selected_star_v2_star_v2_s12,190000,0.34199780225753784,0.34199780225753784,1.1641532182693481e-10,1.0,0.531050980091095,0.0660875216126442,
SafetyPointGoal1-v0,star_v2,starv2_core_100k_SafetyPointGoal1_v0_selected_star_v2_star_v2_s12,195000,0.33264726400375366,0.33264726400375366,-5.820766091346741e-11,0.0,0.5315908193588257,0.06359260529279709,
SafetyPointGoal1-v0,star_v2,starv2_core_100k_SafetyPointGoal1_v0_selected_star_v2_star_v2_s12,200000,0.3154158890247345,0.3154158890247345,2.9103830456733704e-11,1.0,0.5306879281997681,0.05089703947305679,
SafetyPointGoal1-v0,star_v2,starv2_core_100k_SafetyPointGoal1_v0_selected_star_v2_star_v2_s12,205000,0.32087457180023193,0.32087454199790955,1.1641532182693481e-09,1.0,0.5307499170303345,0.06429284811019897,
SafetyPointGoal1-v0,star_v2,starv2_core_100k_SafetyPointGoal1_v0_selected_star_v2_star_v2_s12,210000,0.3190562427043915,0.3190562427043915,5.820766091346741e-11,1.0,0.5305367112159729,0.05956358090043068,
SafetyPointGoal1-v0,star_v2,starv2_core_100k_SafetyPointGoal1_v0_selected_star_v2_star_v2_s12,215000,0.3198659420013428,0.3198659420013428,-8.731149137020111e-11,0.0,0.530224621295929,0.061558689922094345,
SafetyPointGoal1-v0,star_v2,starv2_core_100k_SafetyPointGoal1_v0_selected_star_v2_star_v2_s12,220000,0.3127118647098541,0.3127118647098541,-7.8580342233181e-10,0.0,0.5296401977539062,0.057356253266334534,
SafetyPointGoal1-v0,star_v2,starv2_core_100k_SafetyPointGoal1_v0_selected_star_v2_star_v2_s12,225000,0.3279879093170166,0.3279879093170166,-4.656612873077393e-10,0.0,0.5304009914398193,0.0661957859992981,
SafetyPointGoal1-v0,star_v2,starv2_core_100k_SafetyPointGoal1_v0_selected_star_v2_star_v2_s12,230000,0.30623725056648254,0.30623725056648254,4.0745362639427185e-10,1.0,0.530933678150177,0.059712138026952744,
SafetyPointGoal1-v0,star_v2,starv2_core_100k_SafetyPointGoal1_v0_selected_star_v2_star_v2_s12,235000,0.3036857545375824,0.3036857545375824,0.0,0.0,0.5319585800170898,0.051367152482271194,
SafetyPointGoal1-v0,star_v2,starv2_core_100k_SafetyPointGoal1_v0_selected_star_v2_star_v2_s12,240000,0.30809128284454346,0.30809128284454346,-2.3283064365386963e-10,0.0,0.531164288520813,0.05093051865696907,
SafetyPointGoal1-v0,star_v2,starv2_core_100k_SafetyPointGoal1_v0_selected_star_v2_star_v2_s12,245000,0.34046998620033264,0.34046998620033264,-1.1641532182693481e-10,0.0,0.5310717821121216,0.07811194658279419,
SafetyPointGoal1-v0,star_v2,starv2_core_100k_SafetyPointGoal1_v0_selected_star_v2_star_v2_s12,250000,0.3357827663421631,0.3357827663421631,1.7462298274040222e-10,1.0,0.5324855446815491,0.06627575308084488,
SafetyPointGoal1-v0,star_v2,starv2_core_100k_SafetyPointGoal1_v0_selected_star_v2_star_v2_s12,255000,0.3243696689605713,0.3243696689605713,-1.4551915228366852e-10,0.0,0.5296176671981812,0.06338661909103394,
SafetyPointGoal1-v0,star_v2,starv2_core_100k_SafetyPointGoal1_v0_selected_star_v2_star_v2_s12,100000,0.30228859186172485,0.30228859186172485,2.9103830456733704e-10,1.0,0.5317604541778564,0.06242689862847328,
SafetyPointGoal1-v0,star_v2,starv2_core_100k_SafetyPointGoal1_v0_selected_star_v2_star_v2_s12,105000,0.31054502725601196,0.31054502725601196,-1.1641532182693481e-10,0.0,0.5303342938423157,0.06296990811824799,
SafetyPointGoal1-v0,star_v2,starv2_core_100k_SafetyPointGoal1_v0_selected_star_v2_star_v2_s12,110000,0.2950133979320526,0.2950133979320526,-3.7834979593753815e-10,0.0,0.5316445231437683,0.05951171740889549,
SafetyPointGoal1-v0,star_v2,starv2_core_100k_SafetyPointGoal1_v0_selected_star_v2_star_v2_s12,115000,0.28332000970840454,0.28332000970840454,7.275957614183426e-11,1.0,0.5315498113632202,0.054571665823459625,
SafetyPointGoal1-v0,star_v2,starv2_core_100k_SafetyPointGoal1_v0_selected_star_v2_star_v2_s12,120000,0.262667715549469,0.262667715549469,3.4924596548080444e-10,1.0,0.5315080881118774,0.0521860346198082,
SafetyPointGoal1-v0,star_v2,starv2_core_100k_SafetyPointGoal1_v0_selected_star_v2_star_v2_s12,125000,0.2784515619277954,0.2784515619277954,-1.4551915228366852e-10,0.0,0.5315138101577759,0.05058618262410164,
SafetyPointGoal1-v0,star_v2,starv2_core_100k_SafetyPointGoal1_v0_selected_star_v2_star_v2_s12,130000,0.25643104314804077,0.25643104314804077,1.7462298274040222e-10,1.0,0.532153844833374,0.047915779054164886,
SafetyPointGoal1-v0,star_v2,starv2_core_100k_SafetyPointGoal1_v0_selected_star_v2_star_v2_s12,135000,0.2774447798728943,0.2774447798728943,-9.89530235528946e-10,0.0,0.530792236328125,0.05181021988391876,
SafetyPointGoal1-v0,star_v2,starv2_core_100k_SafetyPointGoal1_v0_selected_star_v2_star_v2_s12,140000,0.28902319073677063,0.28902319073677063,5.529727786779404e-10,1.0,0.531194806098938,0.052622050046920776,
SafetyPointGoal1-v0,star_v2,starv2_core_100k_SafetyPointGoal1_v0_selected_star_v2_star_v2_s12,145000,0.2882576584815979,0.2882576584815979,-5.820766091346741e-11,0.0,0.5325289368629456,0.047921840101480484,
SafetyPointGoal1-v0,star_v2,starv2_core_100k_SafetyPointGoal1_v0_selected_star_v2_star_v2_s12,150000,0.31713247299194336,0.31713247299194336,-1.6007106751203537e-09,0.0,0.5314465761184692,0.06159241124987602,
SafetyPointGoal1-v0,star_v2,starv2_core_100k_SafetyPointGoal1_v0_selected_star_v2_star_v2_s12,155000,0.3182380795478821,0.3182380795478821,-5.529727786779404e-10,0.0,0.5317407846450806,0.06414171308279037,
SafetyPointGoal1-v0,star_v2,starv2_core_100k_SafetyPointGoal1_v0_selected_star_v2_star_v2_s12,160000,0.32550138235092163,0.32550138235092163,-1.1641532182693481e-10,0.0,0.5309553146362305,0.06940600275993347,
SafetyPointGoal1-v0,star_v2,starv2_core_100k_SafetyPointGoal1_v0_selected_star_v2_star_v2_s12,165000,0.3082752823829651,0.3082752823829651,6.693881005048752e-10,1.0,0.5313609838485718,0.05521072447299957,
SafetyPointGoal1-v0,star_v2,starv2_core_100k_SafetyPointGoal1_v0_selected_star_v2_star_v2_s12,170000,0.2820931673049927,0.28209319710731506,-4.656612873077393e-10,0.0,0.5304887294769287,0.04202502220869064,
SafetyPointGoal1-v0,star_v2,starv2_core_100k_SafetyPointGoal1_v0_selected_star_v2_star_v2_s12,175000,0.29715782403945923,0.2971578538417816,0.0,0.0,0.5322599411010742,0.05234501510858536,
SafetyPointGoal1-v0,star_v2,starv2_core_100k_SafetyPointGoal1_v0_selected_star_v2_star_v2_s12,180000,0.34076741337776184,0.34076741337776184,-3.2014213502407074e-10,0.0,0.531652569770813,0.07973956316709518,
SafetyPointGoal1-v0,star_v2,starv2_core_100k_SafetyPointGoal1_v0_selected_star_v2_star_v2_s12,185000,0.32965007424354553,0.32965007424354553,1.4842953532934189e-09,1.0,0.5313417911529541,0.06404564529657364,
SafetyPointGoal1-v0,star_v2,starv2_core_100k_SafetyPointGoal1_v0_selected_star_v2_star_v2_s12,190000,0.34199780225753784,0.34199780225753784,1.1641532182693481e-10,1.0,0.531050980091095,0.0660875216126442,
SafetyPointGoal1-v0,star_v2,starv2_core_100k_SafetyPointGoal1_v0_selected_star_v2_star_v2_s12,195000,0.33264726400375366,0.33264726400375366,-5.820766091346741e-11,0.0,0.5315908193588257,0.06359260529279709,
SafetyPointGoal1-v0,star_v2,starv2_core_100k_SafetyPointGoal1_v0_selected_star_v2_star_v2_s12,200000,0.3154158890247345,0.3154158890247345,2.9103830456733704e-11,1.0,0.5306879281997681,0.05089703947305679,
SafetyPointGoal1-v0,star_v2,starv2_core_100k_SafetyPointGoal1_v0_selected_star_v2_star_v2_s12,205000,0.32087457180023193,0.32087454199790955,1.1641532182693481e-09,1.0,0.5307499170303345,0.06429284811019897,
SafetyPointGoal1-v0,star_v2,starv2_core_100k_SafetyPointGoal1_v0_selected_star_v2_star_v2_s12,210000,0.3190562427043915,0.3190562427043915,5.820766091346741e-11,1.0,0.5305367112159729,0.05956358090043068,
SafetyPointGoal1-v0,star_v2,starv2_core_100k_SafetyPointGoal1_v0_selected_star_v2_star_v2_s12,215000,0.3198659420013428,0.3198659420013428,-8.731149137020111e-11,0.0,0.530224621295929,0.061558689922094345,
SafetyPointGoal1-v0,star_v2,starv2_core_100k_SafetyPointGoal1_v0_selected_star_v2_star_v2_s12,220000,0.3127118647098541,0.3127118647098541,-7.8580342233181e-10,0.0,0.5296401977539062,0.057356253266334534,
SafetyPointGoal1-v0,star_v2,starv2_core_100k_SafetyPointGoal1_v0_selected_star_v2_star_v2_s12,225000,0.3279879093170166,0.3279879093170166,-4.656612873077393e-10,0.0,0.5304009914398193,0.0661957859992981,
SafetyPointGoal1-v0,star_v2,starv2_core_100k_SafetyPointGoal1_v0_selected_star_v2_star_v2_s12,230000,0.30623725056648254,0.30623725056648254,4.0745362639427185e-10,1.0,0.530933678150177,0.059712138026952744,
SafetyPointGoal1-v0,star_v2,starv2_core_100k_SafetyPointGoal1_v0_selected_star_v2_star_v2_s12,235000,0.3036857545375824,0.3036857545375824,0.0,0.0,0.5319585800170898,0.051367152482271194,
SafetyPointGoal1-v0,star_v2,starv2_core_100k_SafetyPointGoal1_v0_selected_star_v2_star_v2_s12,240000,0.30809128284454346,0.30809128284454346,-2.3283064365386963e-10,0.0,0.531164288520813,0.05093051865696907,
SafetyPointGoal1-v0,star_v2,starv2_core_100k_SafetyPointGoal1_v0_selected_star_v2_star_v2_s12,245000,0.34046998620033264,0.34046998620033264,-1.1641532182693481e-10,0.0,0.5310717821121216,0.07811194658279419,
SafetyPointGoal1-v0,star_v2,starv2_core_100k_SafetyPointGoal1_v0_selected_star_v2_star_v2_s12,250000,0.3357827663421631,0.3357827663421631,1.7462298274040222e-10,1.0,0.5324855446815491,0.06627575308084488,
SafetyPointGoal1-v0,star_v2,starv2_core_100k_SafetyPointGoal1_v0_selected_star_v2_star_v2_s12,255000,0.3243696689605713,0.3243696689605713,-1.4551915228366852e-10,0.0,0.5296176671981812,0.06338661909103394,
SafetyPointGoal1-v0,star_v2,starv2_core_100k_SafetyPointGoal1_v0_selected_star_v2_star_v2_s12,260000,0.3010161519050598,0.3010161519050598,-5.238689482212067e-10,0.0,0.5311141014099121,0.04880936071276665,
SafetyPointGoal1-v0,star_v2,starv2_core_100k_SafetyPointGoal1_v0_selected_star_v2_star_v2_s12,265000,0.3176112174987793,0.3176112174987793,-5.820766091346741e-11,0.0,0.5319808125495911,0.06233282759785652,
SafetyPointGoal1-v0,star_v2,starv2_core_100k_SafetyPointGoal1_v0_selected_star_v2_star_v2_s12,270000,0.3119000792503357,0.3119000792503357,-3.4924596548080444e-10,0.0,0.5305007100105286,0.05257634073495865,
SafetyPointGoal1-v0,star_v2,starv2_core_100k_SafetyPointGoal1_v0_selected_star_v2_star_v2_s12,275000,0.32983800768852234,0.32983800768852234,-5.820766091346741e-11,0.0,0.5320589542388916,0.05461633950471878,
SafetyPointGoal1-v0,star_v2,starv2_core_100k_SafetyPointGoal1_v0_selected_star_v2_star_v2_s12,280000,0.29498353600502014,0.29498353600502014,6.402842700481415e-10,1.0,0.5313386917114258,0.04571946710348129,
SafetyPointGoal1-v0,star_v2,starv2_core_100k_SafetyPointGoal1_v0_selected_star_v2_star_v2_s12,285000,0.340061217546463,0.3400612473487854,-3.4924596548080444e-10,0.0,0.5308363437652588,0.0682065561413765,
SafetyPointGoal1-v0,star_v2,starv2_core_100k_SafetyPointGoal1_v0_selected_star_v2_star_v2_s12,290000,0.32584255933761597,0.32584255933761597,2.9103830456733704e-10,1.0,0.5333381295204163,0.060560889542102814,
SafetyPointGoal1-v0,star_v2,starv2_core_100k_SafetyPointGoal1_v0_selected_star_v2_star_v2_s12,295000,0.3102160096168518,0.3102160096168518,2.9103830456733704e-11,1.0,0.5309377908706665,0.0522322952747345,
SafetyPointGoal1-v0,star_v2,starv2_resume_300k_SafetyPointGoal1_v0_selected_star_v2_star_v2_s13,5000,5.977066993713379,5.977066993713379,5.587935447692871e-09,1.0,0.5396101474761963,5.482818603515625,
SafetyPointGoal1-v0,star_v2,starv2_resume_300k_SafetyPointGoal1_v0_selected_star_v2_star_v2_s13,10000,0.3769463896751404,0.3769463896751404,4.3655745685100555e-10,1.0,0.5331096053123474,0.04406942427158356,
SafetyPointGoal1-v0,star_v2,starv2_resume_300k_SafetyPointGoal1_v0_selected_star_v2_star_v2_s13,15000,0.20472925901412964,0.20472925901412964,5.093170329928398e-10,1.0,0.5315619111061096,0.03452296182513237,
SafetyPointGoal1-v0,star_v2,starv2_resume_300k_SafetyPointGoal1_v0_selected_star_v2_star_v2_s13,20000,0.15478813648223877,0.15478813648223877,3.637978807091713e-10,1.0,0.5317286849021912,0.02953137829899788,
SafetyPointGoal1-v0,star_v2,starv2_resume_300k_SafetyPointGoal1_v0_selected_star_v2_star_v2_s13,25000,0.15962035953998566,0.15962035953998566,2.1827872842550278e-10,1.0,0.5321614742279053,0.04400039464235306,
SafetyPointGoal1-v0,star_v2,starv2_resume_300k_SafetyPointGoal1_v0_selected_star_v2_star_v2_s13,30000,0.1879187971353531,0.1879187971353531,3.92901711165905e-10,1.0,0.5309492349624634,0.04102107882499695,
SafetyPointGoal1-v0,star_v2,starv2_resume_300k_SafetyPointGoal1_v0_selected_star_v2_star_v2_s13,35000,0.22659265995025635,0.22659265995025635,2.1827872842550278e-10,1.0,0.5307695865631104,0.04747693985700607,
SafetyPointGoal1-v0,star_v2,starv2_resume_300k_SafetyPointGoal1_v0_selected_star_v2_star_v2_s13,40000,0.22018979489803314,0.22018979489803314,3.4924596548080444e-10,1.0,0.531521201133728,0.04052884131669998,
SafetyPointGoal1-v0,star_v2,starv2_resume_300k_SafetyPointGoal1_v0_selected_star_v2_star_v2_s13,45000,0.18809092044830322,0.18809092044830322,-2.473825588822365e-10,0.0,0.5309953093528748,0.0200619176030159,
SafetyPointGoal1-v0,star_v2,starv2_resume_300k_SafetyPointGoal1_v0_selected_star_v2_star_v2_s13,50000,0.21706871688365936,0.21706871688365936,-1.1641532182693481e-10,0.0,0.5311270356178284,0.03567716106772423,
SafetyPointGoal1-v0,star_v2,starv2_resume_300k_SafetyPointGoal1_v0_selected_star_v2_star_v2_s13,55000,0.23886078596115112,0.23886078596115112,3.4924596548080444e-10,1.0,0.5309854745864868,0.03999387472867966,
SafetyPointGoal1-v0,star_v2,starv2_resume_300k_SafetyPointGoal1_v0_selected_star_v2_star_v2_s13,60000,0.2548871338367462,0.2548871636390686,4.656612873077393e-10,1.0,0.5311828851699829,0.04053018242120743,
SafetyPointGoal1-v0,star_v2,starv2_resume_300k_SafetyPointGoal1_v0_selected_star_v2_star_v2_s13,65000,0.2595844268798828,0.2595844268798828,4.0745362639427185e-10,1.0,0.5324153900146484,0.0334618017077446,
SafetyPointGoal1-v0,star_v2,starv2_resume_300k_SafetyPointGoal1_v0_selected_star_v2_star_v2_s13,70000,0.2455727756023407,0.2455727756023407,-2.9103830456733704e-11,0.0,0.5316389799118042,0.0352318175137043,
SafetyPointGoal1-v0,star_v2,starv2_resume_300k_SafetyPointGoal1_v0_selected_star_v2_star_v2_s13,75000,0.2612743377685547,0.2612743377685547,-3.2014213502407074e-10,0.0,0.530542254447937,0.03907035291194916,
SafetyPointGoal1-v0,star_v2,starv2_resume_300k_SafetyPointGoal1_v0_selected_star_v2_star_v2_s13,80000,0.27118074893951416,0.27118074893951416,5.820766091346741e-10,1.0,0.5316805839538574,0.0364825502038002,
SafetyPointGoal1-v0,star_v2,starv2_resume_300k_SafetyPointGoal1_v0_selected_star_v2_star_v2_s13,85000,0.23965778946876526,0.23965778946876526,-2.0372681319713593e-10,0.0,0.5311906337738037,0.02510533481836319,
SafetyPointGoal1-v0,star_v2,starv2_resume_300k_SafetyPointGoal1_v0_selected_star_v2_star_v2_s13,90000,0.26596158742904663,0.26596158742904663,-7.8580342233181e-10,0.0,0.5281405448913574,0.03768720477819443,
SafetyPointGoal1-v0,star_v2,starv2_resume_300k_SafetyPointGoal1_v0_selected_star_v2_star_v2_s13,95000,0.26435163617134094,0.26435163617134094,0.0,0.0,0.531490683555603,0.03707218915224075,
SafetyPointGoal1-v0,star_v2,starv2_resume_300k_SafetyPointGoal1_v0_selected_star_v2_star_v2_s13,100000,0.26406705379486084,0.26406705379486084,4.94765117764473e-10,1.0,0.5317137837409973,0.04152023047208786,
SafetyPointGoal1-v0,star_v2,starv2_resume_300k_SafetyPointGoal1_v0_selected_star_v2_star_v2_s13,105000,0.23508669435977936,0.23508669435977936,3.4924596548080444e-10,1.0,0.5317783355712891,0.034384578466415405,
SafetyPointGoal1-v0,star_v2,starv2_resume_300k_SafetyPointGoal1_v0_selected_star_v2_star_v2_s13,110000,0.2465287148952484,0.2465287148952484,4.656612873077393e-10,1.0,0.5321337580680847,0.03721349686384201,
SafetyPointGoal1-v0,star_v2,starv2_resume_300k_SafetyPointGoal1_v0_selected_star_v2_star_v2_s13,115000,0.24913795292377472,0.24913795292377472,-5.820766091346741e-11,0.0,0.5306351184844971,0.03199055790901184,
SafetyPointGoal1-v0,star_v2,starv2_resume_300k_SafetyPointGoal1_v0_selected_star_v2_star_v2_s13,120000,0.265203595161438,0.265203595161438,4.3655745685100555e-10,1.0,0.531040370464325,0.045820966362953186,
SafetyPointGoal1-v0,star_v2,starv2_resume_300k_SafetyPointGoal1_v0_selected_star_v2_star_v2_s13,125000,0.2685866951942444,0.2685866951942444,2.0372681319713593e-10,1.0,0.5312380194664001,0.047633469104766846,
SafetyPointGoal1-v0,star_v2,starv2_resume_300k_SafetyPointGoal1_v0_selected_star_v2_star_v2_s13,130000,0.2674574851989746,0.2674574851989746,-8.731149137020111e-11,0.0,0.5313464999198914,0.04035128653049469,
SafetyPointGoal1-v0,star_v2,starv2_resume_300k_SafetyPointGoal1_v0_selected_star_v2_star_v2_s13,135000,0.25298914313316345,0.25298914313316345,8.731149137020111e-11,1.0,0.5316277742385864,0.03574052453041077,
SafetyPointGoal1-v0,star_v2,starv2_resume_300k_SafetyPointGoal1_v0_selected_star_v2_star_v2_s13,140000,0.32433846592903137,0.324338436126709,4.656612873077393e-10,1.0,0.5308893918991089,0.06414809823036194,
SafetyPointGoal1-v0,star_v2,starv2_resume_300k_SafetyPointGoal1_v0_selected_star_v2_star_v2_s13,145000,0.28506532311439514,0.28506532311439514,2.9103830456733704e-10,1.0,0.531989574432373,0.04936869442462921,
SafetyPointGoal1-v0,star_v2,starv2_resume_300k_SafetyPointGoal1_v0_selected_star_v2_star_v2_s13,150000,0.30385640263557434,0.30385640263557434,-3.4924596548080444e-10,0.0,0.5310903787612915,0.05606183782219887,
SafetyPointGoal1-v0,star_v2,starv2_resume_300k_SafetyPointGoal1_v0_selected_star_v2_star_v2_s13,155000,0.258502721786499,0.258502721786499,2.0372681319713593e-10,1.0,0.5311694145202637,0.035119980573654175,
SafetyPointGoal1-v0,star_v2,starv2_resume_300k_SafetyPointGoal1_v0_selected_star_v2_star_v2_s13,160000,0.27170512080192566,0.27170512080192566,3.7834979593753815e-10,1.0,0.5319058895111084,0.04133646562695503,
SafetyPointGoal1-v0,star_v2,starv2_resume_300k_SafetyPointGoal1_v0_selected_star_v2_star_v2_s13,165000,0.30274322628974915,0.30274322628974915,-7.275957614183426e-10,0.0,0.5315631628036499,0.056257978081703186,
SafetyPointGoal1-v0,star_v2,starv2_resume_300k_SafetyPointGoal1_v0_selected_star_v2_star_v2_s13,170000,0.2973778545856476,0.2973778545856476,6.111804395914078e-10,1.0,0.5308228731155396,0.047999024391174316,
SafetyPointGoal1-v0,star_v2,starv2_resume_300k_SafetyPointGoal1_v0_selected_star_v2_star_v2_s13,175000,0.2816956639289856,0.2816956639289856,7.275957614183426e-10,1.0,0.5313825607299805,0.045120663940906525,
SafetyPointGoal1-v0,star_v2,starv2_resume_300k_SafetyPointGoal1_v0_selected_star_v2_star_v2_s13,180000,0.27669835090637207,0.27669835090637207,7.275957614183426e-10,1.0,0.5310261845588684,0.042466066777706146,
SafetyPointGoal1-v0,star_v2,starv2_resume_300k_SafetyPointGoal1_v0_selected_star_v2_star_v2_s13,185000,0.29342401027679443,0.29342401027679443,-3.7834979593753815e-10,0.0,0.5302029848098755,0.05001850426197052,
SafetyPointGoal1-v0,star_v2,starv2_resume_300k_SafetyPointGoal1_v0_selected_star_v2_star_v2_s13,190000,0.29605305194854736,0.29605305194854736,-6.984919309616089e-10,0.0,0.5314438939094543,0.05767469480633736,
SafetyPointGoal1-v0,star_v2,starv2_resume_300k_SafetyPointGoal1_v0_selected_star_v2_star_v2_s13,195000,0.2948048710823059,0.2948048710823059,7.566995918750763e-10,1.0,0.5313904285430908,0.04639141261577606,
SafetyPointGoal1-v0,star_v2,starv2_resume_300k_SafetyPointGoal1_v0_selected_star_v2_star_v2_s13,200000,0.31238192319869995,0.31238192319869995,1.1641532182693481e-10,1.0,0.5309239029884338,0.05721614509820938,
SafetyPointGoal1-v0,star_v2,starv2_resume_300k_SafetyPointGoal1_v0_selected_star_v2_star_v2_s13,205000,0.30394408106803894,0.30394408106803894,7.566995918750763e-10,1.0,0.5295819044113159,0.04535422846674919,
SafetyPointGoal1-v0,star_v2,starv2_resume_300k_SafetyPointGoal1_v0_selected_star_v2_star_v2_s13,210000,0.2948073446750641,0.2948073446750641,6.984919309616089e-10,1.0,0.5308938026428223,0.04539978504180908,
SafetyPointGoal1-v0,star_v2,starv2_resume_300k_SafetyPointGoal1_v0_selected_star_v2_star_v2_s13,215000,0.28344443440437317,0.28344443440437317,-2.3283064365386963e-10,0.0,0.5309840440750122,0.042837876826524734,
SafetyPointGoal1-v0,star_v2,starv2_resume_300k_SafetyPointGoal1_v0_selected_star_v2_star_v2_s13,220000,0.3081652522087097,0.3081652522087097,-1.1641532182693481e-10,0.0,0.5313127040863037,0.05715668946504593,
SafetyPointGoal1-v0,star_v2,starv2_resume_300k_SafetyPointGoal1_v0_selected_star_v2_star_v2_s13,225000,0.2934917211532593,0.2934917211532593,4.656612873077393e-10,1.0,0.5316730737686157,0.0466529056429863,
SafetyPointGoal1-v0,star_v2,starv2_resume_300k_SafetyPointGoal1_v0_selected_star_v2_star_v2_s13,230000,0.2916393280029297,0.2916393280029297,5.820766091346741e-11,1.0,0.5315961241722107,0.04641420394182205,
SafetyPointGoal1-v0,star_v2,starv2_resume_300k_SafetyPointGoal1_v0_selected_star_v2_star_v2_s13,235000,0.2762629985809326,0.2762629985809326,2.9103830456733704e-10,1.0,0.5315114259719849,0.03845227509737015,
SafetyPointGoal1-v0,star_v2,starv2_resume_300k_SafetyPointGoal1_v0_selected_star_v2_star_v2_s13,240000,0.30415916442871094,0.30415916442871094,-1.7462298274040222e-10,0.0,0.5312587022781372,0.0475681871175766,
SafetyPointGoal1-v0,star_v2,starv2_resume_300k_SafetyPointGoal1_v0_selected_star_v2_star_v2_s13,245000,0.28727734088897705,0.28727734088897705,-1.1641532182693481e-10,0.0,0.531268835067749,0.04651658236980438,
SafetyPointGoal1-v0,star_v2,starv2_resume_300k_SafetyPointGoal1_v0_selected_star_v2_star_v2_s13,250000,0.2799292802810669,0.2799292802810669,-2.0372681319713593e-10,0.0,0.5310159921646118,0.0393526591360569,
SafetyPointGoal1-v0,star_v2,starv2_resume_300k_SafetyPointGoal1_v0_selected_star_v2_star_v2_s13,255000,0.28955525159835815,0.28955525159835815,-1.1641532182693481e-10,0.0,0.5317275524139404,0.04222928732633591,
SafetyPointGoal1-v0,star_v2,starv2_resume_300k_SafetyPointGoal1_v0_selected_star_v2_star_v2_s13,260000,0.2862274646759033,0.2862274646759033,4.0745362639427185e-10,1.0,0.5313732624053955,0.04192409664392471,
SafetyPointGoal1-v0,star_v2,starv2_resume_300k_SafetyPointGoal1_v0_selected_star_v2_star_v2_s13,265000,0.3036413788795471,0.3036413788795471,0.0,0.0,0.5303202271461487,0.04128147289156914,
SafetyPointGoal1-v0,star_v2,starv2_resume_300k_SafetyPointGoal1_v0_selected_star_v2_star_v2_s13,270000,0.3269515931606293,0.3269515931606293,-2.3283064365386963e-10,0.0,0.5300186276435852,0.055002473294734955,
SafetyPointGoal1-v0,star_v2,starv2_resume_300k_SafetyPointGoal1_v0_selected_star_v2_star_v2_s13,275000,0.33282679319381714,0.33282679319381714,-3.7834979593753815e-10,0.0,0.5305477976799011,0.06031223386526108,
SafetyPointGoal1-v0,star_v2,starv2_resume_300k_SafetyPointGoal1_v0_selected_star_v2_star_v2_s13,280000,0.3400299847126007,0.3400299847126007,-4.656612873077393e-10,0.0,0.5313843488693237,0.0638386458158493,
SafetyPointGoal1-v0,star_v2,starv2_resume_300k_SafetyPointGoal1_v0_selected_star_v2_star_v2_s13,285000,0.3302139639854431,0.3302139639854431,-5.820766091346741e-11,0.0,0.5304986834526062,0.05707891285419464,
SafetyPointGoal1-v0,star_v2,starv2_resume_300k_SafetyPointGoal1_v0_selected_star_v2_star_v2_s13,290000,0.3486919403076172,0.3486919403076172,2.9103830456733704e-10,1.0,0.5308810472488403,0.06700900197029114,
SafetyPointGoal1-v0,star_v2,starv2_resume_300k_SafetyPointGoal1_v0_selected_star_v2_star_v2_s13,295000,0.3320654332637787,0.3320654034614563,0.0,0.0,0.5324342250823975,0.05529302731156349,
SafetyPointGoal1-v0,star_v2,starv2_resume_300k_SafetyPointGoal1_v0_selected_star_v2_star_v2_s14,5000,6.2682013511657715,6.2682013511657715,-1.862645149230957e-09,0.0,0.5285232067108154,5.771333694458008,
SafetyPointGoal1-v0,star_v2,starv2_resume_300k_SafetyPointGoal1_v0_selected_star_v2_star_v2_s14,10000,0.3850324749946594,0.3850324749946594,-5.820766091346741e-10,0.0,0.5337363481521606,0.04843522980809212,
SafetyPointGoal1-v0,star_v2,starv2_resume_300k_SafetyPointGoal1_v0_selected_star_v2_star_v2_s14,15000,0.17510640621185303,0.17510640621185303,-4.0745362639427185e-10,0.0,0.5294607877731323,0.011453114449977875,
SafetyPointGoal1-v0,star_v2,starv2_resume_300k_SafetyPointGoal1_v0_selected_star_v2_star_v2_s14,20000,0.12620027363300323,0.12620027363300323,7.275957614183426e-12,1.0,0.5311309695243835,0.02707771398127079,
SafetyPointGoal1-v0,star_v2,starv2_resume_300k_SafetyPointGoal1_v0_selected_star_v2_star_v2_s14,25000,0.11066509038209915,0.11066509038209915,-1.7917045624926686e-10,0.0,0.5323876142501831,0.024842170998454094,
SafetyPointGoal1-v0,star_v2,starv2_resume_300k_SafetyPointGoal1_v0_selected_star_v2_star_v2_s14,30000,0.1584322452545166,0.1584322452545166,1.964508555829525e-10,1.0,0.5320415496826172,0.030470486730337143,
SafetyPointGoal1-v0,star_v2,starv2_resume_300k_SafetyPointGoal1_v0_selected_star_v2_star_v2_s14,35000,0.1466856300830841,0.1466856300830841,1.3278622645884752e-10,1.0,0.5315303802490234,0.025810260325670242,
SafetyPointGoal1-v0,star_v2,starv2_resume_300k_SafetyPointGoal1_v0_selected_star_v2_star_v2_s14,40000,0.1687421202659607,0.1687421202659607,-1.4551915228366852e-10,0.0,0.5317308902740479,0.03035636991262436,
SafetyPointGoal1-v0,star_v2,starv2_resume_300k_SafetyPointGoal1_v0_selected_star_v2_star_v2_s14,45000,0.21698608994483948,0.21698608994483948,-3.7834979593753815e-10,0.0,0.5313707590103149,0.03554099053144455,
SafetyPointGoal1-v0,star_v2,starv2_resume_300k_SafetyPointGoal1_v0_selected_star_v2_star_v2_s14,50000,0.22566713392734528,0.22566713392734528,7.275957614183426e-11,1.0,0.5314024090766907,0.04283210635185242,
SafetyPointGoal1-v0,star_v2,starv2_resume_300k_SafetyPointGoal1_v0_selected_star_v2_star_v2_s14,55000,0.19747203588485718,0.19747203588485718,2.3283064365386963e-10,1.0,0.5319238901138306,0.02850416488945484,
SafetyPointGoal1-v0,star_v2,starv2_resume_300k_SafetyPointGoal1_v0_selected_star_v2_star_v2_s14,60000,0.20953479409217834,0.20953479409217834,1.1641532182693481e-10,1.0,0.5321755409240723,0.03140600398182869,
SafetyPointGoal1-v0,star_v2,starv2_resume_300k_SafetyPointGoal1_v0_selected_star_v2_star_v2_s14,65000,0.23945099115371704,0.23945097625255585,-2.6193447411060333e-10,0.0,0.5320315361022949,0.03900744393467903,
SafetyPointGoal1-v0,star_v2,starv2_resume_300k_SafetyPointGoal1_v0_selected_star_v2_star_v2_s14,70000,0.2409062683582306,0.2409062683582306,-3.4924596548080444e-10,0.0,0.5315030217170715,0.031122326850891113,
SafetyPointGoal1-v0,star_v2,starv2_resume_300k_SafetyPointGoal1_v0_selected_star_v2_star_v2_s14,75000,0.2377936840057373,0.2377936840057373,-4.220055416226387e-10,0.0,0.5315000414848328,0.032812219113111496,
SafetyPointGoal1-v0,star_v2,starv2_resume_300k_SafetyPointGoal1_v0_selected_star_v2_star_v2_s14,80000,0.2301810085773468,0.2301810085773468,4.656612873077393e-10,1.0,0.5305734872817993,0.025729559361934662,
SafetyPointGoal1-v0,star_v2,starv2_resume_300k_SafetyPointGoal1_v0_selected_star_v2_star_v2_s14,85000,0.2418326437473297,0.2418326437473297,4.3655745685100555e-11,1.0,0.5330196619033813,0.03828015550971031,
SafetyPointGoal1-v0,star_v2,starv2_resume_300k_SafetyPointGoal1_v0_selected_star_v2_star_v2_s14,90000,0.2609221935272217,0.2609221935272217,-1.4551915228366852e-10,0.0,0.5322252511978149,0.04621323198080063,
SafetyPointGoal1-v0,star_v2,starv2_resume_300k_SafetyPointGoal1_v0_selected_star_v2_star_v2_s14,95000,0.26732349395751953,0.26732349395751953,-9.313225746154785e-10,0.0,0.5308219194412231,0.04353264719247818,
SafetyPointGoal1-v0,star_v2,starv2_resume_300k_SafetyPointGoal1_v0_selected_star_v2_star_v2_s14,100000,0.25019317865371704,0.25019317865371704,-8.440110832452774e-10,0.0,0.5302085876464844,0.031120872125029564,
SafetyPointGoal1-v0,star_v2,starv2_resume_300k_SafetyPointGoal1_v0_selected_star_v2_star_v2_s14,105000,0.2820352613925934,0.2820352613925934,-6.984919309616089e-10,0.0,0.5326477289199829,0.04737987369298935,
SafetyPointGoal1-v0,star_v2,starv2_resume_300k_SafetyPointGoal1_v0_selected_star_v2_star_v2_s14,110000,0.2516261041164398,0.2516261041164398,-1.1641532182693481e-10,0.0,0.5306761264801025,0.04139665514230728,
SafetyPointGoal1-v0,star_v2,starv2_resume_300k_SafetyPointGoal1_v0_selected_star_v2_star_v2_s14,115000,0.2774467468261719,0.2774467468261719,-2.0372681319713593e-10,0.0,0.5306100249290466,0.04947423189878464,
SafetyPointGoal1-v0,star_v2,starv2_resume_300k_SafetyPointGoal1_v0_selected_star_v2_star_v2_s14,120000,0.2375403344631195,0.2375403344631195,-2.0372681319713593e-10,0.0,0.5312938690185547,0.027869591489434242,
SafetyPointGoal1-v0,star_v2,starv2_resume_300k_SafetyPointGoal1_v0_selected_star_v2_star_v2_s14,125000,0.24300086498260498,0.24300086498260498,2.0372681319713593e-10,1.0,0.5325097441673279,0.034846097230911255,
SafetyPointGoal1-v0,star_v2,starv2_resume_300k_SafetyPointGoal1_v0_selected_star_v2_star_v2_s14,130000,0.29329073429107666,0.29329073429107666,-6.984919309616089e-10,0.0,0.530933141708374,0.056021496653556824,
SafetyPointGoal1-v0,star_v2,starv2_resume_300k_SafetyPointGoal1_v0_selected_star_v2_star_v2_s14,135000,0.2776944041252136,0.2776944041252136,4.656612873077393e-10,1.0,0.5310386419296265,0.045866914093494415,
SafetyPointGoal1-v0,star_v2,starv2_resume_300k_SafetyPointGoal1_v0_selected_star_v2_star_v2_s14,140000,0.2812954783439636,0.2812954783439636,2.6193447411060333e-10,1.0,0.53010094165802,0.04749616980552673,
SafetyPointGoal1-v0,star_v2,starv2_resume_300k_SafetyPointGoal1_v0_selected_star_v2_star_v2_s14,145000,0.2741813361644745,0.2741813361644745,7.275957614183426e-10,1.0,0.5307838916778564,0.043357186019420624,
SafetyPointGoal1-v0,star_v2,starv2_resume_300k_SafetyPointGoal1_v0_selected_star_v2_star_v2_s14,150000,0.2897900938987732,0.2897900938987732,2.9103830456733704e-11,1.0,0.5310626029968262,0.05496455356478691,
SafetyPointGoal1-v0,star_v2,starv2_resume_300k_SafetyPointGoal1_v0_selected_star_v2_star_v2_s14,155000,0.2550579607486725,0.2550579607486725,6.111804395914078e-10,1.0,0.5309369564056396,0.03847130388021469,
SafetyPointGoal1-v0,star_v2,starv2_resume_300k_SafetyPointGoal1_v0_selected_star_v2_star_v2_s14,160000,0.2945350408554077,0.2945350408554077,1.1641532182693481e-10,1.0,0.5305033922195435,0.05342729017138481,
SafetyPointGoal1-v0,star_v2,starv2_resume_300k_SafetyPointGoal1_v0_selected_star_v2_star_v2_s14,165000,0.2760980725288391,0.2760980725288391,-8.731149137020111e-11,0.0,0.5315576195716858,0.05125733092427254,
SafetyPointGoal1-v0,star_v2,starv2_resume_300k_SafetyPointGoal1_v0_selected_star_v2_star_v2_s14,170000,0.27325019240379333,0.27325019240379333,1.1641532182693481e-10,1.0,0.5314065217971802,0.04120925813913345,
SafetyPointGoal1-v0,star_v2,starv2_resume_300k_SafetyPointGoal1_v0_selected_star_v2_star_v2_s14,175000,0.3267081379890442,0.3267081379890442,5.820766091346741e-11,1.0,0.5317034721374512,0.07013261318206787,
SafetyPointGoal1-v0,star_v2,starv2_resume_300k_SafetyPointGoal1_v0_selected_star_v2_star_v2_s14,180000,0.2854337692260742,0.2854337692260742,-9.89530235528946e-10,0.0,0.5315455198287964,0.049725331366062164,
SafetyPointGoal1-v0,star_v2,starv2_resume_300k_SafetyPointGoal1_v0_selected_star_v2_star_v2_s14,185000,0.24998681247234344,0.24998681247234344,2.6193447411060333e-10,1.0,0.5314139723777771,0.03484601527452469,
SafetyPointGoal1-v0,star_v2,starv2_resume_300k_SafetyPointGoal1_v0_selected_star_v2_star_v2_s14,190000,0.27012157440185547,0.27012157440185547,4.3655745685100555e-10,1.0,0.5318208932876587,0.03682653605937958,
SafetyPointGoal1-v0,star_v2,starv2_resume_300k_SafetyPointGoal1_v0_selected_star_v2_star_v2_s14,195000,0.2766469419002533,0.2766469419002533,-7.8580342233181e-10,0.0,0.5318323373794556,0.03439859300851822,
SafetyPointGoal1-v0,star_v2,starv2_resume_300k_SafetyPointGoal1_v0_selected_star_v2_star_v2_s14,200000,0.31540048122406006,0.31540048122406006,3.7834979593753815e-10,1.0,0.5316454172134399,0.05679183825850487,
SafetyPointGoal1-v0,star_v2,starv2_resume_300k_SafetyPointGoal1_v0_selected_star_v2_star_v2_s14,205000,0.2746242880821228,0.2746242880821228,-4.656612873077393e-10,0.0,0.5306202173233032,0.04209993779659271,
SafetyPointGoal1-v0,star_v2,starv2_resume_300k_SafetyPointGoal1_v0_selected_star_v2_star_v2_s14,210000,0.31347960233688354,0.31347960233688354,-1.7462298274040222e-10,0.0,0.5309511423110962,0.0518953874707222,
SafetyPointGoal1-v0,star_v2,starv2_resume_300k_SafetyPointGoal1_v0_selected_star_v2_star_v2_s14,215000,0.3170020282268524,0.3170020282268524,2.9103830456733704e-10,1.0,0.5323318839073181,0.04978015646338463,
SafetyPointGoal1-v0,star_v2,starv2_resume_300k_SafetyPointGoal1_v0_selected_star_v2_star_v2_s14,220000,0.3143552541732788,0.3143552541732788,2.9103830456733704e-10,1.0,0.5303603410720825,0.05133696272969246,
SafetyPointGoal1-v0,star_v2,starv2_resume_300k_SafetyPointGoal1_v0_selected_star_v2_star_v2_s14,225000,0.3001440167427063,0.3001440167427063,3.7834979593753815e-10,1.0,0.5308517217636108,0.04241115599870682,
SafetyPointGoal1-v0,star_v2,starv2_resume_300k_SafetyPointGoal1_v0_selected_star_v2_star_v2_s14,230000,0.3208003342151642,0.3208003342151642,2.9103830456733704e-11,1.0,0.5299763679504395,0.05034293606877327,
SafetyPointGoal1-v0,star_v2,starv2_resume_300k_SafetyPointGoal1_v0_selected_star_v2_star_v2_s14,235000,0.31901639699935913,0.31901639699935913,-4.656612873077393e-10,0.0,0.5304847359657288,0.05294916778802872,
SafetyPointGoal1-v0,star_v2,starv2_resume_300k_SafetyPointGoal1_v0_selected_star_v2_star_v2_s14,240000,0.3075559139251709,0.3075559139251709,-4.3655745685100555e-10,0.0,0.5314951539039612,0.053864818066358566,
SafetyPointGoal1-v0,star_v2,starv2_resume_300k_SafetyPointGoal1_v0_selected_star_v2_star_v2_s14,245000,0.30693089962005615,0.30693089962005615,-1.7462298274040222e-10,0.0,0.530684232711792,0.04969162493944168,
SafetyPointGoal1-v0,star_v2,starv2_resume_300k_SafetyPointGoal1_v0_selected_star_v2_star_v2_s14,250000,0.3123827874660492,0.3123827874660492,6.402842700481415e-10,1.0,0.5306240916252136,0.04798270761966705,
SafetyPointGoal1-v0,star_v2,starv2_resume_300k_SafetyPointGoal1_v0_selected_star_v2_star_v2_s14,255000,0.2869879901409149,0.2869879901409149,-2.3283064365386963e-10,0.0,0.5308220386505127,0.04378291964530945,
SafetyPointGoal1-v0,star_v2,starv2_resume_300k_SafetyPointGoal1_v0_selected_star_v2_star_v2_s14,260000,0.30992865562438965,0.30992865562438965,7.566995918750763e-10,1.0,0.5302199721336365,0.055625252425670624,
SafetyPointGoal1-v0,star_v2,starv2_resume_300k_SafetyPointGoal1_v0_selected_star_v2_star_v2_s14,265000,0.328948974609375,0.328948974609375,2.3283064365386963e-10,1.0,0.5323771238327026,0.058139413595199585,
SafetyPointGoal1-v0,star_v2,starv2_resume_300k_SafetyPointGoal1_v0_selected_star_v2_star_v2_s14,270000,0.32346805930137634,0.32346805930137634,-1.1641532182693481e-10,0.0,0.5306378602981567,0.05088572949171066,
SafetyPointGoal1-v0,star_v2,starv2_resume_300k_SafetyPointGoal1_v0_selected_star_v2_star_v2_s14,275000,0.3317425847053528,0.3317425847053528,-2.3283064365386963e-10,0.0,0.5310748219490051,0.05644989758729935,
SafetyPointGoal1-v0,star_v2,starv2_resume_300k_SafetyPointGoal1_v0_selected_star_v2_star_v2_s14,280000,0.32810622453689575,0.32810622453689575,-8.731149137020111e-11,0.0,0.5317081212997437,0.04866664111614227,
SafetyPointGoal1-v0,star_v2,starv2_resume_300k_SafetyPointGoal1_v0_selected_star_v2_star_v2_s14,285000,0.3360479176044464,0.3360479176044464,5.820766091346741e-10,1.0,0.5327352285385132,0.0560210719704628,
SafetyPointGoal1-v0,star_v2,starv2_resume_300k_SafetyPointGoal1_v0_selected_star_v2_star_v2_s14,290000,0.3316937983036041,0.3316937983036041,2.9103830456733704e-11,1.0,0.5315243005752563,0.06087213009595871,
SafetyPointGoal1-v0,star_v2,starv2_resume_300k_SafetyPointGoal1_v0_selected_star_v2_star_v2_s14,295000,0.3056836724281311,0.3056836724281311,2.9103830456733704e-10,1.0,0.531162679195404,0.046300146728754044,
