task,seed,run_name,step,reference_age,reference_age_bin,rho_cur,rho_cor,corridor_risk_lift,lift_positive,shadow_excess,effective_beta,redteam_entropy,reference_kl,highest_risk_current,highest_risk_corridor,actor_mean_risk,source_kind,source_file
SafetyCarButton1-v0,10,starv2_core_100k_SafetyCarButton1_v0_selected_star_v2_star_v2_s10,100000,1.0,age=1-5,0.648627519607544,0.648627519607544,8.440110832452774e-10,0.04296875,0.20012983679771423,0.5305346250534058,2.728581428527832,-3.4533441066741943e-06,0.648627519607544,0.648627519607544,0.6455961465835571,training_mechanism_log_batch,results/star_v2_final/resume_300k/SafetyCarButton1-v0/star_v2/starv2_core_100k_SafetyCarButton1_v0_selected_star_v2_star_v2_s10/mechanism.csv
SafetyCarButton1-v0,10,starv2_core_100k_SafetyCarButton1_v0_selected_star_v2_star_v2_s10,105000,1.0,age=1-5,0.6616377830505371,0.6616377830505371,3.7834979593753815e-10,0.03125,0.21297943592071533,0.5310244560241699,2.70668363571167,-3.17208468914032e-06,0.6616377830505371,0.6616377830505371,0.657802939414978,training_mechanism_log_batch,results/star_v2_final/resume_300k/SafetyCarButton1-v0/star_v2/starv2_core_100k_SafetyCarButton1_v0_selected_star_v2_star_v2_s10/mechanism.csv
SafetyCarButton1-v0,10,starv2_core_100k_SafetyCarButton1_v0_selected_star_v2_star_v2_s10,110000,1.0,age=1-5,0.634385347366333,0.634385347366333,6.111804395914078e-10,0.01953125,0.19207580387592316,0.5304061770439148,2.7175345420837402,-3.8156285881996155e-06,0.634385347366333,0.634385347366333,0.6311957836151123,training_mechanism_log_batch,results/star_v2_final/resume_300k/SafetyCarButton1-v0/star_v2/starv2_core_100k_SafetyCarButton1_v0_selected_star_v2_star_v2_s10/mechanism.csv
SafetyCarButton1-v0,10,starv2_core_100k_SafetyCarButton1_v0_selected_star_v2_star_v2_s10,115000,1.0,age=1-5,0.6197283864021301,0.6197283864021301,-7.8580342233181e-10,0.01171875,0.18279342353343964,0.5311328172683716,2.729064464569092,-3.689550794661045e-06,0.6197283864021301,0.6197283864021301,0.616428017616272,training_mechanism_log_batch,results/star_v2_final/resume_300k/SafetyCarButton1-v0/star_v2/starv2_core_100k_SafetyCarButton1_v0_selected_star_v2_star_v2_s10/mechanism.csv
SafetyCarButton1-v0,10,starv2_core_100k_SafetyCarButton1_v0_selected_star_v2_star_v2_s10,120000,1.0,age=1-5,0.6289470195770264,0.6289470195770264,2.3283064365386963e-10,0.0234375,0.18837758898735046,0.5330122709274292,2.725569486618042,-3.268476575613022e-06,0.6289470195770264,0.6289470195770264,0.6255309581756592,training_mechanism_log_batch,results/star_v2_final/resume_300k/SafetyCarButton1-v0/star_v2/starv2_core_100k_SafetyCarButton1_v0_selected_star_v2_star_v2_s10/mechanism.csv
SafetyCarButton1-v0,10,starv2_core_100k_SafetyCarButton1_v0_selected_star_v2_star_v2_s10,125000,1.0,age=1-5,0.6490843892097473,0.6490843892097473,-4.0745362639427185e-10,0.01171875,0.2013874351978302,0.5336474776268005,2.714385509490967,-3.174995072185993e-06,0.6490843892097473,0.6490843892097473,0.645156979560852,training_mechanism_log_batch,results/star_v2_final/resume_300k/SafetyCarButton1-v0/star_v2/starv2_core_100k_SafetyCarButton1_v0_selected_star_v2_star_v2_s10/mechanism.csv
SafetyCarButton1-v0,10,starv2_core_100k_SafetyCarButton1_v0_selected_star_v2_star_v2_s10,130000,1.0,age=1-5,0.6546686887741089,0.6546686887741089,-1.4551915228366852e-10,0.015625,0.2030465006828308,0.5286651849746704,2.715527057647705,-3.3945543691515923e-06,0.6546686887741089,0.6546686887741089,0.6518130302429199,training_mechanism_log_batch,results/star_v2_final/resume_300k/SafetyCarButton1-v0/star_v2/starv2_core_100k_SafetyCarButton1_v0_selected_star_v2_star_v2_s10/mechanism.csv
SafetyCarButton1-v0,10,starv2_core_100k_SafetyCarButton1_v0_selected_star_v2_star_v2_s10,135000,1.0,age=1-5,0.6487055420875549,0.6487055420875549,8.149072527885437e-10,0.015625,0.19946520030498505,0.533710241317749,2.7119131088256836,-3.0564842745661736e-06,0.6487055420875549,0.6487055420875549,0.6431934833526611,training_mechanism_log_batch,results/star_v2_final/resume_300k/SafetyCarButton1-v0/star_v2/starv2_core_100k_SafetyCarButton1_v0_selected_star_v2_star_v2_s10/mechanism.csv
SafetyCarButton1-v0,10,starv2_core_100k_SafetyCarButton1_v0_selected_star_v2_star_v2_s10,140000,1.0,age=1-5,0.6491861343383789,0.6491861343383789,-5.238689482212067e-10,0.0078125,0.1901884227991104,0.5296132564544678,2.7250123023986816,-2.9010698199272156e-06,0.6491861343383789,0.6491861343383789,0.6450307369232178,training_mechanism_log_batch,results/star_v2_final/resume_300k/SafetyCarButton1-v0/star_v2/starv2_core_100k_SafetyCarButton1_v0_selected_star_v2_star_v2_s10/mechanism.csv
SafetyCarButton1-v0,10,starv2_core_100k_SafetyCarButton1_v0_selected_star_v2_star_v2_s10,145000,1.0,age=1-5,0.6589406728744507,0.6589406728744507,5.820766091346741e-11,0.015625,0.20456522703170776,0.5316358804702759,2.71450138092041,-3.2258685678243637e-06,0.6589406728744507,0.6589406728744507,0.6555707454681396,training_mechanism_log_batch,results/star_v2_final/resume_300k/SafetyCarButton1-v0/star_v2/starv2_core_100k_SafetyCarButton1_v0_selected_star_v2_star_v2_s10/mechanism.csv
SafetyCarButton1-v0,10,starv2_core_100k_SafetyCarButton1_v0_selected_star_v2_star_v2_s10,150000,1.0,age=1-5,0.6510643362998962,0.6510643362998962,1.1641532182693481e-10,0.01171875,0.19427749514579773,0.532261848449707,2.728640556335449,-2.944725565612316e-06,0.6510643362998962,0.6510643362998962,0.6479150652885437,training_mechanism_log_batch,results/star_v2_final/resume_300k/SafetyCarButton1-v0/star_v2/starv2_core_100k_SafetyCarButton1_v0_selected_star_v2_star_v2_s10/mechanism.csv
SafetyCarButton1-v0,10,starv2_core_100k_SafetyCarButton1_v0_selected_star_v2_star_v2_s10,155000,1.0,age=1-5,0.6529734134674072,0.6529734134674072,-4.656612873077393e-10,0.0234375,0.1917625069618225,0.5312076807022095,2.709468126296997,-3.145076334476471e-06,0.6529734134674072,0.6529734134674072,0.6485545635223389,training_mechanism_log_batch,results/star_v2_final/resume_300k/SafetyCarButton1-v0/star_v2/starv2_core_100k_SafetyCarButton1_v0_selected_star_v2_star_v2_s10/mechanism.csv
SafetyCarButton1-v0,10,starv2_core_100k_SafetyCarButton1_v0_selected_star_v2_star_v2_s10,160000,1.0,age=1-5,0.6978352069854736,0.6978351473808289,-1.1641532182693481e-10,0.01953125,0.22914016246795654,0.5306967496871948,2.725008249282837,-3.3065443858504295e-06,0.6978352069854736,0.6978351473808289,0.6942700743675232,training_mechanism_log_batch,results/star_v2_final/resume_300k/SafetyCarButton1-v0/star_v2/starv2_core_100k_SafetyCarButton1_v0_selected_star_v2_star_v2_s10/mechanism.csv
SafetyCarButton1-v0,10,starv2_core_100k_SafetyCarButton1_v0_selected_star_v2_star_v2_s10,165000,1.0,age=1-5,0.651962161064148,0.651962161064148,-5.820766091346741e-10,0.015625,0.1990734040737152,0.5305098295211792,2.693493366241455,-3.0400697141885757e-06,0.651962161064148,0.651962161064148,0.6468696594238281,training_mechanism_log_batch,results/star_v2_final/resume_300k/SafetyCarButton1-v0/star_v2/starv2_core_100k_SafetyCarButton1_v0_selected_star_v2_star_v2_s10/mechanism.csv
SafetyCarButton1-v0,10,starv2_core_100k_SafetyCarButton1_v0_selected_star_v2_star_v2_s10,170000,1.0,age=1-5,0.6709206104278564,0.6709206104278564,1.1641532182693481e-10,0.0234375,0.2119618058204651,0.533089280128479,2.7165517807006836,-3.355555236339569e-06,0.6709206104278564,0.6709206104278564,0.6674858331680298,training_mechanism_log_batch,results/star_v2_final/resume_300k/SafetyCarButton1-v0/star_v2/starv2_core_100k_SafetyCarButton1_v0_selected_star_v2_star_v2_s10/mechanism.csv
SafetyCarButton1-v0,10,starv2_core_100k_SafetyCarButton1_v0_selected_star_v2_star_v2_s10,175000,1.0,age=1-5,0.6841675043106079,0.6841675043106079,-4.656612873077393e-10,0.0078125,0.21884332597255707,0.5285273790359497,2.72304105758667,-3.271736204624176e-06,0.6841675043106079,0.6841675043106079,0.6800216436386108,training_mechanism_log_batch,results/star_v2_final/resume_300k/SafetyCarButton1-v0/star_v2/starv2_core_100k_SafetyCarButton1_v0_selected_star_v2_star_v2_s10/mechanism.csv
SafetyCarButton1-v0,10,starv2_core_100k_SafetyCarButton1_v0_selected_star_v2_star_v2_s10,180000,1.0,age=1-5,0.6587972640991211,0.6587972640991211,5.238689482212067e-10,0.03125,0.2031932771205902,0.5344613790512085,2.6940529346466064,-3.109453245997429e-06,0.6587972640991211,0.6587972640991211,0.6538594365119934,training_mechanism_log_batch,results/star_v2_final/resume_300k/SafetyCarButton1-v0/star_v2/starv2_core_100k_SafetyCarButton1_v0_selected_star_v2_star_v2_s10/mechanism.csv
SafetyCarButton1-v0,10,starv2_core_100k_SafetyCarButton1_v0_selected_star_v2_star_v2_s10,185000,1.0,age=1-5,0.6637812852859497,0.6637812852859497,5.820766091346741e-10,0.01953125,0.2043209969997406,0.5300976037979126,2.735062837600708,-3.1685922294855118e-06,0.6637812852859497,0.6637812852859497,0.6610348224639893,training_mechanism_log_batch,results/star_v2_final/resume_300k/SafetyCarButton1-v0/star_v2/starv2_core_100k_SafetyCarButton1_v0_selected_star_v2_star_v2_s10/mechanism.csv
SafetyCarButton1-v0,10,starv2_core_100k_SafetyCarButton1_v0_selected_star_v2_star_v2_s10,190000,1.0,age=1-5,0.6711736917495728,0.6711736917495728,1.7462298274040222e-09,0.02734375,0.2149922251701355,0.5337238311767578,2.721500873565674,-2.9228394851088524e-06,0.6711736917495728,0.6711736917495728,0.6669882535934448,training_mechanism_log_batch,results/star_v2_final/resume_300k/SafetyCarButton1-v0/star_v2/starv2_core_100k_SafetyCarButton1_v0_selected_star_v2_star_v2_s10/mechanism.csv
SafetyCarButton1-v0,10,starv2_core_100k_SafetyCarButton1_v0_selected_star_v2_star_v2_s10,195000,1.0,age=1-5,0.6767197847366333,0.6767197847366333,9.89530235528946e-10,0.03515625,0.2127189040184021,0.5321738719940186,2.7023510932922363,-3.0314549803733826e-06,0.6767197847366333,0.6767197847366333,0.6713166236877441,training_mechanism_log_batch,results/star_v2_final/resume_300k/SafetyCarButton1-v0/star_v2/starv2_core_100k_SafetyCarButton1_v0_selected_star_v2_star_v2_s10/mechanism.csv
SafetyCarButton1-v0,10,starv2_core_100k_SafetyCarButton1_v0_selected_star_v2_star_v2_s10,200000,1.0,age=1-5,0.6903371214866638,0.6903371214866638,-1.1641532182693481e-10,0.03125,0.21947795152664185,0.5267370939254761,2.7122092247009277,-3.209454007446766e-06,0.6903371214866638,0.6903371214866638,0.6856664419174194,training_mechanism_log_batch,results/star_v2_final/resume_300k/SafetyCarButton1-v0/star_v2/starv2_core_100k_SafetyCarButton1_v0_selected_star_v2_star_v2_s10/mechanism.csv
SafetyCarButton1-v0,10,starv2_core_100k_SafetyCarButton1_v0_selected_star_v2_star_v2_s10,205000,1.0,age=1-5,0.6796118021011353,0.6796118021011353,-4.656612873077393e-10,0.015625,0.2073434442281723,0.5317870378494263,2.7184300422668457,-3.507593646645546e-06,0.6796118021011353,0.6796118021011353,0.675507664680481,training_mechanism_log_batch,results/star_v2_final/resume_300k/SafetyCarButton1-v0/star_v2/starv2_core_100k_SafetyCarButton1_v0_selected_star_v2_star_v2_s10/mechanism.csv
SafetyCarButton1-v0,10,starv2_core_100k_SafetyCarButton1_v0_selected_star_v2_star_v2_s10,210000,1.0,age=1-5,0.6788697838783264,0.6788697838783264,-1.1641532182693481e-10,0.01953125,0.21256083250045776,0.533594012260437,2.71759033203125,-2.7993228286504745e-06,0.6788697838783264,0.6788697838783264,0.675093412399292,training_mechanism_log_batch,results/star_v2_final/resume_300k/SafetyCarButton1-v0/star_v2/starv2_core_100k_SafetyCarButton1_v0_selected_star_v2_star_v2_s10/mechanism.csv
SafetyCarButton1-v0,10,starv2_core_100k_SafetyCarButton1_v0_selected_star_v2_star_v2_s10,215000,1.0,age=1-5,0.7020406723022461,0.7020406723022461,6.984919309616089e-10,0.015625,0.23064443469047546,0.5301129817962646,2.7082502841949463,-3.0582305043935776e-06,0.7020406723022461,0.7020406723022461,0.6984559893608093,training_mechanism_log_batch,results/star_v2_final/resume_300k/SafetyCarButton1-v0/star_v2/starv2_core_100k_SafetyCarButton1_v0_selected_star_v2_star_v2_s10/mechanism.csv
SafetyCarButton1-v0,10,starv2_core_100k_SafetyCarButton1_v0_selected_star_v2_star_v2_s10,220000,1.0,age=1-5,0.6968994736671448,0.6968994736671448,-1.1641532182693481e-10,0.01171875,0.22533488273620605,0.5344104170799255,2.698715925216675,-3.1632371246814728e-06,0.6968994736671448,0.6968994736671448,0.6914795637130737,training_mechanism_log_batch,results/star_v2_final/resume_300k/SafetyCarButton1-v0/star_v2/starv2_core_100k_SafetyCarButton1_v0_selected_star_v2_star_v2_s10/mechanism.csv
SafetyCarButton1-v0,10,starv2_core_100k_SafetyCarButton1_v0_selected_star_v2_star_v2_s10,225000,1.0,age=1-5,0.6602175235748291,0.6602175235748291,-1.0477378964424133e-09,0.00390625,0.19494947791099548,0.5290449857711792,2.6928629875183105,-2.9515940696001053e-06,0.6602175235748291,0.6602175235748291,0.6547353267669678,training_mechanism_log_batch,results/star_v2_final/resume_300k/SafetyCarButton1-v0/star_v2/starv2_core_100k_SafetyCarButton1_v0_selected_star_v2_star_v2_s10/mechanism.csv
SafetyCarButton1-v0,10,starv2_core_100k_SafetyCarButton1_v0_selected_star_v2_star_v2_s10,230000,1.0,age=1-5,0.6653698086738586,0.6653698086738586,5.820766091346741e-10,0.01171875,0.20471125841140747,0.5316709280014038,2.732475757598877,-3.6079436540603638e-06,0.6653698086738586,0.6653698086738586,0.6624438762664795,training_mechanism_log_batch,results/star_v2_final/resume_300k/SafetyCarButton1-v0/star_v2/starv2_core_100k_SafetyCarButton1_v0_selected_star_v2_star_v2_s10/mechanism.csv
SafetyCarButton1-v0,10,starv2_core_100k_SafetyCarButton1_v0_selected_star_v2_star_v2_s10,235000,1.0,age=1-5,0.6869829893112183,0.6869829893112183,-3.4924596548080444e-10,0.015625,0.21686796844005585,0.5277746915817261,2.7079877853393555,-3.2669631764292717e-06,0.6869829893112183,0.6869829893112183,0.6831969618797302,training_mechanism_log_batch,results/star_v2_final/resume_300k/SafetyCarButton1-v0/star_v2/starv2_core_100k_SafetyCarButton1_v0_selected_star_v2_star_v2_s10/mechanism.csv
SafetyCarButton1-v0,10,starv2_core_100k_SafetyCarButton1_v0_selected_star_v2_star_v2_s10,240000,1.0,age=1-5,0.6914972066879272,0.6914972066879272,-8.149072527885437e-10,0.0078125,0.2195780873298645,0.5302895307540894,2.7135276794433594,-2.818065695464611e-06,0.6914972066879272,0.6914972066879272,0.6877959966659546,training_mechanism_log_batch,results/star_v2_final/resume_300k/SafetyCarButton1-v0/star_v2/starv2_core_100k_SafetyCarButton1_v0_selected_star_v2_star_v2_s10/mechanism.csv
SafetyCarButton1-v0,10,starv2_core_100k_SafetyCarButton1_v0_selected_star_v2_star_v2_s10,245000,1.0,age=1-5,0.6712815761566162,0.6712815761566162,1.4551915228366852e-09,0.02734375,0.20624208450317383,0.5314606428146362,2.70105242729187,-2.7829082682728767e-06,0.6712815761566162,0.6712815761566162,0.6660563945770264,training_mechanism_log_batch,results/star_v2_final/resume_300k/SafetyCarButton1-v0/star_v2/starv2_core_100k_SafetyCarButton1_v0_selected_star_v2_star_v2_s10/mechanism.csv
SafetyCarButton1-v0,10,starv2_core_100k_SafetyCarButton1_v0_selected_star_v2_star_v2_s10,250000,1.0,age=1-5,0.6890172362327576,0.6890172362327576,2.3283064365386963e-10,0.0234375,0.21927717328071594,0.5302600860595703,2.693708896636963,-2.852058969438076e-06,0.6890172362327576,0.6890172362327576,0.6847195029258728,training_mechanism_log_batch,results/star_v2_final/resume_300k/SafetyCarButton1-v0/star_v2/starv2_core_100k_SafetyCarButton1_v0_selected_star_v2_star_v2_s10/mechanism.csv
SafetyCarButton1-v0,10,starv2_core_100k_SafetyCarButton1_v0_selected_star_v2_star_v2_s10,255000,1.0,age=1-5,0.697091817855835,0.697091817855835,-6.984919309616089e-10,0.00390625,0.2287929356098175,0.5337224006652832,2.7257347106933594,-2.9637012630701065e-06,0.697091817855835,0.697091817855835,0.6936945915222168,training_mechanism_log_batch,results/star_v2_final/resume_300k/SafetyCarButton1-v0/star_v2/starv2_core_100k_SafetyCarButton1_v0_selected_star_v2_star_v2_s10/mechanism.csv
SafetyCarButton1-v0,10,starv2_core_100k_SafetyCarButton1_v0_selected_star_v2_star_v2_s10,260000,1.0,age=1-5,0.7025583386421204,0.7025583386421204,0.0,0.015625,0.23123109340667725,0.528728723526001,2.7127420902252197,-2.9295915737748146e-06,0.7025583386421204,0.7025583386421204,0.6991955041885376,training_mechanism_log_batch,results/star_v2_final/resume_300k/SafetyCarButton1-v0/star_v2/starv2_core_100k_SafetyCarButton1_v0_selected_star_v2_star_v2_s10/mechanism.csv
SafetyCarButton1-v0,10,starv2_core_100k_SafetyCarButton1_v0_selected_star_v2_star_v2_s10,265000,1.0,age=1-5,0.7021048069000244,0.7021048069000244,8.149072527885437e-10,0.01953125,0.2320975959300995,0.5335725545883179,2.7105422019958496,-2.9203947633504868e-06,0.7021048069000244,0.7021048069000244,0.6979223489761353,training_mechanism_log_batch,results/star_v2_final/resume_300k/SafetyCarButton1-v0/star_v2/starv2_core_100k_SafetyCarButton1_v0_selected_star_v2_star_v2_s10/mechanism.csv
SafetyCarButton1-v0,10,starv2_core_100k_SafetyCarButton1_v0_selected_star_v2_star_v2_s10,270000,1.0,age=1-5,0.6977006196975708,0.6977006196975708,1.280568540096283e-09,0.02734375,0.2257293462753296,0.5284594297409058,2.7181854248046875,-3.155320882797241e-06,0.6977006196975708,0.6977006196975708,0.6939595937728882,training_mechanism_log_batch,results/star_v2_final/resume_300k/SafetyCarButton1-v0/star_v2/starv2_core_100k_SafetyCarButton1_v0_selected_star_v2_star_v2_s10/mechanism.csv
SafetyCarButton1-v0,10,starv2_core_100k_SafetyCarButton1_v0_selected_star_v2_star_v2_s10,275000,1.0,age=1-5,0.6647289395332336,0.6647289395332336,-1.0477378964424133e-09,0.015625,0.2022329866886139,0.5330461263656616,2.703982353210449,-2.8690556064248085e-06,0.6647289395332336,0.6647289395332336,0.6602168083190918,training_mechanism_log_batch,results/star_v2_final/resume_300k/SafetyCarButton1-v0/star_v2/starv2_core_100k_SafetyCarButton1_v0_selected_star_v2_star_v2_s10/mechanism.csv
SafetyCarButton1-v0,10,starv2_core_100k_SafetyCarButton1_v0_selected_star_v2_star_v2_s10,280000,1.0,age=1-5,0.6895785927772522,0.6895785927772522,-1.280568540096283e-09,0.00390625,0.21945390105247498,0.5314846038818359,2.7057838439941406,-3.0639348551630974e-06,0.6895785927772522,0.6895785927772522,0.6839775443077087,training_mechanism_log_batch,results/star_v2_final/resume_300k/SafetyCarButton1-v0/star_v2/starv2_core_100k_SafetyCarButton1_v0_selected_star_v2_star_v2_s10/mechanism.csv
SafetyCarButton1-v0,10,starv2_core_100k_SafetyCarButton1_v0_selected_star_v2_star_v2_s10,285000,1.0,age=1-5,0.6786483526229858,0.6786483526229858,3.4924596548080444e-10,0.02734375,0.20661941170692444,0.5310630798339844,2.7239441871643066,-3.1186500564217567e-06,0.6786483526229858,0.6786483526229858,0.674978494644165,training_mechanism_log_batch,results/star_v2_final/resume_300k/SafetyCarButton1-v0/star_v2/starv2_core_100k_SafetyCarButton1_v0_selected_star_v2_star_v2_s10/mechanism.csv
SafetyCarButton1-v0,10,starv2_core_100k_SafetyCarButton1_v0_selected_star_v2_star_v2_s10,290000,1.0,age=1-5,0.6889691352844238,0.6889691352844238,1.280568540096283e-09,0.0234375,0.2150711715221405,0.5317614674568176,2.7094085216522217,-2.782093361020088e-06,0.6889691352844238,0.6889691352844238,0.6850979328155518,training_mechanism_log_batch,results/star_v2_final/resume_300k/SafetyCarButton1-v0/star_v2/starv2_core_100k_SafetyCarButton1_v0_selected_star_v2_star_v2_s10/mechanism.csv
SafetyCarButton1-v0,10,starv2_core_100k_SafetyCarButton1_v0_selected_star_v2_star_v2_s10,295000,1.0,age=1-5,0.6825334429740906,0.6825334429740906,-5.820766091346741e-10,0.0078125,0.21587060391902924,0.5334897637367249,2.704881191253662,-2.956017851829529e-06,0.6825334429740906,0.6825334429740906,0.6795425415039062,training_mechanism_log_batch,results/star_v2_final/resume_300k/SafetyCarButton1-v0/star_v2/starv2_core_100k_SafetyCarButton1_v0_selected_star_v2_star_v2_s10/mechanism.csv
SafetyCarButton1-v0,11,starv2_core_100k_SafetyCarButton1_v0_selected_star_v2_star_v2_s11,100000,1.0,age=1-5,0.6842944622039795,0.6842944622039795,-6.984919309616089e-10,0.015625,0.21845635771751404,0.5289082527160645,2.7027320861816406,-2.9029324650764465e-06,0.6842944622039795,0.6842944622039795,0.679699182510376,training_mechanism_log_batch,results/star_v2_final/resume_300k/SafetyCarButton1-v0/star_v2/starv2_core_100k_SafetyCarButton1_v0_selected_star_v2_star_v2_s11/mechanism.csv
SafetyCarButton1-v0,11,starv2_core_100k_SafetyCarButton1_v0_selected_star_v2_star_v2_s11,105000,1.0,age=1-5,0.6417704820632935,0.6417704820632935,1.0477378964424133e-09,0.0234375,0.19017648696899414,0.531380295753479,2.724242687225342,-3.06498259305954e-06,0.6417704820632935,0.6417704820632935,0.63840651512146,training_mechanism_log_batch,results/star_v2_final/resume_300k/SafetyCarButton1-v0/star_v2/starv2_core_100k_SafetyCarButton1_v0_selected_star_v2_star_v2_s11/mechanism.csv
SafetyCarButton1-v0,11,starv2_core_100k_SafetyCarButton1_v0_selected_star_v2_star_v2_s11,110000,1.0,age=1-5,0.65934157371521,0.65934157371521,-1.1641532182693481e-09,0.00390625,0.21204707026481628,0.5310202836990356,2.722822666168213,-2.8961803764104843e-06,0.65934157371521,0.65934157371521,0.6566067934036255,training_mechanism_log_batch,results/star_v2_final/resume_300k/SafetyCarButton1-v0/star_v2/starv2_core_100k_SafetyCarButton1_v0_selected_star_v2_star_v2_s11/mechanism.csv
SafetyCarButton1-v0,11,starv2_core_100k_SafetyCarButton1_v0_selected_star_v2_star_v2_s11,115000,1.0,age=1-5,0.663299560546875,0.663299560546875,-3.4924596548080444e-10,0.0078125,0.20223179459571838,0.5303026437759399,2.7215521335601807,-2.730521373450756e-06,0.663299560546875,0.663299560546875,0.6595030426979065,training_mechanism_log_batch,results/star_v2_final/resume_300k/SafetyCarButton1-v0/star_v2/starv2_core_100k_SafetyCarButton1_v0_selected_star_v2_star_v2_s11/mechanism.csv
SafetyCarButton1-v0,11,starv2_core_100k_SafetyCarButton1_v0_selected_star_v2_star_v2_s11,120000,1.0,age=1-5,0.6583908796310425,0.6583908796310425,8.149072527885437e-10,0.02734375,0.2041761726140976,0.5342323780059814,2.722282648086548,-2.5060726329684258e-06,0.6583908796310425,0.6583908796310425,0.6556421518325806,training_mechanism_log_batch,results/star_v2_final/resume_300k/SafetyCarButton1-v0/star_v2/starv2_core_100k_SafetyCarButton1_v0_selected_star_v2_star_v2_s11/mechanism.csv
SafetyCarButton1-v0,11,starv2_core_100k_SafetyCarButton1_v0_selected_star_v2_star_v2_s11,125000,1.0,age=1-5,0.6932321786880493,0.6932321786880493,1.3969838619232178e-09,0.0234375,0.22819167375564575,0.5289440155029297,2.7148423194885254,-2.9079383239150047e-06,0.6932321786880493,0.6932321786880493,0.6890950798988342,training_mechanism_log_batch,results/star_v2_final/resume_300k/SafetyCarButton1-v0/star_v2/starv2_core_100k_SafetyCarButton1_v0_selected_star_v2_star_v2_s11/mechanism.csv
SafetyCarButton1-v0,11,starv2_core_100k_SafetyCarButton1_v0_selected_star_v2_star_v2_s11,130000,1.0,age=1-5,0.6438363194465637,0.6438363194465637,6.402842700481415e-10,0.0234375,0.19629669189453125,0.5321052074432373,2.7244415283203125,-2.916436642408371e-06,0.6438363194465637,0.6438363194465637,0.6397267580032349,training_mechanism_log_batch,results/star_v2_final/resume_300k/SafetyCarButton1-v0/star_v2/starv2_core_100k_SafetyCarButton1_v0_selected_star_v2_star_v2_s11/mechanism.csv
SafetyCarButton1-v0,11,starv2_core_100k_SafetyCarButton1_v0_selected_star_v2_star_v2_s11,135000,1.0,age=1-5,0.6701548099517822,0.6701548099517822,-1.1641532182693481e-10,0.01953125,0.20427218079566956,0.5323463678359985,2.7205722332000732,-2.6526395231485367e-06,0.6701548099517822,0.6701548099517822,0.667044997215271,training_mechanism_log_batch,results/star_v2_final/resume_300k/SafetyCarButton1-v0/star_v2/starv2_core_100k_SafetyCarButton1_v0_selected_star_v2_star_v2_s11/mechanism.csv
SafetyCarButton1-v0,11,starv2_core_100k_SafetyCarButton1_v0_selected_star_v2_star_v2_s11,140000,1.0,age=1-5,0.6550306081771851,0.6550306081771851,-3.026798367500305e-09,0.0078125,0.19675707817077637,0.5296047925949097,2.729274034500122,-2.793385647237301e-06,0.6550306081771851,0.6550306081771851,0.6514585018157959,training_mechanism_log_batch,results/star_v2_final/resume_300k/SafetyCarButton1-v0/star_v2/starv2_core_100k_SafetyCarButton1_v0_selected_star_v2_star_v2_s11/mechanism.csv
SafetyCarButton1-v0,11,starv2_core_100k_SafetyCarButton1_v0_selected_star_v2_star_v2_s11,145000,1.0,age=1-5,0.6712701320648193,0.6712701320648193,-6.984919309616089e-10,0.00390625,0.20472076535224915,0.5293269157409668,2.6908140182495117,-2.7187634259462357e-06,0.6712701320648193,0.6712701320648193,0.6653449535369873,training_mechanism_log_batch,results/star_v2_final/resume_300k/SafetyCarButton1-v0/star_v2/starv2_core_100k_SafetyCarButton1_v0_selected_star_v2_star_v2_s11/mechanism.csv
SafetyCarButton1-v0,11,starv2_core_100k_SafetyCarButton1_v0_selected_star_v2_star_v2_s11,150000,1.0,age=1-5,0.6635639667510986,0.6635639667510986,-6.984919309616089e-10,0.015625,0.20479026436805725,0.5300165414810181,2.725231409072876,-2.7008354663848877e-06,0.6635639667510986,0.6635639667510986,0.6609891653060913,training_mechanism_log_batch,results/star_v2_final/resume_300k/SafetyCarButton1-v0/star_v2/starv2_core_100k_SafetyCarButton1_v0_selected_star_v2_star_v2_s11/mechanism.csv
SafetyCarButton1-v0,11,starv2_core_100k_SafetyCarButton1_v0_selected_star_v2_star_v2_s11,155000,1.0,age=1-5,0.6661782264709473,0.6661782264709473,-8.149072527885437e-10,0.015625,0.20585405826568604,0.5313403606414795,2.7144646644592285,-2.7014175429940224e-06,0.6661782264709473,0.6661782264709473,0.6620127558708191,training_mechanism_log_batch,results/star_v2_final/resume_300k/SafetyCarButton1-v0/star_v2/starv2_core_100k_SafetyCarButton1_v0_selected_star_v2_star_v2_s11/mechanism.csv
SafetyCarButton1-v0,11,starv2_core_100k_SafetyCarButton1_v0_selected_star_v2_star_v2_s11,160000,1.0,age=1-5,0.6919193863868713,0.6919193863868713,-1.1641532182693481e-09,0.015625,0.22728696465492249,0.5281862020492554,2.708355665206909,-2.689659595489502e-06,0.6919193863868713,0.6919193863868713,0.6875812411308289,training_mechanism_log_batch,results/star_v2_final/resume_300k/SafetyCarButton1-v0/star_v2/starv2_core_100k_SafetyCarButton1_v0_selected_star_v2_star_v2_s11/mechanism.csv
SafetyCarButton1-v0,11,starv2_core_100k_SafetyCarButton1_v0_selected_star_v2_star_v2_s11,165000,1.0,age=1-5,0.6551599502563477,0.6551599502563477,-6.984919309616089e-10,0.01171875,0.1932658851146698,0.5309067964553833,2.7115726470947266,-2.4905893951654434e-06,0.6551599502563477,0.6551599502563477,0.6521832346916199,training_mechanism_log_batch,results/star_v2_final/resume_300k/SafetyCarButton1-v0/star_v2/starv2_core_100k_SafetyCarButton1_v0_selected_star_v2_star_v2_s11/mechanism.csv
SafetyCarButton1-v0,11,starv2_core_100k_SafetyCarButton1_v0_selected_star_v2_star_v2_s11,170000,1.0,age=1-5,0.6370840072631836,0.6370840072631836,5.238689482212067e-10,0.0234375,0.18673795461654663,0.5295883417129517,2.7043442726135254,-2.714339643716812e-06,0.6370840072631836,0.6370840072631836,0.6328898668289185,training_mechanism_log_batch,results/star_v2_final/resume_300k/SafetyCarButton1-v0/star_v2/starv2_core_100k_SafetyCarButton1_v0_selected_star_v2_star_v2_s11/mechanism.csv
SafetyCarButton1-v0,11,starv2_core_100k_SafetyCarButton1_v0_selected_star_v2_star_v2_s11,175000,1.0,age=1-5,0.6672917008399963,0.6672917008399963,1.862645149230957e-09,0.04296875,0.20900294184684753,0.5316359996795654,2.717965841293335,-2.7045607566833496e-06,0.6672917008399963,0.6672917008399963,0.6638608574867249,training_mechanism_log_batch,results/star_v2_final/resume_300k/SafetyCarButton1-v0/star_v2/starv2_core_100k_SafetyCarButton1_v0_selected_star_v2_star_v2_s11/mechanism.csv
SafetyCarButton1-v0,11,starv2_core_100k_SafetyCarButton1_v0_selected_star_v2_star_v2_s11,180000,1.0,age=1-5,0.6619011759757996,0.6619011759757996,-5.820766091346741e-10,0.015625,0.19976326823234558,0.5300658941268921,2.7247238159179688,-2.6354100555181503e-06,0.6619011759757996,0.6619011759757996,0.6580178737640381,training_mechanism_log_batch,results/star_v2_final/resume_300k/SafetyCarButton1-v0/star_v2/starv2_core_100k_SafetyCarButton1_v0_selected_star_v2_star_v2_s11/mechanism.csv
SafetyCarButton1-v0,11,starv2_core_100k_SafetyCarButton1_v0_selected_star_v2_star_v2_s11,185000,1.0,age=1-5,0.6474611759185791,0.6474611759185791,-9.313225746154785e-10,0.01953125,0.1943865716457367,0.5323415994644165,2.714226722717285,-2.6794150471687317e-06,0.6474611759185791,0.6474611759185791,0.6438167095184326,training_mechanism_log_batch,results/star_v2_final/resume_300k/SafetyCarButton1-v0/star_v2/starv2_core_100k_SafetyCarButton1_v0_selected_star_v2_star_v2_s11/mechanism.csv
SafetyCarButton1-v0,11,starv2_core_100k_SafetyCarButton1_v0_selected_star_v2_star_v2_s11,190000,1.0,age=1-5,0.6638399362564087,0.6638399362564087,2.3283064365386963e-10,0.03125,0.19814550876617432,0.5328817367553711,2.714522361755371,-2.898275852203369e-06,0.6638399362564087,0.6638399362564087,0.6581276655197144,training_mechanism_log_batch,results/star_v2_final/resume_300k/SafetyCarButton1-v0/star_v2/starv2_core_100k_SafetyCarButton1_v0_selected_star_v2_star_v2_s11/mechanism.csv
SafetyCarButton1-v0,11,starv2_core_100k_SafetyCarButton1_v0_selected_star_v2_star_v2_s11,195000,1.0,age=1-5,0.6910326480865479,0.6910326480865479,-1.6298145055770874e-09,0.015625,0.22236305475234985,0.530913770198822,2.709012746810913,-2.632499672472477e-06,0.6910326480865479,0.6910326480865479,0.6870436668395996,training_mechanism_log_batch,results/star_v2_final/resume_300k/SafetyCarButton1-v0/star_v2/starv2_core_100k_SafetyCarButton1_v0_selected_star_v2_star_v2_s11/mechanism.csv
SafetyCarButton1-v0,11,starv2_core_100k_SafetyCarButton1_v0_selected_star_v2_star_v2_s11,200000,1.0,age=1-5,0.6873606443405151,0.6873606443405151,1.5133991837501526e-09,0.03125,0.21545015275478363,0.5290985703468323,2.729175090789795,-2.8976937755942345e-06,0.6873606443405151,0.6873606443405151,0.6840997934341431,training_mechanism_log_batch,results/star_v2_final/resume_300k/SafetyCarButton1-v0/star_v2/starv2_core_100k_SafetyCarButton1_v0_selected_star_v2_star_v2_s11/mechanism.csv
SafetyCarButton1-v0,11,starv2_core_100k_SafetyCarButton1_v0_selected_star_v2_star_v2_s11,205000,1.0,age=1-5,0.667176365852356,0.667176365852356,1.7462298274040222e-09,0.03515625,0.20598046481609344,0.5296344757080078,2.7119040489196777,-2.714688889682293e-06,0.667176365852356,0.667176365852356,0.6622522473335266,training_mechanism_log_batch,results/star_v2_final/resume_300k/SafetyCarButton1-v0/star_v2/starv2_core_100k_SafetyCarButton1_v0_selected_star_v2_star_v2_s11/mechanism.csv
SafetyCarButton1-v0,11,starv2_core_100k_SafetyCarButton1_v0_selected_star_v2_star_v2_s11,210000,1.0,age=1-5,0.6798074245452881,0.6798074245452881,9.89530235528946e-10,0.01953125,0.21541458368301392,0.5302314758300781,2.715712070465088,-2.99850944429636e-06,0.6798074245452881,0.6798074245452881,0.6773142218589783,training_mechanism_log_batch,results/star_v2_final/resume_300k/SafetyCarButton1-v0/star_v2/starv2_core_100k_SafetyCarButton1_v0_selected_star_v2_star_v2_s11/mechanism.csv
SafetyCarButton1-v0,11,starv2_core_100k_SafetyCarButton1_v0_selected_star_v2_star_v2_s11,215000,1.0,age=1-5,0.6729046106338501,0.6729046106338501,-1.280568540096283e-09,0.00390625,0.2025882750749588,0.5282221436500549,2.7159790992736816,-2.889311872422695e-06,0.6729046106338501,0.6729046106338501,0.6685479879379272,training_mechanism_log_batch,results/star_v2_final/resume_300k/SafetyCarButton1-v0/star_v2/starv2_core_100k_SafetyCarButton1_v0_selected_star_v2_star_v2_s11/mechanism.csv
SafetyCarButton1-v0,11,starv2_core_100k_SafetyCarButton1_v0_selected_star_v2_star_v2_s11,220000,1.0,age=1-5,0.6843909025192261,0.6843909025192261,-5.820766091346741e-10,0.015625,0.22309058904647827,0.5334794521331787,2.7284140586853027,-2.9014190658926964e-06,0.6843909025192261,0.6843909025192261,0.6818957924842834,training_mechanism_log_batch,results/star_v2_final/resume_300k/SafetyCarButton1-v0/star_v2/starv2_core_100k_SafetyCarButton1_v0_selected_star_v2_star_v2_s11/mechanism.csv
SafetyCarButton1-v0,11,starv2_core_100k_SafetyCarButton1_v0_selected_star_v2_star_v2_s11,225000,1.0,age=1-5,0.664910078048706,0.664910078048706,-1.280568540096283e-09,0.00390625,0.20184823870658875,0.5309585332870483,2.7154695987701416,-2.987799234688282e-06,0.664910078048706,0.664910078048706,0.6609235405921936,training_mechanism_log_batch,results/star_v2_final/resume_300k/SafetyCarButton1-v0/star_v2/starv2_core_100k_SafetyCarButton1_v0_selected_star_v2_star_v2_s11/mechanism.csv
SafetyCarButton1-v0,11,starv2_core_100k_SafetyCarButton1_v0_selected_star_v2_star_v2_s11,230000,1.0,age=1-5,0.6671514511108398,0.6671514511108398,3.4924596548080444e-09,0.04296875,0.20272612571716309,0.5311428308486938,2.697488307952881,-2.784538082778454e-06,0.6671514511108398,0.6671514511108398,0.6634625196456909,training_mechanism_log_batch,results/star_v2_final/resume_300k/SafetyCarButton1-v0/star_v2/starv2_core_100k_SafetyCarButton1_v0_selected_star_v2_star_v2_s11/mechanism.csv
SafetyCarButton1-v0,11,starv2_core_100k_SafetyCarButton1_v0_selected_star_v2_star_v2_s11,235000,1.0,age=1-5,0.6489218473434448,0.6489218473434448,-2.3283064365386963e-10,0.0078125,0.1880706548690796,0.5325708985328674,2.7260046005249023,-2.5674235075712204e-06,0.6489218473434448,0.6489218473434448,0.6451079845428467,training_mechanism_log_batch,results/star_v2_final/resume_300k/SafetyCarButton1-v0/star_v2/starv2_core_100k_SafetyCarButton1_v0_selected_star_v2_star_v2_s11/mechanism.csv
SafetyCarButton1-v0,11,starv2_core_100k_SafetyCarButton1_v0_selected_star_v2_star_v2_s11,240000,1.0,age=1-5,0.6870169639587402,0.6870169639587402,1.1641532182693481e-09,0.02734375,0.2212875783443451,0.5317257642745972,2.730607748031616,-2.709566615521908e-06,0.6870169639587402,0.6870169639587402,0.6839001178741455,training_mechanism_log_batch,results/star_v2_final/resume_300k/SafetyCarButton1-v0/star_v2/starv2_core_100k_SafetyCarButton1_v0_selected_star_v2_star_v2_s11/mechanism.csv
SafetyCarButton1-v0,11,starv2_core_100k_SafetyCarButton1_v0_selected_star_v2_star_v2_s11,245000,1.0,age=1-5,0.6730626821517944,0.6730626821517944,-5.820766091346741e-10,0.0078125,0.20601439476013184,0.5299761295318604,2.70635986328125,-2.489308826625347e-06,0.6730626821517944,0.6730626821517944,0.669371485710144,training_mechanism_log_batch,results/star_v2_final/resume_300k/SafetyCarButton1-v0/star_v2/starv2_core_100k_SafetyCarButton1_v0_selected_star_v2_star_v2_s11/mechanism.csv
SafetyCarButton1-v0,11,starv2_core_100k_SafetyCarButton1_v0_selected_star_v2_star_v2_s11,250000,1.0,age=1-5,0.6708056330680847,0.6708056330680847,-8.149072527885437e-10,0.015625,0.1999225616455078,0.5309204459190369,2.707423210144043,-2.63808760792017e-06,0.6708056330680847,0.6708056330680847,0.6654975414276123,training_mechanism_log_batch,results/star_v2_final/resume_300k/SafetyCarButton1-v0/star_v2/starv2_core_100k_SafetyCarButton1_v0_selected_star_v2_star_v2_s11/mechanism.csv
SafetyCarButton1-v0,11,starv2_core_100k_SafetyCarButton1_v0_selected_star_v2_star_v2_s11,255000,1.0,age=1-5,0.6820192337036133,0.6820192337036133,0.0,0.01953125,0.21589162945747375,0.5343031883239746,2.695070266723633,-2.777320332825184e-06,0.6820192337036133,0.6820192337036133,0.678169846534729,training_mechanism_log_batch,results/star_v2_final/resume_300k/SafetyCarButton1-v0/star_v2/starv2_core_100k_SafetyCarButton1_v0_selected_star_v2_star_v2_s11/mechanism.csv
SafetyCarButton1-v0,11,starv2_core_100k_SafetyCarButton1_v0_selected_star_v2_star_v2_s11,260000,1.0,age=1-5,0.685366153717041,0.685366153717041,-6.402842700481415e-10,0.00390625,0.21881763637065887,0.5317013263702393,2.7129697799682617,-2.585817128419876e-06,0.685366153717041,0.685366153717041,0.6823174953460693,training_mechanism_log_batch,results/star_v2_final/resume_300k/SafetyCarButton1-v0/star_v2/starv2_core_100k_SafetyCarButton1_v0_selected_star_v2_star_v2_s11/mechanism.csv
SafetyCarButton1-v0,11,starv2_core_100k_SafetyCarButton1_v0_selected_star_v2_star_v2_s11,265000,1.0,age=1-5,0.6861116886138916,0.6861116886138916,5.820766091346741e-10,0.01953125,0.22121405601501465,0.532443642616272,2.7210276126861572,-2.734130248427391e-06,0.6861116886138916,0.6861116886138916,0.6830673813819885,training_mechanism_log_batch,results/star_v2_final/resume_300k/SafetyCarButton1-v0/star_v2/starv2_core_100k_SafetyCarButton1_v0_selected_star_v2_star_v2_s11/mechanism.csv
SafetyCarButton1-v0,11,starv2_core_100k_SafetyCarButton1_v0_selected_star_v2_star_v2_s11,270000,1.0,age=1-5,0.6799551248550415,0.6799551248550415,-1.3969838619232178e-09,0.00390625,0.20759786665439606,0.5291295647621155,2.719477415084839,-2.736225724220276e-06,0.6799551248550415,0.6799551248550415,0.6762577891349792,training_mechanism_log_batch,results/star_v2_final/resume_300k/SafetyCarButton1-v0/star_v2/starv2_core_100k_SafetyCarButton1_v0_selected_star_v2_star_v2_s11/mechanism.csv
SafetyCarButton1-v0,11,starv2_core_100k_SafetyCarButton1_v0_selected_star_v2_star_v2_s11,275000,1.0,age=1-5,0.7089210152626038,0.7089210152626038,1.1641532182693481e-10,0.02734375,0.23543016612529755,0.5311243534088135,2.705231189727783,-2.6872148737311363e-06,0.7089210152626038,0.7089210152626038,0.7048919200897217,training_mechanism_log_batch,results/star_v2_final/resume_300k/SafetyCarButton1-v0/star_v2/starv2_core_100k_SafetyCarButton1_v0_selected_star_v2_star_v2_s11/mechanism.csv
SafetyCarButton1-v0,11,starv2_core_100k_SafetyCarButton1_v0_selected_star_v2_star_v2_s11,280000,1.0,age=1-5,0.6717631220817566,0.6717631220817566,-1.0477378964424133e-09,0.0078125,0.2027478814125061,0.5307737588882446,2.720916986465454,-2.5549670681357384e-06,0.6717631220817566,0.6717631220817566,0.6680311560630798,training_mechanism_log_batch,results/star_v2_final/resume_300k/SafetyCarButton1-v0/star_v2/starv2_core_100k_SafetyCarButton1_v0_selected_star_v2_star_v2_s11/mechanism.csv
SafetyCarButton1-v0,11,starv2_core_100k_SafetyCarButton1_v0_selected_star_v2_star_v2_s11,285000,1.0,age=1-5,0.6803512573242188,0.6803512573242188,4.656612873077393e-10,0.0234375,0.2086760699748993,0.5305023193359375,2.703882932662964,-2.646702341735363e-06,0.6803512573242188,0.6803512573242188,0.6747255921363831,training_mechanism_log_batch,results/star_v2_final/resume_300k/SafetyCarButton1-v0/star_v2/starv2_core_100k_SafetyCarButton1_v0_selected_star_v2_star_v2_s11/mechanism.csv
SafetyCarButton1-v0,11,starv2_core_100k_SafetyCarButton1_v0_selected_star_v2_star_v2_s11,290000,1.0,age=1-5,0.6898085474967957,0.6898085474967957,1.1641532182693481e-10,0.0390625,0.21595622599124908,0.5338420867919922,2.7186317443847656,-2.7636997401714325e-06,0.6898085474967957,0.6898085474967957,0.6856272220611572,training_mechanism_log_batch,results/star_v2_final/resume_300k/SafetyCarButton1-v0/star_v2/starv2_core_100k_SafetyCarButton1_v0_selected_star_v2_star_v2_s11/mechanism.csv
SafetyCarButton1-v0,11,starv2_core_100k_SafetyCarButton1_v0_selected_star_v2_star_v2_s11,295000,1.0,age=1-5,0.6972364187240601,0.6972364187240601,-1.280568540096283e-09,0.01171875,0.22746044397354126,0.5305858850479126,2.7172396183013916,-2.602115273475647e-06,0.6972364187240601,0.6972364187240601,0.6939787864685059,training_mechanism_log_batch,results/star_v2_final/resume_300k/SafetyCarButton1-v0/star_v2/starv2_core_100k_SafetyCarButton1_v0_selected_star_v2_star_v2_s11/mechanism.csv
SafetyCarButton1-v0,12,starv2_core_100k_SafetyCarButton1_v0_selected_star_v2_star_v2_s12,100000,1.0,age=1-5,0.5928981304168701,0.5928981304168701,-9.89530235528946e-10,0.03125,0.16659346222877502,0.5276192426681519,2.7074317932128906,-3.2740645110607147e-06,0.5928981304168701,0.5928981304168701,0.5889914035797119,training_mechanism_log_batch,results/star_v2_final/resume_300k/SafetyCarButton1-v0/star_v2/starv2_core_100k_SafetyCarButton1_v0_selected_star_v2_star_v2_s12/mechanism.csv
SafetyCarButton1-v0,12,starv2_core_100k_SafetyCarButton1_v0_selected_star_v2_star_v2_s12,105000,1.0,age=1-5,0.6398792266845703,0.6398792266845703,-1.0477378964424133e-09,0.01953125,0.19853521883487701,0.5282655954360962,2.7276015281677246,-3.2335519790649414e-06,0.6398792266845703,0.6398792266845703,0.6376675367355347,training_mechanism_log_batch,results/star_v2_final/resume_300k/SafetyCarButton1-v0/star_v2/starv2_core_100k_SafetyCarButton1_v0_selected_star_v2_star_v2_s12/mechanism.csv
SafetyCarButton1-v0,12,starv2_core_100k_SafetyCarButton1_v0_selected_star_v2_star_v2_s12,110000,1.0,age=1-5,0.6028773784637451,0.6028773784637451,4.656612873077393e-10,0.015625,0.17280402779579163,0.5328466892242432,2.7130069732666016,-2.9801158234477043e-06,0.6028773784637451,0.6028773784637451,0.5990967154502869,training_mechanism_log_batch,results/star_v2_final/resume_300k/SafetyCarButton1-v0/star_v2/starv2_core_100k_SafetyCarButton1_v0_selected_star_v2_star_v2_s12/mechanism.csv
SafetyCarButton1-v0,12,starv2_core_100k_SafetyCarButton1_v0_selected_star_v2_star_v2_s12,115000,1.0,age=1-5,0.6489931344985962,0.6489931344985962,-1.862645149230957e-09,0.03515625,0.20774966478347778,0.5317152738571167,2.7264890670776367,-3.1784875318408012e-06,0.6489931344985962,0.6489931344985962,0.6458277702331543,training_mechanism_log_batch,results/star_v2_final/resume_300k/SafetyCarButton1-v0/star_v2/starv2_core_100k_SafetyCarButton1_v0_selected_star_v2_star_v2_s12/mechanism.csv
SafetyCarButton1-v0,12,starv2_core_100k_SafetyCarButton1_v0_selected_star_v2_star_v2_s12,120000,1.0,age=1-5,0.6513811349868774,0.6513811349868774,-1.6298145055770874e-09,0.01953125,0.20831595361232758,0.5293040871620178,2.721621513366699,-3.480585291981697e-06,0.6513811349868774,0.6513811349868774,0.6482727527618408,training_mechanism_log_batch,results/star_v2_final/resume_300k/SafetyCarButton1-v0/star_v2/starv2_core_100k_SafetyCarButton1_v0_selected_star_v2_star_v2_s12/mechanism.csv
SafetyCarButton1-v0,12,starv2_core_100k_SafetyCarButton1_v0_selected_star_v2_star_v2_s12,125000,1.0,age=1-5,0.6220613718032837,0.6220613718032837,-2.6193447411060333e-10,0.0234375,0.18964102864265442,0.5318759679794312,2.732436180114746,-3.1776726245880127e-06,0.6220613718032837,0.6220613718032837,0.6193268299102783,training_mechanism_log_batch,results/star_v2_final/resume_300k/SafetyCarButton1-v0/star_v2/starv2_core_100k_SafetyCarButton1_v0_selected_star_v2_star_v2_s12/mechanism.csv
SafetyCarButton1-v0,12,starv2_core_100k_SafetyCarButton1_v0_selected_star_v2_star_v2_s12,130000,1.0,age=1-5,0.6420150995254517,0.6420150995254517,1.7462298274040222e-10,0.046875,0.19266262650489807,0.5304913520812988,2.7290773391723633,-3.2425159588456154e-06,0.6420150995254517,0.6420150995254517,0.6391961574554443,training_mechanism_log_batch,results/star_v2_final/resume_300k/SafetyCarButton1-v0/star_v2/starv2_core_100k_SafetyCarButton1_v0_selected_star_v2_star_v2_s12/mechanism.csv
SafetyCarButton1-v0,12,starv2_core_100k_SafetyCarButton1_v0_selected_star_v2_star_v2_s12,135000,1.0,age=1-5,0.6489617824554443,0.6489617824554443,-1.7462298274040222e-10,0.0234375,0.20016399025917053,0.5297417640686035,2.730717182159424,-3.6312267184257507e-06,0.6489617824554443,0.6489617824554443,0.6467920541763306,training_mechanism_log_batch,results/star_v2_final/resume_300k/SafetyCarButton1-v0/star_v2/starv2_core_100k_SafetyCarButton1_v0_selected_star_v2_star_v2_s12/mechanism.csv
SafetyCarButton1-v0,12,starv2_core_100k_SafetyCarButton1_v0_selected_star_v2_star_v2_s12,140000,1.0,age=1-5,0.6549118757247925,0.6549118757247925,6.984919309616089e-10,0.0234375,0.19969037175178528,0.5298621654510498,2.7237980365753174,-3.47895547747612e-06,0.6549118757247925,0.6549118757247925,0.6519701480865479,training_mechanism_log_batch,results/star_v2_final/resume_300k/SafetyCarButton1-v0/star_v2/starv2_core_100k_SafetyCarButton1_v0_selected_star_v2_star_v2_s12/mechanism.csv
SafetyCarButton1-v0,12,starv2_core_100k_SafetyCarButton1_v0_selected_star_v2_star_v2_s12,145000,1.0,age=1-5,0.6504766345024109,0.6504766345024109,1.1641532182693481e-10,0.03515625,0.20012632012367249,0.5329147577285767,2.7198057174682617,-3.4240074455738068e-06,0.6504766345024109,0.6504766345024109,0.6461477279663086,training_mechanism_log_batch,results/star_v2_final/resume_300k/SafetyCarButton1-v0/star_v2/starv2_core_100k_SafetyCarButton1_v0_selected_star_v2_star_v2_s12/mechanism.csv
SafetyCarButton1-v0,12,starv2_core_100k_SafetyCarButton1_v0_selected_star_v2_star_v2_s12,150000,1.0,age=1-5,0.6424689292907715,0.6424689292907715,6.111804395914078e-10,0.03125,0.19792383909225464,0.5277755260467529,2.7249486446380615,-3.078603185713291e-06,0.6424689292907715,0.6424689292907715,0.6396074891090393,training_mechanism_log_batch,results/star_v2_final/resume_300k/SafetyCarButton1-v0/star_v2/starv2_core_100k_SafetyCarButton1_v0_selected_star_v2_star_v2_s12/mechanism.csv
SafetyCarButton1-v0,12,starv2_core_100k_SafetyCarButton1_v0_selected_star_v2_star_v2_s12,155000,1.0,age=1-5,0.651624321937561,0.651624321937561,-4.656612873077393e-10,0.0234375,0.19831210374832153,0.5330519676208496,2.706252098083496,-3.210967406630516e-06,0.651624321937561,0.651624321937561,0.6477532386779785,training_mechanism_log_batch,results/star_v2_final/resume_300k/SafetyCarButton1-v0/star_v2/starv2_core_100k_SafetyCarButton1_v0_selected_star_v2_star_v2_s12/mechanism.csv
SafetyCarButton1-v0,12,starv2_core_100k_SafetyCarButton1_v0_selected_star_v2_star_v2_s12,160000,1.0,age=1-5,0.6807793974876404,0.6807793974876404,1.862645149230957e-09,0.03125,0.21335476636886597,0.5336824655532837,2.71737003326416,-3.3010728657245636e-06,0.6807793974876404,0.6807793974876404,0.6764591336250305,training_mechanism_log_batch,results/star_v2_final/resume_300k/SafetyCarButton1-v0/star_v2/starv2_core_100k_SafetyCarButton1_v0_selected_star_v2_star_v2_s12/mechanism.csv
SafetyCarButton1-v0,12,starv2_core_100k_SafetyCarButton1_v0_selected_star_v2_star_v2_s12,165000,1.0,age=1-5,0.6585342884063721,0.6585342884063721,-8.149072527885437e-10,0.03125,0.19780367612838745,0.5304813385009766,2.6906168460845947,-3.3942051231861115e-06,0.6585342884063721,0.6585342884063721,0.654072105884552,training_mechanism_log_batch,results/star_v2_final/resume_300k/SafetyCarButton1-v0/star_v2/starv2_core_100k_SafetyCarButton1_v0_selected_star_v2_star_v2_s12/mechanism.csv
SafetyCarButton1-v0,12,starv2_core_100k_SafetyCarButton1_v0_selected_star_v2_star_v2_s12,170000,1.0,age=1-5,0.6675390005111694,0.6675390005111694,3.4924596548080444e-10,0.02734375,0.2108207494020462,0.5309799909591675,2.7150278091430664,-3.0740629881620407e-06,0.6675390005111694,0.6675390005111694,0.6629287004470825,training_mechanism_log_batch,results/star_v2_final/resume_300k/SafetyCarButton1-v0/star_v2/starv2_core_100k_SafetyCarButton1_v0_selected_star_v2_star_v2_s12/mechanism.csv
SafetyCarButton1-v0,12,starv2_core_100k_SafetyCarButton1_v0_selected_star_v2_star_v2_s12,175000,1.0,age=1-5,0.6702585816383362,0.6702585816383362,-8.149072527885437e-10,0.01953125,0.215585857629776,0.5288403034210205,2.709674119949341,-3.417953848838806e-06,0.6702585816383362,0.6702585816383362,0.6659885048866272,training_mechanism_log_batch,results/star_v2_final/resume_300k/SafetyCarButton1-v0/star_v2/starv2_core_100k_SafetyCarButton1_v0_selected_star_v2_star_v2_s12/mechanism.csv
SafetyCarButton1-v0,12,starv2_core_100k_SafetyCarButton1_v0_selected_star_v2_star_v2_s12,180000,1.0,age=1-5,0.6671330332756042,0.6671330332756042,1.7462298274040222e-10,0.0390625,0.20630821585655212,0.5310244560241699,2.7015938758850098,-3.1618401408195496e-06,0.6671330332756042,0.6671330332756042,0.6610417366027832,training_mechanism_log_batch,results/star_v2_final/resume_300k/SafetyCarButton1-v0/star_v2/starv2_core_100k_SafetyCarButton1_v0_selected_star_v2_star_v2_s12/mechanism.csv
SafetyCarButton1-v0,12,starv2_core_100k_SafetyCarButton1_v0_selected_star_v2_star_v2_s12,185000,1.0,age=1-5,0.6958101987838745,0.6958101987838745,1.1641532182693481e-10,0.02734375,0.23186376690864563,0.5338430404663086,2.7283871173858643,-3.2096868380904198e-06,0.6958101987838745,0.6958101987838745,0.6932168006896973,training_mechanism_log_batch,results/star_v2_final/resume_300k/SafetyCarButton1-v0/star_v2/starv2_core_100k_SafetyCarButton1_v0_selected_star_v2_star_v2_s12/mechanism.csv
SafetyCarButton1-v0,12,starv2_core_100k_SafetyCarButton1_v0_selected_star_v2_star_v2_s12,190000,1.0,age=1-5,0.6955862641334534,0.6955862641334534,7.566995918750763e-10,0.03125,0.225864440202713,0.5292971730232239,2.7141764163970947,-2.8850045055150986e-06,0.6955862641334534,0.6955862641334534,0.6914561986923218,training_mechanism_log_batch,results/star_v2_final/resume_300k/SafetyCarButton1-v0/star_v2/starv2_core_100k_SafetyCarButton1_v0_selected_star_v2_star_v2_s12/mechanism.csv
SafetyCarButton1-v0,12,starv2_core_100k_SafetyCarButton1_v0_selected_star_v2_star_v2_s12,195000,1.0,age=1-5,0.7121329307556152,0.7121329307556152,3.4924596548080444e-10,0.046875,0.2404632717370987,0.5323183536529541,2.711186647415161,-3.155320882797241e-06,0.7121329307556152,0.7121329307556152,0.7090736627578735,training_mechanism_log_batch,results/star_v2_final/resume_300k/SafetyCarButton1-v0/star_v2/starv2_core_100k_SafetyCarButton1_v0_selected_star_v2_star_v2_s12/mechanism.csv
SafetyCarButton1-v0,12,starv2_core_100k_SafetyCarButton1_v0_selected_star_v2_star_v2_s12,200000,1.0,age=1-5,0.669120728969574,0.669120728969574,5.820766091346741e-10,0.0390625,0.20724046230316162,0.5316909551620483,2.7203431129455566,-3.309454768896103e-06,0.669120728969574,0.669120728969574,0.6657719612121582,training_mechanism_log_batch,results/star_v2_final/resume_300k/SafetyCarButton1-v0/star_v2/starv2_core_100k_SafetyCarButton1_v0_selected_star_v2_star_v2_s12/mechanism.csv
SafetyCarButton1-v0,12,starv2_core_100k_SafetyCarButton1_v0_selected_star_v2_star_v2_s12,205000,1.0,age=1-5,0.6484979391098022,0.6484979391098022,6.984919309616089e-10,0.046875,0.1875612735748291,0.5307482481002808,2.7202653884887695,-3.0328519642353058e-06,0.6484979391098022,0.6484979391098022,0.6444544196128845,training_mechanism_log_batch,results/star_v2_final/resume_300k/SafetyCarButton1-v0/star_v2/starv2_core_100k_SafetyCarButton1_v0_selected_star_v2_star_v2_s12/mechanism.csv
SafetyCarButton1-v0,12,starv2_core_100k_SafetyCarButton1_v0_selected_star_v2_star_v2_s12,210000,1.0,age=1-5,0.6749758124351501,0.6749758124351501,-1.57160684466362e-09,0.03125,0.20705515146255493,0.5287590622901917,2.70582914352417,-3.38931567966938e-06,0.6749758124351501,0.6749758124351501,0.6705350279808044,training_mechanism_log_batch,results/star_v2_final/resume_300k/SafetyCarButton1-v0/star_v2/starv2_core_100k_SafetyCarButton1_v0_selected_star_v2_star_v2_s12/mechanism.csv
SafetyCarButton1-v0,12,starv2_core_100k_SafetyCarButton1_v0_selected_star_v2_star_v2_s12,215000,1.0,age=1-5,0.6991608142852783,0.6991608142852783,-2.3283064365386963e-10,0.0390625,0.22701673209667206,0.5310378074645996,2.7275390625,-3.45730222761631e-06,0.6991608142852783,0.6991608142852783,0.6963306665420532,training_mechanism_log_batch,results/star_v2_final/resume_300k/SafetyCarButton1-v0/star_v2/starv2_core_100k_SafetyCarButton1_v0_selected_star_v2_star_v2_s12/mechanism.csv
SafetyCarButton1-v0,12,starv2_core_100k_SafetyCarButton1_v0_selected_star_v2_star_v2_s12,220000,1.0,age=1-5,0.7094573974609375,0.7094573974609375,-1.1641532182693481e-09,0.03515625,0.23267067968845367,0.5295143127441406,2.7249765396118164,-3.316672518849373e-06,0.7094573974609375,0.7094573974609375,0.7056193947792053,training_mechanism_log_batch,results/star_v2_final/resume_300k/SafetyCarButton1-v0/star_v2/starv2_core_100k_SafetyCarButton1_v0_selected_star_v2_star_v2_s12/mechanism.csv
SafetyCarButton1-v0,12,starv2_core_100k_SafetyCarButton1_v0_selected_star_v2_star_v2_s12,225000,1.0,age=1-5,0.6693433523178101,0.6693433523178101,-5.820766091346741e-10,0.0390625,0.20385584235191345,0.5311038494110107,2.708894729614258,-3.1472882255911827e-06,0.6693433523178101,0.6693433523178101,0.6649143695831299,training_mechanism_log_batch,results/star_v2_final/resume_300k/SafetyCarButton1-v0/star_v2/starv2_core_100k_SafetyCarButton1_v0_selected_star_v2_star_v2_s12/mechanism.csv
SafetyCarButton1-v0,12,starv2_core_100k_SafetyCarButton1_v0_selected_star_v2_star_v2_s12,230000,1.0,age=1-5,0.6733958721160889,0.6733958721160889,1.57160684466362e-09,0.05859375,0.21185962855815887,0.5324492454528809,2.7191686630249023,-3.0588125810027122e-06,0.6733958721160889,0.6733958721160889,0.6701763868331909,training_mechanism_log_batch,results/star_v2_final/resume_300k/SafetyCarButton1-v0/star_v2/starv2_core_100k_SafetyCarButton1_v0_selected_star_v2_star_v2_s12/mechanism.csv
SafetyCarButton1-v0,12,starv2_core_100k_SafetyCarButton1_v0_selected_star_v2_star_v2_s12,235000,1.0,age=1-5,0.6743123531341553,0.6743123531341553,6.984919309616089e-10,0.05078125,0.20934413373470306,0.5328435301780701,2.7081806659698486,-3.3832620829343796e-06,0.6743123531341553,0.6743123531341553,0.6694976091384888,training_mechanism_log_batch,results/star_v2_final/resume_300k/SafetyCarButton1-v0/star_v2/starv2_core_100k_SafetyCarButton1_v0_selected_star_v2_star_v2_s12/mechanism.csv
SafetyCarButton1-v0,12,starv2_core_100k_SafetyCarButton1_v0_selected_star_v2_star_v2_s12,240000,1.0,age=1-5,0.6707990169525146,0.6707990169525146,1.979060471057892e-09,0.05859375,0.20513185858726501,0.5308365821838379,2.701040029525757,-3.218534402549267e-06,0.6707990169525146,0.6707990169525146,0.667038083076477,training_mechanism_log_batch,results/star_v2_final/resume_300k/SafetyCarButton1-v0/star_v2/starv2_core_100k_SafetyCarButton1_v0_selected_star_v2_star_v2_s12/mechanism.csv
SafetyCarButton1-v0,12,starv2_core_100k_SafetyCarButton1_v0_selected_star_v2_star_v2_s12,245000,1.0,age=1-5,0.6912370920181274,0.6912370920181274,-5.820766091346741e-10,0.0390625,0.2208007127046585,0.5301229357719421,2.714202642440796,-3.166263923048973e-06,0.6912370920181274,0.6912370920181274,0.6877686977386475,training_mechanism_log_batch,results/star_v2_final/resume_300k/SafetyCarButton1-v0/star_v2/starv2_core_100k_SafetyCarButton1_v0_selected_star_v2_star_v2_s12/mechanism.csv
SafetyCarButton1-v0,12,starv2_core_100k_SafetyCarButton1_v0_selected_star_v2_star_v2_s12,250000,1.0,age=1-5,0.7131606340408325,0.7131606340408325,1.1641532182693481e-10,0.0390625,0.23761959373950958,0.5306785106658936,2.7106924057006836,-3.2241223379969597e-06,0.7131606340408325,0.7131606340408325,0.7095024585723877,training_mechanism_log_batch,results/star_v2_final/resume_300k/SafetyCarButton1-v0/star_v2/starv2_core_100k_SafetyCarButton1_v0_selected_star_v2_star_v2_s12/mechanism.csv
SafetyCarButton1-v0,12,starv2_core_100k_SafetyCarButton1_v0_selected_star_v2_star_v2_s12,255000,1.0,age=1-5,0.7171368598937988,0.7171368598937988,3.4924596548080444e-10,0.04296875,0.2401355654001236,0.5327316522598267,2.7239668369293213,-3.338209353387356e-06,0.7171368598937988,0.7171368598937988,0.7140399217605591,training_mechanism_log_batch,results/star_v2_final/resume_300k/SafetyCarButton1-v0/star_v2/starv2_core_100k_SafetyCarButton1_v0_selected_star_v2_star_v2_s12/mechanism.csv
SafetyCarButton1-v0,12,starv2_core_100k_SafetyCarButton1_v0_selected_star_v2_star_v2_s12,260000,1.0,age=1-5,0.6944698095321655,0.6944698095321655,1.6298145055770874e-09,0.0390625,0.2211986482143402,0.5281186699867249,2.717674970626831,-3.1758099794387817e-06,0.6944698095321655,0.6944698095321655,0.6905860900878906,training_mechanism_log_batch,results/star_v2_final/resume_300k/SafetyCarButton1-v0/star_v2/starv2_core_100k_SafetyCarButton1_v0_selected_star_v2_star_v2_s12/mechanism.csv
SafetyCarButton1-v0,12,starv2_core_100k_SafetyCarButton1_v0_selected_star_v2_star_v2_s12,265000,1.0,age=1-5,0.6869913935661316,0.6869913935661316,-1.979060471057892e-09,0.0234375,0.21629756689071655,0.5331581234931946,2.7078640460968018,-2.9695220291614532e-06,0.6869913935661316,0.6869913935661316,0.6826283931732178,training_mechanism_log_batch,results/star_v2_final/resume_300k/SafetyCarButton1-v0/star_v2/starv2_core_100k_SafetyCarButton1_v0_selected_star_v2_star_v2_s12/mechanism.csv
SafetyCarButton1-v0,12,starv2_core_100k_SafetyCarButton1_v0_selected_star_v2_star_v2_s12,270000,1.0,age=1-5,0.6821355223655701,0.6821355223655701,2.3283064365386963e-10,0.02734375,0.20891976356506348,0.5332224369049072,2.7200469970703125,-3.0490336939692497e-06,0.6821355223655701,0.6821355223655701,0.6783188581466675,training_mechanism_log_batch,results/star_v2_final/resume_300k/SafetyCarButton1-v0/star_v2/starv2_core_100k_SafetyCarButton1_v0_selected_star_v2_star_v2_s12/mechanism.csv
SafetyCarButton1-v0,12,starv2_core_100k_SafetyCarButton1_v0_selected_star_v2_star_v2_s12,275000,1.0,age=1-5,0.6780146956443787,0.6780146360397339,6.984919309616089e-10,0.05078125,0.203452005982399,0.5303307771682739,2.717167377471924,-3.162887878715992e-06,0.6780146956443787,0.6780146360397339,0.6734988689422607,training_mechanism_log_batch,results/star_v2_final/resume_300k/SafetyCarButton1-v0/star_v2/starv2_core_100k_SafetyCarButton1_v0_selected_star_v2_star_v2_s12/mechanism.csv
SafetyCarButton1-v0,12,starv2_core_100k_SafetyCarButton1_v0_selected_star_v2_star_v2_s12,280000,1.0,age=1-5,0.7212828397750854,0.7212828397750854,1.6298145055770874e-09,0.04296875,0.24170944094657898,0.5301647186279297,2.7067689895629883,-3.150664269924164e-06,0.7212828397750854,0.7212828397750854,0.7171654105186462,training_mechanism_log_batch,results/star_v2_final/resume_300k/SafetyCarButton1-v0/star_v2/starv2_core_100k_SafetyCarButton1_v0_selected_star_v2_star_v2_s12/mechanism.csv
SafetyCarButton1-v0,12,starv2_core_100k_SafetyCarButton1_v0_selected_star_v2_star_v2_s12,285000,1.0,age=1-5,0.6927136182785034,0.6927136182785034,-1.1641532182693481e-09,0.0390625,0.22281426191329956,0.5330703854560852,2.7051501274108887,-2.868357114493847e-06,0.6927136182785034,0.6927136182785034,0.6889546513557434,training_mechanism_log_batch,results/star_v2_final/resume_300k/SafetyCarButton1-v0/star_v2/starv2_core_100k_SafetyCarButton1_v0_selected_star_v2_star_v2_s12/mechanism.csv
SafetyCarButton1-v0,12,starv2_core_100k_SafetyCarButton1_v0_selected_star_v2_star_v2_s12,290000,1.0,age=1-5,0.6966633796691895,0.6966633796691895,-3.259629011154175e-09,0.01953125,0.2187098264694214,0.5307502746582031,2.7075324058532715,-3.1578820198774338e-06,0.6966633796691895,0.6966633796691895,0.6926541328430176,training_mechanism_log_batch,results/star_v2_final/resume_300k/SafetyCarButton1-v0/star_v2/starv2_core_100k_SafetyCarButton1_v0_selected_star_v2_star_v2_s12/mechanism.csv
SafetyCarButton1-v0,12,starv2_core_100k_SafetyCarButton1_v0_selected_star_v2_star_v2_s12,295000,1.0,age=1-5,0.6903480291366577,0.6903480291366577,-1.1641532182693481e-10,0.0390625,0.21900856494903564,0.528708279132843,2.6904220581054688,-3.058928996324539e-06,0.6903480291366577,0.6903480291366577,0.6848302483558655,training_mechanism_log_batch,results/star_v2_final/resume_300k/SafetyCarButton1-v0/star_v2/starv2_core_100k_SafetyCarButton1_v0_selected_star_v2_star_v2_s12/mechanism.csv
SafetyCarButton1-v0,13,starv2_resume_300k_SafetyCarButton1_v0_selected_star_v2_star_v2_s13,5000,1.0,age=1-5,5.945528507232666,5.945528507232666,1.862645149230957e-09,0.01171875,5.445019721984863,0.5311362743377686,1.5780282020568848,-7.253838703036308e-07,5.945528507232666,5.945528507232666,5.749396800994873,training_mechanism_log_batch,results/star_v2_final/resume_300k/SafetyCarButton1-v0/star_v2/starv2_resume_300k_SafetyCarButton1_v0_selected_star_v2_star_v2_s13/mechanism.csv
SafetyCarButton1-v0,13,starv2_resume_300k_SafetyCarButton1_v0_selected_star_v2_star_v2_s13,10000,1.0,age=1-5,0.4627729654312134,0.4627729654312134,8.731149137020111e-10,0.0390625,0.0929822027683258,0.530730128288269,2.755035400390625,-6.35744072496891e-07,0.4627729654312134,0.4627729654312134,0.4614782929420471,training_mechanism_log_batch,results/star_v2_final/resume_300k/SafetyCarButton1-v0/star_v2/starv2_resume_300k_SafetyCarButton1_v0_selected_star_v2_star_v2_s13/mechanism.csv
SafetyCarButton1-v0,13,starv2_resume_300k_SafetyCarButton1_v0_selected_star_v2_star_v2_s13,15000,1.0,age=1-5,0.33090999722480774,0.33090999722480774,1.4551915228366852e-10,0.01953125,0.07600999623537064,0.5301536917686462,2.749331474304199,-6.424961611628532e-07,0.33090999722480774,0.33090999722480774,0.32930561900138855,training_mechanism_log_batch,results/star_v2_final/resume_300k/SafetyCarButton1-v0/star_v2/starv2_resume_300k_SafetyCarButton1_v0_selected_star_v2_star_v2_s13/mechanism.csv
SafetyCarButton1-v0,13,starv2_resume_300k_SafetyCarButton1_v0_selected_star_v2_star_v2_s13,20000,1.0,age=1-5,0.31850796937942505,0.31850796937942505,-1.4551915228366852e-10,0.0078125,0.082022525370121,0.532913327217102,2.7213644981384277,-7.136259227991104e-07,0.31850796937942505,0.31850796937942505,0.31552889943122864,training_mechanism_log_batch,results/star_v2_final/resume_300k/SafetyCarButton1-v0/star_v2/starv2_resume_300k_SafetyCarButton1_v0_selected_star_v2_star_v2_s13/mechanism.csv
SafetyCarButton1-v0,13,starv2_resume_300k_SafetyCarButton1_v0_selected_star_v2_star_v2_s13,25000,1.0,age=1-5,0.36525559425354004,0.36525559425354004,6.693881005048752e-10,0.01953125,0.10511022806167603,0.5338510274887085,2.7173843383789062,-1.1423835530877113e-06,0.36525559425354004,0.36525559425354004,0.36173558235168457,training_mechanism_log_batch,results/star_v2_final/resume_300k/SafetyCarButton1-v0/star_v2/starv2_resume_300k_SafetyCarButton1_v0_selected_star_v2_star_v2_s13/mechanism.csv
SafetyCarButton1-v0,13,starv2_resume_300k_SafetyCarButton1_v0_selected_star_v2_star_v2_s13,30000,1.0,age=1-5,0.43513330817222595,0.43513330817222595,2.0372681319713593e-10,0.01953125,0.10100588202476501,0.5317548513412476,2.7411890029907227,-2.370215952396393e-06,0.43513330817222595,0.43513330817222595,0.4330337643623352,training_mechanism_log_batch,results/star_v2_final/resume_300k/SafetyCarButton1-v0/star_v2/starv2_resume_300k_SafetyCarButton1_v0_selected_star_v2_star_v2_s13/mechanism.csv
SafetyCarButton1-v0,13,starv2_resume_300k_SafetyCarButton1_v0_selected_star_v2_star_v2_s13,35000,1.0,age=1-5,0.4817880392074585,0.4817880392074585,2.3283064365386963e-10,0.01171875,0.11940093338489532,0.5303314924240112,2.7373900413513184,-2.9334332793951035e-06,0.4817880392074585,0.4817880392074585,0.48000749945640564,training_mechanism_log_batch,results/star_v2_final/resume_300k/SafetyCarButton1-v0/star_v2/starv2_resume_300k_SafetyCarButton1_v0_selected_star_v2_star_v2_s13/mechanism.csv
SafetyCarButton1-v0,13,starv2_resume_300k_SafetyCarButton1_v0_selected_star_v2_star_v2_s13,40000,1.0,age=1-5,0.5471199750900269,0.5471199750900269,-9.89530235528946e-10,0.00390625,0.1508398950099945,0.5299156308174133,2.746471881866455,-3.5279663279652596e-06,0.5471199750900269,0.5471199750900269,0.5458231568336487,training_mechanism_log_batch,results/star_v2_final/resume_300k/SafetyCarButton1-v0/star_v2/starv2_resume_300k_SafetyCarButton1_v0_selected_star_v2_star_v2_s13/mechanism.csv
SafetyCarButton1-v0,13,starv2_resume_300k_SafetyCarButton1_v0_selected_star_v2_star_v2_s13,45000,1.0,age=1-5,0.5646319389343262,0.5646319389343262,7.130438461899757e-10,0.015625,0.1592613160610199,0.5312312841415405,2.736649513244629,-3.050430677831173e-06,0.5646319389343262,0.5646319389343262,0.562799870967865,training_mechanism_log_batch,results/star_v2_final/resume_300k/SafetyCarButton1-v0/star_v2/starv2_resume_300k_SafetyCarButton1_v0_selected_star_v2_star_v2_s13/mechanism.csv
SafetyCarButton1-v0,13,starv2_resume_300k_SafetyCarButton1_v0_selected_star_v2_star_v2_s13,50000,1.0,age=1-5,0.5947736501693726,0.5947736501693726,-1.5133991837501526e-09,0.00390625,0.160200297832489,0.5336763262748718,2.7269625663757324,-3.0996743589639664e-06,0.5947736501693726,0.5947736501693726,0.5918095111846924,training_mechanism_log_batch,results/star_v2_final/resume_300k/SafetyCarButton1-v0/star_v2/starv2_resume_300k_SafetyCarButton1_v0_selected_star_v2_star_v2_s13/mechanism.csv
SafetyCarButton1-v0,13,starv2_resume_300k_SafetyCarButton1_v0_selected_star_v2_star_v2_s13,55000,1.0,age=1-5,0.5994252562522888,0.5994252562522888,-1.1641532182693481e-10,0.0078125,0.16840770840644836,0.529708206653595,2.6888420581817627,-3.06079164147377e-06,0.5994252562522888,0.5994252562522888,0.5955339670181274,training_mechanism_log_batch,results/star_v2_final/resume_300k/SafetyCarButton1-v0/star_v2/starv2_resume_300k_SafetyCarButton1_v0_selected_star_v2_star_v2_s13/mechanism.csv
SafetyCarButton1-v0,13,starv2_resume_300k_SafetyCarButton1_v0_selected_star_v2_star_v2_s13,60000,1.0,age=1-5,0.6113156080245972,0.6113156080245972,-3.4924596548080444e-10,0.01953125,0.1789531111717224,0.5307866334915161,2.732347011566162,-3.395136445760727e-06,0.6113156080245972,0.6113156080245972,0.607162356376648,training_mechanism_log_batch,results/star_v2_final/resume_300k/SafetyCarButton1-v0/star_v2/starv2_resume_300k_SafetyCarButton1_v0_selected_star_v2_star_v2_s13/mechanism.csv
SafetyCarButton1-v0,13,starv2_resume_300k_SafetyCarButton1_v0_selected_star_v2_star_v2_s13,65000,1.0,age=1-5,0.5810104608535767,0.5810104608535767,0.0,0.00390625,0.15783970057964325,0.5317530632019043,2.7312583923339844,-2.891174517571926e-06,0.5810104608535767,0.5810104608535767,0.5777435302734375,training_mechanism_log_batch,results/star_v2_final/resume_300k/SafetyCarButton1-v0/star_v2/starv2_resume_300k_SafetyCarButton1_v0_selected_star_v2_star_v2_s13/mechanism.csv
SafetyCarButton1-v0,13,starv2_resume_300k_SafetyCarButton1_v0_selected_star_v2_star_v2_s13,70000,1.0,age=1-5,0.6007384061813354,0.6007384061813354,-6.402842700481415e-10,0.02734375,0.16901618242263794,0.5323731899261475,2.7155871391296387,-2.9552029445767403e-06,0.6007384061813354,0.6007384061813354,0.5978940725326538,training_mechanism_log_batch,results/star_v2_final/resume_300k/SafetyCarButton1-v0/star_v2/starv2_resume_300k_SafetyCarButton1_v0_selected_star_v2_star_v2_s13/mechanism.csv
SafetyCarButton1-v0,13,starv2_resume_300k_SafetyCarButton1_v0_selected_star_v2_star_v2_s13,75000,1.0,age=1-5,0.6477816104888916,0.6477816104888916,-4.656612873077393e-10,0.00390625,0.19808930158615112,0.5316640138626099,2.724128246307373,-2.541695721447468e-06,0.6477816104888916,0.6477816104888916,0.644547164440155,training_mechanism_log_batch,results/star_v2_final/resume_300k/SafetyCarButton1-v0/star_v2/starv2_resume_300k_SafetyCarButton1_v0_selected_star_v2_star_v2_s13/mechanism.csv
SafetyCarButton1-v0,13,starv2_resume_300k_SafetyCarButton1_v0_selected_star_v2_star_v2_s13,80000,1.0,age=1-5,0.6585881114006042,0.6585880517959595,-8.149072527885437e-10,0.015625,0.20276406407356262,0.5303084850311279,2.71858286857605,-2.650544047355652e-06,0.6585881114006042,0.6585880517959595,0.655858039855957,training_mechanism_log_batch,results/star_v2_final/resume_300k/SafetyCarButton1-v0/star_v2/starv2_resume_300k_SafetyCarButton1_v0_selected_star_v2_star_v2_s13/mechanism.csv
SafetyCarButton1-v0,13,starv2_resume_300k_SafetyCarButton1_v0_selected_star_v2_star_v2_s13,85000,1.0,age=1-5,0.6417645215988159,0.6417645215988159,2.3283064365386963e-10,0.0234375,0.1936895251274109,0.5333622694015503,2.729456901550293,-2.744724042713642e-06,0.6417645215988159,0.6417645215988159,0.6383645534515381,training_mechanism_log_batch,results/star_v2_final/resume_300k/SafetyCarButton1-v0/star_v2/starv2_resume_300k_SafetyCarButton1_v0_selected_star_v2_star_v2_s13/mechanism.csv
SafetyCarButton1-v0,13,starv2_resume_300k_SafetyCarButton1_v0_selected_star_v2_star_v2_s13,90000,1.0,age=1-5,0.6198623180389404,0.6198623180389404,1.1641532182693481e-10,0.01953125,0.17959335446357727,0.5292990207672119,2.722975730895996,-2.6548514142632484e-06,0.6198623180389404,0.6198623180389404,0.6176977157592773,training_mechanism_log_batch,results/star_v2_final/resume_300k/SafetyCarButton1-v0/star_v2/starv2_resume_300k_SafetyCarButton1_v0_selected_star_v2_star_v2_s13/mechanism.csv
SafetyCarButton1-v0,13,starv2_resume_300k_SafetyCarButton1_v0_selected_star_v2_star_v2_s13,95000,1.0,age=1-5,0.6169544458389282,0.6169544458389282,5.820766091346741e-10,0.01953125,0.18123158812522888,0.5323824286460876,2.7207529544830322,-2.4078181013464928e-06,0.6169544458389282,0.6169544458389282,0.6120938062667847,training_mechanism_log_batch,results/star_v2_final/resume_300k/SafetyCarButton1-v0/star_v2/starv2_resume_300k_SafetyCarButton1_v0_selected_star_v2_star_v2_s13/mechanism.csv
SafetyCarButton1-v0,13,starv2_resume_300k_SafetyCarButton1_v0_selected_star_v2_star_v2_s13,100000,1.0,age=1-5,0.6192237138748169,0.6192237138748169,-3.4924596548080444e-10,0.015625,0.18710516393184662,0.5295076370239258,2.706174373626709,-2.9301736503839493e-06,0.6192237138748169,0.6192237138748169,0.615943193435669,training_mechanism_log_batch,results/star_v2_final/resume_300k/SafetyCarButton1-v0/star_v2/starv2_resume_300k_SafetyCarButton1_v0_selected_star_v2_star_v2_s13/mechanism.csv
SafetyCarButton1-v0,13,starv2_resume_300k_SafetyCarButton1_v0_selected_star_v2_star_v2_s13,105000,1.0,age=1-5,0.6555683612823486,0.6555683612823486,1.6298145055770874e-09,0.02734375,0.2044556438922882,0.5305522084236145,2.719567060470581,-2.7364585548639297e-06,0.6555683612823486,0.6555683612823486,0.6514860391616821,training_mechanism_log_batch,results/star_v2_final/resume_300k/SafetyCarButton1-v0/star_v2/starv2_resume_300k_SafetyCarButton1_v0_selected_star_v2_star_v2_s13/mechanism.csv
SafetyCarButton1-v0,13,starv2_resume_300k_SafetyCarButton1_v0_selected_star_v2_star_v2_s13,110000,1.0,age=1-5,0.635831356048584,0.635831356048584,1.1641532182693481e-10,0.015625,0.1806042343378067,0.5299118161201477,2.7029199600219727,-2.698507159948349e-06,0.635831356048584,0.635831356048584,0.6311662197113037,training_mechanism_log_batch,results/star_v2_final/resume_300k/SafetyCarButton1-v0/star_v2/starv2_resume_300k_SafetyCarButton1_v0_selected_star_v2_star_v2_s13/mechanism.csv
SafetyCarButton1-v0,13,starv2_resume_300k_SafetyCarButton1_v0_selected_star_v2_star_v2_s13,115000,1.0,age=1-5,0.6437457203865051,0.6437457203865051,1.280568540096283e-09,0.01953125,0.192632257938385,0.5324587821960449,2.717005729675293,-2.577435225248337e-06,0.6437457203865051,0.6437457203865051,0.639925479888916,training_mechanism_log_batch,results/star_v2_final/resume_300k/SafetyCarButton1-v0/star_v2/starv2_resume_300k_SafetyCarButton1_v0_selected_star_v2_star_v2_s13/mechanism.csv
SafetyCarButton1-v0,13,starv2_resume_300k_SafetyCarButton1_v0_selected_star_v2_star_v2_s13,120000,1.0,age=1-5,0.6589274406433105,0.6589274406433105,-5.820766091346741e-11,0.0234375,0.20388787984848022,0.5290203094482422,2.704907178878784,-2.8387876227498055e-06,0.6589274406433105,0.6589274406433105,0.6546645164489746,training_mechanism_log_batch,results/star_v2_final/resume_300k/SafetyCarButton1-v0/star_v2/starv2_resume_300k_SafetyCarButton1_v0_selected_star_v2_star_v2_s13/mechanism.csv
SafetyCarButton1-v0,13,starv2_resume_300k_SafetyCarButton1_v0_selected_star_v2_star_v2_s13,125000,1.0,age=1-5,0.6495456695556641,0.6495456695556641,-8.731149137020111e-10,0.02734375,0.19308555126190186,0.5317811965942383,2.7032079696655273,-2.548564225435257e-06,0.6495456695556641,0.6495456695556641,0.6452727913856506,training_mechanism_log_batch,results/star_v2_final/resume_300k/SafetyCarButton1-v0/star_v2/starv2_resume_300k_SafetyCarButton1_v0_selected_star_v2_star_v2_s13/mechanism.csv
SafetyCarButton1-v0,13,starv2_resume_300k_SafetyCarButton1_v0_selected_star_v2_star_v2_s13,130000,1.0,age=1-5,0.6899116039276123,0.6899116039276123,-1.1641532182693481e-09,0.0078125,0.22641563415527344,0.5335732698440552,2.7108757495880127,-2.2168969735503197e-06,0.6899116039276123,0.6899116039276123,0.6865671873092651,training_mechanism_log_batch,results/star_v2_final/resume_300k/SafetyCarButton1-v0/star_v2/starv2_resume_300k_SafetyCarButton1_v0_selected_star_v2_star_v2_s13/mechanism.csv
SafetyCarButton1-v0,13,starv2_resume_300k_SafetyCarButton1_v0_selected_star_v2_star_v2_s13,135000,1.0,age=1-5,0.6499283313751221,0.6499283313751221,-4.656612873077393e-10,0.02734375,0.19251832365989685,0.5288469195365906,2.7079360485076904,-2.5799963623285294e-06,0.6499283313751221,0.6499283313751221,0.6450947523117065,training_mechanism_log_batch,results/star_v2_final/resume_300k/SafetyCarButton1-v0/star_v2/starv2_resume_300k_SafetyCarButton1_v0_selected_star_v2_star_v2_s13/mechanism.csv
SafetyCarButton1-v0,13,starv2_resume_300k_SafetyCarButton1_v0_selected_star_v2_star_v2_s13,140000,1.0,age=1-5,0.6704646348953247,0.6704646348953247,9.313225746154785e-10,0.01953125,0.21308296918869019,0.5308253765106201,2.719846487045288,-2.7490314096212387e-06,0.6704646348953247,0.6704646348953247,0.6664857268333435,training_mechanism_log_batch,results/star_v2_final/resume_300k/SafetyCarButton1-v0/star_v2/starv2_resume_300k_SafetyCarButton1_v0_selected_star_v2_star_v2_s13/mechanism.csv
SafetyCarButton1-v0,13,starv2_resume_300k_SafetyCarButton1_v0_selected_star_v2_star_v2_s13,145000,1.0,age=1-5,0.6321250200271606,0.6321250200271606,6.984919309616089e-10,0.01953125,0.17905031144618988,0.5291070938110352,2.726130962371826,-2.880697138607502e-06,0.6321250200271606,0.6321250200271606,0.627194881439209,training_mechanism_log_batch,results/star_v2_final/resume_300k/SafetyCarButton1-v0/star_v2/starv2_resume_300k_SafetyCarButton1_v0_selected_star_v2_star_v2_s13/mechanism.csv
SafetyCarButton1-v0,13,starv2_resume_300k_SafetyCarButton1_v0_selected_star_v2_star_v2_s13,150000,1.0,age=1-5,0.646439790725708,0.646439790725708,3.4924596548080444e-10,0.01171875,0.19426414370536804,0.5280499458312988,2.7029857635498047,-2.7586938813328743e-06,0.646439790725708,0.646439790725708,0.6434312462806702,training_mechanism_log_batch,results/star_v2_final/resume_300k/SafetyCarButton1-v0/star_v2/starv2_resume_300k_SafetyCarButton1_v0_selected_star_v2_star_v2_s13/mechanism.csv
SafetyCarButton1-v0,13,starv2_resume_300k_SafetyCarButton1_v0_selected_star_v2_star_v2_s13,155000,1.0,age=1-5,0.6380820870399475,0.6380820870399475,-2.3283064365386963e-10,0.01171875,0.18627700209617615,0.5307849645614624,2.7102041244506836,-2.5336630642414093e-06,0.6380820870399475,0.6380820870399475,0.633825421333313,training_mechanism_log_batch,results/star_v2_final/resume_300k/SafetyCarButton1-v0/star_v2/starv2_resume_300k_SafetyCarButton1_v0_selected_star_v2_star_v2_s13/mechanism.csv
SafetyCarButton1-v0,13,starv2_resume_300k_SafetyCarButton1_v0_selected_star_v2_star_v2_s13,160000,1.0,age=1-5,0.6176867485046387,0.6176867485046387,-1.3969838619232178e-09,0.0,0.15867504477500916,0.5320593118667603,2.713963031768799,-2.4028122425079346e-06,0.6176867485046387,0.6176867485046387,0.6139602661132812,training_mechanism_log_batch,results/star_v2_final/resume_300k/SafetyCarButton1-v0/star_v2/starv2_resume_300k_SafetyCarButton1_v0_selected_star_v2_star_v2_s13/mechanism.csv
SafetyCarButton1-v0,13,starv2_resume_300k_SafetyCarButton1_v0_selected_star_v2_star_v2_s13,165000,1.0,age=1-5,0.63343745470047,0.63343745470047,-1.0477378964424133e-09,0.01171875,0.1838701218366623,0.5336195826530457,2.7103562355041504,-2.3886095732450485e-06,0.63343745470047,0.63343745470047,0.6299581527709961,training_mechanism_log_batch,results/star_v2_final/resume_300k/SafetyCarButton1-v0/star_v2/starv2_resume_300k_SafetyCarButton1_v0_selected_star_v2_star_v2_s13/mechanism.csv
SafetyCarButton1-v0,13,starv2_resume_300k_SafetyCarButton1_v0_selected_star_v2_star_v2_s13,170000,1.0,age=1-5,0.6716656684875488,0.6716656684875488,1.3969838619232178e-09,0.05859375,0.20728853344917297,0.5348309278488159,2.711568593978882,-2.518179826438427e-06,0.6716656684875488,0.6716656684875488,0.6685457229614258,training_mechanism_log_batch,results/star_v2_final/resume_300k/SafetyCarButton1-v0/star_v2/starv2_resume_300k_SafetyCarButton1_v0_selected_star_v2_star_v2_s13/mechanism.csv
SafetyCarButton1-v0,13,starv2_resume_300k_SafetyCarButton1_v0_selected_star_v2_star_v2_s13,175000,1.0,age=1-5,0.6643897891044617,0.6643897891044617,1.6298145055770874e-09,0.0390625,0.20568376779556274,0.5322403907775879,2.716108798980713,-2.485932782292366e-06,0.6643897891044617,0.6643897891044617,0.6612452864646912,training_mechanism_log_batch,results/star_v2_final/resume_300k/SafetyCarButton1-v0/star_v2/starv2_resume_300k_SafetyCarButton1_v0_selected_star_v2_star_v2_s13/mechanism.csv
SafetyCarButton1-v0,13,starv2_resume_300k_SafetyCarButton1_v0_selected_star_v2_star_v2_s13,180000,1.0,age=1-5,0.6477883458137512,0.6477883458137512,6.984919309616089e-10,0.0234375,0.18770578503608704,0.5315855741500854,2.701141357421875,-2.468237653374672e-06,0.6477883458137512,0.6477883458137512,0.6424251198768616,training_mechanism_log_batch,results/star_v2_final/resume_300k/SafetyCarButton1-v0/star_v2/starv2_resume_300k_SafetyCarButton1_v0_selected_star_v2_star_v2_s13/mechanism.csv
SafetyCarButton1-v0,13,starv2_resume_300k_SafetyCarButton1_v0_selected_star_v2_star_v2_s13,185000,1.0,age=1-5,0.6895517110824585,0.6895517110824585,2.3283064365386963e-10,0.01953125,0.2205173522233963,0.5306520462036133,2.711690902709961,-2.5096815079450607e-06,0.6895517110824585,0.6895517110824585,0.6848877668380737,training_mechanism_log_batch,results/star_v2_final/resume_300k/SafetyCarButton1-v0/star_v2/starv2_resume_300k_SafetyCarButton1_v0_selected_star_v2_star_v2_s13/mechanism.csv
SafetyCarButton1-v0,13,starv2_resume_300k_SafetyCarButton1_v0_selected_star_v2_star_v2_s13,190000,1.0,age=1-5,0.6424232721328735,0.6424232721328735,-1.3969838619232178e-09,0.01171875,0.18087652325630188,0.531198263168335,2.702599048614502,-2.6099151000380516e-06,0.6424232721328735,0.6424232721328735,0.6383591294288635,training_mechanism_log_batch,results/star_v2_final/resume_300k/SafetyCarButton1-v0/star_v2/starv2_resume_300k_SafetyCarButton1_v0_selected_star_v2_star_v2_s13/mechanism.csv
SafetyCarButton1-v0,13,starv2_resume_300k_SafetyCarButton1_v0_selected_star_v2_star_v2_s13,195000,1.0,age=1-5,0.6665904521942139,0.6665904521942139,6.984919309616089e-10,0.015625,0.2013365924358368,0.5318953990936279,2.6894097328186035,-2.5315675884485245e-06,0.6665904521942139,0.6665904521942139,0.6603395938873291,training_mechanism_log_batch,results/star_v2_final/resume_300k/SafetyCarButton1-v0/star_v2/starv2_resume_300k_SafetyCarButton1_v0_selected_star_v2_star_v2_s13/mechanism.csv
SafetyCarButton1-v0,13,starv2_resume_300k_SafetyCarButton1_v0_selected_star_v2_star_v2_s13,200000,1.0,age=1-5,0.654979944229126,0.654979944229126,2.3283064365386963e-10,0.01953125,0.19088205695152283,0.5338169932365417,2.7197208404541016,-2.4277251213788986e-06,0.654979944229126,0.654979944229126,0.6520704030990601,training_mechanism_log_batch,results/star_v2_final/resume_300k/SafetyCarButton1-v0/star_v2/starv2_resume_300k_SafetyCarButton1_v0_selected_star_v2_star_v2_s13/mechanism.csv
SafetyCarButton1-v0,13,starv2_resume_300k_SafetyCarButton1_v0_selected_star_v2_star_v2_s13,205000,1.0,age=1-5,0.6684679985046387,0.6684679985046387,-1.3969838619232178e-09,0.01953125,0.20555821061134338,0.5326993465423584,2.709012031555176,-2.673827111721039e-06,0.6684679985046387,0.6684679985046387,0.6652944684028625,training_mechanism_log_batch,results/star_v2_final/resume_300k/SafetyCarButton1-v0/star_v2/starv2_resume_300k_SafetyCarButton1_v0_selected_star_v2_star_v2_s13/mechanism.csv
SafetyCarButton1-v0,13,starv2_resume_300k_SafetyCarButton1_v0_selected_star_v2_star_v2_s13,210000,1.0,age=1-5,0.6980607509613037,0.6980607509613037,-2.3283064365386963e-10,0.03125,0.23089845478534698,0.529983639717102,2.686469554901123,-2.659508027136326e-06,0.6980607509613037,0.6980607509613037,0.6948100328445435,training_mechanism_log_batch,results/star_v2_final/resume_300k/SafetyCarButton1-v0/star_v2/starv2_resume_300k_SafetyCarButton1_v0_selected_star_v2_star_v2_s13/mechanism.csv
SafetyCarButton1-v0,13,starv2_resume_300k_SafetyCarButton1_v0_selected_star_v2_star_v2_s13,215000,1.0,age=1-5,0.661674976348877,0.661674976348877,2.3283064365386963e-10,0.0390625,0.20011739432811737,0.5320682525634766,2.6850643157958984,-2.5760382413864136e-06,0.661674976348877,0.661674976348877,0.6553332209587097,training_mechanism_log_batch,results/star_v2_final/resume_300k/SafetyCarButton1-v0/star_v2/starv2_resume_300k_SafetyCarButton1_v0_selected_star_v2_star_v2_s13/mechanism.csv
SafetyCarButton1-v0,13,starv2_resume_300k_SafetyCarButton1_v0_selected_star_v2_star_v2_s13,220000,1.0,age=1-5,0.6663918495178223,0.6663918495178223,6.984919309616089e-10,0.015625,0.20063278079032898,0.5272958874702454,2.70045804977417,-2.5188783183693886e-06,0.6663918495178223,0.6663918495178223,0.6623408198356628,training_mechanism_log_batch,results/star_v2_final/resume_300k/SafetyCarButton1-v0/star_v2/starv2_resume_300k_SafetyCarButton1_v0_selected_star_v2_star_v2_s13/mechanism.csv
SafetyCarButton1-v0,13,starv2_resume_300k_SafetyCarButton1_v0_selected_star_v2_star_v2_s13,225000,1.0,age=1-5,0.6962990760803223,0.6962990760803223,-2.3283064365386963e-10,0.0078125,0.22346284985542297,0.5300452709197998,2.716740131378174,-2.5009503588080406e-06,0.6962990760803223,0.6962990760803223,0.6922659873962402,training_mechanism_log_batch,results/star_v2_final/resume_300k/SafetyCarButton1-v0/star_v2/starv2_resume_300k_SafetyCarButton1_v0_selected_star_v2_star_v2_s13/mechanism.csv
SafetyCarButton1-v0,13,starv2_resume_300k_SafetyCarButton1_v0_selected_star_v2_star_v2_s13,230000,1.0,age=1-5,0.6720170974731445,0.6720170974731445,-1.3969838619232178e-09,0.015625,0.20516720414161682,0.5348165035247803,2.7084736824035645,-2.4301698431372643e-06,0.6720170974731445,0.6720170974731445,0.6660451292991638,training_mechanism_log_batch,results/star_v2_final/resume_300k/SafetyCarButton1-v0/star_v2/starv2_resume_300k_SafetyCarButton1_v0_selected_star_v2_star_v2_s13/mechanism.csv
SafetyCarButton1-v0,13,starv2_resume_300k_SafetyCarButton1_v0_selected_star_v2_star_v2_s13,235000,1.0,age=1-5,0.6999145746231079,0.6999145746231079,3.4924596548080444e-10,0.01953125,0.2275620847940445,0.5314202308654785,2.7143547534942627,-2.6726629585027695e-06,0.6999145746231079,0.6999145746231079,0.6965985298156738,training_mechanism_log_batch,results/star_v2_final/resume_300k/SafetyCarButton1-v0/star_v2/starv2_resume_300k_SafetyCarButton1_v0_selected_star_v2_star_v2_s13/mechanism.csv
SafetyCarButton1-v0,13,starv2_resume_300k_SafetyCarButton1_v0_selected_star_v2_star_v2_s13,240000,1.0,age=1-5,0.6955562829971313,0.6955562829971313,1.3969838619232178e-09,0.02734375,0.21966156363487244,0.5327972173690796,2.694939136505127,-2.473592758178711e-06,0.6955562829971313,0.6955562829971313,0.6895662546157837,training_mechanism_log_batch,results/star_v2_final/resume_300k/SafetyCarButton1-v0/star_v2/starv2_resume_300k_SafetyCarButton1_v0_selected_star_v2_star_v2_s13/mechanism.csv
SafetyCarButton1-v0,13,starv2_resume_300k_SafetyCarButton1_v0_selected_star_v2_star_v2_s13,245000,1.0,age=1-5,0.6852763891220093,0.6852763891220093,2.0954757928848267e-09,0.03515625,0.2147672027349472,0.528228223323822,2.682368516921997,-2.3278407752513885e-06,0.6852763891220093,0.6852763891220093,0.6793791651725769,training_mechanism_log_batch,results/star_v2_final/resume_300k/SafetyCarButton1-v0/star_v2/starv2_resume_300k_SafetyCarButton1_v0_selected_star_v2_star_v2_s13/mechanism.csv
SafetyCarButton1-v0,13,starv2_resume_300k_SafetyCarButton1_v0_selected_star_v2_star_v2_s13,250000,1.0,age=1-5,0.6941421031951904,0.6941421031951904,-4.656612873077393e-10,0.0078125,0.22917792201042175,0.5287721753120422,2.6900925636291504,-2.3909378796815872e-06,0.6941421031951904,0.6941421031951904,0.6885805130004883,training_mechanism_log_batch,results/star_v2_final/resume_300k/SafetyCarButton1-v0/star_v2/starv2_resume_300k_SafetyCarButton1_v0_selected_star_v2_star_v2_s13/mechanism.csv
SafetyCarButton1-v0,13,starv2_resume_300k_SafetyCarButton1_v0_selected_star_v2_star_v2_s13,255000,1.0,age=1-5,0.6790949702262878,0.6790950298309326,9.89530235528946e-10,0.0234375,0.2099199742078781,0.5295122861862183,2.7021050453186035,-2.3657921701669693e-06,0.6790949702262878,0.6790950298309326,0.6746258735656738,training_mechanism_log_batch,results/star_v2_final/resume_300k/SafetyCarButton1-v0/star_v2/starv2_resume_300k_SafetyCarButton1_v0_selected_star_v2_star_v2_s13/mechanism.csv
SafetyCarButton1-v0,13,starv2_resume_300k_SafetyCarButton1_v0_selected_star_v2_star_v2_s13,260000,1.0,age=1-5,0.648106038570404,0.648106038570404,1.1641532182693481e-10,0.0234375,0.18044525384902954,0.5313452482223511,2.6996257305145264,-2.4170149117708206e-06,0.648106038570404,0.648106038570404,0.6431412100791931,training_mechanism_log_batch,results/star_v2_final/resume_300k/SafetyCarButton1-v0/star_v2/starv2_resume_300k_SafetyCarButton1_v0_selected_star_v2_star_v2_s13/mechanism.csv
SafetyCarButton1-v0,13,starv2_resume_300k_SafetyCarButton1_v0_selected_star_v2_star_v2_s13,265000,1.0,age=1-5,0.6887621879577637,0.6887621879577637,-8.149072527885437e-10,0.015625,0.21572163701057434,0.5321108102798462,2.703512668609619,-2.4406472221016884e-06,0.6887621879577637,0.6887621879577637,0.6838406324386597,training_mechanism_log_batch,results/star_v2_final/resume_300k/SafetyCarButton1-v0/star_v2/starv2_resume_300k_SafetyCarButton1_v0_selected_star_v2_star_v2_s13/mechanism.csv
SafetyCarButton1-v0,13,starv2_resume_300k_SafetyCarButton1_v0_selected_star_v2_star_v2_s13,270000,1.0,age=1-5,0.6790965795516968,0.6790965795516968,-2.3283064365386963e-10,0.03125,0.2054896354675293,0.531919002532959,2.718527317047119,-2.5971094146370888e-06,0.6790965795516968,0.6790965795516968,0.6751529574394226,training_mechanism_log_batch,results/star_v2_final/resume_300k/SafetyCarButton1-v0/star_v2/starv2_resume_300k_SafetyCarButton1_v0_selected_star_v2_star_v2_s13/mechanism.csv
SafetyCarButton1-v0,13,starv2_resume_300k_SafetyCarButton1_v0_selected_star_v2_star_v2_s13,275000,1.0,age=1-5,0.6780979633331299,0.6780979633331299,1.979060471057892e-09,0.0390625,0.20969729125499725,0.5282655358314514,2.7025277614593506,-2.5387853384017944e-06,0.6780979633331299,0.6780979633331299,0.6730809211730957,training_mechanism_log_batch,results/star_v2_final/resume_300k/SafetyCarButton1-v0/star_v2/starv2_resume_300k_SafetyCarButton1_v0_selected_star_v2_star_v2_s13/mechanism.csv
SafetyCarButton1-v0,13,starv2_resume_300k_SafetyCarButton1_v0_selected_star_v2_star_v2_s13,280000,1.0,age=1-5,0.6704528331756592,0.6704528331756592,8.149072527885437e-10,0.03125,0.20398804545402527,0.527466893196106,2.7133662700653076,-2.5206245481967926e-06,0.6704528331756592,0.6704528331756592,0.6663129329681396,training_mechanism_log_batch,results/star_v2_final/resume_300k/SafetyCarButton1-v0/star_v2/starv2_resume_300k_SafetyCarButton1_v0_selected_star_v2_star_v2_s13/mechanism.csv
SafetyCarButton1-v0,13,starv2_resume_300k_SafetyCarButton1_v0_selected_star_v2_star_v2_s13,285000,1.0,age=1-5,0.7063672542572021,0.7063672542572021,9.313225746154785e-10,0.02734375,0.2336953729391098,0.5320705771446228,2.695530652999878,-2.669636160135269e-06,0.7063672542572021,0.7063672542572021,0.701526403427124,training_mechanism_log_batch,results/star_v2_final/resume_300k/SafetyCarButton1-v0/star_v2/starv2_resume_300k_SafetyCarButton1_v0_selected_star_v2_star_v2_s13/mechanism.csv
SafetyCarButton1-v0,13,starv2_resume_300k_SafetyCarButton1_v0_selected_star_v2_star_v2_s13,290000,1.0,age=1-5,0.7232776880264282,0.7232776880264282,-1.1641532182693481e-09,0.015625,0.2443968802690506,0.5306094884872437,2.7188713550567627,-2.425513230264187e-06,0.7232776880264282,0.7232776880264282,0.7191338539123535,training_mechanism_log_batch,results/star_v2_final/resume_300k/SafetyCarButton1-v0/star_v2/starv2_resume_300k_SafetyCarButton1_v0_selected_star_v2_star_v2_s13/mechanism.csv
SafetyCarButton1-v0,13,starv2_resume_300k_SafetyCarButton1_v0_selected_star_v2_star_v2_s13,295000,1.0,age=1-5,0.691311240196228,0.691311240196228,3.4924596548080444e-10,0.0078125,0.22044703364372253,0.5303529500961304,2.724745988845825,-2.544606104493141e-06,0.691311240196228,0.691311240196228,0.6880043148994446,training_mechanism_log_batch,results/star_v2_final/resume_300k/SafetyCarButton1-v0/star_v2/starv2_resume_300k_SafetyCarButton1_v0_selected_star_v2_star_v2_s13/mechanism.csv
SafetyCarButton1-v0,14,starv2_resume_300k_SafetyCarButton1_v0_selected_star_v2_star_v2_s14,5000,1.0,age=1-5,6.090859413146973,6.090859413146973,-1.862645149230957e-09,0.01171875,5.590188026428223,0.5237239599227905,1.93727445602417,-6.073387339711189e-07,6.090859413146973,6.090859413146973,6.016060829162598,training_mechanism_log_batch,results/star_v2_final/resume_300k/SafetyCarButton1-v0/star_v2/starv2_resume_300k_SafetyCarButton1_v0_selected_star_v2_star_v2_s14/mechanism.csv
SafetyCarButton1-v0,14,starv2_resume_300k_SafetyCarButton1_v0_selected_star_v2_star_v2_s14,10000,1.0,age=1-5,0.5058521628379822,0.5058521628379822,7.566995918750763e-10,0.015625,0.10100479423999786,0.5331008434295654,2.708369016647339,-6.185146048665047e-07,0.5058521628379822,0.5058521628379822,0.5023054480552673,training_mechanism_log_batch,results/star_v2_final/resume_300k/SafetyCarButton1-v0/star_v2/starv2_resume_300k_SafetyCarButton1_v0_selected_star_v2_star_v2_s14/mechanism.csv
SafetyCarButton1-v0,14,starv2_resume_300k_SafetyCarButton1_v0_selected_star_v2_star_v2_s14,15000,1.0,age=1-5,0.4381456971168518,0.4381456971168518,-5.820766091346741e-10,0.015625,0.10222966969013214,0.5298863649368286,2.665651798248291,-6.450572982430458e-07,0.4381456971168518,0.4381456971168518,0.43111956119537354,training_mechanism_log_batch,results/star_v2_final/resume_300k/SafetyCarButton1-v0/star_v2/starv2_resume_300k_SafetyCarButton1_v0_selected_star_v2_star_v2_s14/mechanism.csv
SafetyCarButton1-v0,14,starv2_resume_300k_SafetyCarButton1_v0_selected_star_v2_star_v2_s14,20000,1.0,age=1-5,0.34334325790405273,0.34334325790405273,-9.604264050722122e-10,0.01953125,0.07512470334768295,0.5284106731414795,2.6814770698547363,-7.558846846222878e-07,0.34334325790405273,0.34334325790405273,0.3353200852870941,training_mechanism_log_batch,results/star_v2_final/resume_300k/SafetyCarButton1-v0/star_v2/starv2_resume_300k_SafetyCarButton1_v0_selected_star_v2_star_v2_s14/mechanism.csv
SafetyCarButton1-v0,14,starv2_resume_300k_SafetyCarButton1_v0_selected_star_v2_star_v2_s14,25000,1.0,age=1-5,0.29328811168670654,0.29328811168670654,5.238689482212067e-10,0.02734375,0.0541439950466156,0.5352733731269836,2.719381809234619,-1.198495738208294e-06,0.29328811168670654,0.29328811168670654,0.2898852229118347,training_mechanism_log_batch,results/star_v2_final/resume_300k/SafetyCarButton1-v0/star_v2/starv2_resume_300k_SafetyCarButton1_v0_selected_star_v2_star_v2_s14/mechanism.csv
SafetyCarButton1-v0,14,starv2_resume_300k_SafetyCarButton1_v0_selected_star_v2_star_v2_s14,30000,1.0,age=1-5,0.3122085630893707,0.3122085630893707,0.0,0.01171875,0.056407418102025986,0.5312479138374329,2.75639009475708,-2.1548476070165634e-06,0.3122085630893707,0.3122085630893707,0.31174010038375854,training_mechanism_log_batch,results/star_v2_final/resume_300k/SafetyCarButton1-v0/star_v2/starv2_resume_300k_SafetyCarButton1_v0_selected_star_v2_star_v2_s14/mechanism.csv
SafetyCarButton1-v0,14,starv2_resume_300k_SafetyCarButton1_v0_selected_star_v2_star_v2_s14,35000,1.0,age=1-5,0.413735032081604,0.413735032081604,1.1641532182693481e-10,0.0078125,0.07734791934490204,0.5326494574546814,2.7563600540161133,-2.9976945370435715e-06,0.413735032081604,0.413735032081604,0.41310936212539673,training_mechanism_log_batch,results/star_v2_final/resume_300k/SafetyCarButton1-v0/star_v2/starv2_resume_300k_SafetyCarButton1_v0_selected_star_v2_star_v2_s14/mechanism.csv
SafetyCarButton1-v0,14,starv2_resume_300k_SafetyCarButton1_v0_selected_star_v2_star_v2_s14,40000,1.0,age=1-5,0.4774702787399292,0.4774702787399292,5.529727786779404e-10,0.0234375,0.1152411550283432,0.5338351726531982,2.727998971939087,-2.7618370950222015e-06,0.4774702787399292,0.4774702787399292,0.4749549925327301,training_mechanism_log_batch,results/star_v2_final/resume_300k/SafetyCarButton1-v0/star_v2/starv2_resume_300k_SafetyCarButton1_v0_selected_star_v2_star_v2_s14/mechanism.csv
SafetyCarButton1-v0,14,starv2_resume_300k_SafetyCarButton1_v0_selected_star_v2_star_v2_s14,45000,1.0,age=1-5,0.5411554574966431,0.5411554574966431,5.820766091346741e-11,0.01171875,0.14930850267410278,0.5323747992515564,2.7271904945373535,-2.7030473574995995e-06,0.5411554574966431,0.5411554574966431,0.5385279655456543,training_mechanism_log_batch,results/star_v2_final/resume_300k/SafetyCarButton1-v0/star_v2/starv2_resume_300k_SafetyCarButton1_v0_selected_star_v2_star_v2_s14/mechanism.csv
SafetyCarButton1-v0,14,starv2_resume_300k_SafetyCarButton1_v0_selected_star_v2_star_v2_s14,50000,1.0,age=1-5,0.532943844795227,0.532943844795227,-6.693881005048752e-10,0.00390625,0.13133959472179413,0.5366029739379883,2.7162671089172363,-2.4918699637055397e-06,0.532943844795227,0.532943844795227,0.5288031697273254,training_mechanism_log_batch,results/star_v2_final/resume_300k/SafetyCarButton1-v0/star_v2/starv2_resume_300k_SafetyCarButton1_v0_selected_star_v2_star_v2_s14/mechanism.csv
SafetyCarButton1-v0,14,starv2_resume_300k_SafetyCarButton1_v0_selected_star_v2_star_v2_s14,55000,1.0,age=1-5,0.5587340593338013,0.5587340593338013,-4.656612873077393e-10,0.0078125,0.12314007431268692,0.5334353446960449,2.733938455581665,-2.4528708308935165e-06,0.5587340593338013,0.5587340593338013,0.5564321279525757,training_mechanism_log_batch,results/star_v2_final/resume_300k/SafetyCarButton1-v0/star_v2/starv2_resume_300k_SafetyCarButton1_v0_selected_star_v2_star_v2_s14/mechanism.csv
SafetyCarButton1-v0,14,starv2_resume_300k_SafetyCarButton1_v0_selected_star_v2_star_v2_s14,60000,1.0,age=1-5,0.5748150944709778,0.5748150944709778,0.0,0.0078125,0.1391652524471283,0.5338811874389648,2.727552890777588,-3.1691743060946465e-06,0.5748150944709778,0.5748150944709778,0.5721861124038696,training_mechanism_log_batch,results/star_v2_final/resume_300k/SafetyCarButton1-v0/star_v2/starv2_resume_300k_SafetyCarButton1_v0_selected_star_v2_star_v2_s14/mechanism.csv
SafetyCarButton1-v0,14,starv2_resume_300k_SafetyCarButton1_v0_selected_star_v2_star_v2_s14,65000,1.0,age=1-5,0.6117963790893555,0.6117963790893555,-9.313225746154785e-10,0.01171875,0.16922304034233093,0.5285054445266724,2.7070369720458984,-3.0171358957886696e-06,0.6117963790893555,0.6117963790893555,0.6087865233421326,training_mechanism_log_batch,results/star_v2_final/resume_300k/SafetyCarButton1-v0/star_v2/starv2_resume_300k_SafetyCarButton1_v0_selected_star_v2_star_v2_s14/mechanism.csv
SafetyCarButton1-v0,14,starv2_resume_300k_SafetyCarButton1_v0_selected_star_v2_star_v2_s14,70000,1.0,age=1-5,0.635588526725769,0.635588526725769,1.4551915228366852e-09,0.02734375,0.178483247756958,0.5319192409515381,2.726060390472412,-3.1471718102693558e-06,0.635588526725769,0.635588526725769,0.6323436498641968,training_mechanism_log_batch,results/star_v2_final/resume_300k/SafetyCarButton1-v0/star_v2/starv2_resume_300k_SafetyCarButton1_v0_selected_star_v2_star_v2_s14/mechanism.csv
SafetyCarButton1-v0,14,starv2_resume_300k_SafetyCarButton1_v0_selected_star_v2_star_v2_s14,75000,1.0,age=1-5,0.6269937753677368,0.6269937753677368,6.984919309616089e-10,0.02734375,0.1811767965555191,0.531039834022522,2.731245994567871,-3.373716026544571e-06,0.6269937753677368,0.6269937753677368,0.6244262456893921,training_mechanism_log_batch,results/star_v2_final/resume_300k/SafetyCarButton1-v0/star_v2/starv2_resume_300k_SafetyCarButton1_v0_selected_star_v2_star_v2_s14/mechanism.csv
SafetyCarButton1-v0,14,starv2_resume_300k_SafetyCarButton1_v0_selected_star_v2_star_v2_s14,80000,1.0,age=1-5,0.6260653138160706,0.6260653138160706,5.820766091346741e-10,0.0078125,0.17499741911888123,0.5321742296218872,2.703097343444824,-3.361026756465435e-06,0.6260653138160706,0.6260653138160706,0.6211481690406799,training_mechanism_log_batch,results/star_v2_final/resume_300k/SafetyCarButton1-v0/star_v2/starv2_resume_300k_SafetyCarButton1_v0_selected_star_v2_star_v2_s14/mechanism.csv
SafetyCarButton1-v0,14,starv2_resume_300k_SafetyCarButton1_v0_selected_star_v2_star_v2_s14,85000,1.0,age=1-5,0.623384952545166,0.623384952545166,-5.820766091346741e-10,0.01953125,0.17933814227581024,0.5304707288742065,2.7114434242248535,-3.116321749985218e-06,0.623384952545166,0.623384952545166,0.6201087236404419,training_mechanism_log_batch,results/star_v2_final/resume_300k/SafetyCarButton1-v0/star_v2/starv2_resume_300k_SafetyCarButton1_v0_selected_star_v2_star_v2_s14/mechanism.csv
SafetyCarButton1-v0,14,starv2_resume_300k_SafetyCarButton1_v0_selected_star_v2_star_v2_s14,90000,1.0,age=1-5,0.6401448845863342,0.640144944190979,-1.1641532182693481e-10,0.0078125,0.1861458718776703,0.5329795479774475,2.716200351715088,-2.810847945511341e-06,0.6401448845863342,0.640144944190979,0.6364949941635132,training_mechanism_log_batch,results/star_v2_final/resume_300k/SafetyCarButton1-v0/star_v2/starv2_resume_300k_SafetyCarButton1_v0_selected_star_v2_star_v2_s14/mechanism.csv
SafetyCarButton1-v0,14,starv2_resume_300k_SafetyCarButton1_v0_selected_star_v2_star_v2_s14,95000,1.0,age=1-5,0.6213225722312927,0.6213225722312927,4.656612873077393e-10,0.0234375,0.17661547660827637,0.5321394801139832,2.733309030532837,-3.067892976105213e-06,0.6213225722312927,0.6213225722312927,0.6194400787353516,training_mechanism_log_batch,results/star_v2_final/resume_300k/SafetyCarButton1-v0/star_v2/starv2_resume_300k_SafetyCarButton1_v0_selected_star_v2_star_v2_s14/mechanism.csv
SafetyCarButton1-v0,14,starv2_resume_300k_SafetyCarButton1_v0_selected_star_v2_star_v2_s14,100000,1.0,age=1-5,0.6478872299194336,0.6478872299194336,5.820766091346741e-10,0.0234375,0.19816797971725464,0.5274639129638672,2.7272472381591797,-3.282795660197735e-06,0.6478872299194336,0.6478872299194336,0.6450841426849365,training_mechanism_log_batch,results/star_v2_final/resume_300k/SafetyCarButton1-v0/star_v2/starv2_resume_300k_SafetyCarButton1_v0_selected_star_v2_star_v2_s14/mechanism.csv
SafetyCarButton1-v0,14,starv2_resume_300k_SafetyCarButton1_v0_selected_star_v2_star_v2_s14,105000,1.0,age=1-5,0.634413480758667,0.634413480758667,0.0,0.03125,0.18948528170585632,0.5281387567520142,2.734785795211792,-3.113178536295891e-06,0.634413480758667,0.634413480758667,0.6311220526695251,training_mechanism_log_batch,results/star_v2_final/resume_300k/SafetyCarButton1-v0/star_v2/starv2_resume_300k_SafetyCarButton1_v0_selected_star_v2_star_v2_s14/mechanism.csv
SafetyCarButton1-v0,14,starv2_resume_300k_SafetyCarButton1_v0_selected_star_v2_star_v2_s14,110000,1.0,age=1-5,0.6674697995185852,0.6674697995185852,1.3387762010097504e-09,0.0234375,0.20939263701438904,0.5320203304290771,2.7273013591766357,-3.546825610101223e-06,0.6674697995185852,0.6674697995185852,0.6646081209182739,training_mechanism_log_batch,results/star_v2_final/resume_300k/SafetyCarButton1-v0/star_v2/starv2_resume_300k_SafetyCarButton1_v0_selected_star_v2_star_v2_s14/mechanism.csv
SafetyCarButton1-v0,14,starv2_resume_300k_SafetyCarButton1_v0_selected_star_v2_star_v2_s14,115000,1.0,age=1-5,0.6444599032402039,0.6444599032402039,4.656612873077393e-10,0.0390625,0.1930001676082611,0.5322220325469971,2.727647304534912,-4.03914600610733e-06,0.6444599032402039,0.6444599032402039,0.6403810381889343,training_mechanism_log_batch,results/star_v2_final/resume_300k/SafetyCarButton1-v0/star_v2/starv2_resume_300k_SafetyCarButton1_v0_selected_star_v2_star_v2_s14/mechanism.csv
SafetyCarButton1-v0,14,starv2_resume_300k_SafetyCarButton1_v0_selected_star_v2_star_v2_s14,120000,1.0,age=1-5,0.6669723987579346,0.6669723987579346,-1.862645149230957e-09,0.0234375,0.21588918566703796,0.5319278836250305,2.7134594917297363,-3.612600266933441e-06,0.6669723987579346,0.6669723987579346,0.6641254425048828,training_mechanism_log_batch,results/star_v2_final/resume_300k/SafetyCarButton1-v0/star_v2/starv2_resume_300k_SafetyCarButton1_v0_selected_star_v2_star_v2_s14/mechanism.csv
SafetyCarButton1-v0,14,starv2_resume_300k_SafetyCarButton1_v0_selected_star_v2_star_v2_s14,125000,1.0,age=1-5,0.6341090798377991,0.6341090202331543,2.3283064365386963e-10,0.0234375,0.18245196342468262,0.5323206186294556,2.7286412715911865,-3.7025893107056618e-06,0.6341090798377991,0.6341090202331543,0.6316133737564087,training_mechanism_log_batch,results/star_v2_final/resume_300k/SafetyCarButton1-v0/star_v2/starv2_resume_300k_SafetyCarButton1_v0_selected_star_v2_star_v2_s14/mechanism.csv
SafetyCarButton1-v0,14,starv2_resume_300k_SafetyCarButton1_v0_selected_star_v2_star_v2_s14,130000,1.0,age=1-5,0.6674482822418213,0.6674482822418213,4.656612873077393e-10,0.01953125,0.21264684200286865,0.5296596884727478,2.724111557006836,-3.766734153032303e-06,0.6674482822418213,0.6674482822418213,0.6649483442306519,training_mechanism_log_batch,results/star_v2_final/resume_300k/SafetyCarButton1-v0/star_v2/starv2_resume_300k_SafetyCarButton1_v0_selected_star_v2_star_v2_s14/mechanism.csv
SafetyCarButton1-v0,14,starv2_resume_300k_SafetyCarButton1_v0_selected_star_v2_star_v2_s14,135000,1.0,age=1-5,0.6300519704818726,0.6300519704818726,-1.0477378964424133e-09,0.015625,0.18060067296028137,0.5304783582687378,2.715451240539551,-3.614579327404499e-06,0.6300519704818726,0.6300519704818726,0.6252660751342773,training_mechanism_log_batch,results/star_v2_final/resume_300k/SafetyCarButton1-v0/star_v2/starv2_resume_300k_SafetyCarButton1_v0_selected_star_v2_star_v2_s14/mechanism.csv
SafetyCarButton1-v0,14,starv2_resume_300k_SafetyCarButton1_v0_selected_star_v2_star_v2_s14,140000,1.0,age=1-5,0.6163291335105896,0.6163291335105896,2.6193447411060333e-10,0.01953125,0.16781429946422577,0.5343461036682129,2.7173876762390137,-3.6570709198713303e-06,0.6163291335105896,0.6163291335105896,0.6121536493301392,training_mechanism_log_batch,results/star_v2_final/resume_300k/SafetyCarButton1-v0/star_v2/starv2_resume_300k_SafetyCarButton1_v0_selected_star_v2_star_v2_s14/mechanism.csv
SafetyCarButton1-v0,14,starv2_resume_300k_SafetyCarButton1_v0_selected_star_v2_star_v2_s14,145000,1.0,age=1-5,0.6405985355377197,0.6405985355377197,-4.656612873077393e-10,0.00390625,0.19017431139945984,0.5332596302032471,2.7240607738494873,-3.7333229556679726e-06,0.6405985355377197,0.6405985355377197,0.637315034866333,training_mechanism_log_batch,results/star_v2_final/resume_300k/SafetyCarButton1-v0/star_v2/starv2_resume_300k_SafetyCarButton1_v0_selected_star_v2_star_v2_s14/mechanism.csv
SafetyCarButton1-v0,14,starv2_resume_300k_SafetyCarButton1_v0_selected_star_v2_star_v2_s14,150000,1.0,age=1-5,0.679615318775177,0.679615318775177,2.3283064365386963e-10,0.01953125,0.21332073211669922,0.5275116562843323,2.713454246520996,-3.648572601377964e-06,0.679615318775177,0.679615318775177,0.6756303310394287,training_mechanism_log_batch,results/star_v2_final/resume_300k/SafetyCarButton1-v0/star_v2/starv2_resume_300k_SafetyCarButton1_v0_selected_star_v2_star_v2_s14/mechanism.csv
SafetyCarButton1-v0,14,starv2_resume_300k_SafetyCarButton1_v0_selected_star_v2_star_v2_s14,155000,1.0,age=1-5,0.6950538158416748,0.6950538158416748,8.731149137020111e-11,0.0234375,0.2238754779100418,0.5326039791107178,2.7097535133361816,-3.721565008163452e-06,0.6950538158416748,0.6950538158416748,0.6907492876052856,training_mechanism_log_batch,results/star_v2_final/resume_300k/SafetyCarButton1-v0/star_v2/starv2_resume_300k_SafetyCarButton1_v0_selected_star_v2_star_v2_s14/mechanism.csv
SafetyCarButton1-v0,14,starv2_resume_300k_SafetyCarButton1_v0_selected_star_v2_star_v2_s14,160000,1.0,age=1-5,0.6888233423233032,0.6888233423233032,-9.313225746154785e-10,0.0,0.21948668360710144,0.5320980548858643,2.6792454719543457,-3.7458958104252815e-06,0.6888233423233032,0.6888233423233032,0.6832003593444824,training_mechanism_log_batch,results/star_v2_final/resume_300k/SafetyCarButton1-v0/star_v2/starv2_resume_300k_SafetyCarButton1_v0_selected_star_v2_star_v2_s14/mechanism.csv
SafetyCarButton1-v0,14,starv2_resume_300k_SafetyCarButton1_v0_selected_star_v2_star_v2_s14,165000,1.0,age=1-5,0.6430658102035522,0.6430658102035522,-5.529727786779404e-10,0.01171875,0.18700961768627167,0.5290303230285645,2.708425283432007,-3.5742996260523796e-06,0.6430658102035522,0.6430658102035522,0.638913631439209,training_mechanism_log_batch,results/star_v2_final/resume_300k/SafetyCarButton1-v0/star_v2/starv2_resume_300k_SafetyCarButton1_v0_selected_star_v2_star_v2_s14/mechanism.csv
SafetyCarButton1-v0,14,starv2_resume_300k_SafetyCarButton1_v0_selected_star_v2_star_v2_s14,170000,1.0,age=1-5,0.6692910194396973,0.6692910194396973,-1.1350493878126144e-09,0.00390625,0.2030995786190033,0.531470000743866,2.7095274925231934,-3.662542439997196e-06,0.6692910194396973,0.6692910194396973,0.665605902671814,training_mechanism_log_batch,results/star_v2_final/resume_300k/SafetyCarButton1-v0/star_v2/starv2_resume_300k_SafetyCarButton1_v0_selected_star_v2_star_v2_s14/mechanism.csv
SafetyCarButton1-v0,14,starv2_resume_300k_SafetyCarButton1_v0_selected_star_v2_star_v2_s14,175000,1.0,age=1-5,0.6787821650505066,0.6787821650505066,-1.1641532182693481e-09,0.015625,0.21042828261852264,0.5337822437286377,2.7280635833740234,-4.148809239268303e-06,0.6787821650505066,0.6787821650505066,0.6754710078239441,training_mechanism_log_batch,results/star_v2_final/resume_300k/SafetyCarButton1-v0/star_v2/starv2_resume_300k_SafetyCarButton1_v0_selected_star_v2_star_v2_s14/mechanism.csv
SafetyCarButton1-v0,14,starv2_resume_300k_SafetyCarButton1_v0_selected_star_v2_star_v2_s14,180000,1.0,age=1-5,0.6812255382537842,0.6812255382537842,1.1641532182693481e-10,0.0234375,0.21169376373291016,0.5338015556335449,2.714975357055664,-4.143570549786091e-06,0.6812255382537842,0.6812255382537842,0.6777790188789368,training_mechanism_log_batch,results/star_v2_final/resume_300k/SafetyCarButton1-v0/star_v2/starv2_resume_300k_SafetyCarButton1_v0_selected_star_v2_star_v2_s14/mechanism.csv
SafetyCarButton1-v0,14,starv2_resume_300k_SafetyCarButton1_v0_selected_star_v2_star_v2_s14,185000,1.0,age=1-5,0.6973481178283691,0.6973481178283691,1.4551915228366852e-10,0.01953125,0.22455233335494995,0.5306906700134277,2.7276692390441895,-4.262314178049564e-06,0.6973481178283691,0.6973481178283691,0.693703293800354,training_mechanism_log_batch,results/star_v2_final/resume_300k/SafetyCarButton1-v0/star_v2/starv2_resume_300k_SafetyCarButton1_v0_selected_star_v2_star_v2_s14/mechanism.csv
SafetyCarButton1-v0,14,starv2_resume_300k_SafetyCarButton1_v0_selected_star_v2_star_v2_s14,190000,1.0,age=1-5,0.6591798067092896,0.6591798067092896,-1.5133991837501526e-09,0.0234375,0.19446980953216553,0.5322839021682739,2.724287509918213,-4.316912963986397e-06,0.6591798067092896,0.6591798067092896,0.6561208963394165,training_mechanism_log_batch,results/star_v2_final/resume_300k/SafetyCarButton1-v0/star_v2/starv2_resume_300k_SafetyCarButton1_v0_selected_star_v2_star_v2_s14/mechanism.csv
SafetyCarButton1-v0,14,starv2_resume_300k_SafetyCarButton1_v0_selected_star_v2_star_v2_s14,195000,1.0,age=1-5,0.671513557434082,0.671513557434082,-1.1641532182693481e-10,0.015625,0.20770040154457092,0.5281621813774109,2.7215895652770996,-3.948109224438667e-06,0.671513557434082,0.671513557434082,0.6691133975982666,training_mechanism_log_batch,results/star_v2_final/resume_300k/SafetyCarButton1-v0/star_v2/starv2_resume_300k_SafetyCarButton1_v0_selected_star_v2_star_v2_s14/mechanism.csv
SafetyCarButton1-v0,14,starv2_resume_300k_SafetyCarButton1_v0_selected_star_v2_star_v2_s14,200000,1.0,age=1-5,0.6734089851379395,0.6734089851379395,2.9103830456733704e-10,0.01953125,0.20896291732788086,0.5308625102043152,2.7336251735687256,-4.2174942791461945e-06,0.6734089851379395,0.6734089851379395,0.67043536901474,training_mechanism_log_batch,results/star_v2_final/resume_300k/SafetyCarButton1-v0/star_v2/starv2_resume_300k_SafetyCarButton1_v0_selected_star_v2_star_v2_s14/mechanism.csv
SafetyCarButton1-v0,14,starv2_resume_300k_SafetyCarButton1_v0_selected_star_v2_star_v2_s14,205000,1.0,age=1-5,0.6711614727973938,0.6711614727973938,0.0,0.0234375,0.20601624250411987,0.5337001085281372,2.7175183296203613,-3.6482233554124832e-06,0.6711614727973938,0.6711614727973938,0.6673792600631714,training_mechanism_log_batch,results/star_v2_final/resume_300k/SafetyCarButton1-v0/star_v2/starv2_resume_300k_SafetyCarButton1_v0_selected_star_v2_star_v2_s14/mechanism.csv
SafetyCarButton1-v0,14,starv2_resume_300k_SafetyCarButton1_v0_selected_star_v2_star_v2_s14,210000,1.0,age=1-5,0.7028153538703918,0.7028153538703918,-1.280568540096283e-09,0.015625,0.23467186093330383,0.529321014881134,2.7213969230651855,-3.8015423342585564e-06,0.7028153538703918,0.7028153538703918,0.6999857425689697,training_mechanism_log_batch,results/star_v2_final/resume_300k/SafetyCarButton1-v0/star_v2/starv2_resume_300k_SafetyCarButton1_v0_selected_star_v2_star_v2_s14/mechanism.csv
SafetyCarButton1-v0,14,starv2_resume_300k_SafetyCarButton1_v0_selected_star_v2_star_v2_s14,215000,1.0,age=1-5,0.6751444935798645,0.6751444935798645,2.9103830456733704e-10,0.02734375,0.20554551482200623,0.5300641059875488,2.7189817428588867,-4.225526936352253e-06,0.6751444935798645,0.6751444935798645,0.6717467308044434,training_mechanism_log_batch,results/star_v2_final/resume_300k/SafetyCarButton1-v0/star_v2/starv2_resume_300k_SafetyCarButton1_v0_selected_star_v2_star_v2_s14/mechanism.csv
SafetyCarButton1-v0,14,starv2_resume_300k_SafetyCarButton1_v0_selected_star_v2_star_v2_s14,220000,1.0,age=1-5,0.7028912305831909,0.7028912305831909,-8.149072527885437e-10,0.0234375,0.22717531025409698,0.5294202566146851,2.742964029312134,-4.144385457038879e-06,0.7028912305831909,0.7028912305831909,0.7002683877944946,training_mechanism_log_batch,results/star_v2_final/resume_300k/SafetyCarButton1-v0/star_v2/starv2_resume_300k_SafetyCarButton1_v0_selected_star_v2_star_v2_s14/mechanism.csv
SafetyCarButton1-v0,14,starv2_resume_300k_SafetyCarButton1_v0_selected_star_v2_star_v2_s14,225000,1.0,age=1-5,0.6899561882019043,0.6899561882019043,1.1641532182693481e-10,0.0234375,0.2205493450164795,0.533899188041687,2.7292280197143555,-3.9834994822740555e-06,0.6899561882019043,0.6899561882019043,0.6864538192749023,training_mechanism_log_batch,results/star_v2_final/resume_300k/SafetyCarButton1-v0/star_v2/starv2_resume_300k_SafetyCarButton1_v0_selected_star_v2_star_v2_s14/mechanism.csv
SafetyCarButton1-v0,14,starv2_resume_300k_SafetyCarButton1_v0_selected_star_v2_star_v2_s14,230000,1.0,age=1-5,0.712733268737793,0.712733268737793,9.313225746154785e-10,0.02734375,0.2392427623271942,0.5263279676437378,2.6941657066345215,-4.209112375974655e-06,0.712733268737793,0.712733268737793,0.709199070930481,training_mechanism_log_batch,results/star_v2_final/resume_300k/SafetyCarButton1-v0/star_v2/starv2_resume_300k_SafetyCarButton1_v0_selected_star_v2_star_v2_s14/mechanism.csv
SafetyCarButton1-v0,14,starv2_resume_300k_SafetyCarButton1_v0_selected_star_v2_star_v2_s14,235000,1.0,age=1-5,0.7003558874130249,0.7003558874130249,1.979060471057892e-09,0.02734375,0.22700044512748718,0.5296827554702759,2.720634937286377,-4.2750034481287e-06,0.7003558874130249,0.7003558874130249,0.6959871053695679,training_mechanism_log_batch,results/star_v2_final/resume_300k/SafetyCarButton1-v0/star_v2/starv2_resume_300k_SafetyCarButton1_v0_selected_star_v2_star_v2_s14/mechanism.csv
SafetyCarButton1-v0,14,starv2_resume_300k_SafetyCarButton1_v0_selected_star_v2_star_v2_s14,240000,1.0,age=1-5,0.682428240776062,0.682428240776062,-9.313225746154785e-10,0.01953125,0.21259233355522156,0.5278548002243042,2.7079007625579834,-3.7606805562973022e-06,0.682428240776062,0.682428240776062,0.6782439351081848,training_mechanism_log_batch,results/star_v2_final/resume_300k/SafetyCarButton1-v0/star_v2/starv2_resume_300k_SafetyCarButton1_v0_selected_star_v2_star_v2_s14/mechanism.csv
SafetyCarButton1-v0,14,starv2_resume_300k_SafetyCarButton1_v0_selected_star_v2_star_v2_s14,245000,1.0,age=1-5,0.6935231685638428,0.6935231685638428,1.5133991837501526e-09,0.03515625,0.23002909123897552,0.5322880148887634,2.709552764892578,-3.7887366488575935e-06,0.6935231685638428,0.6935231685638428,0.6899360418319702,training_mechanism_log_batch,results/star_v2_final/resume_300k/SafetyCarButton1-v0/star_v2/starv2_resume_300k_SafetyCarButton1_v0_selected_star_v2_star_v2_s14/mechanism.csv
SafetyCarButton1-v0,14,starv2_resume_300k_SafetyCarButton1_v0_selected_star_v2_star_v2_s14,250000,1.0,age=1-5,0.7006562948226929,0.7006562948226929,5.820766091346741e-10,0.015625,0.22520233690738678,0.5331296324729919,2.7214930057525635,-3.7243589758872986e-06,0.7006562948226929,0.7006562948226929,0.6969166994094849,training_mechanism_log_batch,results/star_v2_final/resume_300k/SafetyCarButton1-v0/star_v2/starv2_resume_300k_SafetyCarButton1_v0_selected_star_v2_star_v2_s14/mechanism.csv
SafetyCarButton1-v0,14,starv2_resume_300k_SafetyCarButton1_v0_selected_star_v2_star_v2_s14,255000,1.0,age=1-5,0.7013562917709351,0.7013562917709351,-4.656612873077393e-10,0.01171875,0.22383108735084534,0.527230978012085,2.7134103775024414,-4.265923053026199e-06,0.7013562917709351,0.7013562917709351,0.6966748237609863,training_mechanism_log_batch,results/star_v2_final/resume_300k/SafetyCarButton1-v0/star_v2/starv2_resume_300k_SafetyCarButton1_v0_selected_star_v2_star_v2_s14/mechanism.csv
SafetyCarButton1-v0,14,starv2_resume_300k_SafetyCarButton1_v0_selected_star_v2_star_v2_s14,260000,1.0,age=1-5,0.7072605490684509,0.7072605490684509,-2.9103830456733704e-10,0.01953125,0.2272522747516632,0.5313490629196167,2.7125470638275146,-3.714580088853836e-06,0.7072605490684509,0.7072605490684509,0.703088104724884,training_mechanism_log_batch,results/star_v2_final/resume_300k/SafetyCarButton1-v0/star_v2/starv2_resume_300k_SafetyCarButton1_v0_selected_star_v2_star_v2_s14/mechanism.csv
SafetyCarButton1-v0,14,starv2_resume_300k_SafetyCarButton1_v0_selected_star_v2_star_v2_s14,265000,1.0,age=1-5,0.7066578269004822,0.7066578269004822,-8.149072527885437e-10,0.0234375,0.229024738073349,0.5313227772712708,2.68876314163208,-3.8584694266319275e-06,0.7066578269004822,0.7066578269004822,0.7009751200675964,training_mechanism_log_batch,results/star_v2_final/resume_300k/SafetyCarButton1-v0/star_v2/starv2_resume_300k_SafetyCarButton1_v0_selected_star_v2_star_v2_s14/mechanism.csv
SafetyCarButton1-v0,14,starv2_resume_300k_SafetyCarButton1_v0_selected_star_v2_star_v2_s14,270000,1.0,age=1-5,0.7141894698143005,0.7141894698143005,5.820766091346741e-10,0.0234375,0.23195704817771912,0.5295641422271729,2.7166972160339355,-3.709224984049797e-06,0.7141894698143005,0.7141894698143005,0.7097072601318359,training_mechanism_log_batch,results/star_v2_final/resume_300k/SafetyCarButton1-v0/star_v2/starv2_resume_300k_SafetyCarButton1_v0_selected_star_v2_star_v2_s14/mechanism.csv
SafetyCarButton1-v0,14,starv2_resume_300k_SafetyCarButton1_v0_selected_star_v2_star_v2_s14,275000,1.0,age=1-5,0.7280299663543701,0.7280299663543701,5.820766091346741e-10,0.0234375,0.246232807636261,0.5334770679473877,2.692797899246216,-3.833090886473656e-06,0.7280299663543701,0.7280299663543701,0.7230570316314697,training_mechanism_log_batch,results/star_v2_final/resume_300k/SafetyCarButton1-v0/star_v2/starv2_resume_300k_SafetyCarButton1_v0_selected_star_v2_star_v2_s14/mechanism.csv
SafetyCarButton1-v0,14,starv2_resume_300k_SafetyCarButton1_v0_selected_star_v2_star_v2_s14,280000,1.0,age=1-5,0.7046827077865601,0.7046827077865601,4.656612873077393e-10,0.015625,0.22321607172489166,0.5333694219589233,2.6996450424194336,-4.17057890444994e-06,0.7046827077865601,0.7046827077865601,0.699977695941925,training_mechanism_log_batch,results/star_v2_final/resume_300k/SafetyCarButton1-v0/star_v2/starv2_resume_300k_SafetyCarButton1_v0_selected_star_v2_star_v2_s14/mechanism.csv
SafetyCarButton1-v0,14,starv2_resume_300k_SafetyCarButton1_v0_selected_star_v2_star_v2_s14,285000,1.0,age=1-5,0.7327135801315308,0.7327135801315308,8.149072527885437e-10,0.01953125,0.2523908019065857,0.5313726663589478,2.7276010513305664,-4.193978384137154e-06,0.7327135801315308,0.7327135801315308,0.7300469279289246,training_mechanism_log_batch,results/star_v2_final/resume_300k/SafetyCarButton1-v0/star_v2/starv2_resume_300k_SafetyCarButton1_v0_selected_star_v2_star_v2_s14/mechanism.csv
SafetyCarButton1-v0,14,starv2_resume_300k_SafetyCarButton1_v0_selected_star_v2_star_v2_s14,290000,1.0,age=1-5,0.7289016246795654,0.7289016246795654,0.0,0.0078125,0.2464907020330429,0.5336330533027649,2.714852809906006,-3.963010385632515e-06,0.7289016246795654,0.7289016246795654,0.7250603437423706,training_mechanism_log_batch,results/star_v2_final/resume_300k/SafetyCarButton1-v0/star_v2/starv2_resume_300k_SafetyCarButton1_v0_selected_star_v2_star_v2_s14/mechanism.csv
SafetyCarButton1-v0,14,starv2_resume_300k_SafetyCarButton1_v0_selected_star_v2_star_v2_s14,295000,1.0,age=1-5,0.6993260383605957,0.6993260383605957,-2.3283064365386963e-10,0.0234375,0.22187305986881256,0.5307018160820007,2.7198379039764404,-3.3118994906544685e-06,0.6993260383605957,0.6993260383605957,0.6952173113822937,training_mechanism_log_batch,results/star_v2_final/resume_300k/SafetyCarButton1-v0/star_v2/starv2_resume_300k_SafetyCarButton1_v0_selected_star_v2_star_v2_s14/mechanism.csv
SafetyCarGoal1-v0,10,starv2_core_100k_SafetyCarGoal1_v0_selected_star_v2_star_v2_s10,100000,1.0,age=1-5,0.24308499693870544,0.24308499693870544,-1.8917489796876907e-10,0.01171875,0.04237353056669235,0.5310723781585693,2.770570755004883,-9.27166547626257e-06,0.24308499693870544,0.24308499693870544,0.24310621619224548,training_mechanism_log_batch,results/star_v2_final/resume_300k/SafetyCarGoal1-v0/star_v2/starv2_core_100k_SafetyCarGoal1_v0_selected_star_v2_star_v2_s10/mechanism.csv
SafetyCarGoal1-v0,10,starv2_core_100k_SafetyCarGoal1_v0_selected_star_v2_star_v2_s10,105000,1.0,age=1-5,0.22762513160705566,0.22762513160705566,6.83940015733242e-10,0.05078125,0.03578394651412964,0.5317144989967346,2.771420955657959,-7.059657946228981e-06,0.22762513160705566,0.22762513160705566,0.2275427281856537,training_mechanism_log_batch,results/star_v2_final/resume_300k/SafetyCarGoal1-v0/star_v2/starv2_core_100k_SafetyCarGoal1_v0_selected_star_v2_star_v2_s10/mechanism.csv
SafetyCarGoal1-v0,10,starv2_core_100k_SafetyCarGoal1_v0_selected_star_v2_star_v2_s10,110000,1.0,age=1-5,0.24655327200889587,0.24655327200889587,8.731149137020111e-11,0.015625,0.04759310185909271,0.5312652587890625,2.771608591079712,-8.66735354065895e-06,0.24655327200889587,0.24655327200889587,0.2465428113937378,training_mechanism_log_batch,results/star_v2_final/resume_300k/SafetyCarGoal1-v0/star_v2/starv2_core_100k_SafetyCarGoal1_v0_selected_star_v2_star_v2_s10/mechanism.csv
SafetyCarGoal1-v0,10,starv2_core_100k_SafetyCarGoal1_v0_selected_star_v2_star_v2_s10,115000,1.0,age=1-5,0.25081053376197815,0.25081053376197815,2.9103830456733704e-11,0.0078125,0.04662248119711876,0.5311745405197144,2.7711029052734375,-7.377704605460167e-06,0.25081053376197815,0.25081053376197815,0.2507166266441345,training_mechanism_log_batch,results/star_v2_final/resume_300k/SafetyCarGoal1-v0/star_v2/starv2_core_100k_SafetyCarGoal1_v0_selected_star_v2_star_v2_s10/mechanism.csv
SafetyCarGoal1-v0,10,starv2_core_100k_SafetyCarGoal1_v0_selected_star_v2_star_v2_s10,120000,1.0,age=1-5,0.22418907284736633,0.22418907284736633,-1.8917489796876907e-10,0.015625,0.03795989975333214,0.5314335823059082,2.7709879875183105,-8.473172783851624e-06,0.22418907284736633,0.22418907284736633,0.22398348152637482,training_mechanism_log_batch,results/star_v2_final/resume_300k/SafetyCarGoal1-v0/star_v2/starv2_core_100k_SafetyCarGoal1_v0_selected_star_v2_star_v2_s10/mechanism.csv
SafetyCarGoal1-v0,10,starv2_core_100k_SafetyCarGoal1_v0_selected_star_v2_star_v2_s10,125000,1.0,age=1-5,0.265865683555603,0.265865683555603,3.92901711165905e-10,0.0234375,0.04985014721751213,0.5316241979598999,2.770411729812622,-6.593065336346626e-06,0.265865683555603,0.265865683555603,0.26569482684135437,training_mechanism_log_batch,results/star_v2_final/resume_300k/SafetyCarGoal1-v0/star_v2/starv2_core_100k_SafetyCarGoal1_v0_selected_star_v2_star_v2_s10/mechanism.csv
SafetyCarGoal1-v0,10,starv2_core_100k_SafetyCarGoal1_v0_selected_star_v2_star_v2_s10,130000,1.0,age=1-5,0.2548627257347107,0.2548627257347107,-5.238689482212067e-10,0.01953125,0.04446638375520706,0.5309849977493286,2.77133846282959,-7.158960215747356e-06,0.2548627257347107,0.2548627257347107,0.2548799514770508,training_mechanism_log_batch,results/star_v2_final/resume_300k/SafetyCarGoal1-v0/star_v2/starv2_core_100k_SafetyCarGoal1_v0_selected_star_v2_star_v2_s10/mechanism.csv
SafetyCarGoal1-v0,10,starv2_core_100k_SafetyCarGoal1_v0_selected_star_v2_star_v2_s10,135000,1.0,age=1-5,0.23628859221935272,0.23628859221935272,-5.820766091346741e-11,0.015625,0.043632179498672485,0.5316706895828247,2.771495819091797,-6.77409116178751e-06,0.23628859221935272,0.23628859221935272,0.23632600903511047,training_mechanism_log_batch,results/star_v2_final/resume_300k/SafetyCarGoal1-v0/star_v2/starv2_core_100k_SafetyCarGoal1_v0_selected_star_v2_star_v2_s10/mechanism.csv
SafetyCarGoal1-v0,10,starv2_core_100k_SafetyCarGoal1_v0_selected_star_v2_star_v2_s10,140000,1.0,age=1-5,0.26697930693626404,0.26697930693626404,4.0745362639427185e-10,0.015625,0.05714913457632065,0.531213104724884,2.770533800125122,-6.668968126177788e-06,0.26697930693626404,0.26697930693626404,0.266889750957489,training_mechanism_log_batch,results/star_v2_final/resume_300k/SafetyCarGoal1-v0/star_v2/starv2_core_100k_SafetyCarGoal1_v0_selected_star_v2_star_v2_s10/mechanism.csv
SafetyCarGoal1-v0,10,starv2_core_100k_SafetyCarGoal1_v0_selected_star_v2_star_v2_s10,145000,1.0,age=1-5,0.294134259223938,0.294134259223938,-1.4551915228366852e-10,0.02734375,0.06269939988851547,0.5312510132789612,2.7709672451019287,-7.98678956925869e-06,0.294134259223938,0.294134259223938,0.2940479516983032,training_mechanism_log_batch,results/star_v2_final/resume_300k/SafetyCarGoal1-v0/star_v2/starv2_core_100k_SafetyCarGoal1_v0_selected_star_v2_star_v2_s10/mechanism.csv
SafetyCarGoal1-v0,10,starv2_core_100k_SafetyCarGoal1_v0_selected_star_v2_star_v2_s10,150000,1.0,age=1-5,0.24766433238983154,0.24766433238983154,1.7462298274040222e-10,0.01953125,0.044711366295814514,0.531059741973877,2.7715044021606445,-6.8552326411008835e-06,0.24766433238983154,0.24766433238983154,0.24768231809139252,training_mechanism_log_batch,results/star_v2_final/resume_300k/SafetyCarGoal1-v0/star_v2/starv2_core_100k_SafetyCarGoal1_v0_selected_star_v2_star_v2_s10/mechanism.csv
SafetyCarGoal1-v0,10,starv2_core_100k_SafetyCarGoal1_v0_selected_star_v2_star_v2_s10,155000,1.0,age=1-5,0.23793146014213562,0.23793146014213562,-3.4924596548080444e-10,0.01953125,0.04433376342058182,0.531393826007843,2.771226406097412,-7.53370113670826e-06,0.23793146014213562,0.23793146014213562,0.23788851499557495,training_mechanism_log_batch,results/star_v2_final/resume_300k/SafetyCarGoal1-v0/star_v2/starv2_core_100k_SafetyCarGoal1_v0_selected_star_v2_star_v2_s10/mechanism.csv
SafetyCarGoal1-v0,10,starv2_core_100k_SafetyCarGoal1_v0_selected_star_v2_star_v2_s10,160000,1.0,age=1-5,0.27025002241134644,0.27025002241134644,2.6193447411060333e-10,0.02734375,0.05128905922174454,0.530987024307251,2.770822763442993,-6.659422069787979e-06,0.27025002241134644,0.27025002241134644,0.2703128755092621,training_mechanism_log_batch,results/star_v2_final/resume_300k/SafetyCarGoal1-v0/star_v2/starv2_core_100k_SafetyCarGoal1_v0_selected_star_v2_star_v2_s10/mechanism.csv
SafetyCarGoal1-v0,10,starv2_core_100k_SafetyCarGoal1_v0_selected_star_v2_star_v2_s10,165000,1.0,age=1-5,0.25386130809783936,0.25386130809783936,-6.693881005048752e-10,0.01171875,0.053981177508831024,0.5315614342689514,2.7693352699279785,-6.787129677832127e-06,0.25386130809783936,0.25386130809783936,0.2536582946777344,training_mechanism_log_batch,results/star_v2_final/resume_300k/SafetyCarGoal1-v0/star_v2/starv2_core_100k_SafetyCarGoal1_v0_selected_star_v2_star_v2_s10/mechanism.csv
SafetyCarGoal1-v0,10,starv2_core_100k_SafetyCarGoal1_v0_selected_star_v2_star_v2_s10,170000,1.0,age=1-5,0.2573719322681427,0.2573719322681427,-6.111804395914078e-10,0.01953125,0.05085211247205734,0.5313127040863037,2.771512746810913,-7.243710570037365e-06,0.2573719322681427,0.2573719322681427,0.2573099434375763,training_mechanism_log_batch,results/star_v2_final/resume_300k/SafetyCarGoal1-v0/star_v2/starv2_core_100k_SafetyCarGoal1_v0_selected_star_v2_star_v2_s10/mechanism.csv
SafetyCarGoal1-v0,10,starv2_core_100k_SafetyCarGoal1_v0_selected_star_v2_star_v2_s10,175000,1.0,age=1-5,0.233019158244133,0.233019158244133,8.731149137020111e-11,0.01953125,0.03011414036154747,0.5308448672294617,2.7695605754852295,-7.128110155463219e-06,0.233019158244133,0.233019158244133,0.23293398320674896,training_mechanism_log_batch,results/star_v2_final/resume_300k/SafetyCarGoal1-v0/star_v2/starv2_core_100k_SafetyCarGoal1_v0_selected_star_v2_star_v2_s10/mechanism.csv
SafetyCarGoal1-v0,10,starv2_core_100k_SafetyCarGoal1_v0_selected_star_v2_star_v2_s10,180000,1.0,age=1-5,0.28422975540161133,0.28422975540161133,-2.9103830456733704e-10,0.01171875,0.054589126259088516,0.5310146808624268,2.7712819576263428,-7.821479812264442e-06,0.28422975540161133,0.28422975540161133,0.2842296361923218,training_mechanism_log_batch,results/star_v2_final/resume_300k/SafetyCarGoal1-v0/star_v2/starv2_core_100k_SafetyCarGoal1_v0_selected_star_v2_star_v2_s10/mechanism.csv
SafetyCarGoal1-v0,10,starv2_core_100k_SafetyCarGoal1_v0_selected_star_v2_star_v2_s10,185000,1.0,age=1-5,0.24287152290344238,0.24287152290344238,8.149072527885437e-10,0.03515625,0.04335726052522659,0.5309597253799438,2.771270990371704,-7.3659466579556465e-06,0.24287152290344238,0.24287152290344238,0.24283713102340698,training_mechanism_log_batch,results/star_v2_final/resume_300k/SafetyCarGoal1-v0/star_v2/starv2_core_100k_SafetyCarGoal1_v0_selected_star_v2_star_v2_s10/mechanism.csv
SafetyCarGoal1-v0,10,starv2_core_100k_SafetyCarGoal1_v0_selected_star_v2_star_v2_s10,190000,1.0,age=1-5,0.27038902044296265,0.27038902044296265,-1.4551915228366852e-10,0.0234375,0.05659669265151024,0.5312426686286926,2.7693328857421875,-8.19377601146698e-06,0.27038902044296265,0.27038902044296265,0.2701687514781952,training_mechanism_log_batch,results/star_v2_final/resume_300k/SafetyCarGoal1-v0/star_v2/starv2_core_100k_SafetyCarGoal1_v0_selected_star_v2_star_v2_s10/mechanism.csv
SafetyCarGoal1-v0,10,starv2_core_100k_SafetyCarGoal1_v0_selected_star_v2_star_v2_s10,195000,1.0,age=1-5,0.30919671058654785,0.30919671058654785,1.1641532182693481e-10,0.0078125,0.07441601157188416,0.5309690237045288,2.770829677581787,-8.805189281702042e-06,0.30919671058654785,0.30919671058654785,0.30927717685699463,training_mechanism_log_batch,results/star_v2_final/resume_300k/SafetyCarGoal1-v0/star_v2/starv2_core_100k_SafetyCarGoal1_v0_selected_star_v2_star_v2_s10/mechanism.csv
SafetyCarGoal1-v0,10,starv2_core_100k_SafetyCarGoal1_v0_selected_star_v2_star_v2_s10,200000,1.0,age=1-5,0.2476683259010315,0.2476683259010315,-1.4551915228366852e-10,0.01171875,0.03885461017489433,0.5314249992370605,2.7711596488952637,-7.984810508787632e-06,0.2476683259010315,0.2476683259010315,0.24758076667785645,training_mechanism_log_batch,results/star_v2_final/resume_300k/SafetyCarGoal1-v0/star_v2/starv2_core_100k_SafetyCarGoal1_v0_selected_star_v2_star_v2_s10/mechanism.csv
SafetyCarGoal1-v0,10,starv2_core_100k_SafetyCarGoal1_v0_selected_star_v2_star_v2_s10,205000,1.0,age=1-5,0.236419677734375,0.236419677734375,-4.94765117764473e-10,0.015625,0.031214017421007156,0.5313125848770142,2.771169662475586,-7.870723493397236e-06,0.236419677734375,0.236419677734375,0.23636281490325928,training_mechanism_log_batch,results/star_v2_final/resume_300k/SafetyCarGoal1-v0/star_v2/starv2_core_100k_SafetyCarGoal1_v0_selected_star_v2_star_v2_s10/mechanism.csv
SafetyCarGoal1-v0,10,starv2_core_100k_SafetyCarGoal1_v0_selected_star_v2_star_v2_s10,210000,1.0,age=1-5,0.27223333716392517,0.27223333716392517,-3.7834979593753815e-10,0.01953125,0.04821038991212845,0.5312831401824951,2.7698352336883545,-8.997274562716484e-06,0.27223333716392517,0.27223333716392517,0.2719767093658447,training_mechanism_log_batch,results/star_v2_final/resume_300k/SafetyCarGoal1-v0/star_v2/starv2_core_100k_SafetyCarGoal1_v0_selected_star_v2_star_v2_s10/mechanism.csv
SafetyCarGoal1-v0,10,starv2_core_100k_SafetyCarGoal1_v0_selected_star_v2_star_v2_s10,215000,1.0,age=1-5,0.30188602209091187,0.30188602209091187,-2.9103830456733704e-10,0.01953125,0.06379017978906631,0.5311151742935181,2.770148754119873,-8.21810681372881e-06,0.30188602209091187,0.30188602209091187,0.3018016815185547,training_mechanism_log_batch,results/star_v2_final/resume_300k/SafetyCarGoal1-v0/star_v2/starv2_core_100k_SafetyCarGoal1_v0_selected_star_v2_star_v2_s10/mechanism.csv
SafetyCarGoal1-v0,10,starv2_core_100k_SafetyCarGoal1_v0_selected_star_v2_star_v2_s10,220000,1.0,age=1-5,0.2578628361225128,0.2578628361225128,-2.9103830456733704e-11,0.01171875,0.03934192657470703,0.5309642553329468,2.771169662475586,-8.595408871769905e-06,0.2578628361225128,0.2578628361225128,0.2577822804450989,training_mechanism_log_batch,results/star_v2_final/resume_300k/SafetyCarGoal1-v0/star_v2/starv2_core_100k_SafetyCarGoal1_v0_selected_star_v2_star_v2_s10/mechanism.csv
SafetyCarGoal1-v0,10,starv2_core_100k_SafetyCarGoal1_v0_selected_star_v2_star_v2_s10,225000,1.0,age=1-5,0.30995750427246094,0.30995750427246094,-5.820766091346741e-11,0.015625,0.06902424991130829,0.5317010879516602,2.7713418006896973,-7.2158873081207275e-06,0.30995750427246094,0.30995750427246094,0.30989739298820496,training_mechanism_log_batch,results/star_v2_final/resume_300k/SafetyCarGoal1-v0/star_v2/starv2_core_100k_SafetyCarGoal1_v0_selected_star_v2_star_v2_s10/mechanism.csv
SafetyCarGoal1-v0,10,starv2_core_100k_SafetyCarGoal1_v0_selected_star_v2_star_v2_s10,230000,1.0,age=1-5,0.3200509250164032,0.3200509250164032,-2.6193447411060333e-10,0.0078125,0.06753914058208466,0.5309233665466309,2.771019458770752,-8.09959601610899e-06,0.3200509250164032,0.3200509250164032,0.31992924213409424,training_mechanism_log_batch,results/star_v2_final/resume_300k/SafetyCarGoal1-v0/star_v2/starv2_core_100k_SafetyCarGoal1_v0_selected_star_v2_star_v2_s10/mechanism.csv
SafetyCarGoal1-v0,10,starv2_core_100k_SafetyCarGoal1_v0_selected_star_v2_star_v2_s10,235000,1.0,age=1-5,0.2855847179889679,0.2855847179889679,5.820766091346741e-11,0.0234375,0.047718264162540436,0.5313593149185181,2.7708332538604736,-7.656053639948368e-06,0.2855847179889679,0.2855847179889679,0.28548091650009155,training_mechanism_log_batch,results/star_v2_final/resume_300k/SafetyCarGoal1-v0/star_v2/starv2_core_100k_SafetyCarGoal1_v0_selected_star_v2_star_v2_s10/mechanism.csv
SafetyCarGoal1-v0,10,starv2_core_100k_SafetyCarGoal1_v0_selected_star_v2_star_v2_s10,240000,1.0,age=1-5,0.2507399320602417,0.2507399320602417,3.4924596548080444e-10,0.015625,0.03721851482987404,0.5314736366271973,2.7713844776153564,-8.297967724502087e-06,0.2507399320602417,0.2507399320602417,0.2506568431854248,training_mechanism_log_batch,results/star_v2_final/resume_300k/SafetyCarGoal1-v0/star_v2/starv2_core_100k_SafetyCarGoal1_v0_selected_star_v2_star_v2_s10/mechanism.csv
SafetyCarGoal1-v0,10,starv2_core_100k_SafetyCarGoal1_v0_selected_star_v2_star_v2_s10,245000,1.0,age=1-5,0.26735401153564453,0.26735401153564453,5.820766091346741e-11,0.01171875,0.04321107640862465,0.5320169925689697,2.770265579223633,-8.115428499877453e-06,0.26735401153564453,0.26735401153564453,0.2672211527824402,training_mechanism_log_batch,results/star_v2_final/resume_300k/SafetyCarGoal1-v0/star_v2/starv2_core_100k_SafetyCarGoal1_v0_selected_star_v2_star_v2_s10/mechanism.csv
SafetyCarGoal1-v0,10,starv2_core_100k_SafetyCarGoal1_v0_selected_star_v2_star_v2_s10,250000,1.0,age=1-5,0.27806729078292847,0.27806729078292847,2.0372681319713593e-10,0.02734375,0.05187935009598732,0.5318285822868347,2.770688772201538,-7.998896762728691e-06,0.27806729078292847,0.27806729078292847,0.2780311703681946,training_mechanism_log_batch,results/star_v2_final/resume_300k/SafetyCarGoal1-v0/star_v2/starv2_core_100k_SafetyCarGoal1_v0_selected_star_v2_star_v2_s10/mechanism.csv
SafetyCarGoal1-v0,10,starv2_core_100k_SafetyCarGoal1_v0_selected_star_v2_star_v2_s10,255000,1.0,age=1-5,0.28191202878952026,0.28191202878952026,3.4924596548080444e-10,0.03125,0.05227867141366005,0.5312681198120117,2.770521640777588,-8.042086847126484e-06,0.28191202878952026,0.28191202878952026,0.2819194197654724,training_mechanism_log_batch,results/star_v2_final/resume_300k/SafetyCarGoal1-v0/star_v2/starv2_core_100k_SafetyCarGoal1_v0_selected_star_v2_star_v2_s10/mechanism.csv
SafetyCarGoal1-v0,10,starv2_core_100k_SafetyCarGoal1_v0_selected_star_v2_star_v2_s10,260000,1.0,age=1-5,0.2889108955860138,0.2889108955860138,-8.149072527885437e-10,0.01171875,0.0527481772005558,0.5313843488693237,2.7716305255889893,-9.10530798137188e-06,0.2889108955860138,0.2889108955860138,0.2888137102127075,training_mechanism_log_batch,results/star_v2_final/resume_300k/SafetyCarGoal1-v0/star_v2/starv2_core_100k_SafetyCarGoal1_v0_selected_star_v2_star_v2_s10/mechanism.csv
SafetyCarGoal1-v0,10,starv2_core_100k_SafetyCarGoal1_v0_selected_star_v2_star_v2_s10,265000,1.0,age=1-5,0.30972355604171753,0.30972355604171753,2.9103830456733704e-10,0.0078125,0.06349717825651169,0.5310876965522766,2.7711305618286133,-7.451977580785751e-06,0.30972355604171753,0.30972355604171753,0.3095795810222626,training_mechanism_log_batch,results/star_v2_final/resume_300k/SafetyCarGoal1-v0/star_v2/starv2_core_100k_SafetyCarGoal1_v0_selected_star_v2_star_v2_s10/mechanism.csv
SafetyCarGoal1-v0,10,starv2_core_100k_SafetyCarGoal1_v0_selected_star_v2_star_v2_s10,270000,1.0,age=1-5,0.30295342206954956,0.30295342206954956,5.529727786779404e-10,0.0234375,0.06610847264528275,0.5321978330612183,2.767392158508301,-7.834169082343578e-06,0.30295342206954956,0.30295342206954956,0.3027361035346985,training_mechanism_log_batch,results/star_v2_final/resume_300k/SafetyCarGoal1-v0/star_v2/starv2_core_100k_SafetyCarGoal1_v0_selected_star_v2_star_v2_s10/mechanism.csv
SafetyCarGoal1-v0,10,starv2_core_100k_SafetyCarGoal1_v0_selected_star_v2_star_v2_s10,275000,1.0,age=1-5,0.2981870174407959,0.2981870174407959,2.9103830456733704e-11,0.015625,0.05352339521050453,0.5314663648605347,2.7711021900177,-7.69016332924366e-06,0.2981870174407959,0.2981870174407959,0.2981780171394348,training_mechanism_log_batch,results/star_v2_final/resume_300k/SafetyCarGoal1-v0/star_v2/starv2_core_100k_SafetyCarGoal1_v0_selected_star_v2_star_v2_s10/mechanism.csv
SafetyCarGoal1-v0,10,starv2_core_100k_SafetyCarGoal1_v0_selected_star_v2_star_v2_s10,280000,1.0,age=1-5,0.2816550135612488,0.2816550135612488,-7.566995918750763e-10,0.0078125,0.04743310809135437,0.5308597087860107,2.770545482635498,-8.59179999679327e-06,0.2816550135612488,0.2816550135612488,0.2814951539039612,training_mechanism_log_batch,results/star_v2_final/resume_300k/SafetyCarGoal1-v0/star_v2/starv2_core_100k_SafetyCarGoal1_v0_selected_star_v2_star_v2_s10/mechanism.csv
SafetyCarGoal1-v0,10,starv2_core_100k_SafetyCarGoal1_v0_selected_star_v2_star_v2_s10,285000,1.0,age=1-5,0.2978796362876892,0.2978796362876892,0.0,0.0234375,0.058042336255311966,0.5315624475479126,2.7711846828460693,-7.161754183471203e-06,0.2978796362876892,0.2978796362876892,0.2977392375469208,training_mechanism_log_batch,results/star_v2_final/resume_300k/SafetyCarGoal1-v0/star_v2/starv2_core_100k_SafetyCarGoal1_v0_selected_star_v2_star_v2_s10/mechanism.csv
SafetyCarGoal1-v0,10,starv2_core_100k_SafetyCarGoal1_v0_selected_star_v2_star_v2_s10,290000,1.0,age=1-5,0.3017127513885498,0.3017127513885498,6.984919309616089e-10,0.03515625,0.05531037598848343,0.5314298868179321,2.770580291748047,-7.424503564834595e-06,0.3017127513885498,0.3017127513885498,0.30151087045669556,training_mechanism_log_batch,results/star_v2_final/resume_300k/SafetyCarGoal1-v0/star_v2/starv2_core_100k_SafetyCarGoal1_v0_selected_star_v2_star_v2_s10/mechanism.csv
SafetyCarGoal1-v0,10,starv2_core_100k_SafetyCarGoal1_v0_selected_star_v2_star_v2_s10,295000,1.0,age=1-5,0.3191789388656616,0.3191789388656616,2.3283064365386963e-10,0.01171875,0.06360439211130142,0.5312598943710327,2.7710418701171875,-8.139759302139282e-06,0.3191789388656616,0.3191789388656616,0.3190898895263672,training_mechanism_log_batch,results/star_v2_final/resume_300k/SafetyCarGoal1-v0/star_v2/starv2_core_100k_SafetyCarGoal1_v0_selected_star_v2_star_v2_s10/mechanism.csv
SafetyCarGoal1-v0,11,starv2_core_100k_SafetyCarGoal1_v0_selected_star_v2_star_v2_s11,100000,1.0,age=1-5,0.25367438793182373,0.25367438793182373,-7.8580342233181e-10,0.015625,0.06587719172239304,0.5310434103012085,2.7717814445495605,-1.2778793461620808e-05,0.25367438793182373,0.25367438793182373,0.25367820262908936,training_mechanism_log_batch,results/star_v2_final/resume_300k/SafetyCarGoal1-v0/star_v2/starv2_core_100k_SafetyCarGoal1_v0_selected_star_v2_star_v2_s11/mechanism.csv
SafetyCarGoal1-v0,11,starv2_core_100k_SafetyCarGoal1_v0_selected_star_v2_star_v2_s11,105000,1.0,age=1-5,0.22334283590316772,0.22334283590316772,-1.4551915228366852e-10,0.02734375,0.036937154829502106,0.5311068296432495,2.77132248878479,-1.3489625416696072e-05,0.22334283590316772,0.22334283590316772,0.2232818305492401,training_mechanism_log_batch,results/star_v2_final/resume_300k/SafetyCarGoal1-v0/star_v2/starv2_core_100k_SafetyCarGoal1_v0_selected_star_v2_star_v2_s11/mechanism.csv
SafetyCarGoal1-v0,11,starv2_core_100k_SafetyCarGoal1_v0_selected_star_v2_star_v2_s11,110000,1.0,age=1-5,0.22808758914470673,0.22808758914470673,-3.637978807091713e-10,0.01953125,0.03865097463130951,0.5309515595436096,2.7714743614196777,-1.3058190234005451e-05,0.22808758914470673,0.22808758914470673,0.22811035811901093,training_mechanism_log_batch,results/star_v2_final/resume_300k/SafetyCarGoal1-v0/star_v2/starv2_core_100k_SafetyCarGoal1_v0_selected_star_v2_star_v2_s11/mechanism.csv
SafetyCarGoal1-v0,11,starv2_core_100k_SafetyCarGoal1_v0_selected_star_v2_star_v2_s11,115000,1.0,age=1-5,0.23335464298725128,0.23335464298725128,4.511093720793724e-10,0.01953125,0.03686970844864845,0.5314620137214661,2.771373748779297,-1.0411953553557396e-05,0.23335464298725128,0.23335464298725128,0.2333526909351349,training_mechanism_log_batch,results/star_v2_final/resume_300k/SafetyCarGoal1-v0/star_v2/starv2_core_100k_SafetyCarGoal1_v0_selected_star_v2_star_v2_s11/mechanism.csv
SafetyCarGoal1-v0,11,starv2_core_100k_SafetyCarGoal1_v0_selected_star_v2_star_v2_s11,120000,1.0,age=1-5,0.23035837709903717,0.23035839200019836,-3.055902197957039e-10,0.02734375,0.042278267443180084,0.5312042236328125,2.7709717750549316,-1.2609409168362617e-05,0.23035837709903717,0.23035839200019836,0.23029452562332153,training_mechanism_log_batch,results/star_v2_final/resume_300k/SafetyCarGoal1-v0/star_v2/starv2_core_100k_SafetyCarGoal1_v0_selected_star_v2_star_v2_s11/mechanism.csv
SafetyCarGoal1-v0,11,starv2_core_100k_SafetyCarGoal1_v0_selected_star_v2_star_v2_s11,125000,1.0,age=1-5,0.25703734159469604,0.25703734159469604,7.8580342233181e-10,0.03515625,0.05434952676296234,0.5309469699859619,2.771575927734375,-1.3244221918284893e-05,0.25703734159469604,0.25703734159469604,0.2570532560348511,training_mechanism_log_batch,results/star_v2_final/resume_300k/SafetyCarGoal1-v0/star_v2/starv2_core_100k_SafetyCarGoal1_v0_selected_star_v2_star_v2_s11/mechanism.csv
SafetyCarGoal1-v0,11,starv2_core_100k_SafetyCarGoal1_v0_selected_star_v2_star_v2_s11,130000,1.0,age=1-5,0.28076785802841187,0.28076785802841187,2.0372681319713593e-10,0.0390625,0.05943528562784195,0.5309189558029175,2.770599842071533,-1.0899268090724945e-05,0.28076785802841187,0.28076785802841187,0.2807238698005676,training_mechanism_log_batch,results/star_v2_final/resume_300k/SafetyCarGoal1-v0/star_v2/starv2_core_100k_SafetyCarGoal1_v0_selected_star_v2_star_v2_s11/mechanism.csv
SafetyCarGoal1-v0,11,starv2_core_100k_SafetyCarGoal1_v0_selected_star_v2_star_v2_s11,135000,1.0,age=1-5,0.2651030421257019,0.2651030421257019,-5.820766091346741e-10,0.01953125,0.056866470724344254,0.5312069654464722,2.7715988159179688,-1.043535303324461e-05,0.2651030421257019,0.2651030421257019,0.2651064395904541,training_mechanism_log_batch,results/star_v2_final/resume_300k/SafetyCarGoal1-v0/star_v2/starv2_core_100k_SafetyCarGoal1_v0_selected_star_v2_star_v2_s11/mechanism.csv
SafetyCarGoal1-v0,11,starv2_core_100k_SafetyCarGoal1_v0_selected_star_v2_star_v2_s11,140000,1.0,age=1-5,0.25218117237091064,0.25218117237091064,8.731149137020111e-11,0.0390625,0.0475701242685318,0.5314955711364746,2.770894765853882,-1.1928495950996876e-05,0.25218117237091064,0.25218117237091064,0.2520955502986908,training_mechanism_log_batch,results/star_v2_final/resume_300k/SafetyCarGoal1-v0/star_v2/starv2_core_100k_SafetyCarGoal1_v0_selected_star_v2_star_v2_s11/mechanism.csv
SafetyCarGoal1-v0,11,starv2_core_100k_SafetyCarGoal1_v0_selected_star_v2_star_v2_s11,145000,1.0,age=1-5,0.2544758915901184,0.2544758915901184,-3.4924596548080444e-10,0.03125,0.045510731637477875,0.5315292477607727,2.7714991569519043,-1.2276810593903065e-05,0.2544758915901184,0.2544758915901184,0.25444453954696655,training_mechanism_log_batch,results/star_v2_final/resume_300k/SafetyCarGoal1-v0/star_v2/starv2_core_100k_SafetyCarGoal1_v0_selected_star_v2_star_v2_s11/mechanism.csv
SafetyCarGoal1-v0,11,starv2_core_100k_SafetyCarGoal1_v0_selected_star_v2_star_v2_s11,150000,1.0,age=1-5,0.279908150434494,0.279908150434494,1.4551915228366852e-10,0.0390625,0.05771221965551376,0.5314772725105286,2.7716269493103027,-1.2205331586301327e-05,0.279908150434494,0.279908150434494,0.27995726466178894,training_mechanism_log_batch,results/star_v2_final/resume_300k/SafetyCarGoal1-v0/star_v2/starv2_core_100k_SafetyCarGoal1_v0_selected_star_v2_star_v2_s11/mechanism.csv
SafetyCarGoal1-v0,11,starv2_core_100k_SafetyCarGoal1_v0_selected_star_v2_star_v2_s11,155000,1.0,age=1-5,0.268828809261322,0.268828809261322,-1.1204974725842476e-09,0.01171875,0.054915376007556915,0.5308735966682434,2.771294116973877,-1.2014876119792461e-05,0.268828809261322,0.268828809261322,0.26878541707992554,training_mechanism_log_batch,results/star_v2_final/resume_300k/SafetyCarGoal1-v0/star_v2/starv2_core_100k_SafetyCarGoal1_v0_selected_star_v2_star_v2_s11/mechanism.csv
SafetyCarGoal1-v0,11,starv2_core_100k_SafetyCarGoal1_v0_selected_star_v2_star_v2_s11,160000,1.0,age=1-5,0.2700386643409729,0.2700386643409729,-1.4551915228366852e-10,0.0234375,0.058154404163360596,0.5312985181808472,2.7711801528930664,-1.156411599367857e-05,0.2700386643409729,0.2700386643409729,0.26989805698394775,training_mechanism_log_batch,results/star_v2_final/resume_300k/SafetyCarGoal1-v0/star_v2/starv2_core_100k_SafetyCarGoal1_v0_selected_star_v2_star_v2_s11/mechanism.csv
SafetyCarGoal1-v0,11,starv2_core_100k_SafetyCarGoal1_v0_selected_star_v2_star_v2_s11,165000,1.0,age=1-5,0.24278724193572998,0.24278724193572998,-6.402842700481415e-10,0.015625,0.04241277649998665,0.5315479040145874,2.7717790603637695,-1.1806143447756767e-05,0.24278724193572998,0.24278724193572998,0.24280914664268494,training_mechanism_log_batch,results/star_v2_final/resume_300k/SafetyCarGoal1-v0/star_v2/starv2_core_100k_SafetyCarGoal1_v0_selected_star_v2_star_v2_s11/mechanism.csv
SafetyCarGoal1-v0,11,starv2_core_100k_SafetyCarGoal1_v0_selected_star_v2_star_v2_s11,170000,1.0,age=1-5,0.26416015625,0.26416015625,-4.0745362639427185e-10,0.0234375,0.05414944514632225,0.5314372777938843,2.7710824012756348,-9.922892786562443e-06,0.26416015625,0.26416015625,0.2640689015388489,training_mechanism_log_batch,results/star_v2_final/resume_300k/SafetyCarGoal1-v0/star_v2/starv2_core_100k_SafetyCarGoal1_v0_selected_star_v2_star_v2_s11/mechanism.csv
SafetyCarGoal1-v0,11,starv2_core_100k_SafetyCarGoal1_v0_selected_star_v2_star_v2_s11,175000,1.0,age=1-5,0.25371548533439636,0.25371551513671875,1.3533281162381172e-09,0.05078125,0.04780743271112442,0.5310085415840149,2.7715811729431152,-1.1987402103841305e-05,0.25371548533439636,0.25371551513671875,0.2537432909011841,training_mechanism_log_batch,results/star_v2_final/resume_300k/SafetyCarGoal1-v0/star_v2/starv2_core_100k_SafetyCarGoal1_v0_selected_star_v2_star_v2_s11/mechanism.csv
SafetyCarGoal1-v0,11,starv2_core_100k_SafetyCarGoal1_v0_selected_star_v2_star_v2_s11,180000,1.0,age=1-5,0.2682056427001953,0.2682056427001953,5.820766091346741e-10,0.03125,0.05978342518210411,0.5311772227287292,2.7709131240844727,-1.1832802556455135e-05,0.2682056427001953,0.2682056427001953,0.2681751251220703,training_mechanism_log_batch,results/star_v2_final/resume_300k/SafetyCarGoal1-v0/star_v2/starv2_core_100k_SafetyCarGoal1_v0_selected_star_v2_star_v2_s11/mechanism.csv
SafetyCarGoal1-v0,11,starv2_core_100k_SafetyCarGoal1_v0_selected_star_v2_star_v2_s11,185000,1.0,age=1-5,0.2841068506240845,0.2841068506240845,-5.238689482212067e-10,0.015625,0.06268817186355591,0.5313847064971924,2.771800994873047,-1.0945601388812065e-05,0.2841068506240845,0.2841068506240845,0.28414905071258545,training_mechanism_log_batch,results/star_v2_final/resume_300k/SafetyCarGoal1-v0/star_v2/starv2_core_100k_SafetyCarGoal1_v0_selected_star_v2_star_v2_s11/mechanism.csv
SafetyCarGoal1-v0,11,starv2_core_100k_SafetyCarGoal1_v0_selected_star_v2_star_v2_s11,190000,1.0,age=1-5,0.26092612743377686,0.26092612743377686,8.731149137020111e-11,0.02734375,0.052020758390426636,0.531104326248169,2.77121639251709,-1.0946299880743027e-05,0.26092612743377686,0.26092612743377686,0.2607611417770386,training_mechanism_log_batch,results/star_v2_final/resume_300k/SafetyCarGoal1-v0/star_v2/starv2_core_100k_SafetyCarGoal1_v0_selected_star_v2_star_v2_s11/mechanism.csv
SafetyCarGoal1-v0,11,starv2_core_100k_SafetyCarGoal1_v0_selected_star_v2_star_v2_s11,195000,1.0,age=1-5,0.28399986028671265,0.28399986028671265,-2.9103830456733704e-11,0.02734375,0.05785006284713745,0.5311017036437988,2.771538019180298,-1.0970397852361202e-05,0.28399986028671265,0.28399986028671265,0.2839553952217102,training_mechanism_log_batch,results/star_v2_final/resume_300k/SafetyCarGoal1-v0/star_v2/starv2_core_100k_SafetyCarGoal1_v0_selected_star_v2_star_v2_s11/mechanism.csv
SafetyCarGoal1-v0,11,starv2_core_100k_SafetyCarGoal1_v0_selected_star_v2_star_v2_s11,200000,1.0,age=1-5,0.26140493154525757,0.26140493154525757,8.440110832452774e-10,0.0390625,0.04727891832590103,0.5311102867126465,2.771437168121338,-1.0363524779677391e-05,0.26140493154525757,0.26140493154525757,0.26142406463623047,training_mechanism_log_batch,results/star_v2_final/resume_300k/SafetyCarGoal1-v0/star_v2/starv2_core_100k_SafetyCarGoal1_v0_selected_star_v2_star_v2_s11/mechanism.csv
SafetyCarGoal1-v0,11,starv2_core_100k_SafetyCarGoal1_v0_selected_star_v2_star_v2_s11,205000,1.0,age=1-5,0.26691901683807373,0.26691901683807373,4.94765117764473e-10,0.0390625,0.04869303107261658,0.5313229560852051,2.771665573120117,-1.1819181963801384e-05,0.26691901683807373,0.26691901683807373,0.26687270402908325,training_mechanism_log_batch,results/star_v2_final/resume_300k/SafetyCarGoal1-v0/star_v2/starv2_core_100k_SafetyCarGoal1_v0_selected_star_v2_star_v2_s11/mechanism.csv
SafetyCarGoal1-v0,11,starv2_core_100k_SafetyCarGoal1_v0_selected_star_v2_star_v2_s11,210000,1.0,age=1-5,0.2844414710998535,0.2844414710998535,-4.94765117764473e-10,0.01171875,0.05853883549571037,0.5317202806472778,2.7712957859039307,-1.0229996405541897e-05,0.2844414710998535,0.2844414710998535,0.28438618779182434,training_mechanism_log_batch,results/star_v2_final/resume_300k/SafetyCarGoal1-v0/star_v2/starv2_core_100k_SafetyCarGoal1_v0_selected_star_v2_star_v2_s11/mechanism.csv
SafetyCarGoal1-v0,11,starv2_core_100k_SafetyCarGoal1_v0_selected_star_v2_star_v2_s11,215000,1.0,age=1-5,0.2896267771720886,0.2896267771720886,4.0745362639427185e-10,0.03125,0.05934279039502144,0.5314487218856812,2.7710394859313965,-1.0163174010813236e-05,0.2896267771720886,0.2896267771720886,0.2895998954772949,training_mechanism_log_batch,results/star_v2_final/resume_300k/SafetyCarGoal1-v0/star_v2/starv2_core_100k_SafetyCarGoal1_v0_selected_star_v2_star_v2_s11/mechanism.csv
SafetyCarGoal1-v0,11,starv2_core_100k_SafetyCarGoal1_v0_selected_star_v2_star_v2_s11,220000,1.0,age=1-5,0.2952519655227661,0.2952519655227661,1.280568540096283e-09,0.05859375,0.05737614631652832,0.5312285423278809,2.770535469055176,-9.693321771919727e-06,0.2952519655227661,0.2952519655227661,0.295221745967865,training_mechanism_log_batch,results/star_v2_final/resume_300k/SafetyCarGoal1-v0/star_v2/starv2_core_100k_SafetyCarGoal1_v0_selected_star_v2_star_v2_s11/mechanism.csv
SafetyCarGoal1-v0,11,starv2_core_100k_SafetyCarGoal1_v0_selected_star_v2_star_v2_s11,225000,1.0,age=1-5,0.2972794473171234,0.2972794473171234,-8.294591680169106e-10,0.02734375,0.06597276777029037,0.5314366817474365,2.771338939666748,-1.110800076276064e-05,0.2972794473171234,0.2972794473171234,0.2972804307937622,training_mechanism_log_batch,results/star_v2_final/resume_300k/SafetyCarGoal1-v0/star_v2/starv2_core_100k_SafetyCarGoal1_v0_selected_star_v2_star_v2_s11/mechanism.csv
SafetyCarGoal1-v0,11,starv2_core_100k_SafetyCarGoal1_v0_selected_star_v2_star_v2_s11,230000,1.0,age=1-5,0.266182005405426,0.266182005405426,5.820766091346741e-10,0.05078125,0.04255976155400276,0.5307217836380005,2.7704992294311523,-1.032219734042883e-05,0.266182005405426,0.266182005405426,0.26607298851013184,training_mechanism_log_batch,results/star_v2_final/resume_300k/SafetyCarGoal1-v0/star_v2/starv2_core_100k_SafetyCarGoal1_v0_selected_star_v2_star_v2_s11/mechanism.csv
SafetyCarGoal1-v0,11,starv2_core_100k_SafetyCarGoal1_v0_selected_star_v2_star_v2_s11,235000,1.0,age=1-5,0.31927549839019775,0.31927549839019775,1.280568540096283e-09,0.0390625,0.07139265537261963,0.5312909483909607,2.771014451980591,-9.530573152005672e-06,0.31927549839019775,0.31927549839019775,0.31921517848968506,training_mechanism_log_batch,results/star_v2_final/resume_300k/SafetyCarGoal1-v0/star_v2/starv2_core_100k_SafetyCarGoal1_v0_selected_star_v2_star_v2_s11/mechanism.csv
SafetyCarGoal1-v0,11,starv2_core_100k_SafetyCarGoal1_v0_selected_star_v2_star_v2_s11,240000,1.0,age=1-5,0.286898672580719,0.286898672580719,4.3655745685100555e-10,0.0546875,0.059177644550800323,0.5312751531600952,2.7714920043945312,-1.087668351829052e-05,0.286898672580719,0.286898672580719,0.28682297468185425,training_mechanism_log_batch,results/star_v2_final/resume_300k/SafetyCarGoal1-v0/star_v2/starv2_core_100k_SafetyCarGoal1_v0_selected_star_v2_star_v2_s11/mechanism.csv
SafetyCarGoal1-v0,11,starv2_core_100k_SafetyCarGoal1_v0_selected_star_v2_star_v2_s11,245000,1.0,age=1-5,0.2956721782684326,0.2956721782684326,5.820766091346741e-10,0.03125,0.06571687757968903,0.5309057235717773,2.7712247371673584,-9.741983376443386e-06,0.2956721782684326,0.2956721782684326,0.29563626646995544,training_mechanism_log_batch,results/star_v2_final/resume_300k/SafetyCarGoal1-v0/star_v2/starv2_core_100k_SafetyCarGoal1_v0_selected_star_v2_star_v2_s11/mechanism.csv
SafetyCarGoal1-v0,11,starv2_core_100k_SafetyCarGoal1_v0_selected_star_v2_star_v2_s11,250000,1.0,age=1-5,0.2737544775009155,0.2737544775009155,2.6193447411060333e-10,0.03125,0.04659981280565262,0.5314428210258484,2.7712643146514893,-1.0559451766312122e-05,0.2737544775009155,0.2737544775009155,0.27365627884864807,training_mechanism_log_batch,results/star_v2_final/resume_300k/SafetyCarGoal1-v0/star_v2/starv2_core_100k_SafetyCarGoal1_v0_selected_star_v2_star_v2_s11/mechanism.csv
SafetyCarGoal1-v0,11,starv2_core_100k_SafetyCarGoal1_v0_selected_star_v2_star_v2_s11,255000,1.0,age=1-5,0.2899552583694458,0.2899552583694458,-9.604264050722122e-10,0.0234375,0.057703834027051926,0.5316152572631836,2.771596908569336,-9.986571967601776e-06,0.2899552583694458,0.2899552583694458,0.2899589240550995,training_mechanism_log_batch,results/star_v2_final/resume_300k/SafetyCarGoal1-v0/star_v2/starv2_core_100k_SafetyCarGoal1_v0_selected_star_v2_star_v2_s11/mechanism.csv
SafetyCarGoal1-v0,11,starv2_core_100k_SafetyCarGoal1_v0_selected_star_v2_star_v2_s11,260000,1.0,age=1-5,0.26844632625579834,0.26844632625579834,-2.9103830456733704e-11,0.04296875,0.04596370831131935,0.5314863920211792,2.7711713314056396,-1.090590376406908e-05,0.26844632625579834,0.26844632625579834,0.2682833671569824,training_mechanism_log_batch,results/star_v2_final/resume_300k/SafetyCarGoal1-v0/star_v2/starv2_core_100k_SafetyCarGoal1_v0_selected_star_v2_star_v2_s11/mechanism.csv
SafetyCarGoal1-v0,11,starv2_core_100k_SafetyCarGoal1_v0_selected_star_v2_star_v2_s11,265000,1.0,age=1-5,0.30375227332115173,0.30375227332115173,2.0372681319713593e-10,0.02734375,0.06155192479491234,0.531456708908081,2.7715888023376465,-9.531271643936634e-06,0.30375227332115173,0.30375227332115173,0.30370020866394043,training_mechanism_log_batch,results/star_v2_final/resume_300k/SafetyCarGoal1-v0/star_v2/starv2_core_100k_SafetyCarGoal1_v0_selected_star_v2_star_v2_s11/mechanism.csv
SafetyCarGoal1-v0,11,starv2_core_100k_SafetyCarGoal1_v0_selected_star_v2_star_v2_s11,270000,1.0,age=1-5,0.3248876631259918,0.3248876631259918,7.566995918750763e-10,0.03515625,0.08168740570545197,0.5311876535415649,2.771367311477661,-1.0057585313916206e-05,0.3248876631259918,0.3248876631259918,0.3248056173324585,training_mechanism_log_batch,results/star_v2_final/resume_300k/SafetyCarGoal1-v0/star_v2/starv2_core_100k_SafetyCarGoal1_v0_selected_star_v2_star_v2_s11/mechanism.csv
SafetyCarGoal1-v0,11,starv2_core_100k_SafetyCarGoal1_v0_selected_star_v2_star_v2_s11,275000,1.0,age=1-5,0.30868080258369446,0.30868080258369446,4.3655745685100555e-11,0.02734375,0.061776407063007355,0.5313229560852051,2.7714734077453613,-9.980285540223122e-06,0.30868080258369446,0.30868080258369446,0.30875226855278015,training_mechanism_log_batch,results/star_v2_final/resume_300k/SafetyCarGoal1-v0/star_v2/starv2_core_100k_SafetyCarGoal1_v0_selected_star_v2_star_v2_s11/mechanism.csv
SafetyCarGoal1-v0,11,starv2_core_100k_SafetyCarGoal1_v0_selected_star_v2_star_v2_s11,280000,1.0,age=1-5,0.31392836570739746,0.31392836570739746,3.2014213502407074e-10,0.0234375,0.06162140890955925,0.5310584306716919,2.77150297164917,-1.043803058564663e-05,0.31392836570739746,0.31392836570739746,0.31397464871406555,training_mechanism_log_batch,results/star_v2_final/resume_300k/SafetyCarGoal1-v0/star_v2/starv2_core_100k_SafetyCarGoal1_v0_selected_star_v2_star_v2_s11/mechanism.csv
SafetyCarGoal1-v0,11,starv2_core_100k_SafetyCarGoal1_v0_selected_star_v2_star_v2_s11,285000,1.0,age=1-5,0.2899816036224365,0.2899816036224365,-3.2014213502407074e-10,0.015625,0.05914447084069252,0.5315730571746826,2.7714157104492188,-1.062639057636261e-05,0.2899816036224365,0.2899816036224365,0.2899298369884491,training_mechanism_log_batch,results/star_v2_final/resume_300k/SafetyCarGoal1-v0/star_v2/starv2_core_100k_SafetyCarGoal1_v0_selected_star_v2_star_v2_s11/mechanism.csv
SafetyCarGoal1-v0,11,starv2_core_100k_SafetyCarGoal1_v0_selected_star_v2_star_v2_s11,290000,1.0,age=1-5,0.3064172863960266,0.3064172863960266,4.3655745685100555e-10,0.05078125,0.05571587383747101,0.5314137935638428,2.771329879760742,-1.016946043819189e-05,0.3064172863960266,0.3064172863960266,0.30642998218536377,training_mechanism_log_batch,results/star_v2_final/resume_300k/SafetyCarGoal1-v0/star_v2/starv2_core_100k_SafetyCarGoal1_v0_selected_star_v2_star_v2_s11/mechanism.csv
SafetyCarGoal1-v0,11,starv2_core_100k_SafetyCarGoal1_v0_selected_star_v2_star_v2_s11,295000,1.0,age=1-5,0.2984631657600403,0.2984631657600403,4.94765117764473e-10,0.03515625,0.060137491673231125,0.5312024354934692,2.771350622177124,-1.1013122275471687e-05,0.2984631657600403,0.2984631657600403,0.29848793148994446,training_mechanism_log_batch,results/star_v2_final/resume_300k/SafetyCarGoal1-v0/star_v2/starv2_core_100k_SafetyCarGoal1_v0_selected_star_v2_star_v2_s11/mechanism.csv
SafetyCarGoal1-v0,12,starv2_core_100k_SafetyCarGoal1_v0_selected_star_v2_star_v2_s12,100000,1.0,age=1-5,0.21945925056934357,0.21945925056934357,4.0745362639427185e-10,0.02734375,0.03509274125099182,0.5310282111167908,2.7716732025146484,-1.1211028322577477e-05,0.21945925056934357,0.21945925056934357,0.21943873167037964,training_mechanism_log_batch,results/star_v2_final/resume_300k/SafetyCarGoal1-v0/star_v2/starv2_core_100k_SafetyCarGoal1_v0_selected_star_v2_star_v2_s12/mechanism.csv
SafetyCarGoal1-v0,12,starv2_core_100k_SafetyCarGoal1_v0_selected_star_v2_star_v2_s12,105000,1.0,age=1-5,0.22606949508190155,0.22606949508190155,2.0372681319713593e-10,0.02734375,0.041618503630161285,0.5312716960906982,2.771721363067627,-9.921612218022346e-06,0.22606949508190155,0.22606949508190155,0.2260708063840866,training_mechanism_log_batch,results/star_v2_final/resume_300k/SafetyCarGoal1-v0/star_v2/starv2_core_100k_SafetyCarGoal1_v0_selected_star_v2_star_v2_s12/mechanism.csv
SafetyCarGoal1-v0,12,starv2_core_100k_SafetyCarGoal1_v0_selected_star_v2_star_v2_s12,110000,1.0,age=1-5,0.22237160801887512,0.22237160801887512,2.6193447411060333e-10,0.0234375,0.0435141995549202,0.5311344861984253,2.7720561027526855,-1.3563316315412521e-05,0.22237160801887512,0.22237160801887512,0.2223357856273651,training_mechanism_log_batch,results/star_v2_final/resume_300k/SafetyCarGoal1-v0/star_v2/starv2_core_100k_SafetyCarGoal1_v0_selected_star_v2_star_v2_s12/mechanism.csv
SafetyCarGoal1-v0,12,starv2_core_100k_SafetyCarGoal1_v0_selected_star_v2_star_v2_s12,115000,1.0,age=1-5,0.23086129128932953,0.23086129128932953,5.675246939063072e-10,0.02734375,0.04365787282586098,0.5313032865524292,2.769779682159424,-1.2477743439376354e-05,0.23086129128932953,0.23086129128932953,0.23081669211387634,training_mechanism_log_batch,results/star_v2_final/resume_300k/SafetyCarGoal1-v0/star_v2/starv2_core_100k_SafetyCarGoal1_v0_selected_star_v2_star_v2_s12/mechanism.csv
SafetyCarGoal1-v0,12,starv2_core_100k_SafetyCarGoal1_v0_selected_star_v2_star_v2_s12,120000,1.0,age=1-5,0.23165887594223022,0.23165887594223022,-1.4551915228366852e-10,0.00390625,0.033594850450754166,0.5312637090682983,2.7709383964538574,-8.896924555301666e-06,0.23165887594223022,0.23165887594223022,0.23164448142051697,training_mechanism_log_batch,results/star_v2_final/resume_300k/SafetyCarGoal1-v0/star_v2/starv2_core_100k_SafetyCarGoal1_v0_selected_star_v2_star_v2_s12/mechanism.csv
SafetyCarGoal1-v0,12,starv2_core_100k_SafetyCarGoal1_v0_selected_star_v2_star_v2_s12,125000,1.0,age=1-5,0.2311391532421112,0.2311391532421112,-5.675246939063072e-10,0.0078125,0.04034991189837456,0.531195878982544,2.771108627319336,-1.1408701539039612e-05,0.2311391532421112,0.2311391532421112,0.23113316297531128,training_mechanism_log_batch,results/star_v2_final/resume_300k/SafetyCarGoal1-v0/star_v2/starv2_core_100k_SafetyCarGoal1_v0_selected_star_v2_star_v2_s12/mechanism.csv
SafetyCarGoal1-v0,12,starv2_core_100k_SafetyCarGoal1_v0_selected_star_v2_star_v2_s12,130000,1.0,age=1-5,0.24103352427482605,0.24103352427482605,3.4924596548080444e-10,0.01953125,0.04480356723070145,0.5317032933235168,2.7713990211486816,-9.496347047388554e-06,0.24103352427482605,0.24103352427482605,0.24090169370174408,training_mechanism_log_batch,results/star_v2_final/resume_300k/SafetyCarGoal1-v0/star_v2/starv2_core_100k_SafetyCarGoal1_v0_selected_star_v2_star_v2_s12/mechanism.csv
SafetyCarGoal1-v0,12,starv2_core_100k_SafetyCarGoal1_v0_selected_star_v2_star_v2_s12,135000,1.0,age=1-5,0.2572878897190094,0.2572878897190094,2.0372681319713593e-10,0.01171875,0.0545443594455719,0.5312256217002869,2.7713675498962402,-7.768860086798668e-06,0.2572878897190094,0.2572878897190094,0.25724563002586365,training_mechanism_log_batch,results/star_v2_final/resume_300k/SafetyCarGoal1-v0/star_v2/starv2_core_100k_SafetyCarGoal1_v0_selected_star_v2_star_v2_s12/mechanism.csv
SafetyCarGoal1-v0,12,starv2_core_100k_SafetyCarGoal1_v0_selected_star_v2_star_v2_s12,140000,1.0,age=1-5,0.24100016057491302,0.24100016057491302,2.0372681319713593e-10,0.015625,0.03968493640422821,0.5313408374786377,2.7715628147125244,-9.00158192962408e-06,0.24100016057491302,0.24100016057491302,0.24094240367412567,training_mechanism_log_batch,results/star_v2_final/resume_300k/SafetyCarGoal1-v0/star_v2/starv2_core_100k_SafetyCarGoal1_v0_selected_star_v2_star_v2_s12/mechanism.csv
SafetyCarGoal1-v0,12,starv2_core_100k_SafetyCarGoal1_v0_selected_star_v2_star_v2_s12,145000,1.0,age=1-5,0.2648402452468872,0.2648402452468872,2.9103830456733704e-11,0.03125,0.050583966076374054,0.5314419865608215,2.7706410884857178,-9.565497748553753e-06,0.2648402452468872,0.2648402452468872,0.26481544971466064,training_mechanism_log_batch,results/star_v2_final/resume_300k/SafetyCarGoal1-v0/star_v2/starv2_core_100k_SafetyCarGoal1_v0_selected_star_v2_star_v2_s12/mechanism.csv
SafetyCarGoal1-v0,12,starv2_core_100k_SafetyCarGoal1_v0_selected_star_v2_star_v2_s12,150000,1.0,age=1-5,0.24562084674835205,0.24562084674835205,-1.7462298274040222e-10,0.01171875,0.04537231847643852,0.5310930013656616,2.7717716693878174,-1.257890835404396e-05,0.24562084674835205,0.24562084674835205,0.24549293518066406,training_mechanism_log_batch,results/star_v2_final/resume_300k/SafetyCarGoal1-v0/star_v2/starv2_core_100k_SafetyCarGoal1_v0_selected_star_v2_star_v2_s12/mechanism.csv
SafetyCarGoal1-v0,12,starv2_core_100k_SafetyCarGoal1_v0_selected_star_v2_star_v2_s12,155000,1.0,age=1-5,0.24118642508983612,0.24118642508983612,8.440110832452774e-10,0.02734375,0.0395757332444191,0.5310683250427246,2.771044969558716,-9.611481800675392e-06,0.24118642508983612,0.24118642508983612,0.24112555384635925,training_mechanism_log_batch,results/star_v2_final/resume_300k/SafetyCarGoal1-v0/star_v2/starv2_core_100k_SafetyCarGoal1_v0_selected_star_v2_star_v2_s12/mechanism.csv
SafetyCarGoal1-v0,12,starv2_core_100k_SafetyCarGoal1_v0_selected_star_v2_star_v2_s12,160000,1.0,age=1-5,0.2502672076225281,0.2502672076225281,1.6007106751203537e-10,0.0234375,0.04776814579963684,0.5311757922172546,2.7709765434265137,-8.518341928720474e-06,0.2502672076225281,0.2502672076225281,0.2502586841583252,training_mechanism_log_batch,results/star_v2_final/resume_300k/SafetyCarGoal1-v0/star_v2/starv2_core_100k_SafetyCarGoal1_v0_selected_star_v2_star_v2_s12/mechanism.csv
SafetyCarGoal1-v0,12,starv2_core_100k_SafetyCarGoal1_v0_selected_star_v2_star_v2_s12,165000,1.0,age=1-5,0.26462477445602417,0.26462477445602417,-5.529727786779404e-10,0.01953125,0.0473286397755146,0.5313321948051453,2.7713122367858887,-8.190399967133999e-06,0.26462477445602417,0.26462477445602417,0.26456692814826965,training_mechanism_log_batch,results/star_v2_final/resume_300k/SafetyCarGoal1-v0/star_v2/starv2_core_100k_SafetyCarGoal1_v0_selected_star_v2_star_v2_s12/mechanism.csv
SafetyCarGoal1-v0,12,starv2_core_100k_SafetyCarGoal1_v0_selected_star_v2_star_v2_s12,170000,1.0,age=1-5,0.27765583992004395,0.27765583992004395,4.3655745685100555e-10,0.02734375,0.05697875842452049,0.5312637090682983,2.7716732025146484,-8.303439244627953e-06,0.27765583992004395,0.27765583992004395,0.2776290774345398,training_mechanism_log_batch,results/star_v2_final/resume_300k/SafetyCarGoal1-v0/star_v2/starv2_core_100k_SafetyCarGoal1_v0_selected_star_v2_star_v2_s12/mechanism.csv
SafetyCarGoal1-v0,12,starv2_core_100k_SafetyCarGoal1_v0_selected_star_v2_star_v2_s12,175000,1.0,age=1-5,0.27018728852272034,0.27018728852272034,-1.280568540096283e-09,0.0,0.0490996427834034,0.5312600135803223,2.771487236022949,-7.122638635337353e-06,0.27018728852272034,0.27018728852272034,0.27023476362228394,training_mechanism_log_batch,results/star_v2_final/resume_300k/SafetyCarGoal1-v0/star_v2/starv2_core_100k_SafetyCarGoal1_v0_selected_star_v2_star_v2_s12/mechanism.csv
SafetyCarGoal1-v0,12,starv2_core_100k_SafetyCarGoal1_v0_selected_star_v2_star_v2_s12,180000,1.0,age=1-5,0.2606501281261444,0.2606501281261444,-1.076841726899147e-09,0.0078125,0.04163307696580887,0.5311961770057678,2.771270990371704,-7.835449650883675e-06,0.2606501281261444,0.2606501281261444,0.2607380151748657,training_mechanism_log_batch,results/star_v2_final/resume_300k/SafetyCarGoal1-v0/star_v2/starv2_core_100k_SafetyCarGoal1_v0_selected_star_v2_star_v2_s12/mechanism.csv
SafetyCarGoal1-v0,12,starv2_core_100k_SafetyCarGoal1_v0_selected_star_v2_star_v2_s12,185000,1.0,age=1-5,0.2529135048389435,0.2529135048389435,-5.820766091346741e-11,0.0078125,0.041083283722400665,0.5313757658004761,2.7716052532196045,-9.273760952055454e-06,0.2529135048389435,0.2529135048389435,0.25300002098083496,training_mechanism_log_batch,results/star_v2_final/resume_300k/SafetyCarGoal1-v0/star_v2/starv2_core_100k_SafetyCarGoal1_v0_selected_star_v2_star_v2_s12/mechanism.csv
SafetyCarGoal1-v0,12,starv2_core_100k_SafetyCarGoal1_v0_selected_star_v2_star_v2_s12,190000,1.0,age=1-5,0.2427114099264145,0.2427114099264145,2.9103830456733704e-11,0.015625,0.03393467888236046,0.5307662487030029,2.771514892578125,-7.781432941555977e-06,0.2427114099264145,0.2427114099264145,0.24270345270633698,training_mechanism_log_batch,results/star_v2_final/resume_300k/SafetyCarGoal1-v0/star_v2/starv2_core_100k_SafetyCarGoal1_v0_selected_star_v2_star_v2_s12/mechanism.csv
SafetyCarGoal1-v0,12,starv2_core_100k_SafetyCarGoal1_v0_selected_star_v2_star_v2_s12,195000,1.0,age=1-5,0.281212717294693,0.281212717294693,-5.820766091346741e-10,0.00390625,0.049568768590688705,0.5312740206718445,2.771010637283325,-7.816008292138577e-06,0.281212717294693,0.281212717294693,0.2811800539493561,training_mechanism_log_batch,results/star_v2_final/resume_300k/SafetyCarGoal1-v0/star_v2/starv2_core_100k_SafetyCarGoal1_v0_selected_star_v2_star_v2_s12/mechanism.csv
SafetyCarGoal1-v0,12,starv2_core_100k_SafetyCarGoal1_v0_selected_star_v2_star_v2_s12,200000,1.0,age=1-5,0.30234426259994507,0.30234426259994507,5.238689482212067e-10,0.0234375,0.06067873165011406,0.5315073728561401,2.7707347869873047,-7.874332368373871e-06,0.30234426259994507,0.30234426259994507,0.302273690700531,training_mechanism_log_batch,results/star_v2_final/resume_300k/SafetyCarGoal1-v0/star_v2/starv2_core_100k_SafetyCarGoal1_v0_selected_star_v2_star_v2_s12/mechanism.csv
SafetyCarGoal1-v0,12,starv2_core_100k_SafetyCarGoal1_v0_selected_star_v2_star_v2_s12,205000,1.0,age=1-5,0.30533140897750854,0.30533140897750854,5.820766091346741e-11,0.01953125,0.06387513875961304,0.5311883091926575,2.7710447311401367,-6.926478818058968e-06,0.30533140897750854,0.30533140897750854,0.30529817938804626,training_mechanism_log_batch,results/star_v2_final/resume_300k/SafetyCarGoal1-v0/star_v2/starv2_core_100k_SafetyCarGoal1_v0_selected_star_v2_star_v2_s12/mechanism.csv
SafetyCarGoal1-v0,12,starv2_core_100k_SafetyCarGoal1_v0_selected_star_v2_star_v2_s12,210000,1.0,age=1-5,0.30488789081573486,0.30488789081573486,-8.731149137020111e-11,0.0078125,0.0668393075466156,0.5311118960380554,2.771501064300537,-7.19830859452486e-06,0.30488789081573486,0.30488789081573486,0.30483436584472656,training_mechanism_log_batch,results/star_v2_final/resume_300k/SafetyCarGoal1-v0/star_v2/starv2_core_100k_SafetyCarGoal1_v0_selected_star_v2_star_v2_s12/mechanism.csv
SafetyCarGoal1-v0,12,starv2_core_100k_SafetyCarGoal1_v0_selected_star_v2_star_v2_s12,215000,1.0,age=1-5,0.25684070587158203,0.25684070587158203,-4.0745362639427185e-10,0.00390625,0.04327050969004631,0.5310395956039429,2.7708606719970703,-7.788068614900112e-06,0.25684070587158203,0.25684070587158203,0.2567843198776245,training_mechanism_log_batch,results/star_v2_final/resume_300k/SafetyCarGoal1-v0/star_v2/starv2_core_100k_SafetyCarGoal1_v0_selected_star_v2_star_v2_s12/mechanism.csv
SafetyCarGoal1-v0,12,starv2_core_100k_SafetyCarGoal1_v0_selected_star_v2_star_v2_s12,220000,1.0,age=1-5,0.30904915928840637,0.30904915928840637,-1.1641532182693481e-10,0.01171875,0.07021105289459229,0.531640887260437,2.7714929580688477,-7.077702321112156e-06,0.30904915928840637,0.30904915928840637,0.30903351306915283,training_mechanism_log_batch,results/star_v2_final/resume_300k/SafetyCarGoal1-v0/star_v2/starv2_core_100k_SafetyCarGoal1_v0_selected_star_v2_star_v2_s12/mechanism.csv
SafetyCarGoal1-v0,12,starv2_core_100k_SafetyCarGoal1_v0_selected_star_v2_star_v2_s12,225000,1.0,age=1-5,0.31856608390808105,0.31856608390808105,2.9103830456733704e-11,0.01953125,0.071648508310318,0.5314574837684631,2.771421432495117,-7.268157787621021e-06,0.31856608390808105,0.31856608390808105,0.31852200627326965,training_mechanism_log_batch,results/star_v2_final/resume_300k/SafetyCarGoal1-v0/star_v2/starv2_core_100k_SafetyCarGoal1_v0_selected_star_v2_star_v2_s12/mechanism.csv
SafetyCarGoal1-v0,12,starv2_core_100k_SafetyCarGoal1_v0_selected_star_v2_star_v2_s12,230000,1.0,age=1-5,0.30068644881248474,0.30068641901016235,-1.4551915228366852e-10,0.01171875,0.057912133634090424,0.5309208631515503,2.771134853363037,-6.538000889122486e-06,0.30068644881248474,0.30068641901016235,0.300728976726532,training_mechanism_log_batch,results/star_v2_final/resume_300k/SafetyCarGoal1-v0/star_v2/starv2_core_100k_SafetyCarGoal1_v0_selected_star_v2_star_v2_s12/mechanism.csv
SafetyCarGoal1-v0,12,starv2_core_100k_SafetyCarGoal1_v0_selected_star_v2_star_v2_s12,235000,1.0,age=1-5,0.30018189549446106,0.30018189549446106,7.275957614183426e-10,0.02734375,0.05326405167579651,0.5310925245285034,2.7711987495422363,-7.22112599760294e-06,0.30018189549446106,0.30018189549446106,0.30003222823143005,training_mechanism_log_batch,results/star_v2_final/resume_300k/SafetyCarGoal1-v0/star_v2/starv2_core_100k_SafetyCarGoal1_v0_selected_star_v2_star_v2_s12/mechanism.csv
SafetyCarGoal1-v0,12,starv2_core_100k_SafetyCarGoal1_v0_selected_star_v2_star_v2_s12,240000,1.0,age=1-5,0.29029521346092224,0.29029521346092224,-2.3283064365386963e-10,0.015625,0.05422232672572136,0.5309627652168274,2.77164363861084,-6.4873602241277695e-06,0.29029521346092224,0.29029521346092224,0.2902487516403198,training_mechanism_log_batch,results/star_v2_final/resume_300k/SafetyCarGoal1-v0/star_v2/starv2_core_100k_SafetyCarGoal1_v0_selected_star_v2_star_v2_s12/mechanism.csv
SafetyCarGoal1-v0,12,starv2_core_100k_SafetyCarGoal1_v0_selected_star_v2_star_v2_s12,245000,1.0,age=1-5,0.2818872332572937,0.2818872332572937,0.0,0.01171875,0.049822449684143066,0.5311196446418762,2.7708563804626465,-6.616348400712013e-06,0.2818872332572937,0.2818872332572937,0.28171902894973755,training_mechanism_log_batch,results/star_v2_final/resume_300k/SafetyCarGoal1-v0/star_v2/starv2_core_100k_SafetyCarGoal1_v0_selected_star_v2_star_v2_s12/mechanism.csv
SafetyCarGoal1-v0,12,starv2_core_100k_SafetyCarGoal1_v0_selected_star_v2_star_v2_s12,250000,1.0,age=1-5,0.2757837474346161,0.2757837474346161,-3.7834979593753815e-10,0.015625,0.04667025804519653,0.5311000347137451,2.771580219268799,-6.709946319460869e-06,0.2757837474346161,0.2757837474346161,0.2757316529750824,training_mechanism_log_batch,results/star_v2_final/resume_300k/SafetyCarGoal1-v0/star_v2/starv2_core_100k_SafetyCarGoal1_v0_selected_star_v2_star_v2_s12/mechanism.csv
SafetyCarGoal1-v0,12,starv2_core_100k_SafetyCarGoal1_v0_selected_star_v2_star_v2_s12,255000,1.0,age=1-5,0.3120754063129425,0.3120754063129425,2.9103830456733704e-11,0.015625,0.06459920108318329,0.5311120748519897,2.7714667320251465,-7.109134458005428e-06,0.3120754063129425,0.3120754063129425,0.3120556175708771,training_mechanism_log_batch,results/star_v2_final/resume_300k/SafetyCarGoal1-v0/star_v2/starv2_core_100k_SafetyCarGoal1_v0_selected_star_v2_star_v2_s12/mechanism.csv
SafetyCarGoal1-v0,12,starv2_core_100k_SafetyCarGoal1_v0_selected_star_v2_star_v2_s12,260000,1.0,age=1-5,0.29454702138900757,0.29454702138900757,5.529727786779404e-10,0.0234375,0.05501832813024521,0.5317223072052002,2.7714309692382812,-6.6356733441352844e-06,0.29454702138900757,0.29454702138900757,0.29456210136413574,training_mechanism_log_batch,results/star_v2_final/resume_300k/SafetyCarGoal1-v0/star_v2/starv2_core_100k_SafetyCarGoal1_v0_selected_star_v2_star_v2_s12/mechanism.csv
SafetyCarGoal1-v0,12,starv2_core_100k_SafetyCarGoal1_v0_selected_star_v2_star_v2_s12,265000,1.0,age=1-5,0.27734798192977905,0.27734798192977905,-5.820766091346741e-11,0.01953125,0.042733341455459595,0.5314944982528687,2.770115852355957,-6.906106136739254e-06,0.27734798192977905,0.27734798192977905,0.27729249000549316,training_mechanism_log_batch,results/star_v2_final/resume_300k/SafetyCarGoal1-v0/star_v2/starv2_core_100k_SafetyCarGoal1_v0_selected_star_v2_star_v2_s12/mechanism.csv
SafetyCarGoal1-v0,12,starv2_core_100k_SafetyCarGoal1_v0_selected_star_v2_star_v2_s12,270000,1.0,age=1-5,0.2758140563964844,0.2758140563964844,4.94765117764473e-10,0.02734375,0.04140470176935196,0.5311814546585083,2.7712912559509277,-6.768736056983471e-06,0.2758140563964844,0.2758140563964844,0.2757812738418579,training_mechanism_log_batch,results/star_v2_final/resume_300k/SafetyCarGoal1-v0/star_v2/starv2_core_100k_SafetyCarGoal1_v0_selected_star_v2_star_v2_s12/mechanism.csv
SafetyCarGoal1-v0,12,starv2_core_100k_SafetyCarGoal1_v0_selected_star_v2_star_v2_s12,275000,1.0,age=1-5,0.2981943190097809,0.2981943190097809,9.89530235528946e-10,0.0234375,0.049048006534576416,0.531575083732605,2.771240234375,-6.947549991309643e-06,0.2981943190097809,0.2981943190097809,0.29817959666252136,training_mechanism_log_batch,results/star_v2_final/resume_300k/SafetyCarGoal1-v0/star_v2/starv2_core_100k_SafetyCarGoal1_v0_selected_star_v2_star_v2_s12/mechanism.csv
SafetyCarGoal1-v0,12,starv2_core_100k_SafetyCarGoal1_v0_selected_star_v2_star_v2_s12,280000,1.0,age=1-5,0.2860751152038574,0.2860751152038574,-6.111804395914078e-10,0.0078125,0.04332703351974487,0.5313359498977661,2.7713284492492676,-6.912625394761562e-06,0.2860751152038574,0.2860751152038574,0.28594303131103516,training_mechanism_log_batch,results/star_v2_final/resume_300k/SafetyCarGoal1-v0/star_v2/starv2_core_100k_SafetyCarGoal1_v0_selected_star_v2_star_v2_s12/mechanism.csv
SafetyCarGoal1-v0,12,starv2_core_100k_SafetyCarGoal1_v0_selected_star_v2_star_v2_s12,285000,1.0,age=1-5,0.28875505924224854,0.28875505924224854,-5.238689482212067e-10,0.015625,0.04872005060315132,0.5312352180480957,2.771604061126709,-7.11705069988966e-06,0.28875505924224854,0.28875505924224854,0.28873756527900696,training_mechanism_log_batch,results/star_v2_final/resume_300k/SafetyCarGoal1-v0/star_v2/starv2_core_100k_SafetyCarGoal1_v0_selected_star_v2_star_v2_s12/mechanism.csv
SafetyCarGoal1-v0,12,starv2_core_100k_SafetyCarGoal1_v0_selected_star_v2_star_v2_s12,290000,1.0,age=1-5,0.3183830976486206,0.3183830976486206,-3.4924596548080444e-10,0.01171875,0.054667066782712936,0.5312709212303162,2.770949125289917,-6.8908557295799255e-06,0.3183830976486206,0.3183830976486206,0.31828832626342773,training_mechanism_log_batch,results/star_v2_final/resume_300k/SafetyCarGoal1-v0/star_v2/starv2_core_100k_SafetyCarGoal1_v0_selected_star_v2_star_v2_s12/mechanism.csv
SafetyCarGoal1-v0,12,starv2_core_100k_SafetyCarGoal1_v0_selected_star_v2_star_v2_s12,295000,1.0,age=1-5,0.31329864263534546,0.31329867243766785,5.820766091346741e-11,0.02734375,0.06046251580119133,0.531032383441925,2.7708871364593506,-6.648595444858074e-06,0.31329864263534546,0.31329867243766785,0.31322696805000305,training_mechanism_log_batch,results/star_v2_final/resume_300k/SafetyCarGoal1-v0/star_v2/starv2_core_100k_SafetyCarGoal1_v0_selected_star_v2_star_v2_s12/mechanism.csv
SafetyCarGoal1-v0,13,starv2_resume_300k_SafetyCarGoal1_v0_selected_star_v2_star_v2_s13,5000,1.0,age=1-5,4.939158916473389,4.939158916473389,-2.7939677238464355e-09,0.01171875,4.435964584350586,0.5206458568572998,1.6979825496673584,-4.823086783289909e-07,4.939158916473389,4.939158916473389,4.805451393127441,training_mechanism_log_batch,results/star_v2_final/resume_300k/SafetyCarGoal1-v0/star_v2/starv2_resume_300k_SafetyCarGoal1_v0_selected_star_v2_star_v2_s13/mechanism.csv
SafetyCarGoal1-v0,13,starv2_resume_300k_SafetyCarGoal1_v0_selected_star_v2_star_v2_s13,10000,1.0,age=1-5,0.47830066084861755,0.47830066084861755,-2.3283064365386963e-10,0.01953125,0.04153646156191826,0.531152069568634,2.763566732406616,-6.385380402207375e-07,0.47830066084861755,0.47830066084861755,0.47740086913108826,training_mechanism_log_batch,results/star_v2_final/resume_300k/SafetyCarGoal1-v0/star_v2/starv2_resume_300k_SafetyCarGoal1_v0_selected_star_v2_star_v2_s13/mechanism.csv
SafetyCarGoal1-v0,13,starv2_resume_300k_SafetyCarGoal1_v0_selected_star_v2_star_v2_s13,15000,1.0,age=1-5,0.23113882541656494,0.23113882541656494,-2.0372681319713593e-10,0.01171875,0.035042282193899155,0.5313089489936829,2.762996196746826,-6.622867658734322e-07,0.23113882541656494,0.23113882541656494,0.23062585294246674,training_mechanism_log_batch,results/star_v2_final/resume_300k/SafetyCarGoal1-v0/star_v2/starv2_resume_300k_SafetyCarGoal1_v0_selected_star_v2_star_v2_s13/mechanism.csv
SafetyCarGoal1-v0,13,starv2_resume_300k_SafetyCarGoal1_v0_selected_star_v2_star_v2_s13,20000,1.0,age=1-5,0.14585021138191223,0.14585021138191223,-3.346940502524376e-10,0.015625,0.02724061720073223,0.5310844779014587,2.768673896789551,-7.577473297715187e-07,0.14585021138191223,0.14585021138191223,0.14557568728923798,training_mechanism_log_batch,results/star_v2_final/resume_300k/SafetyCarGoal1-v0/star_v2/starv2_resume_300k_SafetyCarGoal1_v0_selected_star_v2_star_v2_s13/mechanism.csv
SafetyCarGoal1-v0,13,starv2_resume_300k_SafetyCarGoal1_v0_selected_star_v2_star_v2_s13,25000,1.0,age=1-5,0.09924602508544922,0.09924602508544922,-1.3096723705530167e-10,0.03125,0.02084312215447426,0.5334175825119019,2.764345407485962,-1.307227648794651e-06,0.09924602508544922,0.09924602508544922,0.09903214126825333,training_mechanism_log_batch,results/star_v2_final/resume_300k/SafetyCarGoal1-v0/star_v2/starv2_resume_300k_SafetyCarGoal1_v0_selected_star_v2_star_v2_s13/mechanism.csv
SafetyCarGoal1-v0,13,starv2_resume_300k_SafetyCarGoal1_v0_selected_star_v2_star_v2_s13,30000,1.0,age=1-5,0.1617155820131302,0.1617155820131302,-2.0372681319713593e-10,0.0234375,0.02760433778166771,0.5315141677856445,2.7706544399261475,-3.3510150387883186e-06,0.1617155820131302,0.1617155820131302,0.16164526343345642,training_mechanism_log_batch,results/star_v2_final/resume_300k/SafetyCarGoal1-v0/star_v2/starv2_resume_300k_SafetyCarGoal1_v0_selected_star_v2_star_v2_s13/mechanism.csv
SafetyCarGoal1-v0,13,starv2_resume_300k_SafetyCarGoal1_v0_selected_star_v2_star_v2_s13,35000,1.0,age=1-5,0.16922318935394287,0.16922318935394287,3.8198777474462986e-10,0.04296875,0.044669050723314285,0.5312870740890503,2.771587371826172,-7.3283445090055466e-06,0.16922318935394287,0.16922318935394287,0.16919472813606262,training_mechanism_log_batch,results/star_v2_final/resume_300k/SafetyCarGoal1-v0/star_v2/starv2_resume_300k_SafetyCarGoal1_v0_selected_star_v2_star_v2_s13/mechanism.csv
SafetyCarGoal1-v0,13,starv2_resume_300k_SafetyCarGoal1_v0_selected_star_v2_star_v2_s13,40000,1.0,age=1-5,0.16629290580749512,0.16629290580749512,-1.0913936421275139e-10,0.015625,0.03251557797193527,0.5310872793197632,2.768392562866211,-6.4497580751776695e-06,0.16629290580749512,0.16629290580749512,0.1661812663078308,training_mechanism_log_batch,results/star_v2_final/resume_300k/SafetyCarGoal1-v0/star_v2/starv2_resume_300k_SafetyCarGoal1_v0_selected_star_v2_star_v2_s13/mechanism.csv
SafetyCarGoal1-v0,13,starv2_resume_300k_SafetyCarGoal1_v0_selected_star_v2_star_v2_s13,45000,1.0,age=1-5,0.19652357697486877,0.19652357697486877,-4.1109160520136356e-10,0.0,0.03523111343383789,0.5310083627700806,2.770545482635498,-4.937290214002132e-06,0.19652357697486877,0.19652357697486877,0.19659504294395447,training_mechanism_log_batch,results/star_v2_final/resume_300k/SafetyCarGoal1-v0/star_v2/starv2_resume_300k_SafetyCarGoal1_v0_selected_star_v2_star_v2_s13/mechanism.csv
SafetyCarGoal1-v0,13,starv2_resume_300k_SafetyCarGoal1_v0_selected_star_v2_star_v2_s13,50000,1.0,age=1-5,0.18652652204036713,0.18652652204036713,3.2014213502407074e-10,0.03125,0.025896459817886353,0.5310660004615784,2.768113851547241,-6.730435416102409e-06,0.18652652204036713,0.18652652204036713,0.1863764524459839,training_mechanism_log_batch,results/star_v2_final/resume_300k/SafetyCarGoal1-v0/star_v2/starv2_resume_300k_SafetyCarGoal1_v0_selected_star_v2_star_v2_s13/mechanism.csv
SafetyCarGoal1-v0,13,starv2_resume_300k_SafetyCarGoal1_v0_selected_star_v2_star_v2_s13,55000,1.0,age=1-5,0.20362839102745056,0.20362839102745056,-2.6193447411060333e-10,0.02734375,0.03236616030335426,0.531425952911377,2.7703075408935547,-7.512862794101238e-06,0.20362839102745056,0.20362839102745056,0.2035505771636963,training_mechanism_log_batch,results/star_v2_final/resume_300k/SafetyCarGoal1-v0/star_v2/starv2_resume_300k_SafetyCarGoal1_v0_selected_star_v2_star_v2_s13/mechanism.csv
SafetyCarGoal1-v0,13,starv2_resume_300k_SafetyCarGoal1_v0_selected_star_v2_star_v2_s13,60000,1.0,age=1-5,0.2178829312324524,0.2178829312324524,5.093170329928398e-10,0.01953125,0.03759433701634407,0.5316842794418335,2.7712717056274414,-7.675844244658947e-06,0.2178829312324524,0.2178829312324524,0.21794801950454712,training_mechanism_log_batch,results/star_v2_final/resume_300k/SafetyCarGoal1-v0/star_v2/starv2_resume_300k_SafetyCarGoal1_v0_selected_star_v2_star_v2_s13/mechanism.csv
SafetyCarGoal1-v0,13,starv2_resume_300k_SafetyCarGoal1_v0_selected_star_v2_star_v2_s13,65000,1.0,age=1-5,0.23177528381347656,0.23177528381347656,6.111804395914078e-10,0.02734375,0.04191308841109276,0.5310182571411133,2.771261692047119,-8.318689651787281e-06,0.23177528381347656,0.23177528381347656,0.2317725569009781,training_mechanism_log_batch,results/star_v2_final/resume_300k/SafetyCarGoal1-v0/star_v2/starv2_resume_300k_SafetyCarGoal1_v0_selected_star_v2_star_v2_s13/mechanism.csv
SafetyCarGoal1-v0,13,starv2_resume_300k_SafetyCarGoal1_v0_selected_star_v2_star_v2_s13,70000,1.0,age=1-5,0.22744116187095642,0.22744116187095642,1.1641532182693481e-10,0.01171875,0.033193476498126984,0.5315042734146118,2.7697548866271973,-9.463750757277012e-06,0.22744116187095642,0.22744116187095642,0.22732588648796082,training_mechanism_log_batch,results/star_v2_final/resume_300k/SafetyCarGoal1-v0/star_v2/starv2_resume_300k_SafetyCarGoal1_v0_selected_star_v2_star_v2_s13/mechanism.csv
SafetyCarGoal1-v0,13,starv2_resume_300k_SafetyCarGoal1_v0_selected_star_v2_star_v2_s13,75000,1.0,age=1-5,0.22528594732284546,0.22528594732284546,-4.3655745685100555e-11,0.01953125,0.0418245866894722,0.5313824415206909,2.7716076374053955,-1.1218246072530746e-05,0.22528594732284546,0.22528594732284546,0.22535084187984467,training_mechanism_log_batch,results/star_v2_final/resume_300k/SafetyCarGoal1-v0/star_v2/starv2_resume_300k_SafetyCarGoal1_v0_selected_star_v2_star_v2_s13/mechanism.csv
SafetyCarGoal1-v0,13,starv2_resume_300k_SafetyCarGoal1_v0_selected_star_v2_star_v2_s13,80000,1.0,age=1-5,0.21818110346794128,0.21818110346794128,1.7462298274040222e-10,0.015625,0.033589236438274384,0.5311183929443359,2.771055221557617,-1.1420459486544132e-05,0.21818110346794128,0.21818110346794128,0.2182091325521469,training_mechanism_log_batch,results/star_v2_final/resume_300k/SafetyCarGoal1-v0/star_v2/starv2_resume_300k_SafetyCarGoal1_v0_selected_star_v2_star_v2_s13/mechanism.csv
SafetyCarGoal1-v0,13,starv2_resume_300k_SafetyCarGoal1_v0_selected_star_v2_star_v2_s13,85000,1.0,age=1-5,0.22959716618061066,0.22959716618061066,-1.7462298274040222e-10,0.015625,0.04327647387981415,0.53144371509552,2.7713916301727295,-8.999486453831196e-06,0.22959716618061066,0.22959716618061066,0.22955471277236938,training_mechanism_log_batch,results/star_v2_final/resume_300k/SafetyCarGoal1-v0/star_v2/starv2_resume_300k_SafetyCarGoal1_v0_selected_star_v2_star_v2_s13/mechanism.csv
SafetyCarGoal1-v0,13,starv2_resume_300k_SafetyCarGoal1_v0_selected_star_v2_star_v2_s13,90000,1.0,age=1-5,0.21917623281478882,0.21917621791362762,-9.89530235528946e-10,0.01953125,0.03864363208413124,0.5311499238014221,2.770932674407959,-1.2977281585335732e-05,0.21917623281478882,0.21917621791362762,0.21919572353363037,training_mechanism_log_batch,results/star_v2_final/resume_300k/SafetyCarGoal1-v0/star_v2/starv2_resume_300k_SafetyCarGoal1_v0_selected_star_v2_star_v2_s13/mechanism.csv
SafetyCarGoal1-v0,13,starv2_resume_300k_SafetyCarGoal1_v0_selected_star_v2_star_v2_s13,95000,1.0,age=1-5,0.24740205705165863,0.24740205705165863,-6.984919309616089e-10,0.01171875,0.05395183339715004,0.5314115285873413,2.7709763050079346,-1.0716845281422138e-05,0.24740205705165863,0.24740205705165863,0.24727585911750793,training_mechanism_log_batch,results/star_v2_final/resume_300k/SafetyCarGoal1-v0/star_v2/starv2_resume_300k_SafetyCarGoal1_v0_selected_star_v2_star_v2_s13/mechanism.csv
SafetyCarGoal1-v0,13,starv2_resume_300k_SafetyCarGoal1_v0_selected_star_v2_star_v2_s13,100000,1.0,age=1-5,0.20717507600784302,0.20717507600784302,2.9103830456733704e-11,0.01953125,0.04178542643785477,0.5313806533813477,2.772017478942871,-1.2872042134404182e-05,0.20717507600784302,0.20717507600784302,0.20719045400619507,training_mechanism_log_batch,results/star_v2_final/resume_300k/SafetyCarGoal1-v0/star_v2/starv2_resume_300k_SafetyCarGoal1_v0_selected_star_v2_star_v2_s13/mechanism.csv
SafetyCarGoal1-v0,13,starv2_resume_300k_SafetyCarGoal1_v0_selected_star_v2_star_v2_s13,105000,1.0,age=1-5,0.20155203342437744,0.20155203342437744,-2.473825588822365e-10,0.01953125,0.033088330179452896,0.5306826233863831,2.7709522247314453,-1.3921409845352173e-05,0.20155203342437744,0.20155203342437744,0.2015397697687149,training_mechanism_log_batch,results/star_v2_final/resume_300k/SafetyCarGoal1-v0/star_v2/starv2_resume_300k_SafetyCarGoal1_v0_selected_star_v2_star_v2_s13/mechanism.csv
SafetyCarGoal1-v0,13,starv2_resume_300k_SafetyCarGoal1_v0_selected_star_v2_star_v2_s13,110000,1.0,age=1-5,0.21805506944656372,0.21805506944656372,-2.473825588822365e-10,0.05078125,0.04013518989086151,0.5311920642852783,2.7714004516601562,-1.2365519069135189e-05,0.21805506944656372,0.21805506944656372,0.21807053685188293,training_mechanism_log_batch,results/star_v2_final/resume_300k/SafetyCarGoal1-v0/star_v2/starv2_resume_300k_SafetyCarGoal1_v0_selected_star_v2_star_v2_s13/mechanism.csv
SafetyCarGoal1-v0,13,starv2_resume_300k_SafetyCarGoal1_v0_selected_star_v2_star_v2_s13,115000,1.0,age=1-5,0.2203371673822403,0.2203371673822403,3.637978807091713e-10,0.03125,0.043951407074928284,0.5313537120819092,2.7714006900787354,-1.0449322871863842e-05,0.2203371673822403,0.2203371673822403,0.22036972641944885,training_mechanism_log_batch,results/star_v2_final/resume_300k/SafetyCarGoal1-v0/star_v2/starv2_resume_300k_SafetyCarGoal1_v0_selected_star_v2_star_v2_s13/mechanism.csv
SafetyCarGoal1-v0,13,starv2_resume_300k_SafetyCarGoal1_v0_selected_star_v2_star_v2_s13,120000,1.0,age=1-5,0.2379727065563202,0.2379727065563202,4.3655745685100555e-10,0.03125,0.04656434804201126,0.5312173366546631,2.77101993560791,-9.60926990956068e-06,0.2379727065563202,0.2379727065563202,0.2379421889781952,training_mechanism_log_batch,results/star_v2_final/resume_300k/SafetyCarGoal1-v0/star_v2/starv2_resume_300k_SafetyCarGoal1_v0_selected_star_v2_star_v2_s13/mechanism.csv
SafetyCarGoal1-v0,13,starv2_resume_300k_SafetyCarGoal1_v0_selected_star_v2_star_v2_s13,125000,1.0,age=1-5,0.25806641578674316,0.25806641578674316,3.637978807091713e-10,0.03515625,0.05834934860467911,0.5311963558197021,2.771623134613037,-1.0567018762230873e-05,0.25806641578674316,0.25806641578674316,0.258085697889328,training_mechanism_log_batch,results/star_v2_final/resume_300k/SafetyCarGoal1-v0/star_v2/starv2_resume_300k_SafetyCarGoal1_v0_selected_star_v2_star_v2_s13/mechanism.csv
SafetyCarGoal1-v0,13,starv2_resume_300k_SafetyCarGoal1_v0_selected_star_v2_star_v2_s13,130000,1.0,age=1-5,0.2261224240064621,0.2261224240064621,-9.74978320300579e-10,0.01171875,0.0438130646944046,0.5311222076416016,2.771519660949707,-1.0181684046983719e-05,0.2261224240064621,0.2261224240064621,0.2260761559009552,training_mechanism_log_batch,results/star_v2_final/resume_300k/SafetyCarGoal1-v0/star_v2/starv2_resume_300k_SafetyCarGoal1_v0_selected_star_v2_star_v2_s13/mechanism.csv
SafetyCarGoal1-v0,13,starv2_resume_300k_SafetyCarGoal1_v0_selected_star_v2_star_v2_s13,135000,1.0,age=1-5,0.256294310092926,0.256294310092926,3.2014213502407074e-10,0.03125,0.05060870945453644,0.5315523147583008,2.7694151401519775,-9.308801963925362e-06,0.256294310092926,0.256294310092926,0.25626713037490845,training_mechanism_log_batch,results/star_v2_final/resume_300k/SafetyCarGoal1-v0/star_v2/starv2_resume_300k_SafetyCarGoal1_v0_selected_star_v2_star_v2_s13/mechanism.csv
SafetyCarGoal1-v0,13,starv2_resume_300k_SafetyCarGoal1_v0_selected_star_v2_star_v2_s13,140000,1.0,age=1-5,0.23100677132606506,0.23100678622722626,2.473825588822365e-10,0.02734375,0.045425187796354294,0.5313913822174072,2.7717936038970947,-1.0093674063682556e-05,0.23100677132606506,0.23100678622722626,0.2310561090707779,training_mechanism_log_batch,results/star_v2_final/resume_300k/SafetyCarGoal1-v0/star_v2/starv2_resume_300k_SafetyCarGoal1_v0_selected_star_v2_star_v2_s13/mechanism.csv
SafetyCarGoal1-v0,13,starv2_resume_300k_SafetyCarGoal1_v0_selected_star_v2_star_v2_s13,145000,1.0,age=1-5,0.21546272933483124,0.21546272933483124,-9.022187441587448e-10,0.01171875,0.03748173266649246,0.5308241248130798,2.7715911865234375,-9.579467587172985e-06,0.21546272933483124,0.21546272933483124,0.21539045870304108,training_mechanism_log_batch,results/star_v2_final/resume_300k/SafetyCarGoal1-v0/star_v2/starv2_resume_300k_SafetyCarGoal1_v0_selected_star_v2_star_v2_s13/mechanism.csv
SafetyCarGoal1-v0,13,starv2_resume_300k_SafetyCarGoal1_v0_selected_star_v2_star_v2_s13,150000,1.0,age=1-5,0.24180105328559875,0.24180105328559875,-6.548361852765083e-10,0.0234375,0.0466981939971447,0.5310962200164795,2.771515369415283,-1.2078438885509968e-05,0.24180105328559875,0.24180105328559875,0.24183380603790283,training_mechanism_log_batch,results/star_v2_final/resume_300k/SafetyCarGoal1-v0/star_v2/starv2_resume_300k_SafetyCarGoal1_v0_selected_star_v2_star_v2_s13/mechanism.csv
SafetyCarGoal1-v0,13,starv2_resume_300k_SafetyCarGoal1_v0_selected_star_v2_star_v2_s13,155000,1.0,age=1-5,0.26071739196777344,0.26071736216545105,2.9103830456733704e-11,0.0390625,0.04662684351205826,0.5313048362731934,2.771805763244629,-1.3546086847782135e-05,0.26071739196777344,0.26071736216545105,0.2607242465019226,training_mechanism_log_batch,results/star_v2_final/resume_300k/SafetyCarGoal1-v0/star_v2/starv2_resume_300k_SafetyCarGoal1_v0_selected_star_v2_star_v2_s13/mechanism.csv
SafetyCarGoal1-v0,13,starv2_resume_300k_SafetyCarGoal1_v0_selected_star_v2_star_v2_s13,160000,1.0,age=1-5,0.2686592936515808,0.2686592936515808,1.0186340659856796e-09,0.0390625,0.061532728374004364,0.5310685634613037,2.7712013721466064,-1.1517317034304142e-05,0.2686592936515808,0.2686592936515808,0.26865333318710327,training_mechanism_log_batch,results/star_v2_final/resume_300k/SafetyCarGoal1-v0/star_v2/starv2_resume_300k_SafetyCarGoal1_v0_selected_star_v2_star_v2_s13/mechanism.csv
SafetyCarGoal1-v0,13,starv2_resume_300k_SafetyCarGoal1_v0_selected_star_v2_star_v2_s13,165000,1.0,age=1-5,0.2495468705892563,0.2495468705892563,-4.3655745685100555e-10,0.01953125,0.051468219608068466,0.5313180685043335,2.771876573562622,-1.3090320862829685e-05,0.2495468705892563,0.2495468705892563,0.24945014715194702,training_mechanism_log_batch,results/star_v2_final/resume_300k/SafetyCarGoal1-v0/star_v2/starv2_resume_300k_SafetyCarGoal1_v0_selected_star_v2_star_v2_s13/mechanism.csv
SafetyCarGoal1-v0,13,starv2_resume_300k_SafetyCarGoal1_v0_selected_star_v2_star_v2_s13,170000,1.0,age=1-5,0.23394426703453064,0.23394426703453064,-5.384208634495735e-10,0.02734375,0.030711045488715172,0.5314304828643799,2.7716550827026367,-1.2227916158735752e-05,0.23394426703453064,0.23394426703453064,0.23394092917442322,training_mechanism_log_batch,results/star_v2_final/resume_300k/SafetyCarGoal1-v0/star_v2/starv2_resume_300k_SafetyCarGoal1_v0_selected_star_v2_star_v2_s13/mechanism.csv
SafetyCarGoal1-v0,13,starv2_resume_300k_SafetyCarGoal1_v0_selected_star_v2_star_v2_s13,175000,1.0,age=1-5,0.24666866660118103,0.24666866660118103,-2.0372681319713593e-10,0.0234375,0.03949393332004547,0.5308470129966736,2.7715601921081543,-1.0584015399217606e-05,0.24666866660118103,0.24666866660118103,0.24665150046348572,training_mechanism_log_batch,results/star_v2_final/resume_300k/SafetyCarGoal1-v0/star_v2/starv2_resume_300k_SafetyCarGoal1_v0_selected_star_v2_star_v2_s13/mechanism.csv
SafetyCarGoal1-v0,13,starv2_resume_300k_SafetyCarGoal1_v0_selected_star_v2_star_v2_s13,180000,1.0,age=1-5,0.21621963381767273,0.21621963381767273,-5.093170329928398e-10,0.03515625,0.026634763926267624,0.5317751169204712,2.7717666625976562,-1.155724748969078e-05,0.21621963381767273,0.21621963381767273,0.21624122560024261,training_mechanism_log_batch,results/star_v2_final/resume_300k/SafetyCarGoal1-v0/star_v2/starv2_resume_300k_SafetyCarGoal1_v0_selected_star_v2_star_v2_s13/mechanism.csv
SafetyCarGoal1-v0,13,starv2_resume_300k_SafetyCarGoal1_v0_selected_star_v2_star_v2_s13,185000,1.0,age=1-5,0.23894132673740387,0.23894132673740387,-1.4842953532934189e-09,0.00390625,0.03366492688655853,0.5315995812416077,2.770376205444336,-1.1583906598389149e-05,0.23894132673740387,0.23894132673740387,0.23886294662952423,training_mechanism_log_batch,results/star_v2_final/resume_300k/SafetyCarGoal1-v0/star_v2/starv2_resume_300k_SafetyCarGoal1_v0_selected_star_v2_star_v2_s13/mechanism.csv
SafetyCarGoal1-v0,13,starv2_resume_300k_SafetyCarGoal1_v0_selected_star_v2_star_v2_s13,190000,1.0,age=1-5,0.2672766149044037,0.2672766149044037,6.984919309616089e-10,0.02734375,0.05275208503007889,0.5310391783714294,2.764552593231201,-1.1251075193285942e-05,0.2672766149044037,0.2672766149044037,0.2668405771255493,training_mechanism_log_batch,results/star_v2_final/resume_300k/SafetyCarGoal1-v0/star_v2/starv2_resume_300k_SafetyCarGoal1_v0_selected_star_v2_star_v2_s13/mechanism.csv
SafetyCarGoal1-v0,13,starv2_resume_300k_SafetyCarGoal1_v0_selected_star_v2_star_v2_s13,195000,1.0,age=1-5,0.20173943042755127,0.20173943042755127,-3.2014213502407074e-10,0.03125,0.025529833510518074,0.5309451818466187,2.7719521522521973,-1.203769352287054e-05,0.20173943042755127,0.20173943042755127,0.20177431404590607,training_mechanism_log_batch,results/star_v2_final/resume_300k/SafetyCarGoal1-v0/star_v2/starv2_resume_300k_SafetyCarGoal1_v0_selected_star_v2_star_v2_s13/mechanism.csv
SafetyCarGoal1-v0,13,starv2_resume_300k_SafetyCarGoal1_v0_selected_star_v2_star_v2_s13,200000,1.0,age=1-5,0.26282036304473877,0.26282039284706116,-8.731149137020111e-11,0.03125,0.0415782704949379,0.53166663646698,2.7667620182037354,-1.2035714462399483e-05,0.26282036304473877,0.26282039284706116,0.26258376240730286,training_mechanism_log_batch,results/star_v2_final/resume_300k/SafetyCarGoal1-v0/star_v2/starv2_resume_300k_SafetyCarGoal1_v0_selected_star_v2_star_v2_s13/mechanism.csv
SafetyCarGoal1-v0,13,starv2_resume_300k_SafetyCarGoal1_v0_selected_star_v2_star_v2_s13,205000,1.0,age=1-5,0.2724166810512543,0.2724166810512543,4.656612873077393e-10,0.03125,0.05764516070485115,0.5313801169395447,2.7717971801757812,-1.4457618817687035e-05,0.2724166810512543,0.2724166810512543,0.2724139988422394,training_mechanism_log_batch,results/star_v2_final/resume_300k/SafetyCarGoal1-v0/star_v2/starv2_resume_300k_SafetyCarGoal1_v0_selected_star_v2_star_v2_s13/mechanism.csv
SafetyCarGoal1-v0,13,starv2_resume_300k_SafetyCarGoal1_v0_selected_star_v2_star_v2_s13,210000,1.0,age=1-5,0.27823585271835327,0.27823585271835327,8.440110832452774e-10,0.01953125,0.05966862291097641,0.5313655138015747,2.77136492729187,-1.0969932191073895e-05,0.27823585271835327,0.27823585271835327,0.278174489736557,training_mechanism_log_batch,results/star_v2_final/resume_300k/SafetyCarGoal1-v0/star_v2/starv2_resume_300k_SafetyCarGoal1_v0_selected_star_v2_star_v2_s13/mechanism.csv
SafetyCarGoal1-v0,13,starv2_resume_300k_SafetyCarGoal1_v0_selected_star_v2_star_v2_s13,215000,1.0,age=1-5,0.2654151916503906,0.2654151916503906,-9.022187441587448e-10,0.01953125,0.05257018655538559,0.5311275720596313,2.766876220703125,-1.1255498975515366e-05,0.2654151916503906,0.2654151916503906,0.265272319316864,training_mechanism_log_batch,results/star_v2_final/resume_300k/SafetyCarGoal1-v0/star_v2/starv2_resume_300k_SafetyCarGoal1_v0_selected_star_v2_star_v2_s13/mechanism.csv
SafetyCarGoal1-v0,13,starv2_resume_300k_SafetyCarGoal1_v0_selected_star_v2_star_v2_s13,220000,1.0,age=1-5,0.25509703159332275,0.25509703159332275,-2.3283064365386963e-10,0.0078125,0.041210614144802094,0.5313234329223633,2.771623134613037,-1.2642471119761467e-05,0.25509703159332275,0.25509703159332275,0.255049467086792,training_mechanism_log_batch,results/star_v2_final/resume_300k/SafetyCarGoal1-v0/star_v2/starv2_resume_300k_SafetyCarGoal1_v0_selected_star_v2_star_v2_s13/mechanism.csv
SafetyCarGoal1-v0,13,starv2_resume_300k_SafetyCarGoal1_v0_selected_star_v2_star_v2_s13,225000,1.0,age=1-5,0.2724200487136841,0.2724200487136841,-5.820766091346741e-11,0.01953125,0.052764683961868286,0.5315297245979309,2.7714076042175293,-1.0619754903018475e-05,0.2724200487136841,0.2724200487136841,0.2723727226257324,training_mechanism_log_batch,results/star_v2_final/resume_300k/SafetyCarGoal1-v0/star_v2/starv2_resume_300k_SafetyCarGoal1_v0_selected_star_v2_star_v2_s13/mechanism.csv
SafetyCarGoal1-v0,13,starv2_resume_300k_SafetyCarGoal1_v0_selected_star_v2_star_v2_s13,230000,1.0,age=1-5,0.24295033514499664,0.24295033514499664,3.4924596548080444e-10,0.03515625,0.030815374106168747,0.5311594605445862,2.771605968475342,-1.2414762750267982e-05,0.24295033514499664,0.24295033514499664,0.24288755655288696,training_mechanism_log_batch,results/star_v2_final/resume_300k/SafetyCarGoal1-v0/star_v2/starv2_resume_300k_SafetyCarGoal1_v0_selected_star_v2_star_v2_s13/mechanism.csv
SafetyCarGoal1-v0,13,starv2_resume_300k_SafetyCarGoal1_v0_selected_star_v2_star_v2_s13,235000,1.0,age=1-5,0.28595027327537537,0.28595027327537537,-8.440110832452774e-10,0.02734375,0.05687447637319565,0.5309457778930664,2.7702536582946777,-8.772010914981365e-06,0.28595027327537537,0.28595027327537537,0.2858339548110962,training_mechanism_log_batch,results/star_v2_final/resume_300k/SafetyCarGoal1-v0/star_v2/starv2_resume_300k_SafetyCarGoal1_v0_selected_star_v2_star_v2_s13/mechanism.csv
SafetyCarGoal1-v0,13,starv2_resume_300k_SafetyCarGoal1_v0_selected_star_v2_star_v2_s13,240000,1.0,age=1-5,0.25814521312713623,0.25814521312713623,-3.7834979593753815e-10,0.015625,0.043185360729694366,0.5312516689300537,2.7716994285583496,-1.0380521416664124e-05,0.25814521312713623,0.25814521312713623,0.25815731287002563,training_mechanism_log_batch,results/star_v2_final/resume_300k/SafetyCarGoal1-v0/star_v2/starv2_resume_300k_SafetyCarGoal1_v0_selected_star_v2_star_v2_s13/mechanism.csv
SafetyCarGoal1-v0,13,starv2_resume_300k_SafetyCarGoal1_v0_selected_star_v2_star_v2_s13,245000,1.0,age=1-5,0.25764399766921997,0.25764399766921997,-3.2014213502407074e-10,0.01953125,0.04381995648145676,0.531449556350708,2.771327257156372,-1.050904393196106e-05,0.25764399766921997,0.25764399766921997,0.2576160728931427,training_mechanism_log_batch,results/star_v2_final/resume_300k/SafetyCarGoal1-v0/star_v2/starv2_resume_300k_SafetyCarGoal1_v0_selected_star_v2_star_v2_s13/mechanism.csv
SafetyCarGoal1-v0,13,starv2_resume_300k_SafetyCarGoal1_v0_selected_star_v2_star_v2_s13,250000,1.0,age=1-5,0.26279568672180176,0.26279568672180176,2.0372681319713593e-10,0.015625,0.042071469128131866,0.5314725637435913,2.7712793350219727,-1.0462128557264805e-05,0.26279568672180176,0.26279568672180176,0.2627841532230377,training_mechanism_log_batch,results/star_v2_final/resume_300k/SafetyCarGoal1-v0/star_v2/starv2_resume_300k_SafetyCarGoal1_v0_selected_star_v2_star_v2_s13/mechanism.csv
SafetyCarGoal1-v0,13,starv2_resume_300k_SafetyCarGoal1_v0_selected_star_v2_star_v2_s13,255000,1.0,age=1-5,0.2717205584049225,0.2717205584049225,5.238689482212067e-10,0.03515625,0.04575362801551819,0.5311446189880371,2.7709007263183594,-1.047179102897644e-05,0.2717205584049225,0.2717205584049225,0.27170562744140625,training_mechanism_log_batch,results/star_v2_final/resume_300k/SafetyCarGoal1-v0/star_v2/starv2_resume_300k_SafetyCarGoal1_v0_selected_star_v2_star_v2_s13/mechanism.csv
SafetyCarGoal1-v0,13,starv2_resume_300k_SafetyCarGoal1_v0_selected_star_v2_star_v2_s13,260000,1.0,age=1-5,0.3016667366027832,0.3016667366027832,7.275957614183426e-10,0.0390625,0.0583219900727272,0.5313016176223755,2.771474838256836,-9.482610039412975e-06,0.3016667366027832,0.3016667366027832,0.3016497492790222,training_mechanism_log_batch,results/star_v2_final/resume_300k/SafetyCarGoal1-v0/star_v2/starv2_resume_300k_SafetyCarGoal1_v0_selected_star_v2_star_v2_s13/mechanism.csv
SafetyCarGoal1-v0,13,starv2_resume_300k_SafetyCarGoal1_v0_selected_star_v2_star_v2_s13,265000,1.0,age=1-5,0.271493136882782,0.271493136882782,3.7834979593753815e-10,0.0234375,0.04806137830018997,0.5313233733177185,2.769448757171631,-1.1254334822297096e-05,0.271493136882782,0.271493136882782,0.2714598476886749,training_mechanism_log_batch,results/star_v2_final/resume_300k/SafetyCarGoal1-v0/star_v2/starv2_resume_300k_SafetyCarGoal1_v0_selected_star_v2_star_v2_s13/mechanism.csv
SafetyCarGoal1-v0,13,starv2_resume_300k_SafetyCarGoal1_v0_selected_star_v2_star_v2_s13,270000,1.0,age=1-5,0.3074333369731903,0.3074333369731903,-7.8580342233181e-10,0.00390625,0.06728923320770264,0.5313403606414795,2.7717628479003906,-1.1952826753258705e-05,0.3074333369731903,0.3074333369731903,0.3074490427970886,training_mechanism_log_batch,results/star_v2_final/resume_300k/SafetyCarGoal1-v0/star_v2/starv2_resume_300k_SafetyCarGoal1_v0_selected_star_v2_star_v2_s13/mechanism.csv
SafetyCarGoal1-v0,13,starv2_resume_300k_SafetyCarGoal1_v0_selected_star_v2_star_v2_s13,275000,1.0,age=1-5,0.28079989552497864,0.28079989552497864,2.9103830456733704e-11,0.02734375,0.04961313679814339,0.5312226414680481,2.7715954780578613,-1.266819890588522e-05,0.28079989552497864,0.28079989552497864,0.2807689905166626,training_mechanism_log_batch,results/star_v2_final/resume_300k/SafetyCarGoal1-v0/star_v2/starv2_resume_300k_SafetyCarGoal1_v0_selected_star_v2_star_v2_s13/mechanism.csv
SafetyCarGoal1-v0,13,starv2_resume_300k_SafetyCarGoal1_v0_selected_star_v2_star_v2_s13,280000,1.0,age=1-5,0.29514944553375244,0.29514944553375244,6.111804395914078e-10,0.04296875,0.06259924173355103,0.5312204957008362,2.771770715713501,-1.1891243048012257e-05,0.29514944553375244,0.29514944553375244,0.2950947880744934,training_mechanism_log_batch,results/star_v2_final/resume_300k/SafetyCarGoal1-v0/star_v2/starv2_resume_300k_SafetyCarGoal1_v0_selected_star_v2_star_v2_s13/mechanism.csv
SafetyCarGoal1-v0,13,starv2_resume_300k_SafetyCarGoal1_v0_selected_star_v2_star_v2_s13,285000,1.0,age=1-5,0.2663584053516388,0.2663584053516388,1.4551915228366852e-10,0.02734375,0.038189712911844254,0.5314927697181702,2.7716331481933594,-1.1975527741014957e-05,0.2663584053516388,0.2663584053516388,0.2663379907608032,training_mechanism_log_batch,results/star_v2_final/resume_300k/SafetyCarGoal1-v0/star_v2/starv2_resume_300k_SafetyCarGoal1_v0_selected_star_v2_star_v2_s13/mechanism.csv
SafetyCarGoal1-v0,13,starv2_resume_300k_SafetyCarGoal1_v0_selected_star_v2_star_v2_s13,290000,1.0,age=1-5,0.299995094537735,0.299995094537735,5.238689482212067e-10,0.03125,0.05879543349146843,0.5310519337654114,2.7714991569519043,-1.1985073797404766e-05,0.299995094537735,0.299995094537735,0.29994380474090576,training_mechanism_log_batch,results/star_v2_final/resume_300k/SafetyCarGoal1-v0/star_v2/starv2_resume_300k_SafetyCarGoal1_v0_selected_star_v2_star_v2_s13/mechanism.csv
SafetyCarGoal1-v0,13,starv2_resume_300k_SafetyCarGoal1_v0_selected_star_v2_star_v2_s13,295000,1.0,age=1-5,0.2911056876182556,0.2911056876182556,-8.149072527885437e-10,0.00390625,0.05541335046291351,0.5309488773345947,2.7709898948669434,-1.1617201380431652e-05,0.2911056876182556,0.2911056876182556,0.29100921750068665,training_mechanism_log_batch,results/star_v2_final/resume_300k/SafetyCarGoal1-v0/star_v2/starv2_resume_300k_SafetyCarGoal1_v0_selected_star_v2_star_v2_s13/mechanism.csv
SafetyCarGoal1-v0,14,starv2_resume_300k_SafetyCarGoal1_v0_selected_star_v2_star_v2_s14,5000,1.0,age=1-5,4.010775566101074,4.010775566101074,5.122274160385132e-09,0.01171875,3.5765719413757324,0.5309997797012329,1.6144731044769287,-6.754416972398758e-07,4.010775566101074,4.010775566101074,3.8688454627990723,training_mechanism_log_batch,results/star_v2_final/resume_300k/SafetyCarGoal1-v0/star_v2/starv2_resume_300k_SafetyCarGoal1_v0_selected_star_v2_star_v2_s14/mechanism.csv
SafetyCarGoal1-v0,14,starv2_resume_300k_SafetyCarGoal1_v0_selected_star_v2_star_v2_s14,10000,1.0,age=1-5,0.38289743661880493,0.38289743661880493,1.7462298274040222e-10,0.015625,0.00041230348870158195,0.5312670469284058,2.7658939361572266,-6.261980161070824e-07,0.38289743661880493,0.38289743661880493,0.3822002410888672,training_mechanism_log_batch,results/star_v2_final/resume_300k/SafetyCarGoal1-v0/star_v2/starv2_resume_300k_SafetyCarGoal1_v0_selected_star_v2_star_v2_s14/mechanism.csv
SafetyCarGoal1-v0,14,starv2_resume_300k_SafetyCarGoal1_v0_selected_star_v2_star_v2_s14,15000,1.0,age=1-5,0.14788445830345154,0.14788445830345154,4.0745362639427185e-10,0.046875,0.0016344764735549688,0.5312042832374573,2.771476984024048,-6.480840966105461e-07,0.14788445830345154,0.14788445830345154,0.14780858159065247,training_mechanism_log_batch,results/star_v2_final/resume_300k/SafetyCarGoal1-v0/star_v2/starv2_resume_300k_SafetyCarGoal1_v0_selected_star_v2_star_v2_s14/mechanism.csv
SafetyCarGoal1-v0,14,starv2_resume_300k_SafetyCarGoal1_v0_selected_star_v2_star_v2_s14,20000,1.0,age=1-5,0.08683344721794128,0.08683344721794128,1.7462298274040222e-10,0.0234375,0.011879275552928448,0.5310213565826416,2.7715377807617188,-7.916241884231567e-07,0.08683344721794128,0.08683344721794128,0.08679128438234329,training_mechanism_log_batch,results/star_v2_final/resume_300k/SafetyCarGoal1-v0/star_v2/starv2_resume_300k_SafetyCarGoal1_v0_selected_star_v2_star_v2_s14/mechanism.csv
SafetyCarGoal1-v0,14,starv2_resume_300k_SafetyCarGoal1_v0_selected_star_v2_star_v2_s14,25000,1.0,age=1-5,0.05644730105996132,0.05644730105996132,-8.731149137020111e-11,0.015625,0.005030089057981968,0.5310704708099365,2.7699670791625977,-1.3264361768960953e-06,0.05644730105996132,0.05644730105996132,0.05629347264766693,training_mechanism_log_batch,results/star_v2_final/resume_300k/SafetyCarGoal1-v0/star_v2/starv2_resume_300k_SafetyCarGoal1_v0_selected_star_v2_star_v2_s14/mechanism.csv
SafetyCarGoal1-v0,14,starv2_resume_300k_SafetyCarGoal1_v0_selected_star_v2_star_v2_s14,30000,1.0,age=1-5,0.0908338725566864,0.0908338725566864,3.4287950256839395e-10,0.04296875,0.022009961307048798,0.5308908224105835,2.7710211277008057,-3.4604454413056374e-06,0.0908338725566864,0.0908338725566864,0.09079147130250931,training_mechanism_log_batch,results/star_v2_final/resume_300k/SafetyCarGoal1-v0/star_v2/starv2_resume_300k_SafetyCarGoal1_v0_selected_star_v2_star_v2_s14/mechanism.csv
SafetyCarGoal1-v0,14,starv2_resume_300k_SafetyCarGoal1_v0_selected_star_v2_star_v2_s14,35000,1.0,age=1-5,0.11777623742818832,0.11777623742818832,-2.837623469531536e-10,0.02734375,0.024981984868645668,0.5312083959579468,2.771070957183838,-5.054404027760029e-06,0.11777623742818832,0.11777623742818832,0.11775965988636017,training_mechanism_log_batch,results/star_v2_final/resume_300k/SafetyCarGoal1-v0/star_v2/starv2_resume_300k_SafetyCarGoal1_v0_selected_star_v2_star_v2_s14/mechanism.csv
SafetyCarGoal1-v0,14,starv2_resume_300k_SafetyCarGoal1_v0_selected_star_v2_star_v2_s14,40000,1.0,age=1-5,0.13769330084323883,0.13769328594207764,1.8189894035458565e-11,0.03125,0.031143706291913986,0.5311242341995239,2.7708311080932617,-7.938477210700512e-06,0.13769330084323883,0.13769328594207764,0.13772259652614594,training_mechanism_log_batch,results/star_v2_final/resume_300k/SafetyCarGoal1-v0/star_v2/starv2_resume_300k_SafetyCarGoal1_v0_selected_star_v2_star_v2_s14/mechanism.csv
SafetyCarGoal1-v0,14,starv2_resume_300k_SafetyCarGoal1_v0_selected_star_v2_star_v2_s14,45000,1.0,age=1-5,0.12464743107557297,0.12464743107557297,-6.093614501878619e-11,0.02734375,0.028748057782649994,0.5316140651702881,2.771648406982422,-7.646623998880386e-06,0.12464743107557297,0.12464743107557297,0.12462710589170456,training_mechanism_log_batch,results/star_v2_final/resume_300k/SafetyCarGoal1-v0/star_v2/starv2_resume_300k_SafetyCarGoal1_v0_selected_star_v2_star_v2_s14/mechanism.csv
SafetyCarGoal1-v0,14,starv2_resume_300k_SafetyCarGoal1_v0_selected_star_v2_star_v2_s14,50000,1.0,age=1-5,0.1300162374973297,0.1300162374973297,-2.9672264645341784e-10,0.0390625,0.028568686917424202,0.53089439868927,2.770143747329712,-7.886555977165699e-06,0.1300162374973297,0.1300162374973297,0.12989908456802368,training_mechanism_log_batch,results/star_v2_final/resume_300k/SafetyCarGoal1-v0/star_v2/starv2_resume_300k_SafetyCarGoal1_v0_selected_star_v2_star_v2_s14/mechanism.csv
SafetyCarGoal1-v0,14,starv2_resume_300k_SafetyCarGoal1_v0_selected_star_v2_star_v2_s14,55000,1.0,age=1-5,0.1627170741558075,0.1627170741558075,-5.456968210637569e-10,0.02734375,0.0313127264380455,0.5312288999557495,2.771293878555298,-5.969195626676083e-06,0.1627170741558075,0.1627170741558075,0.16264863312244415,training_mechanism_log_batch,results/star_v2_final/resume_300k/SafetyCarGoal1-v0/star_v2/starv2_resume_300k_SafetyCarGoal1_v0_selected_star_v2_star_v2_s14/mechanism.csv
SafetyCarGoal1-v0,14,starv2_resume_300k_SafetyCarGoal1_v0_selected_star_v2_star_v2_s14,60000,1.0,age=1-5,0.14725147187709808,0.14725147187709808,-5.784386303275824e-10,0.01953125,0.025232475250959396,0.5312417149543762,2.7709007263183594,-7.738126441836357e-06,0.14725147187709808,0.14725147187709808,0.1472121924161911,training_mechanism_log_batch,results/star_v2_final/resume_300k/SafetyCarGoal1-v0/star_v2/starv2_resume_300k_SafetyCarGoal1_v0_selected_star_v2_star_v2_s14/mechanism.csv
SafetyCarGoal1-v0,14,starv2_resume_300k_SafetyCarGoal1_v0_selected_star_v2_star_v2_s14,65000,1.0,age=1-5,0.18683496117591858,0.18683496117591858,-8.731149137020111e-11,0.0390625,0.034072455018758774,0.5315369963645935,2.7701501846313477,-7.865717634558678e-06,0.18683496117591858,0.18683496117591858,0.18681149184703827,training_mechanism_log_batch,results/star_v2_final/resume_300k/SafetyCarGoal1-v0/star_v2/starv2_resume_300k_SafetyCarGoal1_v0_selected_star_v2_star_v2_s14/mechanism.csv
SafetyCarGoal1-v0,14,starv2_resume_300k_SafetyCarGoal1_v0_selected_star_v2_star_v2_s14,70000,1.0,age=1-5,0.1941649466753006,0.1941649466753006,6.111804395914078e-10,0.03515625,0.033548690378665924,0.5312572717666626,2.7697415351867676,-6.272341124713421e-06,0.1941649466753006,0.1941649466753006,0.1941150724887848,training_mechanism_log_batch,results/star_v2_final/resume_300k/SafetyCarGoal1-v0/star_v2/starv2_resume_300k_SafetyCarGoal1_v0_selected_star_v2_star_v2_s14/mechanism.csv
SafetyCarGoal1-v0,14,starv2_resume_300k_SafetyCarGoal1_v0_selected_star_v2_star_v2_s14,75000,1.0,age=1-5,0.18561232089996338,0.18561232089996338,-4.838511813431978e-10,0.03515625,0.03532957285642624,0.5312908887863159,2.770117998123169,-6.593414582312107e-06,0.18561232089996338,0.18561232089996338,0.18547368049621582,training_mechanism_log_batch,results/star_v2_final/resume_300k/SafetyCarGoal1-v0/star_v2/starv2_resume_300k_SafetyCarGoal1_v0_selected_star_v2_star_v2_s14/mechanism.csv
SafetyCarGoal1-v0,14,starv2_resume_300k_SafetyCarGoal1_v0_selected_star_v2_star_v2_s14,80000,1.0,age=1-5,0.22915396094322205,0.22915396094322205,1.8917489796876907e-10,0.0234375,0.04435374215245247,0.5313848853111267,2.7708096504211426,-6.567221134901047e-06,0.22915396094322205,0.22915396094322205,0.2291068434715271,training_mechanism_log_batch,results/star_v2_final/resume_300k/SafetyCarGoal1-v0/star_v2/starv2_resume_300k_SafetyCarGoal1_v0_selected_star_v2_star_v2_s14/mechanism.csv
SafetyCarGoal1-v0,14,starv2_resume_300k_SafetyCarGoal1_v0_selected_star_v2_star_v2_s14,85000,1.0,age=1-5,0.21869617700576782,0.21869617700576782,-6.83940015733242e-10,0.01171875,0.04601205140352249,0.5313974618911743,2.7708702087402344,-6.1980681493878365e-06,0.21869617700576782,0.21869617700576782,0.2186187356710434,training_mechanism_log_batch,results/star_v2_final/resume_300k/SafetyCarGoal1-v0/star_v2/starv2_resume_300k_SafetyCarGoal1_v0_selected_star_v2_star_v2_s14/mechanism.csv
SafetyCarGoal1-v0,14,starv2_resume_300k_SafetyCarGoal1_v0_selected_star_v2_star_v2_s14,90000,1.0,age=1-5,0.18866637349128723,0.18866637349128723,9.89530235528946e-10,0.07421875,0.028157999739050865,0.5313014388084412,2.770932674407959,-7.169670425355434e-06,0.18866637349128723,0.18866637349128723,0.18863096833229065,training_mechanism_log_batch,results/star_v2_final/resume_300k/SafetyCarGoal1-v0/star_v2/starv2_resume_300k_SafetyCarGoal1_v0_selected_star_v2_star_v2_s14/mechanism.csv
SafetyCarGoal1-v0,14,starv2_resume_300k_SafetyCarGoal1_v0_selected_star_v2_star_v2_s14,95000,1.0,age=1-5,0.23476268351078033,0.23476268351078033,-4.220055416226387e-10,0.0234375,0.04194805771112442,0.5309260487556458,2.7705142498016357,-6.403075531125069e-06,0.23476268351078033,0.23476268351078033,0.2346402406692505,training_mechanism_log_batch,results/star_v2_final/resume_300k/SafetyCarGoal1-v0/star_v2/starv2_resume_300k_SafetyCarGoal1_v0_selected_star_v2_star_v2_s14/mechanism.csv
SafetyCarGoal1-v0,14,starv2_resume_300k_SafetyCarGoal1_v0_selected_star_v2_star_v2_s14,100000,1.0,age=1-5,0.2318362295627594,0.2318362295627594,3.2014213502407074e-10,0.04296875,0.04581818729639053,0.5316237211227417,2.7714829444885254,-5.647307261824608e-06,0.2318362295627594,0.2318362295627594,0.23179137706756592,training_mechanism_log_batch,results/star_v2_final/resume_300k/SafetyCarGoal1-v0/star_v2/starv2_resume_300k_SafetyCarGoal1_v0_selected_star_v2_star_v2_s14/mechanism.csv
SafetyCarGoal1-v0,14,starv2_resume_300k_SafetyCarGoal1_v0_selected_star_v2_star_v2_s14,105000,1.0,age=1-5,0.21644045412540436,0.21644045412540436,3.2014213502407074e-10,0.015625,0.04314100369811058,0.5313140749931335,2.7701101303100586,-5.698646418750286e-06,0.21644045412540436,0.21644045412540436,0.21632304787635803,training_mechanism_log_batch,results/star_v2_final/resume_300k/SafetyCarGoal1-v0/star_v2/starv2_resume_300k_SafetyCarGoal1_v0_selected_star_v2_star_v2_s14/mechanism.csv
SafetyCarGoal1-v0,14,starv2_resume_300k_SafetyCarGoal1_v0_selected_star_v2_star_v2_s14,110000,1.0,age=1-5,0.20194470882415771,0.20194470882415771,1.3096723705530167e-10,0.01171875,0.03502243012189865,0.530977725982666,2.7714450359344482,-5.971640348434448e-06,0.20194470882415771,0.20194470882415771,0.20185065269470215,training_mechanism_log_batch,results/star_v2_final/resume_300k/SafetyCarGoal1-v0/star_v2/starv2_resume_300k_SafetyCarGoal1_v0_selected_star_v2_star_v2_s14/mechanism.csv
SafetyCarGoal1-v0,14,starv2_resume_300k_SafetyCarGoal1_v0_selected_star_v2_star_v2_s14,115000,1.0,age=1-5,0.2386399358510971,0.2386399358510971,-2.9103830456733704e-10,0.01171875,0.04543218016624451,0.5312151908874512,2.7708544731140137,-6.168032996356487e-06,0.2386399358510971,0.2386399358510971,0.23854391276836395,training_mechanism_log_batch,results/star_v2_final/resume_300k/SafetyCarGoal1-v0/star_v2/starv2_resume_300k_SafetyCarGoal1_v0_selected_star_v2_star_v2_s14/mechanism.csv
SafetyCarGoal1-v0,14,starv2_resume_300k_SafetyCarGoal1_v0_selected_star_v2_star_v2_s14,120000,1.0,age=1-5,0.23801860213279724,0.23801860213279724,-1.4551915228366852e-11,0.02734375,0.04847604036331177,0.5314540863037109,2.7696614265441895,-5.023553967475891e-06,0.23801860213279724,0.23801860213279724,0.23789316415786743,training_mechanism_log_batch,results/star_v2_final/resume_300k/SafetyCarGoal1-v0/star_v2/starv2_resume_300k_SafetyCarGoal1_v0_selected_star_v2_star_v2_s14/mechanism.csv
SafetyCarGoal1-v0,14,starv2_resume_300k_SafetyCarGoal1_v0_selected_star_v2_star_v2_s14,125000,1.0,age=1-5,0.1999180018901825,0.1999180018901825,-1.076841726899147e-09,0.01171875,0.032360322773456573,0.531428337097168,2.77060604095459,-6.042886525392532e-06,0.1999180018901825,0.1999180018901825,0.19984665513038635,training_mechanism_log_batch,results/star_v2_final/resume_300k/SafetyCarGoal1-v0/star_v2/starv2_resume_300k_SafetyCarGoal1_v0_selected_star_v2_star_v2_s14/mechanism.csv
SafetyCarGoal1-v0,14,starv2_resume_300k_SafetyCarGoal1_v0_selected_star_v2_star_v2_s14,130000,1.0,age=1-5,0.2612616717815399,0.26126164197921753,-4.220055416226387e-10,0.0234375,0.05706698074936867,0.5318251848220825,2.770799160003662,-5.76116144657135e-06,0.2612616717815399,0.26126164197921753,0.26113957166671753,training_mechanism_log_batch,results/star_v2_final/resume_300k/SafetyCarGoal1-v0/star_v2/starv2_resume_300k_SafetyCarGoal1_v0_selected_star_v2_star_v2_s14/mechanism.csv
SafetyCarGoal1-v0,14,starv2_resume_300k_SafetyCarGoal1_v0_selected_star_v2_star_v2_s14,135000,1.0,age=1-5,0.24924781918525696,0.24924781918525696,8.440110832452774e-10,0.03125,0.05401596426963806,0.5310590863227844,2.7708301544189453,-5.258130840957165e-06,0.24924781918525696,0.24924781918525696,0.24924758076667786,training_mechanism_log_batch,results/star_v2_final/resume_300k/SafetyCarGoal1-v0/star_v2/starv2_resume_300k_SafetyCarGoal1_v0_selected_star_v2_star_v2_s14/mechanism.csv
SafetyCarGoal1-v0,14,starv2_resume_300k_SafetyCarGoal1_v0_selected_star_v2_star_v2_s14,140000,1.0,age=1-5,0.23352345824241638,0.23352345824241638,1.7462298274040222e-10,0.02734375,0.03642755001783371,0.5310649871826172,2.7714805603027344,-4.8389192670583725e-06,0.23352345824241638,0.23352345824241638,0.23341381549835205,training_mechanism_log_batch,results/star_v2_final/resume_300k/SafetyCarGoal1-v0/star_v2/starv2_resume_300k_SafetyCarGoal1_v0_selected_star_v2_star_v2_s14/mechanism.csv
SafetyCarGoal1-v0,14,starv2_resume_300k_SafetyCarGoal1_v0_selected_star_v2_star_v2_s14,145000,1.0,age=1-5,0.22379180788993835,0.22379180788993835,2.0372681319713593e-10,0.02734375,0.04121587052941322,0.5315099954605103,2.771090030670166,-5.536829121410847e-06,0.22379180788993835,0.22379180788993835,0.2237929403781891,training_mechanism_log_batch,results/star_v2_final/resume_300k/SafetyCarGoal1-v0/star_v2/starv2_resume_300k_SafetyCarGoal1_v0_selected_star_v2_star_v2_s14/mechanism.csv
SafetyCarGoal1-v0,14,starv2_resume_300k_SafetyCarGoal1_v0_selected_star_v2_star_v2_s14,150000,1.0,age=1-5,0.24726060032844543,0.24726061522960663,-1.4551915228366852e-10,0.03125,0.044741056859493256,0.5314592719078064,2.7711238861083984,-5.383975803852081e-06,0.24726060032844543,0.24726061522960663,0.24734002351760864,training_mechanism_log_batch,results/star_v2_final/resume_300k/SafetyCarGoal1-v0/star_v2/starv2_resume_300k_SafetyCarGoal1_v0_selected_star_v2_star_v2_s14/mechanism.csv
SafetyCarGoal1-v0,14,starv2_resume_300k_SafetyCarGoal1_v0_selected_star_v2_star_v2_s14,155000,1.0,age=1-5,0.2454257309436798,0.2454257309436798,-2.9103830456733704e-10,0.0234375,0.051532089710235596,0.530848503112793,2.7697396278381348,-5.431589670479298e-06,0.2454257309436798,0.2454257309436798,0.24528275430202484,training_mechanism_log_batch,results/star_v2_final/resume_300k/SafetyCarGoal1-v0/star_v2/starv2_resume_300k_SafetyCarGoal1_v0_selected_star_v2_star_v2_s14/mechanism.csv
SafetyCarGoal1-v0,14,starv2_resume_300k_SafetyCarGoal1_v0_selected_star_v2_star_v2_s14,160000,1.0,age=1-5,0.2690757215023041,0.2690757215023041,-5.820766091346741e-10,0.015625,0.05919424444437027,0.5307947397232056,2.7709383964538574,-4.933332093060017e-06,0.2690757215023041,0.2690757215023041,0.26887738704681396,training_mechanism_log_batch,results/star_v2_final/resume_300k/SafetyCarGoal1-v0/star_v2/starv2_resume_300k_SafetyCarGoal1_v0_selected_star_v2_star_v2_s14/mechanism.csv
SafetyCarGoal1-v0,14,starv2_resume_300k_SafetyCarGoal1_v0_selected_star_v2_star_v2_s14,165000,1.0,age=1-5,0.23938949406147003,0.23938949406147003,-1.4551915228366852e-10,0.02734375,0.035064492374658585,0.5307568311691284,2.7708730697631836,-4.675821401178837e-06,0.23938949406147003,0.23938949406147003,0.23926439881324768,training_mechanism_log_batch,results/star_v2_final/resume_300k/SafetyCarGoal1-v0/star_v2/starv2_resume_300k_SafetyCarGoal1_v0_selected_star_v2_star_v2_s14/mechanism.csv
SafetyCarGoal1-v0,14,starv2_resume_300k_SafetyCarGoal1_v0_selected_star_v2_star_v2_s14,170000,1.0,age=1-5,0.2380031943321228,0.2380031943321228,-6.111804395914078e-10,0.02734375,0.043160248547792435,0.5311982035636902,2.771392345428467,-5.194800905883312e-06,0.2380031943321228,0.2380031943321228,0.2379692643880844,training_mechanism_log_batch,results/star_v2_final/resume_300k/SafetyCarGoal1-v0/star_v2/starv2_resume_300k_SafetyCarGoal1_v0_selected_star_v2_star_v2_s14/mechanism.csv
SafetyCarGoal1-v0,14,starv2_resume_300k_SafetyCarGoal1_v0_selected_star_v2_star_v2_s14,175000,1.0,age=1-5,0.2509060204029083,0.2509060204029083,-1.5061232261359692e-09,0.0078125,0.048623040318489075,0.5313897728919983,2.7704625129699707,-5.203066393733025e-06,0.2509060204029083,0.2509060204029083,0.2508557438850403,training_mechanism_log_batch,results/star_v2_final/resume_300k/SafetyCarGoal1-v0/star_v2/starv2_resume_300k_SafetyCarGoal1_v0_selected_star_v2_star_v2_s14/mechanism.csv
SafetyCarGoal1-v0,14,starv2_resume_300k_SafetyCarGoal1_v0_selected_star_v2_star_v2_s14,180000,1.0,age=1-5,0.236750066280365,0.2367500513792038,-3.7834979593753815e-10,0.02734375,0.04095553234219551,0.5317152738571167,2.7715587615966797,-5.601323209702969e-06,0.236750066280365,0.2367500513792038,0.2367010861635208,training_mechanism_log_batch,results/star_v2_final/resume_300k/SafetyCarGoal1-v0/star_v2/starv2_resume_300k_SafetyCarGoal1_v0_selected_star_v2_star_v2_s14/mechanism.csv
SafetyCarGoal1-v0,14,starv2_resume_300k_SafetyCarGoal1_v0_selected_star_v2_star_v2_s14,185000,1.0,age=1-5,0.24114084243774414,0.24114084243774414,-2.6193447411060333e-10,0.02734375,0.04331925883889198,0.531453013420105,2.7702476978302,-5.647190846502781e-06,0.24114084243774414,0.24114084243774414,0.2410074770450592,training_mechanism_log_batch,results/star_v2_final/resume_300k/SafetyCarGoal1-v0/star_v2/starv2_resume_300k_SafetyCarGoal1_v0_selected_star_v2_star_v2_s14/mechanism.csv
SafetyCarGoal1-v0,14,starv2_resume_300k_SafetyCarGoal1_v0_selected_star_v2_star_v2_s14,190000,1.0,age=1-5,0.2626178562641144,0.2626178562641144,-5.529727786779404e-10,0.01953125,0.05350439250469208,0.531612753868103,2.770885467529297,-5.395850166678429e-06,0.2626178562641144,0.2626178562641144,0.26254040002822876,training_mechanism_log_batch,results/star_v2_final/resume_300k/SafetyCarGoal1-v0/star_v2/starv2_resume_300k_SafetyCarGoal1_v0_selected_star_v2_star_v2_s14/mechanism.csv
SafetyCarGoal1-v0,14,starv2_resume_300k_SafetyCarGoal1_v0_selected_star_v2_star_v2_s14,195000,1.0,age=1-5,0.2117927372455597,0.2117927372455597,2.0372681319713593e-10,0.03125,0.022406037896871567,0.5312676429748535,2.7705278396606445,-5.566980689764023e-06,0.2117927372455597,0.2117927372455597,0.21168752014636993,training_mechanism_log_batch,results/star_v2_final/resume_300k/SafetyCarGoal1-v0/star_v2/starv2_resume_300k_SafetyCarGoal1_v0_selected_star_v2_star_v2_s14/mechanism.csv
SafetyCarGoal1-v0,14,starv2_resume_300k_SafetyCarGoal1_v0_selected_star_v2_star_v2_s14,200000,1.0,age=1-5,0.2750844359397888,0.2750844359397888,-1.7462298274040222e-10,0.0234375,0.05845179036259651,0.5316529870033264,2.77138614654541,-5.089095793664455e-06,0.2750844359397888,0.2750844359397888,0.2749679386615753,training_mechanism_log_batch,results/star_v2_final/resume_300k/SafetyCarGoal1-v0/star_v2/starv2_resume_300k_SafetyCarGoal1_v0_selected_star_v2_star_v2_s14/mechanism.csv
SafetyCarGoal1-v0,14,starv2_resume_300k_SafetyCarGoal1_v0_selected_star_v2_star_v2_s14,205000,1.0,age=1-5,0.24829404056072235,0.24829404056072235,-4.656612873077393e-10,0.02734375,0.04200179502367973,0.5314416289329529,2.7708892822265625,-4.783272743225098e-06,0.24829404056072235,0.24829404056072235,0.2482050657272339,training_mechanism_log_batch,results/star_v2_final/resume_300k/SafetyCarGoal1-v0/star_v2/starv2_resume_300k_SafetyCarGoal1_v0_selected_star_v2_star_v2_s14/mechanism.csv
SafetyCarGoal1-v0,14,starv2_resume_300k_SafetyCarGoal1_v0_selected_star_v2_star_v2_s14,210000,1.0,age=1-5,0.2487933188676834,0.2487933188676834,5.093170329928398e-10,0.04296875,0.04387123882770538,0.5315910577774048,2.7713866233825684,-5.702837370336056e-06,0.2487933188676834,0.2487933188676834,0.24875038862228394,training_mechanism_log_batch,results/star_v2_final/resume_300k/SafetyCarGoal1-v0/star_v2/starv2_resume_300k_SafetyCarGoal1_v0_selected_star_v2_star_v2_s14/mechanism.csv
SafetyCarGoal1-v0,14,starv2_resume_300k_SafetyCarGoal1_v0_selected_star_v2_star_v2_s14,215000,1.0,age=1-5,0.24673396348953247,0.24673396348953247,1.4551915228366852e-11,0.04296875,0.04270460084080696,0.5314218997955322,2.7712368965148926,-5.023321136832237e-06,0.24673396348953247,0.24673396348953247,0.2465643733739853,training_mechanism_log_batch,results/star_v2_final/resume_300k/SafetyCarGoal1-v0/star_v2/starv2_resume_300k_SafetyCarGoal1_v0_selected_star_v2_star_v2_s14/mechanism.csv
SafetyCarGoal1-v0,14,starv2_resume_300k_SafetyCarGoal1_v0_selected_star_v2_star_v2_s14,220000,1.0,age=1-5,0.2302108108997345,0.2302108108997345,8.731149137020111e-11,0.0234375,0.03579441457986832,0.5311854481697083,2.7713894844055176,-5.467096343636513e-06,0.2302108108997345,0.2302108108997345,0.2301207333803177,training_mechanism_log_batch,results/star_v2_final/resume_300k/SafetyCarGoal1-v0/star_v2/starv2_resume_300k_SafetyCarGoal1_v0_selected_star_v2_star_v2_s14/mechanism.csv
SafetyCarGoal1-v0,14,starv2_resume_300k_SafetyCarGoal1_v0_selected_star_v2_star_v2_s14,225000,1.0,age=1-5,0.27303963899612427,0.27303963899612427,3.346940502524376e-10,0.0234375,0.05587295815348625,0.5317147970199585,2.7706432342529297,-5.174893885850906e-06,0.27303963899612427,0.27303963899612427,0.273003488779068,training_mechanism_log_batch,results/star_v2_final/resume_300k/SafetyCarGoal1-v0/star_v2/starv2_resume_300k_SafetyCarGoal1_v0_selected_star_v2_star_v2_s14/mechanism.csv
SafetyCarGoal1-v0,14,starv2_resume_300k_SafetyCarGoal1_v0_selected_star_v2_star_v2_s14,230000,1.0,age=1-5,0.3034551441669464,0.3034551441669464,1.0186340659856796e-09,0.03125,0.07288272678852081,0.5312842130661011,2.771176338195801,-5.221809260547161e-06,0.3034551441669464,0.3034551441669464,0.3034626543521881,training_mechanism_log_batch,results/star_v2_final/resume_300k/SafetyCarGoal1-v0/star_v2/starv2_resume_300k_SafetyCarGoal1_v0_selected_star_v2_star_v2_s14/mechanism.csv
SafetyCarGoal1-v0,14,starv2_resume_300k_SafetyCarGoal1_v0_selected_star_v2_star_v2_s14,235000,1.0,age=1-5,0.2796367406845093,0.2796367406845093,-9.458744898438454e-10,0.02734375,0.054946884512901306,0.5315026044845581,2.770339012145996,-5.043228156864643e-06,0.2796367406845093,0.2796367406845093,0.279549241065979,training_mechanism_log_batch,results/star_v2_final/resume_300k/SafetyCarGoal1-v0/star_v2/starv2_resume_300k_SafetyCarGoal1_v0_selected_star_v2_star_v2_s14/mechanism.csv
SafetyCarGoal1-v0,14,starv2_resume_300k_SafetyCarGoal1_v0_selected_star_v2_star_v2_s14,240000,1.0,age=1-5,0.2764444649219513,0.2764444649219513,-2.9103830456733704e-11,0.01953125,0.043760936707258224,0.5308764576911926,2.7708969116210938,-5.091656930744648e-06,0.2764444649219513,0.2764444649219513,0.27637946605682373,training_mechanism_log_batch,results/star_v2_final/resume_300k/SafetyCarGoal1-v0/star_v2/starv2_resume_300k_SafetyCarGoal1_v0_selected_star_v2_star_v2_s14/mechanism.csv
SafetyCarGoal1-v0,14,starv2_resume_300k_SafetyCarGoal1_v0_selected_star_v2_star_v2_s14,245000,1.0,age=1-5,0.2823503613471985,0.2823503613471985,1.1641532182693481e-10,0.05078125,0.05379519611597061,0.5310879945755005,2.770712375640869,-4.848232492804527e-06,0.2823503613471985,0.2823503613471985,0.282376766204834,training_mechanism_log_batch,results/star_v2_final/resume_300k/SafetyCarGoal1-v0/star_v2/starv2_resume_300k_SafetyCarGoal1_v0_selected_star_v2_star_v2_s14/mechanism.csv
SafetyCarGoal1-v0,14,starv2_resume_300k_SafetyCarGoal1_v0_selected_star_v2_star_v2_s14,250000,1.0,age=1-5,0.30476436018943787,0.30476436018943787,5.820766091346741e-10,0.04296875,0.06019051745533943,0.5313093066215515,2.7703869342803955,-4.741828888654709e-06,0.30476436018943787,0.30476436018943787,0.3046531677246094,training_mechanism_log_batch,results/star_v2_final/resume_300k/SafetyCarGoal1-v0/star_v2/starv2_resume_300k_SafetyCarGoal1_v0_selected_star_v2_star_v2_s14/mechanism.csv
SafetyCarGoal1-v0,14,starv2_resume_300k_SafetyCarGoal1_v0_selected_star_v2_star_v2_s14,255000,1.0,age=1-5,0.27755749225616455,0.27755749225616455,2.0372681319713593e-10,0.0390625,0.04851668328046799,0.5311760902404785,2.7711329460144043,-4.827859811484814e-06,0.27755749225616455,0.27755749225616455,0.27757465839385986,training_mechanism_log_batch,results/star_v2_final/resume_300k/SafetyCarGoal1-v0/star_v2/starv2_resume_300k_SafetyCarGoal1_v0_selected_star_v2_star_v2_s14/mechanism.csv
SafetyCarGoal1-v0,14,starv2_resume_300k_SafetyCarGoal1_v0_selected_star_v2_star_v2_s14,260000,1.0,age=1-5,0.3107334077358246,0.3107334077358246,-1.6007106751203537e-09,0.015625,0.07137434184551239,0.5314459800720215,2.771343231201172,-4.969886504113674e-06,0.3107334077358246,0.3107334077358246,0.31069642305374146,training_mechanism_log_batch,results/star_v2_final/resume_300k/SafetyCarGoal1-v0/star_v2/starv2_resume_300k_SafetyCarGoal1_v0_selected_star_v2_star_v2_s14/mechanism.csv
SafetyCarGoal1-v0,14,starv2_resume_300k_SafetyCarGoal1_v0_selected_star_v2_star_v2_s14,265000,1.0,age=1-5,0.25162357091903687,0.25162357091903687,4.3655745685100555e-10,0.0234375,0.03883877396583557,0.5317715406417847,2.769871234893799,-4.925183020532131e-06,0.25162357091903687,0.25162357091903687,0.2514304518699646,training_mechanism_log_batch,results/star_v2_final/resume_300k/SafetyCarGoal1-v0/star_v2/starv2_resume_300k_SafetyCarGoal1_v0_selected_star_v2_star_v2_s14/mechanism.csv
SafetyCarGoal1-v0,14,starv2_resume_300k_SafetyCarGoal1_v0_selected_star_v2_star_v2_s14,270000,1.0,age=1-5,0.2708679139614105,0.2708679139614105,4.3655745685100555e-10,0.015625,0.04732882231473923,0.5314146876335144,2.7706222534179688,-4.810048267245293e-06,0.2708679139614105,0.2708679139614105,0.27078327536582947,training_mechanism_log_batch,results/star_v2_final/resume_300k/SafetyCarGoal1-v0/star_v2/starv2_resume_300k_SafetyCarGoal1_v0_selected_star_v2_star_v2_s14/mechanism.csv
SafetyCarGoal1-v0,14,starv2_resume_300k_SafetyCarGoal1_v0_selected_star_v2_star_v2_s14,275000,1.0,age=1-5,0.2924690842628479,0.2924690842628479,2.9103830456733704e-10,0.03125,0.05789073184132576,0.5309383869171143,2.770763874053955,-5.411333404481411e-06,0.2924690842628479,0.2924690842628479,0.29244673252105713,training_mechanism_log_batch,results/star_v2_final/resume_300k/SafetyCarGoal1-v0/star_v2/starv2_resume_300k_SafetyCarGoal1_v0_selected_star_v2_star_v2_s14/mechanism.csv
SafetyCarGoal1-v0,14,starv2_resume_300k_SafetyCarGoal1_v0_selected_star_v2_star_v2_s14,280000,1.0,age=1-5,0.2780423164367676,0.2780423164367676,-7.421476766467094e-10,0.01953125,0.05528485029935837,0.5315566658973694,2.7710118293762207,-4.914472810924053e-06,0.2780423164367676,0.2780423164367676,0.2780284285545349,training_mechanism_log_batch,results/star_v2_final/resume_300k/SafetyCarGoal1-v0/star_v2/starv2_resume_300k_SafetyCarGoal1_v0_selected_star_v2_star_v2_s14/mechanism.csv
SafetyCarGoal1-v0,14,starv2_resume_300k_SafetyCarGoal1_v0_selected_star_v2_star_v2_s14,285000,1.0,age=1-5,0.29943764209747314,0.29943764209747314,-1.1641532182693481e-10,0.04296875,0.05711446702480316,0.5317670106887817,2.7705817222595215,-4.798872396349907e-06,0.29943764209747314,0.29943764209747314,0.29943346977233887,training_mechanism_log_batch,results/star_v2_final/resume_300k/SafetyCarGoal1-v0/star_v2/starv2_resume_300k_SafetyCarGoal1_v0_selected_star_v2_star_v2_s14/mechanism.csv
SafetyCarGoal1-v0,14,starv2_resume_300k_SafetyCarGoal1_v0_selected_star_v2_star_v2_s14,290000,1.0,age=1-5,0.29693371057510376,0.29693371057510376,1.4842953532934189e-09,0.03515625,0.06813262403011322,0.5315292477607727,2.7713851928710938,-5.141017027199268e-06,0.29693371057510376,0.29693371057510376,0.2969234585762024,training_mechanism_log_batch,results/star_v2_final/resume_300k/SafetyCarGoal1-v0/star_v2/starv2_resume_300k_SafetyCarGoal1_v0_selected_star_v2_star_v2_s14/mechanism.csv
SafetyCarGoal1-v0,14,starv2_resume_300k_SafetyCarGoal1_v0_selected_star_v2_star_v2_s14,295000,1.0,age=1-5,0.29201552271842957,0.29201552271842957,1.4551915228366852e-10,0.046875,0.06049704924225807,0.5313116312026978,2.770751953125,-5.188398063182831e-06,0.29201552271842957,0.29201552271842957,0.29193517565727234,training_mechanism_log_batch,results/star_v2_final/resume_300k/SafetyCarGoal1-v0/star_v2/starv2_resume_300k_SafetyCarGoal1_v0_selected_star_v2_star_v2_s14/mechanism.csv
SafetyPointButton1-v0,10,starv2_core_100k_SafetyPointButton1_v0_selected_star_v2_star_v2_s10,100000,1.0,age=1-5,0.46770524978637695,0.46770524978637695,7.8580342233181e-10,0.05859375,0.11496860533952713,0.532238245010376,2.7502760887145996,-1.2071570381522179e-05,0.46770524978637695,0.46770524978637695,0.466765820980072,training_mechanism_log_batch,results/star_v2_final/resume_300k/SafetyPointButton1-v0/star_v2/starv2_core_100k_SafetyPointButton1_v0_selected_star_v2_star_v2_s10/mechanism.csv
SafetyPointButton1-v0,10,starv2_core_100k_SafetyPointButton1_v0_selected_star_v2_star_v2_s10,105000,1.0,age=1-5,0.46580278873443604,0.46580278873443604,4.0745362639427185e-10,0.03515625,0.12309880554676056,0.5307177305221558,2.7520265579223633,-1.0496820323169231e-05,0.46580278873443604,0.46580278873443604,0.46449682116508484,training_mechanism_log_batch,results/star_v2_final/resume_300k/SafetyPointButton1-v0/star_v2/starv2_core_100k_SafetyPointButton1_v0_selected_star_v2_star_v2_s10/mechanism.csv
SafetyPointButton1-v0,10,starv2_core_100k_SafetyPointButton1_v0_selected_star_v2_star_v2_s10,110000,1.0,age=1-5,0.46073341369628906,0.46073341369628906,1.7462298274040222e-10,0.03125,0.10434069484472275,0.5300389528274536,2.7510135173797607,-1.5107216313481331e-05,0.46073341369628906,0.46073341369628906,0.4590425491333008,training_mechanism_log_batch,results/star_v2_final/resume_300k/SafetyPointButton1-v0/star_v2/starv2_core_100k_SafetyPointButton1_v0_selected_star_v2_star_v2_s10/mechanism.csv
SafetyPointButton1-v0,10,starv2_core_100k_SafetyPointButton1_v0_selected_star_v2_star_v2_s10,115000,1.0,age=1-5,0.46018657088279724,0.46018654108047485,-6.402842700481415e-10,0.01953125,0.11602717638015747,0.5315258502960205,2.7589762210845947,-1.4167861081659794e-05,0.46018657088279724,0.46018654108047485,0.45966315269470215,training_mechanism_log_batch,results/star_v2_final/resume_300k/SafetyPointButton1-v0/star_v2/starv2_core_100k_SafetyPointButton1_v0_selected_star_v2_star_v2_s10/mechanism.csv
SafetyPointButton1-v0,10,starv2_core_100k_SafetyPointButton1_v0_selected_star_v2_star_v2_s10,120000,1.0,age=1-5,0.5011515021324158,0.5011515021324158,3.7834979593753815e-10,0.03125,0.13942411541938782,0.5314515829086304,2.7596349716186523,-1.4714431017637253e-05,0.5011515021324158,0.5011515021324158,0.5003265142440796,training_mechanism_log_batch,results/star_v2_final/resume_300k/SafetyPointButton1-v0/star_v2/starv2_core_100k_SafetyPointButton1_v0_selected_star_v2_star_v2_s10/mechanism.csv
SafetyPointButton1-v0,10,starv2_core_100k_SafetyPointButton1_v0_selected_star_v2_star_v2_s10,125000,1.0,age=1-5,0.529875636100769,0.529875636100769,-1.1641532182693481e-10,0.01953125,0.15159082412719727,0.5321255922317505,2.7537808418273926,-1.7710495740175247e-05,0.529875636100769,0.529875636100769,0.5286402106285095,training_mechanism_log_batch,results/star_v2_final/resume_300k/SafetyPointButton1-v0/star_v2/starv2_core_100k_SafetyPointButton1_v0_selected_star_v2_star_v2_s10/mechanism.csv
SafetyPointButton1-v0,10,starv2_core_100k_SafetyPointButton1_v0_selected_star_v2_star_v2_s10,130000,1.0,age=1-5,0.4885704517364502,0.4885704517364502,5.820766091346741e-10,0.0234375,0.12236059457063675,0.5316193103790283,2.7557904720306396,-1.347449142485857e-05,0.4885704517364502,0.4885704517364502,0.4874001741409302,training_mechanism_log_batch,results/star_v2_final/resume_300k/SafetyPointButton1-v0/star_v2/starv2_core_100k_SafetyPointButton1_v0_selected_star_v2_star_v2_s10/mechanism.csv
SafetyPointButton1-v0,10,starv2_core_100k_SafetyPointButton1_v0_selected_star_v2_star_v2_s10,135000,1.0,age=1-5,0.4818094074726105,0.48180943727493286,-6.984919309616089e-10,0.0234375,0.12573379278182983,0.5310851335525513,2.753922939300537,-1.3190903700888157e-05,0.4818094074726105,0.48180943727493286,0.48085272312164307,training_mechanism_log_batch,results/star_v2_final/resume_300k/SafetyPointButton1-v0/star_v2/starv2_core_100k_SafetyPointButton1_v0_selected_star_v2_star_v2_s10/mechanism.csv
SafetyPointButton1-v0,10,starv2_core_100k_SafetyPointButton1_v0_selected_star_v2_star_v2_s10,140000,1.0,age=1-5,0.5196115970611572,0.5196115970611572,1.1641532182693481e-10,0.015625,0.142063707113266,0.5292431116104126,2.7505645751953125,-1.3673678040504456e-05,0.5196115970611572,0.5196115970611572,0.5184661149978638,training_mechanism_log_batch,results/star_v2_final/resume_300k/SafetyPointButton1-v0/star_v2/starv2_core_100k_SafetyPointButton1_v0_selected_star_v2_star_v2_s10/mechanism.csv
SafetyPointButton1-v0,10,starv2_core_100k_SafetyPointButton1_v0_selected_star_v2_star_v2_s10,145000,1.0,age=1-5,0.4687337279319763,0.4687337279319763,6.984919309616089e-10,0.04296875,0.11653116345405579,0.5303283929824829,2.7558228969573975,-1.261651050299406e-05,0.4687337279319763,0.4687337279319763,0.46746009588241577,training_mechanism_log_batch,results/star_v2_final/resume_300k/SafetyPointButton1-v0/star_v2/starv2_core_100k_SafetyPointButton1_v0_selected_star_v2_star_v2_s10/mechanism.csv
SafetyPointButton1-v0,10,starv2_core_100k_SafetyPointButton1_v0_selected_star_v2_star_v2_s10,150000,1.0,age=1-5,0.4880748391151428,0.4880748391151428,-1.1350493878126144e-09,0.0234375,0.12094401568174362,0.5330755710601807,2.7420191764831543,-9.75665170699358e-06,0.4880748391151428,0.4880748391151428,0.4868351221084595,training_mechanism_log_batch,results/star_v2_final/resume_300k/SafetyPointButton1-v0/star_v2/starv2_core_100k_SafetyPointButton1_v0_selected_star_v2_star_v2_s10/mechanism.csv
SafetyPointButton1-v0,10,starv2_core_100k_SafetyPointButton1_v0_selected_star_v2_star_v2_s10,155000,1.0,age=1-5,0.5545564889907837,0.5545564293861389,5.820766091346741e-11,0.01953125,0.15429577231407166,0.5305129289627075,2.7450928688049316,-1.0844436474144459e-05,0.5545564889907837,0.5545564293861389,0.553303599357605,training_mechanism_log_batch,results/star_v2_final/resume_300k/SafetyPointButton1-v0/star_v2/starv2_core_100k_SafetyPointButton1_v0_selected_star_v2_star_v2_s10/mechanism.csv
SafetyPointButton1-v0,10,starv2_core_100k_SafetyPointButton1_v0_selected_star_v2_star_v2_s10,160000,1.0,age=1-5,0.5618555545806885,0.5618555545806885,9.604264050722122e-10,0.0390625,0.15544353425502777,0.5298885107040405,2.7411625385284424,-7.044058293104172e-06,0.5618555545806885,0.5618555545806885,0.5596418380737305,training_mechanism_log_batch,results/star_v2_final/resume_300k/SafetyPointButton1-v0/star_v2/starv2_core_100k_SafetyPointButton1_v0_selected_star_v2_star_v2_s10/mechanism.csv
SafetyPointButton1-v0,10,starv2_core_100k_SafetyPointButton1_v0_selected_star_v2_star_v2_s10,165000,1.0,age=1-5,0.5349361300468445,0.5349361300468445,-6.402842700481415e-10,0.01953125,0.14053747057914734,0.5306649804115295,2.7344584465026855,-6.280373781919479e-06,0.5349361300468445,0.5349361300468445,0.5316355228424072,training_mechanism_log_batch,results/star_v2_final/resume_300k/SafetyPointButton1-v0/star_v2/starv2_core_100k_SafetyPointButton1_v0_selected_star_v2_star_v2_s10/mechanism.csv
SafetyPointButton1-v0,10,starv2_core_100k_SafetyPointButton1_v0_selected_star_v2_star_v2_s10,170000,1.0,age=1-5,0.5306430459022522,0.5306430459022522,5.820766091346741e-10,0.03125,0.1360182762145996,0.532276451587677,2.741732120513916,-6.737653166055679e-06,0.5306430459022522,0.5306430459022522,0.5287951827049255,training_mechanism_log_batch,results/star_v2_final/resume_300k/SafetyPointButton1-v0/star_v2/starv2_core_100k_SafetyPointButton1_v0_selected_star_v2_star_v2_s10/mechanism.csv
SafetyPointButton1-v0,10,starv2_core_100k_SafetyPointButton1_v0_selected_star_v2_star_v2_s10,175000,1.0,age=1-5,0.5324407815933228,0.5324407815933228,-5.820766091346741e-10,0.0234375,0.13860924541950226,0.530346155166626,2.742795944213867,-6.584916263818741e-06,0.5324407815933228,0.5324407815933228,0.5306344032287598,training_mechanism_log_batch,results/star_v2_final/resume_300k/SafetyPointButton1-v0/star_v2/starv2_core_100k_SafetyPointButton1_v0_selected_star_v2_star_v2_s10/mechanism.csv
SafetyPointButton1-v0,10,starv2_core_100k_SafetyPointButton1_v0_selected_star_v2_star_v2_s10,180000,1.0,age=1-5,0.5134694576263428,0.5134694576263428,6.402842700481415e-10,0.0234375,0.12399754673242569,0.5334713459014893,2.736880302429199,-7.656519301235676e-06,0.5134694576263428,0.5134694576263428,0.512091875076294,training_mechanism_log_batch,results/star_v2_final/resume_300k/SafetyPointButton1-v0/star_v2/starv2_core_100k_SafetyPointButton1_v0_selected_star_v2_star_v2_s10/mechanism.csv
SafetyPointButton1-v0,10,starv2_core_100k_SafetyPointButton1_v0_selected_star_v2_star_v2_s10,185000,1.0,age=1-5,0.5256330966949463,0.5256330966949463,8.149072527885437e-10,0.02734375,0.13369467854499817,0.5305641293525696,2.7503881454467773,-6.795860826969147e-06,0.5256330966949463,0.5256330966949463,0.5242360234260559,training_mechanism_log_batch,results/star_v2_final/resume_300k/SafetyPointButton1-v0/star_v2/starv2_core_100k_SafetyPointButton1_v0_selected_star_v2_star_v2_s10/mechanism.csv
SafetyPointButton1-v0,10,starv2_core_100k_SafetyPointButton1_v0_selected_star_v2_star_v2_s10,190000,1.0,age=1-5,0.5300261974334717,0.5300261974334717,-6.402842700481415e-10,0.015625,0.13295742869377136,0.5315722823143005,2.7467613220214844,-6.836140528321266e-06,0.5300261974334717,0.5300261974334717,0.528988242149353,training_mechanism_log_batch,results/star_v2_final/resume_300k/SafetyPointButton1-v0/star_v2/starv2_core_100k_SafetyPointButton1_v0_selected_star_v2_star_v2_s10/mechanism.csv
SafetyPointButton1-v0,10,starv2_core_100k_SafetyPointButton1_v0_selected_star_v2_star_v2_s10,195000,1.0,age=1-5,0.5433660745620728,0.5433660745620728,-1.6880221664905548e-09,0.00390625,0.13841775059700012,0.5311349630355835,2.7496256828308105,-6.7640794441103935e-06,0.5433660745620728,0.5433660745620728,0.5424556732177734,training_mechanism_log_batch,results/star_v2_final/resume_300k/SafetyPointButton1-v0/star_v2/starv2_core_100k_SafetyPointButton1_v0_selected_star_v2_star_v2_s10/mechanism.csv
SafetyPointButton1-v0,10,starv2_core_100k_SafetyPointButton1_v0_selected_star_v2_star_v2_s10,200000,1.0,age=1-5,0.5403475761413574,0.5403475761413574,4.656612873077393e-10,0.01953125,0.13565927743911743,0.5296969413757324,2.75247859954834,-5.815178155899048e-06,0.5403475761413574,0.5403475761413574,0.5382288694381714,training_mechanism_log_batch,results/star_v2_final/resume_300k/SafetyPointButton1-v0/star_v2/starv2_core_100k_SafetyPointButton1_v0_selected_star_v2_star_v2_s10/mechanism.csv
SafetyPointButton1-v0,10,starv2_core_100k_SafetyPointButton1_v0_selected_star_v2_star_v2_s10,205000,1.0,age=1-5,0.5450946092605591,0.5450946092605591,-5.820766091346741e-11,0.015625,0.13901980221271515,0.5320161581039429,2.7535691261291504,-5.056033842265606e-06,0.5450946092605591,0.5450946092605591,0.5440700054168701,training_mechanism_log_batch,results/star_v2_final/resume_300k/SafetyPointButton1-v0/star_v2/starv2_core_100k_SafetyPointButton1_v0_selected_star_v2_star_v2_s10/mechanism.csv
SafetyPointButton1-v0,10,starv2_core_100k_SafetyPointButton1_v0_selected_star_v2_star_v2_s10,210000,1.0,age=1-5,0.568488597869873,0.568488597869873,2.3283064365386963e-10,0.01953125,0.1547565460205078,0.5302163362503052,2.7410240173339844,-4.433677531778812e-06,0.568488597869873,0.568488597869873,0.566754937171936,training_mechanism_log_batch,results/star_v2_final/resume_300k/SafetyPointButton1-v0/star_v2/starv2_core_100k_SafetyPointButton1_v0_selected_star_v2_star_v2_s10/mechanism.csv
SafetyPointButton1-v0,10,starv2_core_100k_SafetyPointButton1_v0_selected_star_v2_star_v2_s10,215000,1.0,age=1-5,0.5386174917221069,0.5386174917221069,5.820766091346741e-11,0.01171875,0.14258426427841187,0.5302727222442627,2.742487907409668,-5.157198756933212e-06,0.5386174917221069,0.5386174917221069,0.5366750955581665,training_mechanism_log_batch,results/star_v2_final/resume_300k/SafetyPointButton1-v0/star_v2/starv2_core_100k_SafetyPointButton1_v0_selected_star_v2_star_v2_s10/mechanism.csv
SafetyPointButton1-v0,10,starv2_core_100k_SafetyPointButton1_v0_selected_star_v2_star_v2_s10,220000,1.0,age=1-5,0.5564994812011719,0.5564994812011719,1.3387762010097504e-09,0.01953125,0.14849647879600525,0.5296909809112549,2.756065845489502,-4.55870758742094e-06,0.5564994812011719,0.5564994812011719,0.5553953647613525,training_mechanism_log_batch,results/star_v2_final/resume_300k/SafetyPointButton1-v0/star_v2/starv2_core_100k_SafetyPointButton1_v0_selected_star_v2_star_v2_s10/mechanism.csv
SafetyPointButton1-v0,10,starv2_core_100k_SafetyPointButton1_v0_selected_star_v2_star_v2_s10,225000,1.0,age=1-5,0.5783112645149231,0.5783112645149231,2.9103830456733704e-10,0.02734375,0.15184488892555237,0.5303014516830444,2.7487807273864746,-4.514702595770359e-06,0.5783112645149231,0.5783112645149231,0.5767574906349182,training_mechanism_log_batch,results/star_v2_final/resume_300k/SafetyPointButton1-v0/star_v2/starv2_core_100k_SafetyPointButton1_v0_selected_star_v2_star_v2_s10/mechanism.csv
SafetyPointButton1-v0,10,starv2_core_100k_SafetyPointButton1_v0_selected_star_v2_star_v2_s10,230000,1.0,age=1-5,0.5444456338882446,0.5444456338882446,-1.2223608791828156e-09,0.0078125,0.12356162816286087,0.5305532813072205,2.7316489219665527,-4.065455868840218e-06,0.5444456338882446,0.5444456338882446,0.5423405766487122,training_mechanism_log_batch,results/star_v2_final/resume_300k/SafetyPointButton1-v0/star_v2/starv2_core_100k_SafetyPointButton1_v0_selected_star_v2_star_v2_s10/mechanism.csv
SafetyPointButton1-v0,10,starv2_core_100k_SafetyPointButton1_v0_selected_star_v2_star_v2_s10,235000,1.0,age=1-5,0.5757081508636475,0.5757081508636475,1.6298145055770874e-09,0.0234375,0.15483668446540833,0.5324245095252991,2.7416276931762695,-4.450906999409199e-06,0.5757081508636475,0.5757081508636475,0.5737252831459045,training_mechanism_log_batch,results/star_v2_final/resume_300k/SafetyPointButton1-v0/star_v2/starv2_core_100k_SafetyPointButton1_v0_selected_star_v2_star_v2_s10/mechanism.csv
SafetyPointButton1-v0,10,starv2_core_100k_SafetyPointButton1_v0_selected_star_v2_star_v2_s10,240000,1.0,age=1-5,0.5743080377578735,0.5743080377578735,-1.1641532182693481e-10,0.01171875,0.1533614844083786,0.5323629379272461,2.753261089324951,-4.141940735280514e-06,0.5743080377578735,0.5743080377578735,0.5732131004333496,training_mechanism_log_batch,results/star_v2_final/resume_300k/SafetyPointButton1-v0/star_v2/starv2_core_100k_SafetyPointButton1_v0_selected_star_v2_star_v2_s10/mechanism.csv
SafetyPointButton1-v0,10,starv2_core_100k_SafetyPointButton1_v0_selected_star_v2_star_v2_s10,245000,1.0,age=1-5,0.5757941007614136,0.5757941007614136,4.656612873077393e-10,0.015625,0.1471615880727768,0.5303570032119751,2.743530035018921,-3.391760401427746e-06,0.5757941007614136,0.5757941007614136,0.5741661787033081,training_mechanism_log_batch,results/star_v2_final/resume_300k/SafetyPointButton1-v0/star_v2/starv2_core_100k_SafetyPointButton1_v0_selected_star_v2_star_v2_s10/mechanism.csv
SafetyPointButton1-v0,10,starv2_core_100k_SafetyPointButton1_v0_selected_star_v2_star_v2_s10,250000,1.0,age=1-5,0.5484445691108704,0.5484445691108704,-7.566995918750763e-10,0.0078125,0.13426938652992249,0.5320128798484802,2.740889549255371,-3.548688255250454e-06,0.5484445691108704,0.5484445691108704,0.5464349985122681,training_mechanism_log_batch,results/star_v2_final/resume_300k/SafetyPointButton1-v0/star_v2/starv2_core_100k_SafetyPointButton1_v0_selected_star_v2_star_v2_s10/mechanism.csv
SafetyPointButton1-v0,10,starv2_core_100k_SafetyPointButton1_v0_selected_star_v2_star_v2_s10,255000,1.0,age=1-5,0.5865951776504517,0.5865951776504517,-6.984919309616089e-10,0.01171875,0.15778708457946777,0.5326229929924011,2.7385201454162598,-3.345310688018799e-06,0.5865951776504517,0.5865951776504517,0.5848784446716309,training_mechanism_log_batch,results/star_v2_final/resume_300k/SafetyPointButton1-v0/star_v2/starv2_core_100k_SafetyPointButton1_v0_selected_star_v2_star_v2_s10/mechanism.csv
SafetyPointButton1-v0,10,starv2_core_100k_SafetyPointButton1_v0_selected_star_v2_star_v2_s10,260000,1.0,age=1-5,0.5978469848632812,0.5978469848632812,-1.1641532182693481e-10,0.00390625,0.16403228044509888,0.5319585800170898,2.7492470741271973,-3.285938873887062e-06,0.5978469848632812,0.5978469848632812,0.5959195494651794,training_mechanism_log_batch,results/star_v2_final/resume_300k/SafetyPointButton1-v0/star_v2/starv2_core_100k_SafetyPointButton1_v0_selected_star_v2_star_v2_s10/mechanism.csv
SafetyPointButton1-v0,10,starv2_core_100k_SafetyPointButton1_v0_selected_star_v2_star_v2_s10,265000,1.0,age=1-5,0.6045969724655151,0.6045969724655151,3.4924596548080444e-10,0.0234375,0.16656288504600525,0.5308083295822144,2.750166416168213,-3.688037395477295e-06,0.6045969724655151,0.6045969724655151,0.6031069755554199,training_mechanism_log_batch,results/star_v2_final/resume_300k/SafetyPointButton1-v0/star_v2/starv2_core_100k_SafetyPointButton1_v0_selected_star_v2_star_v2_s10/mechanism.csv
SafetyPointButton1-v0,10,starv2_core_100k_SafetyPointButton1_v0_selected_star_v2_star_v2_s10,270000,1.0,age=1-5,0.5893129110336304,0.5893129110336304,-6.984919309616089e-10,0.00390625,0.15623793005943298,0.5293083786964417,2.7442760467529297,-3.589666448533535e-06,0.5893129110336304,0.5893129110336304,0.5876335501670837,training_mechanism_log_batch,results/star_v2_final/resume_300k/SafetyPointButton1-v0/star_v2/starv2_core_100k_SafetyPointButton1_v0_selected_star_v2_star_v2_s10/mechanism.csv
SafetyPointButton1-v0,10,starv2_core_100k_SafetyPointButton1_v0_selected_star_v2_star_v2_s10,275000,1.0,age=1-5,0.5971212387084961,0.5971212387084961,0.0,0.0078125,0.16488435864448547,0.529552161693573,2.7339839935302734,-3.6638230085372925e-06,0.5971212387084961,0.5971212387084961,0.5951259732246399,training_mechanism_log_batch,results/star_v2_final/resume_300k/SafetyPointButton1-v0/star_v2/starv2_core_100k_SafetyPointButton1_v0_selected_star_v2_star_v2_s10/mechanism.csv
SafetyPointButton1-v0,10,starv2_core_100k_SafetyPointButton1_v0_selected_star_v2_star_v2_s10,280000,1.0,age=1-5,0.5692110061645508,0.5692110061645508,-1.6880221664905548e-09,0.01171875,0.14675015211105347,0.5329940319061279,2.7164556980133057,-3.678840585052967e-06,0.5692110061645508,0.5692110061645508,0.5659679174423218,training_mechanism_log_batch,results/star_v2_final/resume_300k/SafetyPointButton1-v0/star_v2/starv2_core_100k_SafetyPointButton1_v0_selected_star_v2_star_v2_s10/mechanism.csv
SafetyPointButton1-v0,10,starv2_core_100k_SafetyPointButton1_v0_selected_star_v2_star_v2_s10,285000,1.0,age=1-5,0.5479395389556885,0.5479395389556885,1.1641532182693481e-10,0.0078125,0.1242123395204544,0.5309377312660217,2.7467305660247803,-3.396882675588131e-06,0.5479395389556885,0.5479395389556885,0.5448117256164551,training_mechanism_log_batch,results/star_v2_final/resume_300k/SafetyPointButton1-v0/star_v2/starv2_core_100k_SafetyPointButton1_v0_selected_star_v2_star_v2_s10/mechanism.csv
SafetyPointButton1-v0,10,starv2_core_100k_SafetyPointButton1_v0_selected_star_v2_star_v2_s10,290000,1.0,age=1-5,0.5895590782165527,0.5895590782165527,-9.313225746154785e-10,0.00390625,0.15234917402267456,0.5288752317428589,2.738455295562744,-3.2670795917510986e-06,0.5895590782165527,0.5895590782165527,0.5856192111968994,training_mechanism_log_batch,results/star_v2_final/resume_300k/SafetyPointButton1-v0/star_v2/starv2_core_100k_SafetyPointButton1_v0_selected_star_v2_star_v2_s10/mechanism.csv
SafetyPointButton1-v0,10,starv2_core_100k_SafetyPointButton1_v0_selected_star_v2_star_v2_s10,295000,1.0,age=1-5,0.5646333694458008,0.5646333694458008,-5.820766091346741e-11,0.015625,0.13921740651130676,0.5308039784431458,2.73378324508667,-3.5194680094718933e-06,0.5646333694458008,0.5646333694458008,0.5622180700302124,training_mechanism_log_batch,results/star_v2_final/resume_300k/SafetyPointButton1-v0/star_v2/starv2_core_100k_SafetyPointButton1_v0_selected_star_v2_star_v2_s10/mechanism.csv
SafetyPointButton1-v0,11,starv2_core_100k_SafetyPointButton1_v0_selected_star_v2_star_v2_s11,100000,1.0,age=1-5,0.5141267776489258,0.5141267776489258,6.111804395914078e-10,0.03515625,0.13164719939231873,0.5309081077575684,2.7359776496887207,-5.295383743941784e-06,0.5141267776489258,0.5141267776489258,0.5121384859085083,training_mechanism_log_batch,results/star_v2_final/resume_300k/SafetyPointButton1-v0/star_v2/starv2_core_100k_SafetyPointButton1_v0_selected_star_v2_star_v2_s11/mechanism.csv
SafetyPointButton1-v0,11,starv2_core_100k_SafetyPointButton1_v0_selected_star_v2_star_v2_s11,105000,1.0,age=1-5,0.5186620354652405,0.5186620354652405,-6.402842700481415e-10,0.0234375,0.12622371315956116,0.5332889556884766,2.7291743755340576,-5.377922207117081e-06,0.5186620354652405,0.5186620354652405,0.5139548778533936,training_mechanism_log_batch,results/star_v2_final/resume_300k/SafetyPointButton1-v0/star_v2/starv2_core_100k_SafetyPointButton1_v0_selected_star_v2_star_v2_s11/mechanism.csv
SafetyPointButton1-v0,11,starv2_core_100k_SafetyPointButton1_v0_selected_star_v2_star_v2_s11,110000,1.0,age=1-5,0.5208727717399597,0.5208727717399597,2.0954757928848267e-09,0.046875,0.13300079107284546,0.5294733047485352,2.724135398864746,-4.690373316407204e-06,0.5208727717399597,0.5208727717399597,0.5171410441398621,training_mechanism_log_batch,results/star_v2_final/resume_300k/SafetyPointButton1-v0/star_v2/starv2_core_100k_SafetyPointButton1_v0_selected_star_v2_star_v2_s11/mechanism.csv
SafetyPointButton1-v0,11,starv2_core_100k_SafetyPointButton1_v0_selected_star_v2_star_v2_s11,115000,1.0,age=1-5,0.5067740678787231,0.5067740678787231,1.862645149230957e-09,0.03515625,0.125362828373909,0.5300326943397522,2.74391508102417,-4.808767698705196e-06,0.5067740678787231,0.5067740678787231,0.5053292512893677,training_mechanism_log_batch,results/star_v2_final/resume_300k/SafetyPointButton1-v0/star_v2/starv2_core_100k_SafetyPointButton1_v0_selected_star_v2_star_v2_s11/mechanism.csv
SafetyPointButton1-v0,11,starv2_core_100k_SafetyPointButton1_v0_selected_star_v2_star_v2_s11,120000,1.0,age=1-5,0.502241849899292,0.502241849899292,2.9103830456733704e-10,0.03125,0.13249623775482178,0.5294426679611206,2.742506980895996,-4.28222119808197e-06,0.502241849899292,0.502241849899292,0.5002841949462891,training_mechanism_log_batch,results/star_v2_final/resume_300k/SafetyPointButton1-v0/star_v2/starv2_core_100k_SafetyPointButton1_v0_selected_star_v2_star_v2_s11/mechanism.csv
SafetyPointButton1-v0,11,starv2_core_100k_SafetyPointButton1_v0_selected_star_v2_star_v2_s11,125000,1.0,age=1-5,0.5418536067008972,0.5418536067008972,-7.566995918750763e-10,0.0234375,0.14990359544754028,0.5314958691596985,2.735166549682617,-5.181995220482349e-06,0.5418536067008972,0.5418536067008972,0.5383310914039612,training_mechanism_log_batch,results/star_v2_final/resume_300k/SafetyPointButton1-v0/star_v2/starv2_core_100k_SafetyPointButton1_v0_selected_star_v2_star_v2_s11/mechanism.csv
SafetyPointButton1-v0,11,starv2_core_100k_SafetyPointButton1_v0_selected_star_v2_star_v2_s11,130000,1.0,age=1-5,0.5284723043441772,0.5284723043441772,-2.3283064365386963e-10,0.02734375,0.14668655395507812,0.5334165096282959,2.7237977981567383,-4.818430170416832e-06,0.5284723043441772,0.5284723043441772,0.5262731313705444,training_mechanism_log_batch,results/star_v2_final/resume_300k/SafetyPointButton1-v0/star_v2/starv2_core_100k_SafetyPointButton1_v0_selected_star_v2_star_v2_s11/mechanism.csv
SafetyPointButton1-v0,11,starv2_core_100k_SafetyPointButton1_v0_selected_star_v2_star_v2_s11,135000,1.0,age=1-5,0.5347542762756348,0.5347542762756348,-5.238689482212067e-10,0.015625,0.13957317173480988,0.5325117111206055,2.7381341457366943,-5.578040145337582e-06,0.5347542762756348,0.5347542762756348,0.531780481338501,training_mechanism_log_batch,results/star_v2_final/resume_300k/SafetyPointButton1-v0/star_v2/starv2_core_100k_SafetyPointButton1_v0_selected_star_v2_star_v2_s11/mechanism.csv
SafetyPointButton1-v0,11,starv2_core_100k_SafetyPointButton1_v0_selected_star_v2_star_v2_s11,140000,1.0,age=1-5,0.557923436164856,0.5579233765602112,3.4924596548080444e-10,0.03125,0.14957109093666077,0.5314084887504578,2.7436556816101074,-4.964065738022327e-06,0.557923436164856,0.5579233765602112,0.5563657283782959,training_mechanism_log_batch,results/star_v2_final/resume_300k/SafetyPointButton1-v0/star_v2/starv2_core_100k_SafetyPointButton1_v0_selected_star_v2_star_v2_s11/mechanism.csv
SafetyPointButton1-v0,11,starv2_core_100k_SafetyPointButton1_v0_selected_star_v2_star_v2_s11,145000,1.0,age=1-5,0.5778955817222595,0.5778955817222595,4.0745362639427185e-10,0.0234375,0.16024504601955414,0.5299986004829407,2.7353339195251465,-5.0227390602231026e-06,0.5778955817222595,0.5778955817222595,0.5751141309738159,training_mechanism_log_batch,results/star_v2_final/resume_300k/SafetyPointButton1-v0/star_v2/starv2_core_100k_SafetyPointButton1_v0_selected_star_v2_star_v2_s11/mechanism.csv
SafetyPointButton1-v0,11,starv2_core_100k_SafetyPointButton1_v0_selected_star_v2_star_v2_s11,150000,1.0,age=1-5,0.5878573060035706,0.5878573060035706,1.4551915228366852e-09,0.03125,0.16933569312095642,0.5312087535858154,2.7260618209838867,-4.823086783289909e-06,0.5878573060035706,0.5878573060035706,0.5850643515586853,training_mechanism_log_batch,results/star_v2_final/resume_300k/SafetyPointButton1-v0/star_v2/starv2_core_100k_SafetyPointButton1_v0_selected_star_v2_star_v2_s11/mechanism.csv
SafetyPointButton1-v0,11,starv2_core_100k_SafetyPointButton1_v0_selected_star_v2_star_v2_s11,155000,1.0,age=1-5,0.5364011526107788,0.5364011526107788,-1.1641532182693481e-10,0.046875,0.1306753158569336,0.5284327864646912,2.7166805267333984,-6.117392331361771e-06,0.5364011526107788,0.5364011526107788,0.5342612266540527,training_mechanism_log_batch,results/star_v2_final/resume_300k/SafetyPointButton1-v0/star_v2/starv2_core_100k_SafetyPointButton1_v0_selected_star_v2_star_v2_s11/mechanism.csv
SafetyPointButton1-v0,11,starv2_core_100k_SafetyPointButton1_v0_selected_star_v2_star_v2_s11,160000,1.0,age=1-5,0.5384130477905273,0.5384130477905273,5.238689482212067e-10,0.03515625,0.14115694165229797,0.5312719345092773,2.740086078643799,-5.609006620943546e-06,0.5384130477905273,0.5384130477905273,0.5364187955856323,training_mechanism_log_batch,results/star_v2_final/resume_300k/SafetyPointButton1-v0/star_v2/starv2_core_100k_SafetyPointButton1_v0_selected_star_v2_star_v2_s11/mechanism.csv
SafetyPointButton1-v0,11,starv2_core_100k_SafetyPointButton1_v0_selected_star_v2_star_v2_s11,165000,1.0,age=1-5,0.6153475046157837,0.6153475046157837,-8.149072527885437e-10,0.01953125,0.18655180931091309,0.5329562425613403,2.730605125427246,-5.358015187084675e-06,0.6153475046157837,0.6153475046157837,0.6132563948631287,training_mechanism_log_batch,results/star_v2_final/resume_300k/SafetyPointButton1-v0/star_v2/starv2_core_100k_SafetyPointButton1_v0_selected_star_v2_star_v2_s11/mechanism.csv
SafetyPointButton1-v0,11,starv2_core_100k_SafetyPointButton1_v0_selected_star_v2_star_v2_s11,170000,1.0,age=1-5,0.5494463443756104,0.5494463443756104,-4.656612873077393e-10,0.01171875,0.1473645269870758,0.5303007364273071,2.7530128955841064,-5.607376806437969e-06,0.5494463443756104,0.5494463443756104,0.5487527847290039,training_mechanism_log_batch,results/star_v2_final/resume_300k/SafetyPointButton1-v0/star_v2/starv2_core_100k_SafetyPointButton1_v0_selected_star_v2_star_v2_s11/mechanism.csv
SafetyPointButton1-v0,11,starv2_core_100k_SafetyPointButton1_v0_selected_star_v2_star_v2_s11,175000,1.0,age=1-5,0.5593903064727783,0.5593903064727783,-6.402842700481415e-10,0.01953125,0.14469122886657715,0.5293188095092773,2.73043155670166,-5.037290975451469e-06,0.5593903064727783,0.5593903064727783,0.5557310581207275,training_mechanism_log_batch,results/star_v2_final/resume_300k/SafetyPointButton1-v0/star_v2/starv2_core_100k_SafetyPointButton1_v0_selected_star_v2_star_v2_s11/mechanism.csv
SafetyPointButton1-v0,11,starv2_core_100k_SafetyPointButton1_v0_selected_star_v2_star_v2_s11,180000,1.0,age=1-5,0.5700761079788208,0.5700761079788208,1.1641532182693481e-09,0.02734375,0.15288430452346802,0.531105101108551,2.7310264110565186,-5.70307020097971e-06,0.5700761079788208,0.5700761079788208,0.5672732591629028,training_mechanism_log_batch,results/star_v2_final/resume_300k/SafetyPointButton1-v0/star_v2/starv2_core_100k_SafetyPointButton1_v0_selected_star_v2_star_v2_s11/mechanism.csv
SafetyPointButton1-v0,11,starv2_core_100k_SafetyPointButton1_v0_selected_star_v2_star_v2_s11,185000,1.0,age=1-5,0.5716354250907898,0.5716354250907898,1.7462298274040222e-10,0.01953125,0.15270215272903442,0.5301325917243958,2.7446515560150146,-5.371402949094772e-06,0.5716354250907898,0.5716354250907898,0.5691834092140198,training_mechanism_log_batch,results/star_v2_final/resume_300k/SafetyPointButton1-v0/star_v2/starv2_core_100k_SafetyPointButton1_v0_selected_star_v2_star_v2_s11/mechanism.csv
SafetyPointButton1-v0,11,starv2_core_100k_SafetyPointButton1_v0_selected_star_v2_star_v2_s11,190000,1.0,age=1-5,0.5593138337135315,0.5593138337135315,-1.862645149230957e-09,0.0234375,0.15289857983589172,0.5307527780532837,2.7405714988708496,-5.587469786405563e-06,0.5593138337135315,0.5593138337135315,0.5575467944145203,training_mechanism_log_batch,results/star_v2_final/resume_300k/SafetyPointButton1-v0/star_v2/starv2_core_100k_SafetyPointButton1_v0_selected_star_v2_star_v2_s11/mechanism.csv
SafetyPointButton1-v0,11,starv2_core_100k_SafetyPointButton1_v0_selected_star_v2_star_v2_s11,195000,1.0,age=1-5,0.5665501356124878,0.5665501356124878,-1.1641532182693481e-10,0.0234375,0.15629494190216064,0.5337176322937012,2.7301697731018066,-5.853478796780109e-06,0.5665501356124878,0.5665501356124878,0.5643614530563354,training_mechanism_log_batch,results/star_v2_final/resume_300k/SafetyPointButton1-v0/star_v2/starv2_core_100k_SafetyPointButton1_v0_selected_star_v2_star_v2_s11/mechanism.csv
SafetyPointButton1-v0,11,starv2_core_100k_SafetyPointButton1_v0_selected_star_v2_star_v2_s11,200000,1.0,age=1-5,0.5627617239952087,0.5627617239952087,-5.820766091346741e-11,0.01953125,0.14262744784355164,0.5309975743293762,2.737508773803711,-5.9569720178842545e-06,0.5627617239952087,0.5627617239952087,0.5600988864898682,training_mechanism_log_batch,results/star_v2_final/resume_300k/SafetyPointButton1-v0/star_v2/starv2_core_100k_SafetyPointButton1_v0_selected_star_v2_star_v2_s11/mechanism.csv
SafetyPointButton1-v0,11,starv2_core_100k_SafetyPointButton1_v0_selected_star_v2_star_v2_s11,205000,1.0,age=1-5,0.5823918581008911,0.5823918581008911,-1.1641532182693481e-10,0.01171875,0.1610601246356964,0.5288781523704529,2.7409374713897705,-5.317269824445248e-06,0.5823918581008911,0.5823918581008911,0.5806341767311096,training_mechanism_log_batch,results/star_v2_final/resume_300k/SafetyPointButton1-v0/star_v2/starv2_core_100k_SafetyPointButton1_v0_selected_star_v2_star_v2_s11/mechanism.csv
SafetyPointButton1-v0,11,starv2_core_100k_SafetyPointButton1_v0_selected_star_v2_star_v2_s11,210000,1.0,age=1-5,0.5987762212753296,0.5987762212753296,3.4924596548080444e-10,0.02734375,0.18214288353919983,0.5322471857070923,2.741741895675659,-6.206100806593895e-06,0.5987762212753296,0.5987762212753296,0.5970458388328552,training_mechanism_log_batch,results/star_v2_final/resume_300k/SafetyPointButton1-v0/star_v2/starv2_core_100k_SafetyPointButton1_v0_selected_star_v2_star_v2_s11/mechanism.csv
SafetyPointButton1-v0,11,starv2_core_100k_SafetyPointButton1_v0_selected_star_v2_star_v2_s11,215000,1.0,age=1-5,0.57779860496521,0.57779860496521,-7.566995918750763e-10,0.015625,0.15208524465560913,0.5301844477653503,2.7383432388305664,-5.0603412091732025e-06,0.57779860496521,0.57779860496521,0.5754371881484985,training_mechanism_log_batch,results/star_v2_final/resume_300k/SafetyPointButton1-v0/star_v2/starv2_core_100k_SafetyPointButton1_v0_selected_star_v2_star_v2_s11/mechanism.csv
SafetyPointButton1-v0,11,starv2_core_100k_SafetyPointButton1_v0_selected_star_v2_star_v2_s11,220000,1.0,age=1-5,0.5631861686706543,0.5631861686706543,-8.149072527885437e-10,0.0078125,0.14603668451309204,0.5322244167327881,2.715994358062744,-5.078967660665512e-06,0.5631861686706543,0.5631861686706543,0.55889892578125,training_mechanism_log_batch,results/star_v2_final/resume_300k/SafetyPointButton1-v0/star_v2/starv2_core_100k_SafetyPointButton1_v0_selected_star_v2_star_v2_s11/mechanism.csv
SafetyPointButton1-v0,11,starv2_core_100k_SafetyPointButton1_v0_selected_star_v2_star_v2_s11,225000,1.0,age=1-5,0.5834661722183228,0.5834661722183228,0.0,0.01953125,0.161700040102005,0.5327187180519104,2.7090749740600586,-5.2764080464839935e-06,0.5834661722183228,0.5834661722183228,0.5784087181091309,training_mechanism_log_batch,results/star_v2_final/resume_300k/SafetyPointButton1-v0/star_v2/starv2_core_100k_SafetyPointButton1_v0_selected_star_v2_star_v2_s11/mechanism.csv
SafetyPointButton1-v0,11,starv2_core_100k_SafetyPointButton1_v0_selected_star_v2_star_v2_s11,230000,1.0,age=1-5,0.5813117027282715,0.5813117623329163,4.656612873077393e-10,0.0234375,0.15970385074615479,0.5295066833496094,2.7392876148223877,-4.451721906661987e-06,0.5813117027282715,0.5813117623329163,0.5798892378807068,training_mechanism_log_batch,results/star_v2_final/resume_300k/SafetyPointButton1-v0/star_v2/starv2_core_100k_SafetyPointButton1_v0_selected_star_v2_star_v2_s11/mechanism.csv
SafetyPointButton1-v0,11,starv2_core_100k_SafetyPointButton1_v0_selected_star_v2_star_v2_s11,235000,1.0,age=1-5,0.5928506851196289,0.5928506851196289,1.1641532182693481e-10,0.01171875,0.1634541004896164,0.5324109792709351,2.744143009185791,-4.3495092540979385e-06,0.5928506851196289,0.5928506851196289,0.5913375616073608,training_mechanism_log_batch,results/star_v2_final/resume_300k/SafetyPointButton1-v0/star_v2/starv2_core_100k_SafetyPointButton1_v0_selected_star_v2_star_v2_s11/mechanism.csv
SafetyPointButton1-v0,11,starv2_core_100k_SafetyPointButton1_v0_selected_star_v2_star_v2_s11,240000,1.0,age=1-5,0.5877031087875366,0.5877031087875366,5.238689482212067e-10,0.03125,0.1594790667295456,0.5307548642158508,2.7371227741241455,-4.0476443246006966e-06,0.5877031087875366,0.5877031087875366,0.5849752426147461,training_mechanism_log_batch,results/star_v2_final/resume_300k/SafetyPointButton1-v0/star_v2/starv2_core_100k_SafetyPointButton1_v0_selected_star_v2_star_v2_s11/mechanism.csv
SafetyPointButton1-v0,11,starv2_core_100k_SafetyPointButton1_v0_selected_star_v2_star_v2_s11,245000,1.0,age=1-5,0.5886242985725403,0.5886242985725403,-2.3283064365386963e-10,0.0078125,0.1635560542345047,0.5306490063667297,2.736726760864258,-4.047178663313389e-06,0.5886242985725403,0.5886242985725403,0.587067723274231,training_mechanism_log_batch,results/star_v2_final/resume_300k/SafetyPointButton1-v0/star_v2/starv2_core_100k_SafetyPointButton1_v0_selected_star_v2_star_v2_s11/mechanism.csv
SafetyPointButton1-v0,11,starv2_core_100k_SafetyPointButton1_v0_selected_star_v2_star_v2_s11,250000,1.0,age=1-5,0.5876640677452087,0.5876640677452087,-3.4924596548080444e-10,0.01953125,0.15651166439056396,0.5313946604728699,2.733081817626953,-4.000263288617134e-06,0.5876640677452087,0.5876640677452087,0.5852785706520081,training_mechanism_log_batch,results/star_v2_final/resume_300k/SafetyPointButton1-v0/star_v2/starv2_core_100k_SafetyPointButton1_v0_selected_star_v2_star_v2_s11/mechanism.csv
SafetyPointButton1-v0,11,starv2_core_100k_SafetyPointButton1_v0_selected_star_v2_star_v2_s11,255000,1.0,age=1-5,0.5641053915023804,0.5641053915023804,1.7462298274040222e-09,0.02734375,0.13163945078849792,0.5299596786499023,2.738337993621826,-4.186062142252922e-06,0.5641053915023804,0.5641053915023804,0.561050295829773,training_mechanism_log_batch,results/star_v2_final/resume_300k/SafetyPointButton1-v0/star_v2/starv2_core_100k_SafetyPointButton1_v0_selected_star_v2_star_v2_s11/mechanism.csv
SafetyPointButton1-v0,11,starv2_core_100k_SafetyPointButton1_v0_selected_star_v2_star_v2_s11,260000,1.0,age=1-5,0.6006706953048706,0.6006706953048706,-6.984919309616089e-10,0.01171875,0.16376155614852905,0.529852032661438,2.736301898956299,-3.82645521312952e-06,0.6006706953048706,0.6006706953048706,0.5984287261962891,training_mechanism_log_batch,results/star_v2_final/resume_300k/SafetyPointButton1-v0/star_v2/starv2_core_100k_SafetyPointButton1_v0_selected_star_v2_star_v2_s11/mechanism.csv
SafetyPointButton1-v0,11,starv2_core_100k_SafetyPointButton1_v0_selected_star_v2_star_v2_s11,265000,1.0,age=1-5,0.5874983668327332,0.5874983668327332,4.656612873077393e-10,0.0234375,0.14929698407649994,0.5317810773849487,2.7274978160858154,-3.864639438688755e-06,0.5874983668327332,0.5874983668327332,0.5847213268280029,training_mechanism_log_batch,results/star_v2_final/resume_300k/SafetyPointButton1-v0/star_v2/starv2_core_100k_SafetyPointButton1_v0_selected_star_v2_star_v2_s11/mechanism.csv
SafetyPointButton1-v0,11,starv2_core_100k_SafetyPointButton1_v0_selected_star_v2_star_v2_s11,270000,1.0,age=1-5,0.6186986565589905,0.6186986565589905,1.5133991837501526e-09,0.03515625,0.17629176378250122,0.5317765474319458,2.730837821960449,-4.0370505303144455e-06,0.6186986565589905,0.6186986565589905,0.6144983768463135,training_mechanism_log_batch,results/star_v2_final/resume_300k/SafetyPointButton1-v0/star_v2/starv2_core_100k_SafetyPointButton1_v0_selected_star_v2_star_v2_s11/mechanism.csv
SafetyPointButton1-v0,11,starv2_core_100k_SafetyPointButton1_v0_selected_star_v2_star_v2_s11,275000,1.0,age=1-5,0.623458743095398,0.623458743095398,3.4924596548080444e-10,0.01171875,0.17945832014083862,0.5311859250068665,2.744277000427246,-3.693276084959507e-06,0.623458743095398,0.623458743095398,0.62123703956604,training_mechanism_log_batch,results/star_v2_final/resume_300k/SafetyPointButton1-v0/star_v2/starv2_core_100k_SafetyPointButton1_v0_selected_star_v2_star_v2_s11/mechanism.csv
SafetyPointButton1-v0,11,starv2_core_100k_SafetyPointButton1_v0_selected_star_v2_star_v2_s11,280000,1.0,age=1-5,0.5928832292556763,0.5928832292556763,-1.0477378964424133e-09,0.0078125,0.14964044094085693,0.5314009189605713,2.730854034423828,-4.252069629728794e-06,0.5928832292556763,0.5928832292556763,0.5897054672241211,training_mechanism_log_batch,results/star_v2_final/resume_300k/SafetyPointButton1-v0/star_v2/starv2_core_100k_SafetyPointButton1_v0_selected_star_v2_star_v2_s11/mechanism.csv
SafetyPointButton1-v0,11,starv2_core_100k_SafetyPointButton1_v0_selected_star_v2_star_v2_s11,285000,1.0,age=1-5,0.5903715491294861,0.5903715491294861,-2.9103830456733704e-10,0.01171875,0.15312638878822327,0.5337744355201721,2.743856430053711,-4.085595719516277e-06,0.5903715491294861,0.5903715491294861,0.5868014097213745,training_mechanism_log_batch,results/star_v2_final/resume_300k/SafetyPointButton1-v0/star_v2/starv2_core_100k_SafetyPointButton1_v0_selected_star_v2_star_v2_s11/mechanism.csv
SafetyPointButton1-v0,11,starv2_core_100k_SafetyPointButton1_v0_selected_star_v2_star_v2_s11,290000,1.0,age=1-5,0.6041362285614014,0.6041362285614014,4.656612873077393e-10,0.01953125,0.16881117224693298,0.5327044129371643,2.7380452156066895,-3.864755854010582e-06,0.6041362285614014,0.6041362285614014,0.6013450622558594,training_mechanism_log_batch,results/star_v2_final/resume_300k/SafetyPointButton1-v0/star_v2/starv2_core_100k_SafetyPointButton1_v0_selected_star_v2_star_v2_s11/mechanism.csv
SafetyPointButton1-v0,11,starv2_core_100k_SafetyPointButton1_v0_selected_star_v2_star_v2_s11,295000,1.0,age=1-5,0.5688525438308716,0.5688525438308716,-1.1641532182693481e-10,0.01171875,0.1404118537902832,0.532740592956543,2.7140603065490723,-3.6603305488824844e-06,0.5688525438308716,0.5688525438308716,0.5655165910720825,training_mechanism_log_batch,results/star_v2_final/resume_300k/SafetyPointButton1-v0/star_v2/starv2_core_100k_SafetyPointButton1_v0_selected_star_v2_star_v2_s11/mechanism.csv
SafetyPointButton1-v0,12,starv2_core_100k_SafetyPointButton1_v0_selected_star_v2_star_v2_s12,100000,1.0,age=1-5,0.4996327757835388,0.4996327757835388,1.280568540096283e-09,0.03125,0.1277245432138443,0.5311198830604553,2.758739709854126,-4.173140041530132e-06,0.4996327757835388,0.4996327757835388,0.4990992546081543,training_mechanism_log_batch,results/star_v2_final/resume_300k/SafetyPointButton1-v0/star_v2/starv2_core_100k_SafetyPointButton1_v0_selected_star_v2_star_v2_s12/mechanism.csv
SafetyPointButton1-v0,12,starv2_core_100k_SafetyPointButton1_v0_selected_star_v2_star_v2_s12,105000,1.0,age=1-5,0.5390703678131104,0.5390703678131104,1.2223608791828156e-09,0.03515625,0.15215376019477844,0.5300078392028809,2.7456626892089844,-4.609930329024792e-06,0.5390703678131104,0.5390703678131104,0.5376043915748596,training_mechanism_log_batch,results/star_v2_final/resume_300k/SafetyPointButton1-v0/star_v2/starv2_core_100k_SafetyPointButton1_v0_selected_star_v2_star_v2_s12/mechanism.csv
SafetyPointButton1-v0,12,starv2_core_100k_SafetyPointButton1_v0_selected_star_v2_star_v2_s12,110000,1.0,age=1-5,0.4967568814754486,0.4967568814754486,-4.0745362639427185e-10,0.01171875,0.12297721207141876,0.5292389392852783,2.7440733909606934,-3.8567231968045235e-06,0.4967568814754486,0.4967568814754486,0.4948540925979614,training_mechanism_log_batch,results/star_v2_final/resume_300k/SafetyPointButton1-v0/star_v2/starv2_core_100k_SafetyPointButton1_v0_selected_star_v2_star_v2_s12/mechanism.csv
SafetyPointButton1-v0,12,starv2_core_100k_SafetyPointButton1_v0_selected_star_v2_star_v2_s12,115000,1.0,age=1-5,0.5278395414352417,0.5278395414352417,5.820766091346741e-10,0.03515625,0.1386316567659378,0.5315054655075073,2.7532753944396973,-3.6724377423524857e-06,0.5278395414352417,0.5278395414352417,0.5272229909896851,training_mechanism_log_batch,results/star_v2_final/resume_300k/SafetyPointButton1-v0/star_v2/starv2_core_100k_SafetyPointButton1_v0_selected_star_v2_star_v2_s12/mechanism.csv
SafetyPointButton1-v0,12,starv2_core_100k_SafetyPointButton1_v0_selected_star_v2_star_v2_s12,120000,1.0,age=1-5,0.5115915536880493,0.5115915536880493,-5.820766091346741e-11,0.02734375,0.12747785449028015,0.5349322557449341,2.723719596862793,-4.229368641972542e-06,0.5115915536880493,0.5115915536880493,0.5098245739936829,training_mechanism_log_batch,results/star_v2_final/resume_300k/SafetyPointButton1-v0/star_v2/starv2_core_100k_SafetyPointButton1_v0_selected_star_v2_star_v2_s12/mechanism.csv
SafetyPointButton1-v0,12,starv2_core_100k_SafetyPointButton1_v0_selected_star_v2_star_v2_s12,125000,1.0,age=1-5,0.5491597652435303,0.5491597652435303,1.1641532182693481e-10,0.0234375,0.1541459560394287,0.5316929817199707,2.7489447593688965,-4.370813257992268e-06,0.5491597652435303,0.5491597652435303,0.5483773946762085,training_mechanism_log_batch,results/star_v2_final/resume_300k/SafetyPointButton1-v0/star_v2/starv2_core_100k_SafetyPointButton1_v0_selected_star_v2_star_v2_s12/mechanism.csv
SafetyPointButton1-v0,12,starv2_core_100k_SafetyPointButton1_v0_selected_star_v2_star_v2_s12,130000,1.0,age=1-5,0.5283675193786621,0.5283675193786621,4.0745362639427185e-10,0.01953125,0.1424650251865387,0.5320984721183777,2.7419466972351074,-4.522386007010937e-06,0.5283675193786621,0.5283675193786621,0.5263878703117371,training_mechanism_log_batch,results/star_v2_final/resume_300k/SafetyPointButton1-v0/star_v2/starv2_core_100k_SafetyPointButton1_v0_selected_star_v2_star_v2_s12/mechanism.csv
SafetyPointButton1-v0,12,starv2_core_100k_SafetyPointButton1_v0_selected_star_v2_star_v2_s12,135000,1.0,age=1-5,0.5173822641372681,0.5173822641372681,6.402842700481415e-10,0.01953125,0.13180305063724518,0.5308189392089844,2.756826877593994,-4.471512511372566e-06,0.5173822641372681,0.5173822641372681,0.5166700482368469,training_mechanism_log_batch,results/star_v2_final/resume_300k/SafetyPointButton1-v0/star_v2/starv2_core_100k_SafetyPointButton1_v0_selected_star_v2_star_v2_s12/mechanism.csv
SafetyPointButton1-v0,12,starv2_core_100k_SafetyPointButton1_v0_selected_star_v2_star_v2_s12,140000,1.0,age=1-5,0.5441035032272339,0.5441035032272339,4.0745362639427185e-10,0.0234375,0.14501383900642395,0.5298807621002197,2.7407007217407227,-4.397938027977943e-06,0.5441035032272339,0.5441035032272339,0.5425400733947754,training_mechanism_log_batch,results/star_v2_final/resume_300k/SafetyPointButton1-v0/star_v2/starv2_core_100k_SafetyPointButton1_v0_selected_star_v2_star_v2_s12/mechanism.csv
SafetyPointButton1-v0,12,starv2_core_100k_SafetyPointButton1_v0_selected_star_v2_star_v2_s12,145000,1.0,age=1-5,0.5409238338470459,0.5409238338470459,8.149072527885437e-10,0.0234375,0.1428889036178589,0.530975341796875,2.7513086795806885,-4.4460175558924675e-06,0.5409238338470459,0.5409238338470459,0.5387799143791199,training_mechanism_log_batch,results/star_v2_final/resume_300k/SafetyPointButton1-v0/star_v2/starv2_core_100k_SafetyPointButton1_v0_selected_star_v2_star_v2_s12/mechanism.csv
SafetyPointButton1-v0,12,starv2_core_100k_SafetyPointButton1_v0_selected_star_v2_star_v2_s12,150000,1.0,age=1-5,0.5368414521217346,0.5368415117263794,2.3865140974521637e-09,0.05078125,0.13926111161708832,0.5319836139678955,2.745786666870117,-4.665227606892586e-06,0.5368414521217346,0.5368415117263794,0.5356516242027283,training_mechanism_log_batch,results/star_v2_final/resume_300k/SafetyPointButton1-v0/star_v2/starv2_core_100k_SafetyPointButton1_v0_selected_star_v2_star_v2_s12/mechanism.csv
SafetyPointButton1-v0,12,starv2_core_100k_SafetyPointButton1_v0_selected_star_v2_star_v2_s12,155000,1.0,age=1-5,0.5679036378860474,0.5679036378860474,4.656612873077393e-10,0.02734375,0.15321284532546997,0.5319178700447083,2.7512640953063965,-3.9014266803860664e-06,0.5679036378860474,0.5679036378860474,0.5669562220573425,training_mechanism_log_batch,results/star_v2_final/resume_300k/SafetyPointButton1-v0/star_v2/starv2_core_100k_SafetyPointButton1_v0_selected_star_v2_star_v2_s12/mechanism.csv
SafetyPointButton1-v0,12,starv2_core_100k_SafetyPointButton1_v0_selected_star_v2_star_v2_s12,160000,1.0,age=1-5,0.5742263793945312,0.5742263793945312,1.7462298274040222e-09,0.04296875,0.16115859150886536,0.5312040448188782,2.7425806522369385,-4.213419742882252e-06,0.5742263793945312,0.5742263793945312,0.5717977285385132,training_mechanism_log_batch,results/star_v2_final/resume_300k/SafetyPointButton1-v0/star_v2/starv2_core_100k_SafetyPointButton1_v0_selected_star_v2_star_v2_s12/mechanism.csv
SafetyPointButton1-v0,12,starv2_core_100k_SafetyPointButton1_v0_selected_star_v2_star_v2_s12,165000,1.0,age=1-5,0.6013016104698181,0.6013016104698181,8.149072527885437e-10,0.01953125,0.1830020546913147,0.5308395624160767,2.7440919876098633,-4.54846303910017e-06,0.6013016104698181,0.6013016104698181,0.5989022254943848,training_mechanism_log_batch,results/star_v2_final/resume_300k/SafetyPointButton1-v0/star_v2/starv2_core_100k_SafetyPointButton1_v0_selected_star_v2_star_v2_s12/mechanism.csv
SafetyPointButton1-v0,12,starv2_core_100k_SafetyPointButton1_v0_selected_star_v2_star_v2_s12,170000,1.0,age=1-5,0.5405240058898926,0.5405240058898926,-8.731149137020111e-10,0.01953125,0.13280120491981506,0.5331486463546753,2.738499164581299,-5.05929347127676e-06,0.5405240058898926,0.5405240058898926,0.5373568534851074,training_mechanism_log_batch,results/star_v2_final/resume_300k/SafetyPointButton1-v0/star_v2/starv2_core_100k_SafetyPointButton1_v0_selected_star_v2_star_v2_s12/mechanism.csv
SafetyPointButton1-v0,12,starv2_core_100k_SafetyPointButton1_v0_selected_star_v2_star_v2_s12,175000,1.0,age=1-5,0.5397948026657104,0.5397948026657104,-4.656612873077393e-10,0.0234375,0.1294313669204712,0.531782865524292,2.750756025314331,-3.909110091626644e-06,0.5397948026657104,0.5397948026657104,0.5383201837539673,training_mechanism_log_batch,results/star_v2_final/resume_300k/SafetyPointButton1-v0/star_v2/starv2_core_100k_SafetyPointButton1_v0_selected_star_v2_star_v2_s12/mechanism.csv
SafetyPointButton1-v0,12,starv2_core_100k_SafetyPointButton1_v0_selected_star_v2_star_v2_s12,180000,1.0,age=1-5,0.5587961077690125,0.5587961077690125,-1.1641532182693481e-10,0.02734375,0.15253311395645142,0.5306532382965088,2.747699737548828,-4.4619664549827576e-06,0.5587961077690125,0.5587961077690125,0.5567611455917358,training_mechanism_log_batch,results/star_v2_final/resume_300k/SafetyPointButton1-v0/star_v2/starv2_core_100k_SafetyPointButton1_v0_selected_star_v2_star_v2_s12/mechanism.csv
SafetyPointButton1-v0,12,starv2_core_100k_SafetyPointButton1_v0_selected_star_v2_star_v2_s12,185000,1.0,age=1-5,0.5876172780990601,0.5876172780990601,-4.0745362639427185e-10,0.01953125,0.1638176441192627,0.5283676385879517,2.735729694366455,-3.568129613995552e-06,0.5876172780990601,0.5876172780990601,0.5855756998062134,training_mechanism_log_batch,results/star_v2_final/resume_300k/SafetyPointButton1-v0/star_v2/starv2_core_100k_SafetyPointButton1_v0_selected_star_v2_star_v2_s12/mechanism.csv
SafetyPointButton1-v0,12,starv2_core_100k_SafetyPointButton1_v0_selected_star_v2_star_v2_s12,190000,1.0,age=1-5,0.5798484086990356,0.5798484086990356,7.566995918750763e-10,0.0234375,0.1659456342458725,0.5274189114570618,2.7355589866638184,-4.278495907783508e-06,0.5798484086990356,0.5798484086990356,0.5777067542076111,training_mechanism_log_batch,results/star_v2_final/resume_300k/SafetyPointButton1-v0/star_v2/starv2_core_100k_SafetyPointButton1_v0_selected_star_v2_star_v2_s12/mechanism.csv
SafetyPointButton1-v0,12,starv2_core_100k_SafetyPointButton1_v0_selected_star_v2_star_v2_s12,195000,1.0,age=1-5,0.5522344708442688,0.5522344708442688,5.820766091346741e-10,0.0234375,0.13961583375930786,0.5297285914421082,2.7457358837127686,-3.941822797060013e-06,0.5522344708442688,0.5522344708442688,0.5499114394187927,training_mechanism_log_batch,results/star_v2_final/resume_300k/SafetyPointButton1-v0/star_v2/starv2_core_100k_SafetyPointButton1_v0_selected_star_v2_star_v2_s12/mechanism.csv
SafetyPointButton1-v0,12,starv2_core_100k_SafetyPointButton1_v0_selected_star_v2_star_v2_s12,200000,1.0,age=1-5,0.5879674553871155,0.5879674553871155,-1.0477378964424133e-09,0.015625,0.1577962040901184,0.5322647094726562,2.7360994815826416,-3.446824848651886e-06,0.5879674553871155,0.5879674553871155,0.5861249566078186,training_mechanism_log_batch,results/star_v2_final/resume_300k/SafetyPointButton1-v0/star_v2/starv2_core_100k_SafetyPointButton1_v0_selected_star_v2_star_v2_s12/mechanism.csv
SafetyPointButton1-v0,12,starv2_core_100k_SafetyPointButton1_v0_selected_star_v2_star_v2_s12,205000,1.0,age=1-5,0.5691705346107483,0.5691705346107483,2.3283064365386963e-10,0.02734375,0.1533764898777008,0.5312884449958801,2.736610174179077,-3.564753569662571e-06,0.5691705346107483,0.5691705346107483,0.5665910243988037,training_mechanism_log_batch,results/star_v2_final/resume_300k/SafetyPointButton1-v0/star_v2/starv2_core_100k_SafetyPointButton1_v0_selected_star_v2_star_v2_s12/mechanism.csv
SafetyPointButton1-v0,12,starv2_core_100k_SafetyPointButton1_v0_selected_star_v2_star_v2_s12,210000,1.0,age=1-5,0.5649131536483765,0.5649131536483765,5.238689482212067e-10,0.0234375,0.14676788449287415,0.5301104187965393,2.7412972450256348,-3.52377537637949e-06,0.5649131536483765,0.5649131536483765,0.5625535845756531,training_mechanism_log_batch,results/star_v2_final/resume_300k/SafetyPointButton1-v0/star_v2/starv2_core_100k_SafetyPointButton1_v0_selected_star_v2_star_v2_s12/mechanism.csv
SafetyPointButton1-v0,12,starv2_core_100k_SafetyPointButton1_v0_selected_star_v2_star_v2_s12,215000,1.0,age=1-5,0.5853855609893799,0.5853855609893799,1.280568540096283e-09,0.03515625,0.1578005850315094,0.5312591791152954,2.75,-3.6740675568580627e-06,0.5853855609893799,0.5853855609893799,0.5844740271568298,training_mechanism_log_batch,results/star_v2_final/resume_300k/SafetyPointButton1-v0/star_v2/starv2_core_100k_SafetyPointButton1_v0_selected_star_v2_star_v2_s12/mechanism.csv
SafetyPointButton1-v0,12,starv2_core_100k_SafetyPointButton1_v0_selected_star_v2_star_v2_s12,220000,1.0,age=1-5,0.5742933750152588,0.5742933750152588,-1.3969838619232178e-09,0.02734375,0.149115189909935,0.5299808979034424,2.7455639839172363,-3.882567398250103e-06,0.5742933750152588,0.5742933750152588,0.5722510814666748,training_mechanism_log_batch,results/star_v2_final/resume_300k/SafetyPointButton1-v0/star_v2/starv2_core_100k_SafetyPointButton1_v0_selected_star_v2_star_v2_s12/mechanism.csv
SafetyPointButton1-v0,12,starv2_core_100k_SafetyPointButton1_v0_selected_star_v2_star_v2_s12,225000,1.0,age=1-5,0.5912144184112549,0.5912144184112549,2.9103830456733704e-10,0.04296875,0.16152527928352356,0.5319091081619263,2.7426929473876953,-3.953929990530014e-06,0.5912144184112549,0.5912144184112549,0.5895087718963623,training_mechanism_log_batch,results/star_v2_final/resume_300k/SafetyPointButton1-v0/star_v2/starv2_core_100k_SafetyPointButton1_v0_selected_star_v2_star_v2_s12/mechanism.csv
SafetyPointButton1-v0,12,starv2_core_100k_SafetyPointButton1_v0_selected_star_v2_star_v2_s12,230000,1.0,age=1-5,0.5618900060653687,0.5618900060653687,-5.820766091346741e-11,0.01953125,0.14578495919704437,0.5322780609130859,2.734292984008789,-3.2729003578424454e-06,0.5618900060653687,0.5618900060653687,0.5597121715545654,training_mechanism_log_batch,results/star_v2_final/resume_300k/SafetyPointButton1-v0/star_v2/starv2_core_100k_SafetyPointButton1_v0_selected_star_v2_star_v2_s12/mechanism.csv
SafetyPointButton1-v0,12,starv2_core_100k_SafetyPointButton1_v0_selected_star_v2_star_v2_s12,235000,1.0,age=1-5,0.6043994426727295,0.6043994426727295,-8.149072527885437e-10,0.01953125,0.16776853799819946,0.5309478640556335,2.731825828552246,-3.675115294754505e-06,0.6043994426727295,0.6043994426727295,0.601833164691925,training_mechanism_log_batch,results/star_v2_final/resume_300k/SafetyPointButton1-v0/star_v2/starv2_core_100k_SafetyPointButton1_v0_selected_star_v2_star_v2_s12/mechanism.csv
SafetyPointButton1-v0,12,starv2_core_100k_SafetyPointButton1_v0_selected_star_v2_star_v2_s12,240000,1.0,age=1-5,0.6159963607788086,0.6159963607788086,4.656612873077393e-10,0.0234375,0.18132519721984863,0.5319584012031555,2.7328076362609863,-3.130873665213585e-06,0.6159963607788086,0.6159963607788086,0.6132504343986511,training_mechanism_log_batch,results/star_v2_final/resume_300k/SafetyPointButton1-v0/star_v2/starv2_core_100k_SafetyPointButton1_v0_selected_star_v2_star_v2_s12/mechanism.csv
SafetyPointButton1-v0,12,starv2_core_100k_SafetyPointButton1_v0_selected_star_v2_star_v2_s12,245000,1.0,age=1-5,0.6063966751098633,0.6063966751098633,-8.149072527885437e-10,0.0078125,0.17132171988487244,0.5312622785568237,2.7371628284454346,-3.2688258215785027e-06,0.6063966751098633,0.6063966751098633,0.6038230657577515,training_mechanism_log_batch,results/star_v2_final/resume_300k/SafetyPointButton1-v0/star_v2/starv2_core_100k_SafetyPointButton1_v0_selected_star_v2_star_v2_s12/mechanism.csv
SafetyPointButton1-v0,12,starv2_core_100k_SafetyPointButton1_v0_selected_star_v2_star_v2_s12,250000,1.0,age=1-5,0.5988953113555908,0.5988953113555908,-1.280568540096283e-09,0.00390625,0.16160055994987488,0.5318105220794678,2.746657133102417,-3.025634214282036e-06,0.5988953113555908,0.5988953113555908,0.5972681045532227,training_mechanism_log_batch,results/star_v2_final/resume_300k/SafetyPointButton1-v0/star_v2/starv2_core_100k_SafetyPointButton1_v0_selected_star_v2_star_v2_s12/mechanism.csv
SafetyPointButton1-v0,12,starv2_core_100k_SafetyPointButton1_v0_selected_star_v2_star_v2_s12,255000,1.0,age=1-5,0.5996694564819336,0.5996694564819336,5.820766091346741e-10,0.03125,0.16629624366760254,0.5306761264801025,2.718426465988159,-3.017950803041458e-06,0.5996694564819336,0.5996694564819336,0.5957938432693481,training_mechanism_log_batch,results/star_v2_final/resume_300k/SafetyPointButton1-v0/star_v2/starv2_core_100k_SafetyPointButton1_v0_selected_star_v2_star_v2_s12/mechanism.csv
SafetyPointButton1-v0,12,starv2_core_100k_SafetyPointButton1_v0_selected_star_v2_star_v2_s12,260000,1.0,age=1-5,0.5876873731613159,0.5876873731613159,0.0,0.01953125,0.1547728180885315,0.533275306224823,2.736626386642456,-2.967892214655876e-06,0.5876873731613159,0.5876873731613159,0.5857312679290771,training_mechanism_log_batch,results/star_v2_final/resume_300k/SafetyPointButton1-v0/star_v2/starv2_core_100k_SafetyPointButton1_v0_selected_star_v2_star_v2_s12/mechanism.csv
SafetyPointButton1-v0,12,starv2_core_100k_SafetyPointButton1_v0_selected_star_v2_star_v2_s12,265000,1.0,age=1-5,0.5607279539108276,0.5607279539108276,4.0745362639427185e-10,0.03515625,0.13679251074790955,0.5324987173080444,2.735657215118408,-3.460911102592945e-06,0.5607279539108276,0.5607279539108276,0.5586581826210022,training_mechanism_log_batch,results/star_v2_final/resume_300k/SafetyPointButton1-v0/star_v2/starv2_core_100k_SafetyPointButton1_v0_selected_star_v2_star_v2_s12/mechanism.csv
SafetyPointButton1-v0,12,starv2_core_100k_SafetyPointButton1_v0_selected_star_v2_star_v2_s12,270000,1.0,age=1-5,0.5903295278549194,0.5903295278549194,-2.9103830456733704e-10,0.015625,0.16210338473320007,0.5320059061050415,2.7408432960510254,-3.037857823073864e-06,0.5903295278549194,0.5903295278549194,0.5882980823516846,training_mechanism_log_batch,results/star_v2_final/resume_300k/SafetyPointButton1-v0/star_v2/starv2_core_100k_SafetyPointButton1_v0_selected_star_v2_star_v2_s12/mechanism.csv
SafetyPointButton1-v0,12,starv2_core_100k_SafetyPointButton1_v0_selected_star_v2_star_v2_s12,275000,1.0,age=1-5,0.6049219369888306,0.6049219369888306,0.0,0.02734375,0.17108631134033203,0.5320761799812317,2.734395980834961,-3.0260998755693436e-06,0.6049219369888306,0.6049219369888306,0.601996660232544,training_mechanism_log_batch,results/star_v2_final/resume_300k/SafetyPointButton1-v0/star_v2/starv2_core_100k_SafetyPointButton1_v0_selected_star_v2_star_v2_s12/mechanism.csv
SafetyPointButton1-v0,12,starv2_core_100k_SafetyPointButton1_v0_selected_star_v2_star_v2_s12,280000,1.0,age=1-5,0.5823187828063965,0.5823187828063965,-1.979060471057892e-09,0.0078125,0.15232691168785095,0.5330103635787964,2.7413320541381836,-2.8829090297222137e-06,0.5823187828063965,0.5823187828063965,0.5801446437835693,training_mechanism_log_batch,results/star_v2_final/resume_300k/SafetyPointButton1-v0/star_v2/starv2_core_100k_SafetyPointButton1_v0_selected_star_v2_star_v2_s12/mechanism.csv
SafetyPointButton1-v0,12,starv2_core_100k_SafetyPointButton1_v0_selected_star_v2_star_v2_s12,285000,1.0,age=1-5,0.5941989421844482,0.5941989421844482,-3.4924596548080444e-10,0.0234375,0.15666289627552032,0.5306793451309204,2.7488412857055664,-3.184541128575802e-06,0.5941989421844482,0.5941989421844482,0.5928565859794617,training_mechanism_log_batch,results/star_v2_final/resume_300k/SafetyPointButton1-v0/star_v2/starv2_core_100k_SafetyPointButton1_v0_selected_star_v2_star_v2_s12/mechanism.csv
SafetyPointButton1-v0,12,starv2_core_100k_SafetyPointButton1_v0_selected_star_v2_star_v2_s12,290000,1.0,age=1-5,0.5958414673805237,0.5958414673805237,6.984919309616089e-10,0.03515625,0.16245564818382263,0.5301085114479065,2.7347817420959473,-3.00421379506588e-06,0.5958414673805237,0.5958414673805237,0.5937356352806091,training_mechanism_log_batch,results/star_v2_final/resume_300k/SafetyPointButton1-v0/star_v2/starv2_core_100k_SafetyPointButton1_v0_selected_star_v2_star_v2_s12/mechanism.csv
SafetyPointButton1-v0,12,starv2_core_100k_SafetyPointButton1_v0_selected_star_v2_star_v2_s12,295000,1.0,age=1-5,0.6116548776626587,0.6116548776626587,4.656612873077393e-10,0.015625,0.1777852326631546,0.5314872860908508,2.735762596130371,-2.9508955776691437e-06,0.6116548776626587,0.6116548776626587,0.6091833114624023,training_mechanism_log_batch,results/star_v2_final/resume_300k/SafetyPointButton1-v0/star_v2/starv2_core_100k_SafetyPointButton1_v0_selected_star_v2_star_v2_s12/mechanism.csv
SafetyPointButton1-v0,13,starv2_resume_300k_SafetyPointButton1_v0_selected_star_v2_star_v2_s13,5000,1.0,age=1-5,6.579894065856934,6.579894065856934,0.0,0.00390625,6.080844879150391,0.5271216630935669,1.782914400100708,-6.707850843667984e-07,6.579894065856934,6.579894065856934,6.478497505187988,training_mechanism_log_batch,results/star_v2_final/resume_300k/SafetyPointButton1-v0/star_v2/starv2_resume_300k_SafetyPointButton1_v0_selected_star_v2_star_v2_s13/mechanism.csv
SafetyPointButton1-v0,13,starv2_resume_300k_SafetyPointButton1_v0_selected_star_v2_star_v2_s13,10000,1.0,age=1-5,0.4360266327857971,0.4360266327857971,4.3655745685100555e-10,0.03125,0.08712755143642426,0.5306834578514099,2.7456791400909424,-6.485497578978539e-07,0.4360266327857971,0.4360266327857971,0.43412309885025024,training_mechanism_log_batch,results/star_v2_final/resume_300k/SafetyPointButton1-v0/star_v2/starv2_resume_300k_SafetyPointButton1_v0_selected_star_v2_star_v2_s13/mechanism.csv
SafetyPointButton1-v0,13,starv2_resume_300k_SafetyPointButton1_v0_selected_star_v2_star_v2_s13,15000,1.0,age=1-5,0.2607794404029846,0.2607794404029846,-3.92901711165905e-10,0.02734375,0.04903201013803482,0.5303061604499817,2.7421555519104004,-6.718328222632408e-07,0.2607794404029846,0.2607794404029846,0.25785699486732483,training_mechanism_log_batch,results/star_v2_final/resume_300k/SafetyPointButton1-v0/star_v2/starv2_resume_300k_SafetyPointButton1_v0_selected_star_v2_star_v2_s13/mechanism.csv
SafetyPointButton1-v0,13,starv2_resume_300k_SafetyPointButton1_v0_selected_star_v2_star_v2_s13,20000,1.0,age=1-5,0.20400533080101013,0.20400533080101013,-1.4551915228366852e-11,0.03515625,0.03253897279500961,0.5297709703445435,2.7355146408081055,-7.542548701167107e-07,0.20400533080101013,0.20400533080101013,0.20181939005851746,training_mechanism_log_batch,results/star_v2_final/resume_300k/SafetyPointButton1-v0/star_v2/starv2_resume_300k_SafetyPointButton1_v0_selected_star_v2_star_v2_s13/mechanism.csv
SafetyPointButton1-v0,13,starv2_resume_300k_SafetyPointButton1_v0_selected_star_v2_star_v2_s13,25000,1.0,age=1-5,0.21291375160217285,0.21291375160217285,-7.8580342233181e-10,0.01953125,0.050249919295310974,0.5305600762367249,2.7589614391326904,-1.0279472917318344e-06,0.21291375160217285,0.21291375160217285,0.21180693805217743,training_mechanism_log_batch,results/star_v2_final/resume_300k/SafetyPointButton1-v0/star_v2/starv2_resume_300k_SafetyPointButton1_v0_selected_star_v2_star_v2_s13/mechanism.csv
SafetyPointButton1-v0,13,starv2_resume_300k_SafetyPointButton1_v0_selected_star_v2_star_v2_s13,30000,1.0,age=1-5,0.24410799145698547,0.24410799145698547,2.9103830456733704e-10,0.015625,0.037896059453487396,0.5309869647026062,2.7563400268554688,-1.896754838526249e-06,0.24410799145698547,0.24410799145698547,0.2433360368013382,training_mechanism_log_batch,results/star_v2_final/resume_300k/SafetyPointButton1-v0/star_v2/starv2_resume_300k_SafetyPointButton1_v0_selected_star_v2_star_v2_s13/mechanism.csv
SafetyPointButton1-v0,13,starv2_resume_300k_SafetyPointButton1_v0_selected_star_v2_star_v2_s13,35000,1.0,age=1-5,0.3516610562801361,0.3516610562801361,2.9103830456733704e-11,0.0078125,0.07065191864967346,0.5330921411514282,2.7597861289978027,-1.9459985196590424e-06,0.3516610562801361,0.3516610562801361,0.351247638463974,training_mechanism_log_batch,results/star_v2_final/resume_300k/SafetyPointButton1-v0/star_v2/starv2_resume_300k_SafetyPointButton1_v0_selected_star_v2_star_v2_s13/mechanism.csv
SafetyPointButton1-v0,13,starv2_resume_300k_SafetyPointButton1_v0_selected_star_v2_star_v2_s13,40000,1.0,age=1-5,0.39359480142593384,0.39359480142593384,-1.7462298274040222e-10,0.01171875,0.08470828086137772,0.5316179394721985,2.7552642822265625,-2.400367520749569e-06,0.39359480142593384,0.39359480142593384,0.3928302526473999,training_mechanism_log_batch,results/star_v2_final/resume_300k/SafetyPointButton1-v0/star_v2/starv2_resume_300k_SafetyPointButton1_v0_selected_star_v2_star_v2_s13/mechanism.csv
SafetyPointButton1-v0,13,starv2_resume_300k_SafetyPointButton1_v0_selected_star_v2_star_v2_s13,45000,1.0,age=1-5,0.4235581159591675,0.4235581159591675,-4.656612873077393e-10,0.01953125,0.09089075028896332,0.5312460660934448,2.755021572113037,-2.2114254534244537e-06,0.4235581159591675,0.4235581159591675,0.4225419759750366,training_mechanism_log_batch,results/star_v2_final/resume_300k/SafetyPointButton1-v0/star_v2/starv2_resume_300k_SafetyPointButton1_v0_selected_star_v2_star_v2_s13/mechanism.csv
SafetyPointButton1-v0,13,starv2_resume_300k_SafetyPointButton1_v0_selected_star_v2_star_v2_s13,50000,1.0,age=1-5,0.43592584133148193,0.43592584133148193,3.4924596548080444e-10,0.01171875,0.09068554639816284,0.5312484502792358,2.7573094367980957,-2.9300572350621223e-06,0.43592584133148193,0.43592584133148193,0.4354567527770996,training_mechanism_log_batch,results/star_v2_final/resume_300k/SafetyPointButton1-v0/star_v2/starv2_resume_300k_SafetyPointButton1_v0_selected_star_v2_star_v2_s13/mechanism.csv
SafetyPointButton1-v0,13,starv2_resume_300k_SafetyPointButton1_v0_selected_star_v2_star_v2_s13,55000,1.0,age=1-5,0.43412354588508606,0.43412354588508606,1.1641532182693481e-10,0.0078125,0.08952021598815918,0.5316221714019775,2.7427492141723633,-2.8141075745224953e-06,0.43412354588508606,0.43412354588508606,0.43260860443115234,training_mechanism_log_batch,results/star_v2_final/resume_300k/SafetyPointButton1-v0/star_v2/starv2_resume_300k_SafetyPointButton1_v0_selected_star_v2_star_v2_s13/mechanism.csv
SafetyPointButton1-v0,13,starv2_resume_300k_SafetyPointButton1_v0_selected_star_v2_star_v2_s13,60000,1.0,age=1-5,0.4663950800895691,0.4663950800895691,-4.0745362639427185e-10,0.0078125,0.09836932271718979,0.5316612720489502,2.7275946140289307,-2.7710339054465294e-06,0.4663950800895691,0.4663950800895691,0.46488288044929504,training_mechanism_log_batch,results/star_v2_final/resume_300k/SafetyPointButton1-v0/star_v2/starv2_resume_300k_SafetyPointButton1_v0_selected_star_v2_star_v2_s13/mechanism.csv
SafetyPointButton1-v0,13,starv2_resume_300k_SafetyPointButton1_v0_selected_star_v2_star_v2_s13,65000,1.0,age=1-5,0.5002511739730835,0.5002511739730835,-1.4551915228366852e-10,0.01171875,0.11744809150695801,0.5303955078125,2.7429375648498535,-3.1117815524339676e-06,0.5002511739730835,0.5002511739730835,0.49812209606170654,training_mechanism_log_batch,results/star_v2_final/resume_300k/SafetyPointButton1-v0/star_v2/starv2_resume_300k_SafetyPointButton1_v0_selected_star_v2_star_v2_s13/mechanism.csv
SafetyPointButton1-v0,13,starv2_resume_300k_SafetyPointButton1_v0_selected_star_v2_star_v2_s13,70000,1.0,age=1-5,0.5012277960777283,0.5012277960777283,2.3283064365386963e-10,0.01171875,0.11135710775852203,0.5318758487701416,2.7364418506622314,-3.42691782861948e-06,0.5012277960777283,0.5012277960777283,0.4997396171092987,training_mechanism_log_batch,results/star_v2_final/resume_300k/SafetyPointButton1-v0/star_v2/starv2_resume_300k_SafetyPointButton1_v0_selected_star_v2_star_v2_s13/mechanism.csv
SafetyPointButton1-v0,13,starv2_resume_300k_SafetyPointButton1_v0_selected_star_v2_star_v2_s13,75000,1.0,age=1-5,0.5269354581832886,0.5269354581832886,-1.1641532182693481e-09,0.00390625,0.13255621492862701,0.5326340198516846,2.732822895050049,-4.0745362639427185e-06,0.5269354581832886,0.5269354581832886,0.5232770442962646,training_mechanism_log_batch,results/star_v2_final/resume_300k/SafetyPointButton1-v0/star_v2/starv2_resume_300k_SafetyPointButton1_v0_selected_star_v2_star_v2_s13/mechanism.csv
SafetyPointButton1-v0,13,starv2_resume_300k_SafetyPointButton1_v0_selected_star_v2_star_v2_s13,80000,1.0,age=1-5,0.49913492798805237,0.49913492798805237,-9.313225746154785e-10,0.0078125,0.10671879351139069,0.5300739407539368,2.735034227371216,-4.57733403891325e-06,0.49913492798805237,0.49913492798805237,0.49716341495513916,training_mechanism_log_batch,results/star_v2_final/resume_300k/SafetyPointButton1-v0/star_v2/starv2_resume_300k_SafetyPointButton1_v0_selected_star_v2_star_v2_s13/mechanism.csv
SafetyPointButton1-v0,13,starv2_resume_300k_SafetyPointButton1_v0_selected_star_v2_star_v2_s13,85000,1.0,age=1-5,0.4676482081413269,0.4676482081413269,-6.984919309616089e-10,0.00390625,0.10797198116779327,0.536151647567749,2.7214717864990234,-5.195033736526966e-06,0.4676482081413269,0.4676482081413269,0.4651538133621216,training_mechanism_log_batch,results/star_v2_final/resume_300k/SafetyPointButton1-v0/star_v2/starv2_resume_300k_SafetyPointButton1_v0_selected_star_v2_star_v2_s13/mechanism.csv
SafetyPointButton1-v0,13,starv2_resume_300k_SafetyPointButton1_v0_selected_star_v2_star_v2_s13,90000,1.0,age=1-5,0.4688122272491455,0.4688121974468231,-5.820766091346741e-10,0.01171875,0.11128494143486023,0.5335400700569153,2.736301898956299,-5.732756108045578e-06,0.4688122272491455,0.4688121974468231,0.4662938117980957,training_mechanism_log_batch,results/star_v2_final/resume_300k/SafetyPointButton1-v0/star_v2/starv2_resume_300k_SafetyPointButton1_v0_selected_star_v2_star_v2_s13/mechanism.csv
SafetyPointButton1-v0,13,starv2_resume_300k_SafetyPointButton1_v0_selected_star_v2_star_v2_s13,95000,1.0,age=1-5,0.4751608073711395,0.4751608073711395,-1.5133991837501526e-09,0.00390625,0.10597763955593109,0.5296779870986938,2.7427799701690674,-4.444504156708717e-06,0.4751608073711395,0.4751608073711395,0.4736267328262329,training_mechanism_log_batch,results/star_v2_final/resume_300k/SafetyPointButton1-v0/star_v2/starv2_resume_300k_SafetyPointButton1_v0_selected_star_v2_star_v2_s13/mechanism.csv
SafetyPointButton1-v0,13,starv2_resume_300k_SafetyPointButton1_v0_selected_star_v2_star_v2_s13,100000,1.0,age=1-5,0.49154627323150635,0.49154627323150635,4.656612873077393e-10,0.015625,0.11722369492053986,0.5302745699882507,2.740360736846924,-4.276051186025143e-06,0.49154627323150635,0.49154627323150635,0.4889877736568451,training_mechanism_log_batch,results/star_v2_final/resume_300k/SafetyPointButton1-v0/star_v2/starv2_resume_300k_SafetyPointButton1_v0_selected_star_v2_star_v2_s13/mechanism.csv
SafetyPointButton1-v0,13,starv2_resume_300k_SafetyPointButton1_v0_selected_star_v2_star_v2_s13,105000,1.0,age=1-5,0.5282543301582336,0.5282543301582336,4.0745362639427185e-10,0.015625,0.13752266764640808,0.532778263092041,2.7164359092712402,-5.256384611129761e-06,0.5282543301582336,0.5282543301582336,0.5257824659347534,training_mechanism_log_batch,results/star_v2_final/resume_300k/SafetyPointButton1-v0/star_v2/starv2_resume_300k_SafetyPointButton1_v0_selected_star_v2_star_v2_s13/mechanism.csv
SafetyPointButton1-v0,13,starv2_resume_300k_SafetyPointButton1_v0_selected_star_v2_star_v2_s13,110000,1.0,age=1-5,0.5121936798095703,0.5121936798095703,3.4924596548080444e-10,0.02734375,0.1312914490699768,0.5322732329368591,2.7550041675567627,-6.032409146428108e-06,0.5121936798095703,0.5121936798095703,0.5111405849456787,training_mechanism_log_batch,results/star_v2_final/resume_300k/SafetyPointButton1-v0/star_v2/starv2_resume_300k_SafetyPointButton1_v0_selected_star_v2_star_v2_s13/mechanism.csv
SafetyPointButton1-v0,13,starv2_resume_300k_SafetyPointButton1_v0_selected_star_v2_star_v2_s13,115000,1.0,age=1-5,0.5096644163131714,0.5096644163131714,-2.3283064365386963e-10,0.00390625,0.13020849227905273,0.5307016968727112,2.7404983043670654,-5.271402187645435e-06,0.5096644163131714,0.5096644163131714,0.5071187019348145,training_mechanism_log_batch,results/star_v2_final/resume_300k/SafetyPointButton1-v0/star_v2/starv2_resume_300k_SafetyPointButton1_v0_selected_star_v2_star_v2_s13/mechanism.csv
SafetyPointButton1-v0,13,starv2_resume_300k_SafetyPointButton1_v0_selected_star_v2_star_v2_s13,120000,1.0,age=1-5,0.5237157344818115,0.5237157344818115,4.0745362639427185e-10,0.0078125,0.131103053689003,0.5299186706542969,2.7341136932373047,-4.645204171538353e-06,0.5237157344818115,0.5237157344818115,0.5209572315216064,training_mechanism_log_batch,results/star_v2_final/resume_300k/SafetyPointButton1-v0/star_v2/starv2_resume_300k_SafetyPointButton1_v0_selected_star_v2_star_v2_s13/mechanism.csv
SafetyPointButton1-v0,13,starv2_resume_300k_SafetyPointButton1_v0_selected_star_v2_star_v2_s13,125000,1.0,age=1-5,0.5481535792350769,0.5481535792350769,-1.5133991837501526e-09,0.01953125,0.14492550492286682,0.531432569026947,2.747018337249756,-3.875931724905968e-06,0.5481535792350769,0.5481535792350769,0.5463649034500122,training_mechanism_log_batch,results/star_v2_final/resume_300k/SafetyPointButton1-v0/star_v2/starv2_resume_300k_SafetyPointButton1_v0_selected_star_v2_star_v2_s13/mechanism.csv
SafetyPointButton1-v0,13,starv2_resume_300k_SafetyPointButton1_v0_selected_star_v2_star_v2_s13,130000,1.0,age=1-5,0.5187369585037231,0.5187369585037231,1.1059455573558807e-09,0.02734375,0.1280420869588852,0.5286241769790649,2.7319211959838867,-3.52680217474699e-06,0.5187369585037231,0.5187369585037231,0.5159542560577393,training_mechanism_log_batch,results/star_v2_final/resume_300k/SafetyPointButton1-v0/star_v2/starv2_resume_300k_SafetyPointButton1_v0_selected_star_v2_star_v2_s13/mechanism.csv
SafetyPointButton1-v0,13,starv2_resume_300k_SafetyPointButton1_v0_selected_star_v2_star_v2_s13,135000,1.0,age=1-5,0.567314088344574,0.567314088344574,-6.984919309616089e-10,0.0078125,0.14822179079055786,0.5321624279022217,2.724161148071289,-3.966502845287323e-06,0.567314088344574,0.567314088344574,0.5642381906509399,training_mechanism_log_batch,results/star_v2_final/resume_300k/SafetyPointButton1-v0/star_v2/starv2_resume_300k_SafetyPointButton1_v0_selected_star_v2_star_v2_s13/mechanism.csv
SafetyPointButton1-v0,13,starv2_resume_300k_SafetyPointButton1_v0_selected_star_v2_star_v2_s13,140000,1.0,age=1-5,0.545300304889679,0.545300304889679,6.984919309616089e-10,0.01171875,0.14111652970314026,0.5325047373771667,2.7387337684631348,-3.5436823964118958e-06,0.545300304889679,0.545300304889679,0.54276442527771,training_mechanism_log_batch,results/star_v2_final/resume_300k/SafetyPointButton1-v0/star_v2/starv2_resume_300k_SafetyPointButton1_v0_selected_star_v2_star_v2_s13/mechanism.csv
SafetyPointButton1-v0,13,starv2_resume_300k_SafetyPointButton1_v0_selected_star_v2_star_v2_s13,145000,1.0,age=1-5,0.5545747876167297,0.5545747876167297,1.1641532182693481e-10,0.01171875,0.14020715653896332,0.5307648181915283,2.74912166595459,-3.436114639043808e-06,0.5545747876167297,0.5545747876167297,0.5526493191719055,training_mechanism_log_batch,results/star_v2_final/resume_300k/SafetyPointButton1-v0/star_v2/starv2_resume_300k_SafetyPointButton1_v0_selected_star_v2_star_v2_s13/mechanism.csv
SafetyPointButton1-v0,13,starv2_resume_300k_SafetyPointButton1_v0_selected_star_v2_star_v2_s13,150000,1.0,age=1-5,0.567326545715332,0.567326545715332,-7.566995918750763e-10,0.01171875,0.15751978754997253,0.5291938185691833,2.738629102706909,-3.1368108466267586e-06,0.567326545715332,0.567326545715332,0.5654568672180176,training_mechanism_log_batch,results/star_v2_final/resume_300k/SafetyPointButton1-v0/star_v2/starv2_resume_300k_SafetyPointButton1_v0_selected_star_v2_star_v2_s13/mechanism.csv
SafetyPointButton1-v0,13,starv2_resume_300k_SafetyPointButton1_v0_selected_star_v2_star_v2_s13,155000,1.0,age=1-5,0.5424402952194214,0.5424402952194214,5.820766091346741e-11,0.01171875,0.13410547375679016,0.5305541753768921,2.7362890243530273,-3.3976975828409195e-06,0.5424402952194214,0.5424402952194214,0.538923978805542,training_mechanism_log_batch,results/star_v2_final/resume_300k/SafetyPointButton1-v0/star_v2/starv2_resume_300k_SafetyPointButton1_v0_selected_star_v2_star_v2_s13/mechanism.csv
SafetyPointButton1-v0,13,starv2_resume_300k_SafetyPointButton1_v0_selected_star_v2_star_v2_s13,160000,1.0,age=1-5,0.595913290977478,0.595913290977478,6.984919309616089e-10,0.015625,0.16618727147579193,0.5303266048431396,2.7384989261627197,-2.950546331703663e-06,0.595913290977478,0.595913290977478,0.5948649644851685,training_mechanism_log_batch,results/star_v2_final/resume_300k/SafetyPointButton1-v0/star_v2/starv2_resume_300k_SafetyPointButton1_v0_selected_star_v2_star_v2_s13/mechanism.csv
SafetyPointButton1-v0,13,starv2_resume_300k_SafetyPointButton1_v0_selected_star_v2_star_v2_s13,165000,1.0,age=1-5,0.5834288001060486,0.5834288001060486,-1.280568540096283e-09,0.00390625,0.15265962481498718,0.5331816673278809,2.707296848297119,-3.2193493098020554e-06,0.5834288001060486,0.5834288001060486,0.5795011520385742,training_mechanism_log_batch,results/star_v2_final/resume_300k/SafetyPointButton1-v0/star_v2/starv2_resume_300k_SafetyPointButton1_v0_selected_star_v2_star_v2_s13/mechanism.csv
SafetyPointButton1-v0,13,starv2_resume_300k_SafetyPointButton1_v0_selected_star_v2_star_v2_s13,170000,1.0,age=1-5,0.5413827300071716,0.5413827300071716,6.984919309616089e-10,0.015625,0.12205870449542999,0.5315822958946228,2.7425966262817383,-3.328663296997547e-06,0.5413827300071716,0.5413827300071716,0.5393564701080322,training_mechanism_log_batch,results/star_v2_final/resume_300k/SafetyPointButton1-v0/star_v2/starv2_resume_300k_SafetyPointButton1_v0_selected_star_v2_star_v2_s13/mechanism.csv
SafetyPointButton1-v0,13,starv2_resume_300k_SafetyPointButton1_v0_selected_star_v2_star_v2_s13,175000,1.0,age=1-5,0.5702998638153076,0.5702998638153076,-2.3283064365386963e-10,0.01171875,0.14095112681388855,0.52812659740448,2.7301459312438965,-3.5585835576057434e-06,0.5702998638153076,0.5702998638153076,0.5688914060592651,training_mechanism_log_batch,results/star_v2_final/resume_300k/SafetyPointButton1-v0/star_v2/starv2_resume_300k_SafetyPointButton1_v0_selected_star_v2_star_v2_s13/mechanism.csv
SafetyPointButton1-v0,13,starv2_resume_300k_SafetyPointButton1_v0_selected_star_v2_star_v2_s13,180000,1.0,age=1-5,0.5498178005218506,0.5498178005218506,-1.0477378964424133e-09,0.0078125,0.12680116295814514,0.5320044159889221,2.733769416809082,-3.2704556360840797e-06,0.5498178005218506,0.5498178005218506,0.547423243522644,training_mechanism_log_batch,results/star_v2_final/resume_300k/SafetyPointButton1-v0/star_v2/starv2_resume_300k_SafetyPointButton1_v0_selected_star_v2_star_v2_s13/mechanism.csv
SafetyPointButton1-v0,13,starv2_resume_300k_SafetyPointButton1_v0_selected_star_v2_star_v2_s13,185000,1.0,age=1-5,0.5578358173370361,0.5578358173370361,1.862645149230957e-09,0.0234375,0.13864721357822418,0.5330907106399536,2.73036527633667,-3.023655153810978e-06,0.5578358173370361,0.5578358173370361,0.5545635223388672,training_mechanism_log_batch,results/star_v2_final/resume_300k/SafetyPointButton1-v0/star_v2/starv2_resume_300k_SafetyPointButton1_v0_selected_star_v2_star_v2_s13/mechanism.csv
SafetyPointButton1-v0,13,starv2_resume_300k_SafetyPointButton1_v0_selected_star_v2_star_v2_s13,190000,1.0,age=1-5,0.5492615103721619,0.5492615103721619,1.7462298274040222e-10,0.01953125,0.12749609351158142,0.5306777358055115,2.7093453407287598,-2.9765069484710693e-06,0.5492615103721619,0.5492615103721619,0.5422621965408325,training_mechanism_log_batch,results/star_v2_final/resume_300k/SafetyPointButton1-v0/star_v2/starv2_resume_300k_SafetyPointButton1_v0_selected_star_v2_star_v2_s13/mechanism.csv
SafetyPointButton1-v0,13,starv2_resume_300k_SafetyPointButton1_v0_selected_star_v2_star_v2_s13,195000,1.0,age=1-5,0.5833959579467773,0.5833960175514221,1.862645149230957e-09,0.02734375,0.1412258744239807,0.5312216281890869,2.7427139282226562,-2.9156217351555824e-06,0.5833959579467773,0.5833960175514221,0.5814158916473389,training_mechanism_log_batch,results/star_v2_final/resume_300k/SafetyPointButton1-v0/star_v2/starv2_resume_300k_SafetyPointButton1_v0_selected_star_v2_star_v2_s13/mechanism.csv
SafetyPointButton1-v0,13,starv2_resume_300k_SafetyPointButton1_v0_selected_star_v2_star_v2_s13,200000,1.0,age=1-5,0.5679980516433716,0.5679980516433716,0.0,0.01171875,0.13794389367103577,0.529047966003418,2.7325572967529297,-3.2015377655625343e-06,0.5679980516433716,0.5679980516433716,0.565361738204956,training_mechanism_log_batch,results/star_v2_final/resume_300k/SafetyPointButton1-v0/star_v2/starv2_resume_300k_SafetyPointButton1_v0_selected_star_v2_star_v2_s13/mechanism.csv
SafetyPointButton1-v0,13,starv2_resume_300k_SafetyPointButton1_v0_selected_star_v2_star_v2_s13,205000,1.0,age=1-5,0.580900251865387,0.580900251865387,-8.149072527885437e-10,0.015625,0.15023726224899292,0.5323158502578735,2.7252702713012695,-3.2904790714383125e-06,0.580900251865387,0.580900251865387,0.5786833763122559,training_mechanism_log_batch,results/star_v2_final/resume_300k/SafetyPointButton1-v0/star_v2/starv2_resume_300k_SafetyPointButton1_v0_selected_star_v2_star_v2_s13/mechanism.csv
SafetyPointButton1-v0,13,starv2_resume_300k_SafetyPointButton1_v0_selected_star_v2_star_v2_s13,210000,1.0,age=1-5,0.5628769397735596,0.5628769397735596,-5.820766091346741e-10,0.00390625,0.13778461515903473,0.5327763557434082,2.7355918884277344,-3.100489266216755e-06,0.5628769397735596,0.5628769397735596,0.5603049993515015,training_mechanism_log_batch,results/star_v2_final/resume_300k/SafetyPointButton1-v0/star_v2/starv2_resume_300k_SafetyPointButton1_v0_selected_star_v2_star_v2_s13/mechanism.csv
SafetyPointButton1-v0,13,starv2_resume_300k_SafetyPointButton1_v0_selected_star_v2_star_v2_s13,215000,1.0,age=1-5,0.5845102071762085,0.5845102071762085,2.3283064365386963e-10,0.015625,0.1522294282913208,0.5316716432571411,2.7434611320495605,-2.903514541685581e-06,0.5845102071762085,0.5845102071762085,0.5824537873268127,training_mechanism_log_batch,results/star_v2_final/resume_300k/SafetyPointButton1-v0/star_v2/starv2_resume_300k_SafetyPointButton1_v0_selected_star_v2_star_v2_s13/mechanism.csv
SafetyPointButton1-v0,13,starv2_resume_300k_SafetyPointButton1_v0_selected_star_v2_star_v2_s13,220000,1.0,age=1-5,0.5861064195632935,0.5861064195632935,-2.3283064365386963e-10,0.01171875,0.1535712033510208,0.5320701599121094,2.7322311401367188,-3.166263923048973e-06,0.5861064195632935,0.5861064195632935,0.5837006568908691,training_mechanism_log_batch,results/star_v2_final/resume_300k/SafetyPointButton1-v0/star_v2/starv2_resume_300k_SafetyPointButton1_v0_selected_star_v2_star_v2_s13/mechanism.csv
SafetyPointButton1-v0,13,starv2_resume_300k_SafetyPointButton1_v0_selected_star_v2_star_v2_s13,225000,1.0,age=1-5,0.5636970400810242,0.5636970400810242,-3.4924596548080444e-10,0.01953125,0.13333635032176971,0.5303971767425537,2.7295098304748535,-3.2100360840559006e-06,0.5636970400810242,0.5636970400810242,0.5608752369880676,training_mechanism_log_batch,results/star_v2_final/resume_300k/SafetyPointButton1-v0/star_v2/starv2_resume_300k_SafetyPointButton1_v0_selected_star_v2_star_v2_s13/mechanism.csv
SafetyPointButton1-v0,13,starv2_resume_300k_SafetyPointButton1_v0_selected_star_v2_star_v2_s13,230000,1.0,age=1-5,0.5747305154800415,0.5747305154800415,-6.984919309616089e-10,0.0078125,0.14291340112686157,0.5348078608512878,2.7359704971313477,-3.18232923746109e-06,0.5747305154800415,0.5747305154800415,0.5719590187072754,training_mechanism_log_batch,results/star_v2_final/resume_300k/SafetyPointButton1-v0/star_v2/starv2_resume_300k_SafetyPointButton1_v0_selected_star_v2_star_v2_s13/mechanism.csv
SafetyPointButton1-v0,13,starv2_resume_300k_SafetyPointButton1_v0_selected_star_v2_star_v2_s13,235000,1.0,age=1-5,0.5866366624832153,0.5866366624832153,-3.4924596548080444e-10,0.00390625,0.15189313888549805,0.5324475765228271,2.7436423301696777,-3.494671545922756e-06,0.5866366624832153,0.5866366624832153,0.5850894451141357,training_mechanism_log_batch,results/star_v2_final/resume_300k/SafetyPointButton1-v0/star_v2/starv2_resume_300k_SafetyPointButton1_v0_selected_star_v2_star_v2_s13/mechanism.csv
SafetyPointButton1-v0,13,starv2_resume_300k_SafetyPointButton1_v0_selected_star_v2_star_v2_s13,240000,1.0,age=1-5,0.6079477071762085,0.6079477071762085,0.0,0.01171875,0.1699528694152832,0.5302245616912842,2.729434013366699,-2.9508955776691437e-06,0.6079477071762085,0.6079477071762085,0.6035434007644653,training_mechanism_log_batch,results/star_v2_final/resume_300k/SafetyPointButton1-v0/star_v2/starv2_resume_300k_SafetyPointButton1_v0_selected_star_v2_star_v2_s13/mechanism.csv
SafetyPointButton1-v0,13,starv2_resume_300k_SafetyPointButton1_v0_selected_star_v2_star_v2_s13,245000,1.0,age=1-5,0.6054261326789856,0.6054261326789856,0.0,0.01953125,0.16677162051200867,0.5331745743751526,2.7373414039611816,-3.2044481486082077e-06,0.6054261326789856,0.6054261326789856,0.6027958393096924,training_mechanism_log_batch,results/star_v2_final/resume_300k/SafetyPointButton1-v0/star_v2/starv2_resume_300k_SafetyPointButton1_v0_selected_star_v2_star_v2_s13/mechanism.csv
SafetyPointButton1-v0,13,starv2_resume_300k_SafetyPointButton1_v0_selected_star_v2_star_v2_s13,250000,1.0,age=1-5,0.5996562838554382,0.5996562838554382,0.0,0.01171875,0.16077843308448792,0.5315263867378235,2.729881763458252,-2.9318034648895264e-06,0.5996562838554382,0.5996562838554382,0.5956900715827942,training_mechanism_log_batch,results/star_v2_final/resume_300k/SafetyPointButton1-v0/star_v2/starv2_resume_300k_SafetyPointButton1_v0_selected_star_v2_star_v2_s13/mechanism.csv
SafetyPointButton1-v0,13,starv2_resume_300k_SafetyPointButton1_v0_selected_star_v2_star_v2_s13,255000,1.0,age=1-5,0.6096610426902771,0.6096610426902771,-4.656612873077393e-10,0.0078125,0.17115943133831024,0.5302807092666626,2.7458062171936035,-3.003631718456745e-06,0.6096610426902771,0.6096610426902771,0.6077765226364136,training_mechanism_log_batch,results/star_v2_final/resume_300k/SafetyPointButton1-v0/star_v2/starv2_resume_300k_SafetyPointButton1_v0_selected_star_v2_star_v2_s13/mechanism.csv
SafetyPointButton1-v0,13,starv2_resume_300k_SafetyPointButton1_v0_selected_star_v2_star_v2_s13,260000,1.0,age=1-5,0.609784722328186,0.609784722328186,2.3283064365386963e-10,0.0078125,0.1576859951019287,0.5284955501556396,2.7259955406188965,-2.863002009689808e-06,0.609784722328186,0.609784722328186,0.6066951751708984,training_mechanism_log_batch,results/star_v2_final/resume_300k/SafetyPointButton1-v0/star_v2/starv2_resume_300k_SafetyPointButton1_v0_selected_star_v2_star_v2_s13/mechanism.csv
SafetyPointButton1-v0,13,starv2_resume_300k_SafetyPointButton1_v0_selected_star_v2_star_v2_s13,265000,1.0,age=1-5,0.5889890789985657,0.5889890789985657,-4.656612873077393e-10,0.00390625,0.1524890959262848,0.528427004814148,2.7371606826782227,-2.850079908967018e-06,0.5889890789985657,0.5889890789985657,0.5860812664031982,training_mechanism_log_batch,results/star_v2_final/resume_300k/SafetyPointButton1-v0/star_v2/starv2_resume_300k_SafetyPointButton1_v0_selected_star_v2_star_v2_s13/mechanism.csv
SafetyPointButton1-v0,13,starv2_resume_300k_SafetyPointButton1_v0_selected_star_v2_star_v2_s13,270000,1.0,age=1-5,0.617190957069397,0.617190957069397,3.4924596548080444e-10,0.015625,0.17441493272781372,0.5295629501342773,2.7424302101135254,-2.859043888747692e-06,0.617190957069397,0.617190957069397,0.6149783134460449,training_mechanism_log_batch,results/star_v2_final/resume_300k/SafetyPointButton1-v0/star_v2/starv2_resume_300k_SafetyPointButton1_v0_selected_star_v2_star_v2_s13/mechanism.csv
SafetyPointButton1-v0,13,starv2_resume_300k_SafetyPointButton1_v0_selected_star_v2_star_v2_s13,275000,1.0,age=1-5,0.5900875329971313,0.5900875329971313,-4.656612873077393e-10,0.01171875,0.15452389419078827,0.5312703847885132,2.7380027770996094,-2.759043127298355e-06,0.5900875329971313,0.5900875329971313,0.5876820683479309,training_mechanism_log_batch,results/star_v2_final/resume_300k/SafetyPointButton1-v0/star_v2/starv2_resume_300k_SafetyPointButton1_v0_selected_star_v2_star_v2_s13/mechanism.csv
SafetyPointButton1-v0,13,starv2_resume_300k_SafetyPointButton1_v0_selected_star_v2_star_v2_s13,280000,1.0,age=1-5,0.6356719136238098,0.6356719136238098,-5.820766091346741e-10,0.015625,0.18068161606788635,0.5307450890541077,2.7236714363098145,-2.745306119322777e-06,0.6356719136238098,0.6356719136238098,0.6315483450889587,training_mechanism_log_batch,results/star_v2_final/resume_300k/SafetyPointButton1-v0/star_v2/starv2_resume_300k_SafetyPointButton1_v0_selected_star_v2_star_v2_s13/mechanism.csv
SafetyPointButton1-v0,13,starv2_resume_300k_SafetyPointButton1_v0_selected_star_v2_star_v2_s13,285000,1.0,age=1-5,0.6110142469406128,0.6110142469406128,-1.2223608791828156e-09,0.0078125,0.16556812822818756,0.5269957780838013,2.72758150100708,-2.7953647077083588e-06,0.6110142469406128,0.6110142469406128,0.6077703833580017,training_mechanism_log_batch,results/star_v2_final/resume_300k/SafetyPointButton1-v0/star_v2/starv2_resume_300k_SafetyPointButton1_v0_selected_star_v2_star_v2_s13/mechanism.csv
SafetyPointButton1-v0,13,starv2_resume_300k_SafetyPointButton1_v0_selected_star_v2_star_v2_s13,290000,1.0,age=1-5,0.6060709357261658,0.6060709357261658,6.984919309616089e-10,0.01953125,0.16519670188426971,0.5303160548210144,2.715184211730957,-2.8061913326382637e-06,0.6060709357261658,0.6060709357261658,0.6034833192825317,training_mechanism_log_batch,results/star_v2_final/resume_300k/SafetyPointButton1-v0/star_v2/starv2_resume_300k_SafetyPointButton1_v0_selected_star_v2_star_v2_s13/mechanism.csv
SafetyPointButton1-v0,13,starv2_resume_300k_SafetyPointButton1_v0_selected_star_v2_star_v2_s13,295000,1.0,age=1-5,0.6134449243545532,0.6134449243545532,-8.149072527885437e-10,0.015625,0.16742698848247528,0.5294743180274963,2.7080671787261963,-2.7313362807035446e-06,0.6134449243545532,0.6134449243545532,0.6089010834693909,training_mechanism_log_batch,results/star_v2_final/resume_300k/SafetyPointButton1-v0/star_v2/starv2_resume_300k_SafetyPointButton1_v0_selected_star_v2_star_v2_s13/mechanism.csv
SafetyPointButton1-v0,14,starv2_resume_300k_SafetyPointButton1_v0_selected_star_v2_star_v2_s14,5000,1.0,age=1-5,5.990670204162598,5.990670204162598,-3.725290298461914e-09,0.0,5.494770050048828,0.5367220044136047,1.7086480855941772,-7.17933289706707e-07,5.990670204162598,5.990670204162598,5.894777297973633,training_mechanism_log_batch,results/star_v2_final/resume_300k/SafetyPointButton1-v0/star_v2/starv2_resume_300k_SafetyPointButton1_v0_selected_star_v2_star_v2_s14/mechanism.csv
SafetyPointButton1-v0,14,starv2_resume_300k_SafetyPointButton1_v0_selected_star_v2_star_v2_s14,10000,1.0,age=1-5,0.2783186137676239,0.2783186137676239,9.74978320300579e-10,0.0390625,0.02026357874274254,0.5297378897666931,2.7580037117004395,-6.295740604400635e-07,0.2783186137676239,0.2783186137676239,0.27679452300071716,training_mechanism_log_batch,results/star_v2_final/resume_300k/SafetyPointButton1-v0/star_v2/starv2_resume_300k_SafetyPointButton1_v0_selected_star_v2_star_v2_s14/mechanism.csv
SafetyPointButton1-v0,14,starv2_resume_300k_SafetyPointButton1_v0_selected_star_v2_star_v2_s14,15000,1.0,age=1-5,0.1870979219675064,0.1870979219675064,-4.94765117764473e-10,0.015625,0.03120592050254345,0.5311762094497681,2.76283860206604,-6.66128471493721e-07,0.1870979219675064,0.1870979219675064,0.18618996441364288,training_mechanism_log_batch,results/star_v2_final/resume_300k/SafetyPointButton1-v0/star_v2/starv2_resume_300k_SafetyPointButton1_v0_selected_star_v2_star_v2_s14/mechanism.csv
SafetyPointButton1-v0,14,starv2_resume_300k_SafetyPointButton1_v0_selected_star_v2_star_v2_s14,20000,1.0,age=1-5,0.17299586534500122,0.17299586534500122,1.1641532182693481e-10,0.0234375,0.034085433930158615,0.5294297337532043,2.7526750564575195,-7.152557373046875e-07,0.17299586534500122,0.17299586534500122,0.1717577874660492,training_mechanism_log_batch,results/star_v2_final/resume_300k/SafetyPointButton1-v0/star_v2/starv2_resume_300k_SafetyPointButton1_v0_selected_star_v2_star_v2_s14/mechanism.csv
SafetyPointButton1-v0,14,starv2_resume_300k_SafetyPointButton1_v0_selected_star_v2_star_v2_s14,25000,1.0,age=1-5,0.15676429867744446,0.15676429867744446,-5.820766091346741e-11,0.02734375,0.01758234202861786,0.5319026708602905,2.745466947555542,-1.066247932612896e-06,0.15676429867744446,0.15676429867744446,0.1550399363040924,training_mechanism_log_batch,results/star_v2_final/resume_300k/SafetyPointButton1-v0/star_v2/starv2_resume_300k_SafetyPointButton1_v0_selected_star_v2_star_v2_s14/mechanism.csv
SafetyPointButton1-v0,14,starv2_resume_300k_SafetyPointButton1_v0_selected_star_v2_star_v2_s14,30000,1.0,age=1-5,0.23319083452224731,0.23319083452224731,-2.764863893389702e-10,0.01953125,0.046311505138874054,0.5316354036331177,2.7670321464538574,-1.8962891772389412e-06,0.23319083452224731,0.23319083452224731,0.23302751779556274,training_mechanism_log_batch,results/star_v2_final/resume_300k/SafetyPointButton1-v0/star_v2/starv2_resume_300k_SafetyPointButton1_v0_selected_star_v2_star_v2_s14/mechanism.csv
SafetyPointButton1-v0,14,starv2_resume_300k_SafetyPointButton1_v0_selected_star_v2_star_v2_s14,35000,1.0,age=1-5,0.30975577235221863,0.30975577235221863,1.7462298274040222e-10,0.01953125,0.05519486963748932,0.5312867164611816,2.7635350227355957,-2.2620661184191704e-06,0.30975577235221863,0.30975577235221863,0.3093326985836029,training_mechanism_log_batch,results/star_v2_final/resume_300k/SafetyPointButton1-v0/star_v2/starv2_resume_300k_SafetyPointButton1_v0_selected_star_v2_star_v2_s14/mechanism.csv
SafetyPointButton1-v0,14,starv2_resume_300k_SafetyPointButton1_v0_selected_star_v2_star_v2_s14,40000,1.0,age=1-5,0.345841646194458,0.345841646194458,6.402842700481415e-10,0.02734375,0.06118849664926529,0.5325021743774414,2.7550973892211914,-2.4704495444893837e-06,0.345841646194458,0.345841646194458,0.34471407532691956,training_mechanism_log_batch,results/star_v2_final/resume_300k/SafetyPointButton1-v0/star_v2/starv2_resume_300k_SafetyPointButton1_v0_selected_star_v2_star_v2_s14/mechanism.csv
SafetyPointButton1-v0,14,starv2_resume_300k_SafetyPointButton1_v0_selected_star_v2_star_v2_s14,45000,1.0,age=1-5,0.37426263093948364,0.37426263093948364,-1.3969838619232178e-09,0.0,0.06336318701505661,0.5307239890098572,2.757575511932373,-2.7280766516923904e-06,0.37426263093948364,0.37426263093948364,0.37375155091285706,training_mechanism_log_batch,results/star_v2_final/resume_300k/SafetyPointButton1-v0/star_v2/starv2_resume_300k_SafetyPointButton1_v0_selected_star_v2_star_v2_s14/mechanism.csv
SafetyPointButton1-v0,14,starv2_resume_300k_SafetyPointButton1_v0_selected_star_v2_star_v2_s14,50000,1.0,age=1-5,0.4546004831790924,0.4546004831790924,0.0,0.0078125,0.10476289689540863,0.5312063694000244,2.75412654876709,-2.9403017833828926e-06,0.4546004831790924,0.4546004831790924,0.45417898893356323,training_mechanism_log_batch,results/star_v2_final/resume_300k/SafetyPointButton1-v0/star_v2/starv2_resume_300k_SafetyPointButton1_v0_selected_star_v2_star_v2_s14/mechanism.csv
SafetyPointButton1-v0,14,starv2_resume_300k_SafetyPointButton1_v0_selected_star_v2_star_v2_s14,55000,1.0,age=1-5,0.48600974678993225,0.48600974678993225,-4.656612873077393e-10,0.00390625,0.10490304231643677,0.5311137437820435,2.7470760345458984,-3.084191121160984e-06,0.48600974678993225,0.48600974678993225,0.4849969148635864,training_mechanism_log_batch,results/star_v2_final/resume_300k/SafetyPointButton1-v0/star_v2/starv2_resume_300k_SafetyPointButton1_v0_selected_star_v2_star_v2_s14/mechanism.csv
SafetyPointButton1-v0,14,starv2_resume_300k_SafetyPointButton1_v0_selected_star_v2_star_v2_s14,60000,1.0,age=1-5,0.4437704384326935,0.4437704384326935,-8.731149137020111e-11,0.01953125,0.08110646903514862,0.5323268175125122,2.7518057823181152,-3.939727321267128e-06,0.4437704384326935,0.4437704384326935,0.44241639971733093,training_mechanism_log_batch,results/star_v2_final/resume_300k/SafetyPointButton1-v0/star_v2/starv2_resume_300k_SafetyPointButton1_v0_selected_star_v2_star_v2_s14/mechanism.csv
SafetyPointButton1-v0,14,starv2_resume_300k_SafetyPointButton1_v0_selected_star_v2_star_v2_s14,65000,1.0,age=1-5,0.4599928557872772,0.4599928557872772,-4.0745362639427185e-10,0.015625,0.09038345515727997,0.5273303985595703,2.7396631240844727,-3.0928058549761772e-06,0.4599928557872772,0.4599928557872772,0.4582093358039856,training_mechanism_log_batch,results/star_v2_final/resume_300k/SafetyPointButton1-v0/star_v2/starv2_resume_300k_SafetyPointButton1_v0_selected_star_v2_star_v2_s14/mechanism.csv
SafetyPointButton1-v0,14,starv2_resume_300k_SafetyPointButton1_v0_selected_star_v2_star_v2_s14,70000,1.0,age=1-5,0.5078558325767517,0.5078558325767517,6.111804395914078e-10,0.03125,0.12054751813411713,0.5314558148384094,2.7427144050598145,-3.278953954577446e-06,0.5078558325767517,0.5078558325767517,0.5062024593353271,training_mechanism_log_batch,results/star_v2_final/resume_300k/SafetyPointButton1-v0/star_v2/starv2_resume_300k_SafetyPointButton1_v0_selected_star_v2_star_v2_s14/mechanism.csv
SafetyPointButton1-v0,14,starv2_resume_300k_SafetyPointButton1_v0_selected_star_v2_star_v2_s14,75000,1.0,age=1-5,0.47206857800483704,0.47206857800483704,1.7462298274040222e-10,0.02734375,0.10358545184135437,0.530771017074585,2.727367401123047,-3.899098373949528e-06,0.47206857800483704,0.47206857800483704,0.4687194526195526,training_mechanism_log_batch,results/star_v2_final/resume_300k/SafetyPointButton1-v0/star_v2/starv2_resume_300k_SafetyPointButton1_v0_selected_star_v2_star_v2_s14/mechanism.csv
SafetyPointButton1-v0,14,starv2_resume_300k_SafetyPointButton1_v0_selected_star_v2_star_v2_s14,80000,1.0,age=1-5,0.5143268704414368,0.5143268704414368,-1.5425030142068863e-09,0.0078125,0.13190054893493652,0.5318357348442078,2.7464041709899902,-3.498396836221218e-06,0.5143268704414368,0.5143268704414368,0.5129989981651306,training_mechanism_log_batch,results/star_v2_final/resume_300k/SafetyPointButton1-v0/star_v2/starv2_resume_300k_SafetyPointButton1_v0_selected_star_v2_star_v2_s14/mechanism.csv
SafetyPointButton1-v0,14,starv2_resume_300k_SafetyPointButton1_v0_selected_star_v2_star_v2_s14,85000,1.0,age=1-5,0.4822697639465332,0.4822697639465332,1.979060471057892e-09,0.05078125,0.10634040832519531,0.5332292318344116,2.7474303245544434,-4.878384061157703e-06,0.4822697639465332,0.4822697639465332,0.4811760485172272,training_mechanism_log_batch,results/star_v2_final/resume_300k/SafetyPointButton1-v0/star_v2/starv2_resume_300k_SafetyPointButton1_v0_selected_star_v2_star_v2_s14/mechanism.csv
SafetyPointButton1-v0,14,starv2_resume_300k_SafetyPointButton1_v0_selected_star_v2_star_v2_s14,90000,1.0,age=1-5,0.49664306640625,0.49664306640625,2.0954757928848267e-09,0.046875,0.11046221107244492,0.5311883687973022,2.737703800201416,-4.759756848216057e-06,0.49664306640625,0.49664306640625,0.4935178756713867,training_mechanism_log_batch,results/star_v2_final/resume_300k/SafetyPointButton1-v0/star_v2/starv2_resume_300k_SafetyPointButton1_v0_selected_star_v2_star_v2_s14/mechanism.csv
SafetyPointButton1-v0,14,starv2_resume_300k_SafetyPointButton1_v0_selected_star_v2_star_v2_s14,95000,1.0,age=1-5,0.522449254989624,0.522449254989624,-5.820766091346741e-10,0.015625,0.12364461272954941,0.5328357815742493,2.7481789588928223,-4.567904397845268e-06,0.522449254989624,0.522449254989624,0.5209340453147888,training_mechanism_log_batch,results/star_v2_final/resume_300k/SafetyPointButton1-v0/star_v2/starv2_resume_300k_SafetyPointButton1_v0_selected_star_v2_star_v2_s14/mechanism.csv
SafetyPointButton1-v0,14,starv2_resume_300k_SafetyPointButton1_v0_selected_star_v2_star_v2_s14,100000,1.0,age=1-5,0.5384315252304077,0.5384315252304077,9.313225746154785e-10,0.0390625,0.15247668325901031,0.5315438508987427,2.749882221221924,-4.6886270865798e-06,0.5384315252304077,0.5384315252304077,0.5364483594894409,training_mechanism_log_batch,results/star_v2_final/resume_300k/SafetyPointButton1-v0/star_v2/starv2_resume_300k_SafetyPointButton1_v0_selected_star_v2_star_v2_s14/mechanism.csv
SafetyPointButton1-v0,14,starv2_resume_300k_SafetyPointButton1_v0_selected_star_v2_star_v2_s14,105000,1.0,age=1-5,0.5827026963233948,0.5827026963233948,-1.1641532182693481e-09,0.01171875,0.16611197590827942,0.5296087861061096,2.7427444458007812,-4.339613951742649e-06,0.5827026963233948,0.5827026963233948,0.5810370445251465,training_mechanism_log_batch,results/star_v2_final/resume_300k/SafetyPointButton1-v0/star_v2/starv2_resume_300k_SafetyPointButton1_v0_selected_star_v2_star_v2_s14/mechanism.csv
SafetyPointButton1-v0,14,starv2_resume_300k_SafetyPointButton1_v0_selected_star_v2_star_v2_s14,110000,1.0,age=1-5,0.5431157350540161,0.5431157350540161,-3.4924596548080444e-10,0.02734375,0.13190440833568573,0.5317431688308716,2.7460615634918213,-4.324363544583321e-06,0.5431157350540161,0.5431157350540161,0.5416948199272156,training_mechanism_log_batch,results/star_v2_final/resume_300k/SafetyPointButton1-v0/star_v2/starv2_resume_300k_SafetyPointButton1_v0_selected_star_v2_star_v2_s14/mechanism.csv
SafetyPointButton1-v0,14,starv2_resume_300k_SafetyPointButton1_v0_selected_star_v2_star_v2_s14,115000,1.0,age=1-5,0.5604532361030579,0.5604532361030579,6.402842700481415e-10,0.0390625,0.14930866658687592,0.5318365693092346,2.745155096054077,-4.88420482724905e-06,0.5604532361030579,0.5604532361030579,0.559471607208252,training_mechanism_log_batch,results/star_v2_final/resume_300k/SafetyPointButton1-v0/star_v2/starv2_resume_300k_SafetyPointButton1_v0_selected_star_v2_star_v2_s14/mechanism.csv
SafetyPointButton1-v0,14,starv2_resume_300k_SafetyPointButton1_v0_selected_star_v2_star_v2_s14,120000,1.0,age=1-5,0.5519851446151733,0.5519851446151733,-4.0745362639427185e-10,0.01171875,0.15099546313285828,0.5319600701332092,2.7298059463500977,-4.007946699857712e-06,0.5519851446151733,0.5519851446151733,0.5498183965682983,training_mechanism_log_batch,results/star_v2_final/resume_300k/SafetyPointButton1-v0/star_v2/starv2_resume_300k_SafetyPointButton1_v0_selected_star_v2_star_v2_s14/mechanism.csv
SafetyPointButton1-v0,14,starv2_resume_300k_SafetyPointButton1_v0_selected_star_v2_star_v2_s14,125000,1.0,age=1-5,0.5464182496070862,0.5464182496070862,-4.0745362639427185e-10,0.02734375,0.13393820822238922,0.5333832502365112,2.7386913299560547,-4.2031751945614815e-06,0.5464182496070862,0.5464182496070862,0.5440567135810852,training_mechanism_log_batch,results/star_v2_final/resume_300k/SafetyPointButton1-v0/star_v2/starv2_resume_300k_SafetyPointButton1_v0_selected_star_v2_star_v2_s14/mechanism.csv
SafetyPointButton1-v0,14,starv2_resume_300k_SafetyPointButton1_v0_selected_star_v2_star_v2_s14,130000,1.0,age=1-5,0.5707402229309082,0.5707402229309082,5.820766091346741e-10,0.0234375,0.14958788454532623,0.5329921841621399,2.7379322052001953,-3.525172360241413e-06,0.5707402229309082,0.5707402229309082,0.569037914276123,training_mechanism_log_batch,results/star_v2_final/resume_300k/SafetyPointButton1-v0/star_v2/starv2_resume_300k_SafetyPointButton1_v0_selected_star_v2_star_v2_s14/mechanism.csv
SafetyPointButton1-v0,14,starv2_resume_300k_SafetyPointButton1_v0_selected_star_v2_star_v2_s14,135000,1.0,age=1-5,0.575147807598114,0.5751477479934692,-1.1641532182693481e-10,0.02734375,0.16470566391944885,0.5323330163955688,2.747568130493164,-3.3299438655376434e-06,0.575147807598114,0.5751477479934692,0.5735545754432678,training_mechanism_log_batch,results/star_v2_final/resume_300k/SafetyPointButton1-v0/star_v2/starv2_resume_300k_SafetyPointButton1_v0_selected_star_v2_star_v2_s14/mechanism.csv
SafetyPointButton1-v0,14,starv2_resume_300k_SafetyPointButton1_v0_selected_star_v2_star_v2_s14,140000,1.0,age=1-5,0.5192073583602905,0.5192073583602905,6.984919309616089e-10,0.0234375,0.13394290208816528,0.5301512479782104,2.7444982528686523,-3.4044496715068817e-06,0.5192073583602905,0.5192073583602905,0.517648458480835,training_mechanism_log_batch,results/star_v2_final/resume_300k/SafetyPointButton1-v0/star_v2/starv2_resume_300k_SafetyPointButton1_v0_selected_star_v2_star_v2_s14/mechanism.csv
SafetyPointButton1-v0,14,starv2_resume_300k_SafetyPointButton1_v0_selected_star_v2_star_v2_s14,145000,1.0,age=1-5,0.5560870170593262,0.5560870170593262,1.1641532182693481e-10,0.0078125,0.151558518409729,0.5297825336456299,2.7547829151153564,-3.3329706639051437e-06,0.5560870170593262,0.5560870170593262,0.5546205043792725,training_mechanism_log_batch,results/star_v2_final/resume_300k/SafetyPointButton1-v0/star_v2/starv2_resume_300k_SafetyPointButton1_v0_selected_star_v2_star_v2_s14/mechanism.csv
SafetyPointButton1-v0,14,starv2_resume_300k_SafetyPointButton1_v0_selected_star_v2_star_v2_s14,150000,1.0,age=1-5,0.5666123628616333,0.5666123628616333,8.149072527885437e-10,0.04296875,0.14997273683547974,0.5305432677268982,2.7188568115234375,-3.312830813229084e-06,0.5666123628616333,0.5666123628616333,0.5625359416007996,training_mechanism_log_batch,results/star_v2_final/resume_300k/SafetyPointButton1-v0/star_v2/starv2_resume_300k_SafetyPointButton1_v0_selected_star_v2_star_v2_s14/mechanism.csv
SafetyPointButton1-v0,14,starv2_resume_300k_SafetyPointButton1_v0_selected_star_v2_star_v2_s14,155000,1.0,age=1-5,0.554715633392334,0.554715633392334,1.5133991837501526e-09,0.0390625,0.14114415645599365,0.5297518372535706,2.7483153343200684,-3.2980460673570633e-06,0.554715633392334,0.554715633392334,0.5523895621299744,training_mechanism_log_batch,results/star_v2_final/resume_300k/SafetyPointButton1-v0/star_v2/starv2_resume_300k_SafetyPointButton1_v0_selected_star_v2_star_v2_s14/mechanism.csv
SafetyPointButton1-v0,14,starv2_resume_300k_SafetyPointButton1_v0_selected_star_v2_star_v2_s14,160000,1.0,age=1-5,0.5622199177742004,0.5622199177742004,-8.149072527885437e-10,0.01953125,0.1480848789215088,0.5331629514694214,2.7407283782958984,-3.320164978504181e-06,0.5622199177742004,0.5622199177742004,0.560576856136322,training_mechanism_log_batch,results/star_v2_final/resume_300k/SafetyPointButton1-v0/star_v2/starv2_resume_300k_SafetyPointButton1_v0_selected_star_v2_star_v2_s14/mechanism.csv
SafetyPointButton1-v0,14,starv2_resume_300k_SafetyPointButton1_v0_selected_star_v2_star_v2_s14,165000,1.0,age=1-5,0.5378240346908569,0.5378240346908569,5.238689482212067e-10,0.0234375,0.12741586565971375,0.5333839058876038,2.7448246479034424,-3.1115487217903137e-06,0.5378240346908569,0.5378240346908569,0.5364672541618347,training_mechanism_log_batch,results/star_v2_final/resume_300k/SafetyPointButton1-v0/star_v2/starv2_resume_300k_SafetyPointButton1_v0_selected_star_v2_star_v2_s14/mechanism.csv
SafetyPointButton1-v0,14,starv2_resume_300k_SafetyPointButton1_v0_selected_star_v2_star_v2_s14,170000,1.0,age=1-5,0.5964503288269043,0.5964503288269043,-1.3969838619232178e-09,0.01171875,0.16548489034175873,0.5298624634742737,2.7337679862976074,-3.3311080187559128e-06,0.5964503288269043,0.5964503288269043,0.5946013927459717,training_mechanism_log_batch,results/star_v2_final/resume_300k/SafetyPointButton1-v0/star_v2/starv2_resume_300k_SafetyPointButton1_v0_selected_star_v2_star_v2_s14/mechanism.csv
SafetyPointButton1-v0,14,starv2_resume_300k_SafetyPointButton1_v0_selected_star_v2_star_v2_s14,175000,1.0,age=1-5,0.5699553489685059,0.5699553489685059,1.3387762010097504e-09,0.03515625,0.14929232001304626,0.5293034315109253,2.745589256286621,-3.2283132895827293e-06,0.5699553489685059,0.5699553489685059,0.5674975514411926,training_mechanism_log_batch,results/star_v2_final/resume_300k/SafetyPointButton1-v0/star_v2/starv2_resume_300k_SafetyPointButton1_v0_selected_star_v2_star_v2_s14/mechanism.csv
SafetyPointButton1-v0,14,starv2_resume_300k_SafetyPointButton1_v0_selected_star_v2_star_v2_s14,180000,1.0,age=1-5,0.5321264863014221,0.5321264863014221,4.656612873077393e-10,0.02734375,0.13429880142211914,0.530282735824585,2.74873423576355,-3.239372745156288e-06,0.5321264863014221,0.5321264863014221,0.5292350649833679,training_mechanism_log_batch,results/star_v2_final/resume_300k/SafetyPointButton1-v0/star_v2/starv2_resume_300k_SafetyPointButton1_v0_selected_star_v2_star_v2_s14/mechanism.csv
SafetyPointButton1-v0,14,starv2_resume_300k_SafetyPointButton1_v0_selected_star_v2_star_v2_s14,185000,1.0,age=1-5,0.5537110567092896,0.5537110567092896,-8.731149137020111e-10,0.01953125,0.14278315007686615,0.5348498225212097,2.724578380584717,-3.1189993023872375e-06,0.5537110567092896,0.5537110567092896,0.5508469939231873,training_mechanism_log_batch,results/star_v2_final/resume_300k/SafetyPointButton1-v0/star_v2/starv2_resume_300k_SafetyPointButton1_v0_selected_star_v2_star_v2_s14/mechanism.csv
SafetyPointButton1-v0,14,starv2_resume_300k_SafetyPointButton1_v0_selected_star_v2_star_v2_s14,190000,1.0,age=1-5,0.5298557877540588,0.5298557877540588,-1.1641532182693481e-10,0.01171875,0.12712913751602173,0.5321050882339478,2.746157646179199,-2.962769940495491e-06,0.5298557877540588,0.5298557877540588,0.5274672508239746,training_mechanism_log_batch,results/star_v2_final/resume_300k/SafetyPointButton1-v0/star_v2/starv2_resume_300k_SafetyPointButton1_v0_selected_star_v2_star_v2_s14/mechanism.csv
SafetyPointButton1-v0,14,starv2_resume_300k_SafetyPointButton1_v0_selected_star_v2_star_v2_s14,195000,1.0,age=1-5,0.5723949670791626,0.5723949670791626,1.3387762010097504e-09,0.03125,0.1574372500181198,0.5305955410003662,2.7298760414123535,-2.9001384973526e-06,0.5723949670791626,0.5723949670791626,0.5697895884513855,training_mechanism_log_batch,results/star_v2_final/resume_300k/SafetyPointButton1-v0/star_v2/starv2_resume_300k_SafetyPointButton1_v0_selected_star_v2_star_v2_s14/mechanism.csv
SafetyPointButton1-v0,14,starv2_resume_300k_SafetyPointButton1_v0_selected_star_v2_star_v2_s14,200000,1.0,age=1-5,0.5553699135780334,0.5553699135780334,9.313225746154785e-10,0.02734375,0.1499757319688797,0.5315541625022888,2.7399301528930664,-3.2974639907479286e-06,0.5553699135780334,0.5553699135780334,0.5536468625068665,training_mechanism_log_batch,results/star_v2_final/resume_300k/SafetyPointButton1-v0/star_v2/starv2_resume_300k_SafetyPointButton1_v0_selected_star_v2_star_v2_s14/mechanism.csv
SafetyPointButton1-v0,14,starv2_resume_300k_SafetyPointButton1_v0_selected_star_v2_star_v2_s14,205000,1.0,age=1-5,0.5575610399246216,0.5575610399246216,3.4924596548080444e-10,0.01953125,0.14389146864414215,0.5312108993530273,2.737565517425537,-3.2173702493309975e-06,0.5575610399246216,0.5575610399246216,0.5555998086929321,training_mechanism_log_batch,results/star_v2_final/resume_300k/SafetyPointButton1-v0/star_v2/starv2_resume_300k_SafetyPointButton1_v0_selected_star_v2_star_v2_s14/mechanism.csv
SafetyPointButton1-v0,14,starv2_resume_300k_SafetyPointButton1_v0_selected_star_v2_star_v2_s14,210000,1.0,age=1-5,0.5830724239349365,0.5830724239349365,0.0,0.01171875,0.15283067524433136,0.5304365158081055,2.730264663696289,-3.1578820198774338e-06,0.5830724239349365,0.5830724239349365,0.5796307325363159,training_mechanism_log_batch,results/star_v2_final/resume_300k/SafetyPointButton1-v0/star_v2/starv2_resume_300k_SafetyPointButton1_v0_selected_star_v2_star_v2_s14/mechanism.csv
SafetyPointButton1-v0,14,starv2_resume_300k_SafetyPointButton1_v0_selected_star_v2_star_v2_s14,215000,1.0,age=1-5,0.5610936880111694,0.5610936880111694,0.0,0.01171875,0.14395672082901,0.5310605764389038,2.739950656890869,-3.0349474400281906e-06,0.5610936880111694,0.5610936880111694,0.5597179532051086,training_mechanism_log_batch,results/star_v2_final/resume_300k/SafetyPointButton1-v0/star_v2/starv2_resume_300k_SafetyPointButton1_v0_selected_star_v2_star_v2_s14/mechanism.csv
SafetyPointButton1-v0,14,starv2_resume_300k_SafetyPointButton1_v0_selected_star_v2_star_v2_s14,220000,1.0,age=1-5,0.536465048789978,0.536465048789978,-8.149072527885437e-10,0.01171875,0.12595155835151672,0.5313187837600708,2.738175868988037,-3.373250365257263e-06,0.536465048789978,0.536465048789978,0.5346530675888062,training_mechanism_log_batch,results/star_v2_final/resume_300k/SafetyPointButton1-v0/star_v2/starv2_resume_300k_SafetyPointButton1_v0_selected_star_v2_star_v2_s14/mechanism.csv
SafetyPointButton1-v0,14,starv2_resume_300k_SafetyPointButton1_v0_selected_star_v2_star_v2_s14,225000,1.0,age=1-5,0.5805787444114685,0.5805787444114685,-3.4924596548080444e-10,0.0078125,0.15009912848472595,0.5294046998023987,2.7385668754577637,-2.8784852474927902e-06,0.5805787444114685,0.5805787444114685,0.5784972906112671,training_mechanism_log_batch,results/star_v2_final/resume_300k/SafetyPointButton1-v0/star_v2/starv2_resume_300k_SafetyPointButton1_v0_selected_star_v2_star_v2_s14/mechanism.csv
SafetyPointButton1-v0,14,starv2_resume_300k_SafetyPointButton1_v0_selected_star_v2_star_v2_s14,230000,1.0,age=1-5,0.5893941521644592,0.5893941521644592,3.4924596548080444e-10,0.01953125,0.1603599488735199,0.5315501689910889,2.7412705421447754,-3.1354138627648354e-06,0.5893941521644592,0.5893941521644592,0.5875927209854126,training_mechanism_log_batch,results/star_v2_final/resume_300k/SafetyPointButton1-v0/star_v2/starv2_resume_300k_SafetyPointButton1_v0_selected_star_v2_star_v2_s14/mechanism.csv
SafetyPointButton1-v0,14,starv2_resume_300k_SafetyPointButton1_v0_selected_star_v2_star_v2_s14,235000,1.0,age=1-5,0.5498292446136475,0.5498293042182922,1.6298145055770874e-09,0.0234375,0.12822358310222626,0.531745433807373,2.733090877532959,-3.126799128949642e-06,0.5498292446136475,0.5498293042182922,0.5474717617034912,training_mechanism_log_batch,results/star_v2_final/resume_300k/SafetyPointButton1-v0/star_v2/starv2_resume_300k_SafetyPointButton1_v0_selected_star_v2_star_v2_s14/mechanism.csv
SafetyPointButton1-v0,14,starv2_resume_300k_SafetyPointButton1_v0_selected_star_v2_star_v2_s14,240000,1.0,age=1-5,0.577619194984436,0.577619194984436,-5.820766091346741e-10,0.01171875,0.15261444449424744,0.5332105755805969,2.7390899658203125,-3.144959919154644e-06,0.577619194984436,0.577619194984436,0.575542151927948,training_mechanism_log_batch,results/star_v2_final/resume_300k/SafetyPointButton1-v0/star_v2/starv2_resume_300k_SafetyPointButton1_v0_selected_star_v2_star_v2_s14/mechanism.csv
SafetyPointButton1-v0,14,starv2_resume_300k_SafetyPointButton1_v0_selected_star_v2_star_v2_s14,245000,1.0,age=1-5,0.5859019160270691,0.5859019160270691,8.149072527885437e-10,0.015625,0.15560564398765564,0.530239462852478,2.743879795074463,-3.0972296372056007e-06,0.5859019160270691,0.5859019160270691,0.5845288634300232,training_mechanism_log_batch,results/star_v2_final/resume_300k/SafetyPointButton1-v0/star_v2/starv2_resume_300k_SafetyPointButton1_v0_selected_star_v2_star_v2_s14/mechanism.csv
SafetyPointButton1-v0,14,starv2_resume_300k_SafetyPointButton1_v0_selected_star_v2_star_v2_s14,250000,1.0,age=1-5,0.5963600277900696,0.5963600277900696,2.3283064365386963e-10,0.0234375,0.16231229901313782,0.5292160511016846,2.7367703914642334,-3.107241354882717e-06,0.5963600277900696,0.5963600277900696,0.5941590070724487,training_mechanism_log_batch,results/star_v2_final/resume_300k/SafetyPointButton1-v0/star_v2/starv2_resume_300k_SafetyPointButton1_v0_selected_star_v2_star_v2_s14/mechanism.csv
SafetyPointButton1-v0,14,starv2_resume_300k_SafetyPointButton1_v0_selected_star_v2_star_v2_s14,255000,1.0,age=1-5,0.5826478600502014,0.5826478600502014,1.5133991837501526e-09,0.03125,0.153312548995018,0.5313202738761902,2.743528366088867,-3.266381099820137e-06,0.5826478600502014,0.5826478600502014,0.5803440809249878,training_mechanism_log_batch,results/star_v2_final/resume_300k/SafetyPointButton1-v0/star_v2/starv2_resume_300k_SafetyPointButton1_v0_selected_star_v2_star_v2_s14/mechanism.csv
SafetyPointButton1-v0,14,starv2_resume_300k_SafetyPointButton1_v0_selected_star_v2_star_v2_s14,260000,1.0,age=1-5,0.56784987449646,0.56784987449646,1.7462298274040222e-09,0.04296875,0.14560195803642273,0.529041051864624,2.738240957260132,-3.020279109477997e-06,0.56784987449646,0.56784987449646,0.5657260417938232,training_mechanism_log_batch,results/star_v2_final/resume_300k/SafetyPointButton1-v0/star_v2/starv2_resume_300k_SafetyPointButton1_v0_selected_star_v2_star_v2_s14/mechanism.csv
SafetyPointButton1-v0,14,starv2_resume_300k_SafetyPointButton1_v0_selected_star_v2_star_v2_s14,265000,1.0,age=1-5,0.5758554935455322,0.5758554935455322,-1.280568540096283e-09,0.0078125,0.14608800411224365,0.5305967926979065,2.749147891998291,-2.7153873816132545e-06,0.5758554935455322,0.5758554935455322,0.5743142366409302,training_mechanism_log_batch,results/star_v2_final/resume_300k/SafetyPointButton1-v0/star_v2/starv2_resume_300k_SafetyPointButton1_v0_selected_star_v2_star_v2_s14/mechanism.csv
SafetyPointButton1-v0,14,starv2_resume_300k_SafetyPointButton1_v0_selected_star_v2_star_v2_s14,270000,1.0,age=1-5,0.6130262017250061,0.6130262017250061,-1.7462298274040222e-10,0.02734375,0.1770527958869934,0.5331560373306274,2.7384426593780518,-2.766377292573452e-06,0.6130262017250061,0.6130262017250061,0.6106446981430054,training_mechanism_log_batch,results/star_v2_final/resume_300k/SafetyPointButton1-v0/star_v2/starv2_resume_300k_SafetyPointButton1_v0_selected_star_v2_star_v2_s14/mechanism.csv
SafetyPointButton1-v0,14,starv2_resume_300k_SafetyPointButton1_v0_selected_star_v2_star_v2_s14,275000,1.0,age=1-5,0.5947086811065674,0.5947086811065674,-1.3969838619232178e-09,0.01953125,0.1669028401374817,0.5296837687492371,2.7387218475341797,-2.9156217351555824e-06,0.5947086811065674,0.5947086811065674,0.5920208096504211,training_mechanism_log_batch,results/star_v2_final/resume_300k/SafetyPointButton1-v0/star_v2/starv2_resume_300k_SafetyPointButton1_v0_selected_star_v2_star_v2_s14/mechanism.csv
SafetyPointButton1-v0,14,starv2_resume_300k_SafetyPointButton1_v0_selected_star_v2_star_v2_s14,280000,1.0,age=1-5,0.5741909146308899,0.5741909146308899,-2.3283064365386963e-10,0.01171875,0.14858734607696533,0.5312796831130981,2.7309861183166504,-2.8688227757811546e-06,0.5741909146308899,0.5741909146308899,0.5723296999931335,training_mechanism_log_batch,results/star_v2_final/resume_300k/SafetyPointButton1-v0/star_v2/starv2_resume_300k_SafetyPointButton1_v0_selected_star_v2_star_v2_s14/mechanism.csv
SafetyPointButton1-v0,14,starv2_resume_300k_SafetyPointButton1_v0_selected_star_v2_star_v2_s14,285000,1.0,age=1-5,0.589060366153717,0.589060366153717,6.984919309616089e-10,0.0234375,0.16047394275665283,0.5281033515930176,2.7145185470581055,-2.8908252716064453e-06,0.589060366153717,0.589060366153717,0.5860807299613953,training_mechanism_log_batch,results/star_v2_final/resume_300k/SafetyPointButton1-v0/star_v2/starv2_resume_300k_SafetyPointButton1_v0_selected_star_v2_star_v2_s14/mechanism.csv
SafetyPointButton1-v0,14,starv2_resume_300k_SafetyPointButton1_v0_selected_star_v2_star_v2_s14,290000,1.0,age=1-5,0.5726468563079834,0.5726468563079834,-8.149072527885437e-10,0.015625,0.15049394965171814,0.5321531295776367,2.7499189376831055,-2.857530489563942e-06,0.5726468563079834,0.5726468563079834,0.5705686807632446,training_mechanism_log_batch,results/star_v2_final/resume_300k/SafetyPointButton1-v0/star_v2/starv2_resume_300k_SafetyPointButton1_v0_selected_star_v2_star_v2_s14/mechanism.csv
SafetyPointButton1-v0,14,starv2_resume_300k_SafetyPointButton1_v0_selected_star_v2_star_v2_s14,295000,1.0,age=1-5,0.5696201920509338,0.5696201920509338,2.561137080192566e-09,0.0625,0.14059054851531982,0.5321930050849915,2.748155117034912,-2.6441412046551704e-06,0.5696201920509338,0.5696201920509338,0.5681406855583191,training_mechanism_log_batch,results/star_v2_final/resume_300k/SafetyPointButton1-v0/star_v2/starv2_resume_300k_SafetyPointButton1_v0_selected_star_v2_star_v2_s14/mechanism.csv
SafetyPointGoal1-v0,10,starv2_core_100k_SafetyPointGoal1_v0_selected_star_v2_star_v2_s10,100000,1.0,age=1-5,0.2958632707595825,0.2958632707595825,7.275957614183426e-10,0.0625,0.061264730989933014,0.53156578540802,2.756913661956787,-2.8990907594561577e-06,0.2958632707595825,0.2958632707595825,0.29249870777130127,training_mechanism_log_batch,results/star_v2_final/resume_300k/SafetyPointGoal1-v0/star_v2/starv2_core_100k_SafetyPointGoal1_v0_selected_star_v2_star_v2_s10/mechanism.csv
SafetyPointGoal1-v0,10,starv2_core_100k_SafetyPointGoal1_v0_selected_star_v2_star_v2_s10,105000,1.0,age=1-5,0.3073759078979492,0.3073759078979492,5.238689482212067e-10,0.03125,0.06275810301303864,0.531634509563446,2.768800735473633,-3.0883820727467537e-06,0.3073759078979492,0.3073759078979492,0.30714893341064453,training_mechanism_log_batch,results/star_v2_final/resume_300k/SafetyPointGoal1-v0/star_v2/starv2_core_100k_SafetyPointGoal1_v0_selected_star_v2_star_v2_s10/mechanism.csv
SafetyPointGoal1-v0,10,starv2_core_100k_SafetyPointGoal1_v0_selected_star_v2_star_v2_s10,110000,1.0,age=1-5,0.28735750913619995,0.28735750913619995,-8.731149137020111e-11,0.02734375,0.052034273743629456,0.5310713052749634,2.762661933898926,-3.1694071367383003e-06,0.28735750913619995,0.28735750913619995,0.2864726781845093,training_mechanism_log_batch,results/star_v2_final/resume_300k/SafetyPointGoal1-v0/star_v2/starv2_core_100k_SafetyPointGoal1_v0_selected_star_v2_star_v2_s10/mechanism.csv
SafetyPointGoal1-v0,10,starv2_core_100k_SafetyPointGoal1_v0_selected_star_v2_star_v2_s10,115000,1.0,age=1-5,0.2950630784034729,0.2950630784034729,2.9103830456733704e-11,0.0390625,0.06562894582748413,0.5326428413391113,2.760376453399658,-2.934248186647892e-06,0.2950630784034729,0.2950630784034729,0.2944112718105316,training_mechanism_log_batch,results/star_v2_final/resume_300k/SafetyPointGoal1-v0/star_v2/starv2_core_100k_SafetyPointGoal1_v0_selected_star_v2_star_v2_s10/mechanism.csv
SafetyPointGoal1-v0,10,starv2_core_100k_SafetyPointGoal1_v0_selected_star_v2_star_v2_s10,120000,1.0,age=1-5,0.2657648026943207,0.2657648026943207,-2.3283064365386963e-10,0.015625,0.042662929743528366,0.5320192575454712,2.7668442726135254,-2.9940856620669365e-06,0.2657648026943207,0.2657648026943207,0.2656030058860779,training_mechanism_log_batch,results/star_v2_final/resume_300k/SafetyPointGoal1-v0/star_v2/starv2_core_100k_SafetyPointGoal1_v0_selected_star_v2_star_v2_s10/mechanism.csv
SafetyPointGoal1-v0,10,starv2_core_100k_SafetyPointGoal1_v0_selected_star_v2_star_v2_s10,125000,1.0,age=1-5,0.2970309555530548,0.2970309555530548,-5.238689482212067e-10,0.015625,0.06242267042398453,0.5307579040527344,2.7674498558044434,-3.0818628147244453e-06,0.2970309555530548,0.2970309555530548,0.29657891392707825,training_mechanism_log_batch,results/star_v2_final/resume_300k/SafetyPointGoal1-v0/star_v2/starv2_core_100k_SafetyPointGoal1_v0_selected_star_v2_star_v2_s10/mechanism.csv
SafetyPointGoal1-v0,10,starv2_core_100k_SafetyPointGoal1_v0_selected_star_v2_star_v2_s10,130000,1.0,age=1-5,0.2857930362224579,0.2857930362224579,3.7834979593753815e-10,0.03125,0.06042354553937912,0.5313699245452881,2.7689568996429443,-3.0831433832645416e-06,0.2857930362224579,0.2857930362224579,0.28558653593063354,training_mechanism_log_batch,results/star_v2_final/resume_300k/SafetyPointGoal1-v0/star_v2/starv2_core_100k_SafetyPointGoal1_v0_selected_star_v2_star_v2_s10/mechanism.csv
SafetyPointGoal1-v0,10,starv2_core_100k_SafetyPointGoal1_v0_selected_star_v2_star_v2_s10,135000,1.0,age=1-5,0.30184295773506165,0.30184292793273926,2.9103830456733704e-10,0.0234375,0.06225474923849106,0.5308260917663574,2.7678418159484863,-2.9830262064933777e-06,0.30184295773506165,0.30184292793273926,0.30173128843307495,training_mechanism_log_batch,results/star_v2_final/resume_300k/SafetyPointGoal1-v0/star_v2/starv2_core_100k_SafetyPointGoal1_v0_selected_star_v2_star_v2_s10/mechanism.csv
SafetyPointGoal1-v0,10,starv2_core_100k_SafetyPointGoal1_v0_selected_star_v2_star_v2_s10,140000,1.0,age=1-5,0.281242311000824,0.281242311000824,-3.4924596548080444e-10,0.03125,0.05519787222146988,0.5312453508377075,2.7687859535217285,-3.021908923983574e-06,0.281242311000824,0.281242311000824,0.28110170364379883,training_mechanism_log_batch,results/star_v2_final/resume_300k/SafetyPointGoal1-v0/star_v2/starv2_core_100k_SafetyPointGoal1_v0_selected_star_v2_star_v2_s10/mechanism.csv
SafetyPointGoal1-v0,10,starv2_core_100k_SafetyPointGoal1_v0_selected_star_v2_star_v2_s10,145000,1.0,age=1-5,0.29013755917549133,0.29013755917549133,-4.656612873077393e-10,0.01953125,0.054092295467853546,0.5322179794311523,2.7672760486602783,-2.9208604246377945e-06,0.29013755917549133,0.29013755917549133,0.28992629051208496,training_mechanism_log_batch,results/star_v2_final/resume_300k/SafetyPointGoal1-v0/star_v2/starv2_core_100k_SafetyPointGoal1_v0_selected_star_v2_star_v2_s10/mechanism.csv
SafetyPointGoal1-v0,10,starv2_core_100k_SafetyPointGoal1_v0_selected_star_v2_star_v2_s10,150000,1.0,age=1-5,0.2745440602302551,0.2745440602302551,2.9103830456733704e-10,0.01953125,0.05804109573364258,0.5311340093612671,2.768444061279297,-2.8546201065182686e-06,0.2745440602302551,0.2745440602302551,0.27457064390182495,training_mechanism_log_batch,results/star_v2_final/resume_300k/SafetyPointGoal1-v0/star_v2/starv2_core_100k_SafetyPointGoal1_v0_selected_star_v2_star_v2_s10/mechanism.csv
SafetyPointGoal1-v0,10,starv2_core_100k_SafetyPointGoal1_v0_selected_star_v2_star_v2_s10,155000,1.0,age=1-5,0.3058972954750061,0.3058972954750061,-1.1641532182693481e-09,0.0078125,0.05823460966348648,0.5322666168212891,2.760590076446533,-2.8545036911964417e-06,0.3058972954750061,0.3058972954750061,0.30550891160964966,training_mechanism_log_batch,results/star_v2_final/resume_300k/SafetyPointGoal1-v0/star_v2/starv2_core_100k_SafetyPointGoal1_v0_selected_star_v2_star_v2_s10/mechanism.csv
SafetyPointGoal1-v0,10,starv2_core_100k_SafetyPointGoal1_v0_selected_star_v2_star_v2_s10,160000,1.0,age=1-5,0.3007412850856781,0.3007412850856781,1.7462298274040222e-10,0.015625,0.06238393858075142,0.5311241745948792,2.7678940296173096,-3.0088704079389572e-06,0.3007412850856781,0.3007412850856781,0.30053937435150146,training_mechanism_log_batch,results/star_v2_final/resume_300k/SafetyPointGoal1-v0/star_v2/starv2_core_100k_SafetyPointGoal1_v0_selected_star_v2_star_v2_s10/mechanism.csv
SafetyPointGoal1-v0,10,starv2_core_100k_SafetyPointGoal1_v0_selected_star_v2_star_v2_s10,165000,1.0,age=1-5,0.26783350110054016,0.26783350110054016,4.0745362639427185e-10,0.03515625,0.04153073951601982,0.532281756401062,2.7642996311187744,-3.111083060503006e-06,0.26783350110054016,0.26783350110054016,0.26737767457962036,training_mechanism_log_batch,results/star_v2_final/resume_300k/SafetyPointGoal1-v0/star_v2/starv2_core_100k_SafetyPointGoal1_v0_selected_star_v2_star_v2_s10/mechanism.csv
SafetyPointGoal1-v0,10,starv2_core_100k_SafetyPointGoal1_v0_selected_star_v2_star_v2_s10,170000,1.0,age=1-5,0.26835763454437256,0.26835763454437256,2.3283064365386963e-10,0.0234375,0.04824279993772507,0.5315423607826233,2.768183708190918,-2.7221394702792168e-06,0.26835763454437256,0.26835763454437256,0.26806461811065674,training_mechanism_log_batch,results/star_v2_final/resume_300k/SafetyPointGoal1-v0/star_v2/starv2_core_100k_SafetyPointGoal1_v0_selected_star_v2_star_v2_s10/mechanism.csv
SafetyPointGoal1-v0,10,starv2_core_100k_SafetyPointGoal1_v0_selected_star_v2_star_v2_s10,175000,1.0,age=1-5,0.3032616376876831,0.3032616376876831,6.402842700481415e-10,0.04296875,0.0675133615732193,0.5312944054603577,2.76249361038208,-2.7351779863238335e-06,0.3032616376876831,0.3032616376876831,0.3029364049434662,training_mechanism_log_batch,results/star_v2_final/resume_300k/SafetyPointGoal1-v0/star_v2/starv2_core_100k_SafetyPointGoal1_v0_selected_star_v2_star_v2_s10/mechanism.csv
SafetyPointGoal1-v0,10,starv2_core_100k_SafetyPointGoal1_v0_selected_star_v2_star_v2_s10,180000,1.0,age=1-5,0.2788020670413971,0.2788020670413971,1.7462298274040222e-10,0.0234375,0.05383151024580002,0.5302211046218872,2.7665090560913086,-2.8531067073345184e-06,0.2788020670413971,0.2788020670413971,0.2784740924835205,training_mechanism_log_batch,results/star_v2_final/resume_300k/SafetyPointGoal1-v0/star_v2/starv2_core_100k_SafetyPointGoal1_v0_selected_star_v2_star_v2_s10/mechanism.csv
SafetyPointGoal1-v0,10,starv2_core_100k_SafetyPointGoal1_v0_selected_star_v2_star_v2_s10,185000,1.0,age=1-5,0.28228792548179626,0.28228792548179626,-1.1641532182693481e-10,0.0234375,0.055076099932193756,0.5302964448928833,2.765899181365967,-2.7355272322893143e-06,0.28228792548179626,0.28228792548179626,0.28217849135398865,training_mechanism_log_batch,results/star_v2_final/resume_300k/SafetyPointGoal1-v0/star_v2/starv2_core_100k_SafetyPointGoal1_v0_selected_star_v2_star_v2_s10/mechanism.csv
SafetyPointGoal1-v0,10,starv2_core_100k_SafetyPointGoal1_v0_selected_star_v2_star_v2_s10,190000,1.0,age=1-5,0.28535664081573486,0.28535664081573486,5.820766091346741e-11,0.015625,0.04903078079223633,0.5313007235527039,2.766763687133789,-2.6348279789090157e-06,0.28535664081573486,0.28535664081573486,0.2849002182483673,training_mechanism_log_batch,results/star_v2_final/resume_300k/SafetyPointGoal1-v0/star_v2/starv2_core_100k_SafetyPointGoal1_v0_selected_star_v2_star_v2_s10/mechanism.csv
SafetyPointGoal1-v0,10,starv2_core_100k_SafetyPointGoal1_v0_selected_star_v2_star_v2_s10,195000,1.0,age=1-5,0.2753237187862396,0.2753237187862396,3.2014213502407074e-10,0.0234375,0.04627649486064911,0.5316617488861084,2.7674989700317383,-2.53401231020689e-06,0.2753237187862396,0.2753237187862396,0.2750042676925659,training_mechanism_log_batch,results/star_v2_final/resume_300k/SafetyPointGoal1-v0/star_v2/starv2_core_100k_SafetyPointGoal1_v0_selected_star_v2_star_v2_s10/mechanism.csv
SafetyPointGoal1-v0,10,starv2_core_100k_SafetyPointGoal1_v0_selected_star_v2_star_v2_s10,200000,1.0,age=1-5,0.280620813369751,0.280620813369751,2.6193447411060333e-10,0.03125,0.0427650585770607,0.5317727327346802,2.767652988433838,-2.5546178221702576e-06,0.280620813369751,0.280620813369751,0.28018805384635925,training_mechanism_log_batch,results/star_v2_final/resume_300k/SafetyPointGoal1-v0/star_v2/starv2_core_100k_SafetyPointGoal1_v0_selected_star_v2_star_v2_s10/mechanism.csv
SafetyPointGoal1-v0,10,starv2_core_100k_SafetyPointGoal1_v0_selected_star_v2_star_v2_s10,205000,1.0,age=1-5,0.27136528491973877,0.27136528491973877,6.402842700481415e-10,0.04296875,0.04411528259515762,0.5307080745697021,2.7654895782470703,-2.6636989787220955e-06,0.27136528491973877,0.27136528491973877,0.2708545923233032,training_mechanism_log_batch,results/star_v2_final/resume_300k/SafetyPointGoal1-v0/star_v2/starv2_core_100k_SafetyPointGoal1_v0_selected_star_v2_star_v2_s10/mechanism.csv
SafetyPointGoal1-v0,10,starv2_core_100k_SafetyPointGoal1_v0_selected_star_v2_star_v2_s10,210000,1.0,age=1-5,0.27100855112075806,0.27100855112075806,-1.280568540096283e-09,0.03125,0.038842976093292236,0.5309097766876221,2.7686944007873535,-2.6759225875139236e-06,0.27100855112075806,0.27100855112075806,0.27088379859924316,training_mechanism_log_batch,results/star_v2_final/resume_300k/SafetyPointGoal1-v0/star_v2/starv2_core_100k_SafetyPointGoal1_v0_selected_star_v2_star_v2_s10/mechanism.csv
SafetyPointGoal1-v0,10,starv2_core_100k_SafetyPointGoal1_v0_selected_star_v2_star_v2_s10,215000,1.0,age=1-5,0.28988325595855713,0.28988325595855713,1.7462298274040222e-10,0.015625,0.051807232201099396,0.5306975841522217,2.7651925086975098,-2.814573235809803e-06,0.28988325595855713,0.28988325595855713,0.28969553112983704,training_mechanism_log_batch,results/star_v2_final/resume_300k/SafetyPointGoal1-v0/star_v2/starv2_core_100k_SafetyPointGoal1_v0_selected_star_v2_star_v2_s10/mechanism.csv
SafetyPointGoal1-v0,10,starv2_core_100k_SafetyPointGoal1_v0_selected_star_v2_star_v2_s10,220000,1.0,age=1-5,0.30852022767066956,0.30852022767066956,-3.4924596548080444e-10,0.01171875,0.051636941730976105,0.5313660502433777,2.759134292602539,-2.7099158614873886e-06,0.30852022767066956,0.30852022767066956,0.3076919913291931,training_mechanism_log_batch,results/star_v2_final/resume_300k/SafetyPointGoal1-v0/star_v2/starv2_core_100k_SafetyPointGoal1_v0_selected_star_v2_star_v2_s10/mechanism.csv
SafetyPointGoal1-v0,10,starv2_core_100k_SafetyPointGoal1_v0_selected_star_v2_star_v2_s10,225000,1.0,age=1-5,0.3066979944705963,0.3066979944705963,1.1641532182693481e-10,0.03125,0.05505913496017456,0.5316834449768066,2.7676143646240234,-2.5978079065680504e-06,0.3066979944705963,0.3066979944705963,0.30657029151916504,training_mechanism_log_batch,results/star_v2_final/resume_300k/SafetyPointGoal1-v0/star_v2/starv2_core_100k_SafetyPointGoal1_v0_selected_star_v2_star_v2_s10/mechanism.csv
SafetyPointGoal1-v0,10,starv2_core_100k_SafetyPointGoal1_v0_selected_star_v2_star_v2_s10,230000,1.0,age=1-5,0.2665230929851532,0.2665230929851532,5.820766091346741e-11,0.02734375,0.041695356369018555,0.5322463512420654,2.7601680755615234,-2.6387860998511314e-06,0.2665230929851532,0.2665230929851532,0.2646385431289673,training_mechanism_log_batch,results/star_v2_final/resume_300k/SafetyPointGoal1-v0/star_v2/starv2_core_100k_SafetyPointGoal1_v0_selected_star_v2_star_v2_s10/mechanism.csv
SafetyPointGoal1-v0,10,starv2_core_100k_SafetyPointGoal1_v0_selected_star_v2_star_v2_s10,235000,1.0,age=1-5,0.33206087350845337,0.33206087350845337,8.731149137020111e-11,0.01953125,0.06992004811763763,0.5305007696151733,2.7659568786621094,-2.5582266971468925e-06,0.33206087350845337,0.33206087350845337,0.33174192905426025,training_mechanism_log_batch,results/star_v2_final/resume_300k/SafetyPointGoal1-v0/star_v2/starv2_core_100k_SafetyPointGoal1_v0_selected_star_v2_star_v2_s10/mechanism.csv
SafetyPointGoal1-v0,10,starv2_core_100k_SafetyPointGoal1_v0_selected_star_v2_star_v2_s10,240000,1.0,age=1-5,0.3087998926639557,0.3087998926639557,1.1350493878126144e-09,0.03125,0.05132032185792923,0.5314648151397705,2.7626490592956543,-2.7009518817067146e-06,0.3087998926639557,0.3087998926639557,0.30837541818618774,training_mechanism_log_batch,results/star_v2_final/resume_300k/SafetyPointGoal1-v0/star_v2/starv2_core_100k_SafetyPointGoal1_v0_selected_star_v2_star_v2_s10/mechanism.csv
SafetyPointGoal1-v0,10,starv2_core_100k_SafetyPointGoal1_v0_selected_star_v2_star_v2_s10,245000,1.0,age=1-5,0.294827401638031,0.294827401638031,-5.820766091346741e-11,0.03125,0.04902467131614685,0.5307523012161255,2.7669906616210938,-2.582441084086895e-06,0.294827401638031,0.294827401638031,0.2944967746734619,training_mechanism_log_batch,results/star_v2_final/resume_300k/SafetyPointGoal1-v0/star_v2/starv2_core_100k_SafetyPointGoal1_v0_selected_star_v2_star_v2_s10/mechanism.csv
SafetyPointGoal1-v0,10,starv2_core_100k_SafetyPointGoal1_v0_selected_star_v2_star_v2_s10,250000,1.0,age=1-5,0.30341583490371704,0.30341583490371704,3.2014213502407074e-10,0.02734375,0.05523516982793808,0.5309075713157654,2.7670860290527344,-2.7082860469818115e-06,0.30341583490371704,0.30341583490371704,0.30300915241241455,training_mechanism_log_batch,results/star_v2_final/resume_300k/SafetyPointGoal1-v0/star_v2/starv2_core_100k_SafetyPointGoal1_v0_selected_star_v2_star_v2_s10/mechanism.csv
SafetyPointGoal1-v0,10,starv2_core_100k_SafetyPointGoal1_v0_selected_star_v2_star_v2_s10,255000,1.0,age=1-5,0.2960349917411804,0.2960349917411804,-2.9103830456733704e-11,0.0234375,0.057094231247901917,0.5315998792648315,2.7664923667907715,-2.7391361072659492e-06,0.2960349917411804,0.2960349917411804,0.2957603335380554,training_mechanism_log_batch,results/star_v2_final/resume_300k/SafetyPointGoal1-v0/star_v2/starv2_core_100k_SafetyPointGoal1_v0_selected_star_v2_star_v2_s10/mechanism.csv
SafetyPointGoal1-v0,10,starv2_core_100k_SafetyPointGoal1_v0_selected_star_v2_star_v2_s10,260000,1.0,age=1-5,0.3174971044063568,0.3174971044063568,1.7462298274040222e-10,0.02734375,0.060044996440410614,0.5304960012435913,2.7601208686828613,-2.6690540835261345e-06,0.3174971044063568,0.3174971044063568,0.3167412281036377,training_mechanism_log_batch,results/star_v2_final/resume_300k/SafetyPointGoal1-v0/star_v2/starv2_core_100k_SafetyPointGoal1_v0_selected_star_v2_star_v2_s10/mechanism.csv
SafetyPointGoal1-v0,10,starv2_core_100k_SafetyPointGoal1_v0_selected_star_v2_star_v2_s10,265000,1.0,age=1-5,0.2922380268573761,0.2922380268573761,3.2014213502407074e-10,0.0234375,0.03696482628583908,0.5319151878356934,2.75634765625,-2.6973430067300797e-06,0.2922380268573761,0.2922380268573761,0.29132604598999023,training_mechanism_log_batch,results/star_v2_final/resume_300k/SafetyPointGoal1-v0/star_v2/starv2_core_100k_SafetyPointGoal1_v0_selected_star_v2_star_v2_s10/mechanism.csv
SafetyPointGoal1-v0,10,starv2_core_100k_SafetyPointGoal1_v0_selected_star_v2_star_v2_s10,100000,1.0,age=1-5,0.2958632707595825,0.2958632707595825,7.275957614183426e-10,0.0625,0.061264730989933014,0.53156578540802,2.756913661956787,-2.8990907594561577e-06,0.2958632707595825,0.2958632707595825,0.29249870777130127,training_mechanism_log_batch,results/star_v2_final/resume_300k/SafetyPointGoal1-v0/star_v2/starv2_core_100k_SafetyPointGoal1_v0_selected_star_v2_star_v2_s10/mechanism.csv
SafetyPointGoal1-v0,10,starv2_core_100k_SafetyPointGoal1_v0_selected_star_v2_star_v2_s10,105000,1.0,age=1-5,0.3073759078979492,0.3073759078979492,5.238689482212067e-10,0.03125,0.06275810301303864,0.531634509563446,2.768800735473633,-3.0883820727467537e-06,0.3073759078979492,0.3073759078979492,0.30714893341064453,training_mechanism_log_batch,results/star_v2_final/resume_300k/SafetyPointGoal1-v0/star_v2/starv2_core_100k_SafetyPointGoal1_v0_selected_star_v2_star_v2_s10/mechanism.csv
SafetyPointGoal1-v0,10,starv2_core_100k_SafetyPointGoal1_v0_selected_star_v2_star_v2_s10,110000,1.0,age=1-5,0.28735750913619995,0.28735750913619995,-8.731149137020111e-11,0.02734375,0.052034273743629456,0.5310713052749634,2.762661933898926,-3.1694071367383003e-06,0.28735750913619995,0.28735750913619995,0.2864726781845093,training_mechanism_log_batch,results/star_v2_final/resume_300k/SafetyPointGoal1-v0/star_v2/starv2_core_100k_SafetyPointGoal1_v0_selected_star_v2_star_v2_s10/mechanism.csv
SafetyPointGoal1-v0,10,starv2_core_100k_SafetyPointGoal1_v0_selected_star_v2_star_v2_s10,115000,1.0,age=1-5,0.2950630784034729,0.2950630784034729,2.9103830456733704e-11,0.0390625,0.06562894582748413,0.5326428413391113,2.760376453399658,-2.934248186647892e-06,0.2950630784034729,0.2950630784034729,0.2944112718105316,training_mechanism_log_batch,results/star_v2_final/resume_300k/SafetyPointGoal1-v0/star_v2/starv2_core_100k_SafetyPointGoal1_v0_selected_star_v2_star_v2_s10/mechanism.csv
SafetyPointGoal1-v0,10,starv2_core_100k_SafetyPointGoal1_v0_selected_star_v2_star_v2_s10,120000,1.0,age=1-5,0.2657648026943207,0.2657648026943207,-2.3283064365386963e-10,0.015625,0.042662929743528366,0.5320192575454712,2.7668442726135254,-2.9940856620669365e-06,0.2657648026943207,0.2657648026943207,0.2656030058860779,training_mechanism_log_batch,results/star_v2_final/resume_300k/SafetyPointGoal1-v0/star_v2/starv2_core_100k_SafetyPointGoal1_v0_selected_star_v2_star_v2_s10/mechanism.csv
SafetyPointGoal1-v0,10,starv2_core_100k_SafetyPointGoal1_v0_selected_star_v2_star_v2_s10,125000,1.0,age=1-5,0.2970309555530548,0.2970309555530548,-5.238689482212067e-10,0.015625,0.06242267042398453,0.5307579040527344,2.7674498558044434,-3.0818628147244453e-06,0.2970309555530548,0.2970309555530548,0.29657891392707825,training_mechanism_log_batch,results/star_v2_final/resume_300k/SafetyPointGoal1-v0/star_v2/starv2_core_100k_SafetyPointGoal1_v0_selected_star_v2_star_v2_s10/mechanism.csv
SafetyPointGoal1-v0,10,starv2_core_100k_SafetyPointGoal1_v0_selected_star_v2_star_v2_s10,130000,1.0,age=1-5,0.2857930362224579,0.2857930362224579,3.7834979593753815e-10,0.03125,0.06042354553937912,0.5313699245452881,2.7689568996429443,-3.0831433832645416e-06,0.2857930362224579,0.2857930362224579,0.28558653593063354,training_mechanism_log_batch,results/star_v2_final/resume_300k/SafetyPointGoal1-v0/star_v2/starv2_core_100k_SafetyPointGoal1_v0_selected_star_v2_star_v2_s10/mechanism.csv
SafetyPointGoal1-v0,10,starv2_core_100k_SafetyPointGoal1_v0_selected_star_v2_star_v2_s10,135000,1.0,age=1-5,0.30184295773506165,0.30184292793273926,2.9103830456733704e-10,0.0234375,0.06225474923849106,0.5308260917663574,2.7678418159484863,-2.9830262064933777e-06,0.30184295773506165,0.30184292793273926,0.30173128843307495,training_mechanism_log_batch,results/star_v2_final/resume_300k/SafetyPointGoal1-v0/star_v2/starv2_core_100k_SafetyPointGoal1_v0_selected_star_v2_star_v2_s10/mechanism.csv
SafetyPointGoal1-v0,10,starv2_core_100k_SafetyPointGoal1_v0_selected_star_v2_star_v2_s10,140000,1.0,age=1-5,0.281242311000824,0.281242311000824,-3.4924596548080444e-10,0.03125,0.05519787222146988,0.5312453508377075,2.7687859535217285,-3.021908923983574e-06,0.281242311000824,0.281242311000824,0.28110170364379883,training_mechanism_log_batch,results/star_v2_final/resume_300k/SafetyPointGoal1-v0/star_v2/starv2_core_100k_SafetyPointGoal1_v0_selected_star_v2_star_v2_s10/mechanism.csv
SafetyPointGoal1-v0,10,starv2_core_100k_SafetyPointGoal1_v0_selected_star_v2_star_v2_s10,145000,1.0,age=1-5,0.29013755917549133,0.29013755917549133,-4.656612873077393e-10,0.01953125,0.054092295467853546,0.5322179794311523,2.7672760486602783,-2.9208604246377945e-06,0.29013755917549133,0.29013755917549133,0.28992629051208496,training_mechanism_log_batch,results/star_v2_final/resume_300k/SafetyPointGoal1-v0/star_v2/starv2_core_100k_SafetyPointGoal1_v0_selected_star_v2_star_v2_s10/mechanism.csv
SafetyPointGoal1-v0,10,starv2_core_100k_SafetyPointGoal1_v0_selected_star_v2_star_v2_s10,150000,1.0,age=1-5,0.2745440602302551,0.2745440602302551,2.9103830456733704e-10,0.01953125,0.05804109573364258,0.5311340093612671,2.768444061279297,-2.8546201065182686e-06,0.2745440602302551,0.2745440602302551,0.27457064390182495,training_mechanism_log_batch,results/star_v2_final/resume_300k/SafetyPointGoal1-v0/star_v2/starv2_core_100k_SafetyPointGoal1_v0_selected_star_v2_star_v2_s10/mechanism.csv
SafetyPointGoal1-v0,10,starv2_core_100k_SafetyPointGoal1_v0_selected_star_v2_star_v2_s10,155000,1.0,age=1-5,0.3058972954750061,0.3058972954750061,-1.1641532182693481e-09,0.0078125,0.05823460966348648,0.5322666168212891,2.760590076446533,-2.8545036911964417e-06,0.3058972954750061,0.3058972954750061,0.30550891160964966,training_mechanism_log_batch,results/star_v2_final/resume_300k/SafetyPointGoal1-v0/star_v2/starv2_core_100k_SafetyPointGoal1_v0_selected_star_v2_star_v2_s10/mechanism.csv
SafetyPointGoal1-v0,10,starv2_core_100k_SafetyPointGoal1_v0_selected_star_v2_star_v2_s10,160000,1.0,age=1-5,0.3007412850856781,0.3007412850856781,1.7462298274040222e-10,0.015625,0.06238393858075142,0.5311241745948792,2.7678940296173096,-3.0088704079389572e-06,0.3007412850856781,0.3007412850856781,0.30053937435150146,training_mechanism_log_batch,results/star_v2_final/resume_300k/SafetyPointGoal1-v0/star_v2/starv2_core_100k_SafetyPointGoal1_v0_selected_star_v2_star_v2_s10/mechanism.csv
SafetyPointGoal1-v0,10,starv2_core_100k_SafetyPointGoal1_v0_selected_star_v2_star_v2_s10,165000,1.0,age=1-5,0.26783350110054016,0.26783350110054016,4.0745362639427185e-10,0.03515625,0.04153073951601982,0.532281756401062,2.7642996311187744,-3.111083060503006e-06,0.26783350110054016,0.26783350110054016,0.26737767457962036,training_mechanism_log_batch,results/star_v2_final/resume_300k/SafetyPointGoal1-v0/star_v2/starv2_core_100k_SafetyPointGoal1_v0_selected_star_v2_star_v2_s10/mechanism.csv
SafetyPointGoal1-v0,10,starv2_core_100k_SafetyPointGoal1_v0_selected_star_v2_star_v2_s10,170000,1.0,age=1-5,0.26835763454437256,0.26835763454437256,2.3283064365386963e-10,0.0234375,0.04824279993772507,0.5315423607826233,2.768183708190918,-2.7221394702792168e-06,0.26835763454437256,0.26835763454437256,0.26806461811065674,training_mechanism_log_batch,results/star_v2_final/resume_300k/SafetyPointGoal1-v0/star_v2/starv2_core_100k_SafetyPointGoal1_v0_selected_star_v2_star_v2_s10/mechanism.csv
SafetyPointGoal1-v0,10,starv2_core_100k_SafetyPointGoal1_v0_selected_star_v2_star_v2_s10,175000,1.0,age=1-5,0.3032616376876831,0.3032616376876831,6.402842700481415e-10,0.04296875,0.0675133615732193,0.5312944054603577,2.76249361038208,-2.7351779863238335e-06,0.3032616376876831,0.3032616376876831,0.3029364049434662,training_mechanism_log_batch,results/star_v2_final/resume_300k/SafetyPointGoal1-v0/star_v2/starv2_core_100k_SafetyPointGoal1_v0_selected_star_v2_star_v2_s10/mechanism.csv
SafetyPointGoal1-v0,10,starv2_core_100k_SafetyPointGoal1_v0_selected_star_v2_star_v2_s10,180000,1.0,age=1-5,0.2788020670413971,0.2788020670413971,1.7462298274040222e-10,0.0234375,0.05383151024580002,0.5302211046218872,2.7665090560913086,-2.8531067073345184e-06,0.2788020670413971,0.2788020670413971,0.2784740924835205,training_mechanism_log_batch,results/star_v2_final/resume_300k/SafetyPointGoal1-v0/star_v2/starv2_core_100k_SafetyPointGoal1_v0_selected_star_v2_star_v2_s10/mechanism.csv
SafetyPointGoal1-v0,10,starv2_core_100k_SafetyPointGoal1_v0_selected_star_v2_star_v2_s10,185000,1.0,age=1-5,0.28228792548179626,0.28228792548179626,-1.1641532182693481e-10,0.0234375,0.055076099932193756,0.5302964448928833,2.765899181365967,-2.7355272322893143e-06,0.28228792548179626,0.28228792548179626,0.28217849135398865,training_mechanism_log_batch,results/star_v2_final/resume_300k/SafetyPointGoal1-v0/star_v2/starv2_core_100k_SafetyPointGoal1_v0_selected_star_v2_star_v2_s10/mechanism.csv
SafetyPointGoal1-v0,10,starv2_core_100k_SafetyPointGoal1_v0_selected_star_v2_star_v2_s10,190000,1.0,age=1-5,0.28535664081573486,0.28535664081573486,5.820766091346741e-11,0.015625,0.04903078079223633,0.5313007235527039,2.766763687133789,-2.6348279789090157e-06,0.28535664081573486,0.28535664081573486,0.2849002182483673,training_mechanism_log_batch,results/star_v2_final/resume_300k/SafetyPointGoal1-v0/star_v2/starv2_core_100k_SafetyPointGoal1_v0_selected_star_v2_star_v2_s10/mechanism.csv
SafetyPointGoal1-v0,10,starv2_core_100k_SafetyPointGoal1_v0_selected_star_v2_star_v2_s10,195000,1.0,age=1-5,0.2753237187862396,0.2753237187862396,3.2014213502407074e-10,0.0234375,0.04627649486064911,0.5316617488861084,2.7674989700317383,-2.53401231020689e-06,0.2753237187862396,0.2753237187862396,0.2750042676925659,training_mechanism_log_batch,results/star_v2_final/resume_300k/SafetyPointGoal1-v0/star_v2/starv2_core_100k_SafetyPointGoal1_v0_selected_star_v2_star_v2_s10/mechanism.csv
SafetyPointGoal1-v0,10,starv2_core_100k_SafetyPointGoal1_v0_selected_star_v2_star_v2_s10,200000,1.0,age=1-5,0.280620813369751,0.280620813369751,2.6193447411060333e-10,0.03125,0.0427650585770607,0.5317727327346802,2.767652988433838,-2.5546178221702576e-06,0.280620813369751,0.280620813369751,0.28018805384635925,training_mechanism_log_batch,results/star_v2_final/resume_300k/SafetyPointGoal1-v0/star_v2/starv2_core_100k_SafetyPointGoal1_v0_selected_star_v2_star_v2_s10/mechanism.csv
SafetyPointGoal1-v0,10,starv2_core_100k_SafetyPointGoal1_v0_selected_star_v2_star_v2_s10,205000,1.0,age=1-5,0.27136528491973877,0.27136528491973877,6.402842700481415e-10,0.04296875,0.04411528259515762,0.5307080745697021,2.7654895782470703,-2.6636989787220955e-06,0.27136528491973877,0.27136528491973877,0.2708545923233032,training_mechanism_log_batch,results/star_v2_final/resume_300k/SafetyPointGoal1-v0/star_v2/starv2_core_100k_SafetyPointGoal1_v0_selected_star_v2_star_v2_s10/mechanism.csv
SafetyPointGoal1-v0,10,starv2_core_100k_SafetyPointGoal1_v0_selected_star_v2_star_v2_s10,210000,1.0,age=1-5,0.27100855112075806,0.27100855112075806,-1.280568540096283e-09,0.03125,0.038842976093292236,0.5309097766876221,2.7686944007873535,-2.6759225875139236e-06,0.27100855112075806,0.27100855112075806,0.27088379859924316,training_mechanism_log_batch,results/star_v2_final/resume_300k/SafetyPointGoal1-v0/star_v2/starv2_core_100k_SafetyPointGoal1_v0_selected_star_v2_star_v2_s10/mechanism.csv
SafetyPointGoal1-v0,10,starv2_core_100k_SafetyPointGoal1_v0_selected_star_v2_star_v2_s10,215000,1.0,age=1-5,0.28988325595855713,0.28988325595855713,1.7462298274040222e-10,0.015625,0.051807232201099396,0.5306975841522217,2.7651925086975098,-2.814573235809803e-06,0.28988325595855713,0.28988325595855713,0.28969553112983704,training_mechanism_log_batch,results/star_v2_final/resume_300k/SafetyPointGoal1-v0/star_v2/starv2_core_100k_SafetyPointGoal1_v0_selected_star_v2_star_v2_s10/mechanism.csv
SafetyPointGoal1-v0,10,starv2_core_100k_SafetyPointGoal1_v0_selected_star_v2_star_v2_s10,220000,1.0,age=1-5,0.30852022767066956,0.30852022767066956,-3.4924596548080444e-10,0.01171875,0.051636941730976105,0.5313660502433777,2.759134292602539,-2.7099158614873886e-06,0.30852022767066956,0.30852022767066956,0.3076919913291931,training_mechanism_log_batch,results/star_v2_final/resume_300k/SafetyPointGoal1-v0/star_v2/starv2_core_100k_SafetyPointGoal1_v0_selected_star_v2_star_v2_s10/mechanism.csv
SafetyPointGoal1-v0,10,starv2_core_100k_SafetyPointGoal1_v0_selected_star_v2_star_v2_s10,225000,1.0,age=1-5,0.3066979944705963,0.3066979944705963,1.1641532182693481e-10,0.03125,0.05505913496017456,0.5316834449768066,2.7676143646240234,-2.5978079065680504e-06,0.3066979944705963,0.3066979944705963,0.30657029151916504,training_mechanism_log_batch,results/star_v2_final/resume_300k/SafetyPointGoal1-v0/star_v2/starv2_core_100k_SafetyPointGoal1_v0_selected_star_v2_star_v2_s10/mechanism.csv
SafetyPointGoal1-v0,10,starv2_core_100k_SafetyPointGoal1_v0_selected_star_v2_star_v2_s10,230000,1.0,age=1-5,0.2665230929851532,0.2665230929851532,5.820766091346741e-11,0.02734375,0.041695356369018555,0.5322463512420654,2.7601680755615234,-2.6387860998511314e-06,0.2665230929851532,0.2665230929851532,0.2646385431289673,training_mechanism_log_batch,results/star_v2_final/resume_300k/SafetyPointGoal1-v0/star_v2/starv2_core_100k_SafetyPointGoal1_v0_selected_star_v2_star_v2_s10/mechanism.csv
SafetyPointGoal1-v0,10,starv2_core_100k_SafetyPointGoal1_v0_selected_star_v2_star_v2_s10,235000,1.0,age=1-5,0.33206087350845337,0.33206087350845337,8.731149137020111e-11,0.01953125,0.06992004811763763,0.5305007696151733,2.7659568786621094,-2.5582266971468925e-06,0.33206087350845337,0.33206087350845337,0.33174192905426025,training_mechanism_log_batch,results/star_v2_final/resume_300k/SafetyPointGoal1-v0/star_v2/starv2_core_100k_SafetyPointGoal1_v0_selected_star_v2_star_v2_s10/mechanism.csv
SafetyPointGoal1-v0,10,starv2_core_100k_SafetyPointGoal1_v0_selected_star_v2_star_v2_s10,240000,1.0,age=1-5,0.3087998926639557,0.3087998926639557,1.1350493878126144e-09,0.03125,0.05132032185792923,0.5314648151397705,2.7626490592956543,-2.7009518817067146e-06,0.3087998926639557,0.3087998926639557,0.30837541818618774,training_mechanism_log_batch,results/star_v2_final/resume_300k/SafetyPointGoal1-v0/star_v2/starv2_core_100k_SafetyPointGoal1_v0_selected_star_v2_star_v2_s10/mechanism.csv
SafetyPointGoal1-v0,10,starv2_core_100k_SafetyPointGoal1_v0_selected_star_v2_star_v2_s10,245000,1.0,age=1-5,0.294827401638031,0.294827401638031,-5.820766091346741e-11,0.03125,0.04902467131614685,0.5307523012161255,2.7669906616210938,-2.582441084086895e-06,0.294827401638031,0.294827401638031,0.2944967746734619,training_mechanism_log_batch,results/star_v2_final/resume_300k/SafetyPointGoal1-v0/star_v2/starv2_core_100k_SafetyPointGoal1_v0_selected_star_v2_star_v2_s10/mechanism.csv
SafetyPointGoal1-v0,10,starv2_core_100k_SafetyPointGoal1_v0_selected_star_v2_star_v2_s10,250000,1.0,age=1-5,0.30341583490371704,0.30341583490371704,3.2014213502407074e-10,0.02734375,0.05523516982793808,0.5309075713157654,2.7670860290527344,-2.7082860469818115e-06,0.30341583490371704,0.30341583490371704,0.30300915241241455,training_mechanism_log_batch,results/star_v2_final/resume_300k/SafetyPointGoal1-v0/star_v2/starv2_core_100k_SafetyPointGoal1_v0_selected_star_v2_star_v2_s10/mechanism.csv
SafetyPointGoal1-v0,10,starv2_core_100k_SafetyPointGoal1_v0_selected_star_v2_star_v2_s10,255000,1.0,age=1-5,0.2960349917411804,0.2960349917411804,-2.9103830456733704e-11,0.0234375,0.057094231247901917,0.5315998792648315,2.7664923667907715,-2.7391361072659492e-06,0.2960349917411804,0.2960349917411804,0.2957603335380554,training_mechanism_log_batch,results/star_v2_final/resume_300k/SafetyPointGoal1-v0/star_v2/starv2_core_100k_SafetyPointGoal1_v0_selected_star_v2_star_v2_s10/mechanism.csv
SafetyPointGoal1-v0,10,starv2_core_100k_SafetyPointGoal1_v0_selected_star_v2_star_v2_s10,260000,1.0,age=1-5,0.3174971044063568,0.3174971044063568,1.7462298274040222e-10,0.02734375,0.060044996440410614,0.5304960012435913,2.7601208686828613,-2.6690540835261345e-06,0.3174971044063568,0.3174971044063568,0.3167412281036377,training_mechanism_log_batch,results/star_v2_final/resume_300k/SafetyPointGoal1-v0/star_v2/starv2_core_100k_SafetyPointGoal1_v0_selected_star_v2_star_v2_s10/mechanism.csv
SafetyPointGoal1-v0,10,starv2_core_100k_SafetyPointGoal1_v0_selected_star_v2_star_v2_s10,265000,1.0,age=1-5,0.2922380268573761,0.2922380268573761,3.2014213502407074e-10,0.0234375,0.03696482628583908,0.5319151878356934,2.75634765625,-2.6973430067300797e-06,0.2922380268573761,0.2922380268573761,0.29132604598999023,training_mechanism_log_batch,results/star_v2_final/resume_300k/SafetyPointGoal1-v0/star_v2/starv2_core_100k_SafetyPointGoal1_v0_selected_star_v2_star_v2_s10/mechanism.csv
SafetyPointGoal1-v0,10,starv2_core_100k_SafetyPointGoal1_v0_selected_star_v2_star_v2_s10,270000,1.0,age=1-5,0.2931331992149353,0.2931331992149353,-8.731149137020111e-11,0.01171875,0.048823826014995575,0.5310474634170532,2.759249210357666,-2.750544808804989e-06,0.2931331992149353,0.2931331992149353,0.29193115234375,training_mechanism_log_batch,results/star_v2_final/resume_300k/SafetyPointGoal1-v0/star_v2/starv2_core_100k_SafetyPointGoal1_v0_selected_star_v2_star_v2_s10/mechanism.csv
SafetyPointGoal1-v0,10,starv2_core_100k_SafetyPointGoal1_v0_selected_star_v2_star_v2_s10,275000,1.0,age=1-5,0.32140690088272095,0.32140690088272095,2.9103830456733704e-11,0.0078125,0.06516644358634949,0.5319687128067017,2.768235683441162,-2.6583438739180565e-06,0.32140690088272095,0.32140690088272095,0.32118237018585205,training_mechanism_log_batch,results/star_v2_final/resume_300k/SafetyPointGoal1-v0/star_v2/starv2_core_100k_SafetyPointGoal1_v0_selected_star_v2_star_v2_s10/mechanism.csv
SafetyPointGoal1-v0,10,starv2_core_100k_SafetyPointGoal1_v0_selected_star_v2_star_v2_s10,280000,1.0,age=1-5,0.2734421491622925,0.2734421491622925,-2.9103830456733704e-11,0.01953125,0.03245967626571655,0.5320482850074768,2.765874147415161,-2.618297003209591e-06,0.2734421491622925,0.2734421491622925,0.2731069326400757,training_mechanism_log_batch,results/star_v2_final/resume_300k/SafetyPointGoal1-v0/star_v2/starv2_core_100k_SafetyPointGoal1_v0_selected_star_v2_star_v2_s10/mechanism.csv
SafetyPointGoal1-v0,10,starv2_core_100k_SafetyPointGoal1_v0_selected_star_v2_star_v2_s10,285000,1.0,age=1-5,0.2807960510253906,0.2807960510253906,5.820766091346741e-11,0.01171875,0.04402758926153183,0.5313470363616943,2.767308235168457,-2.7832575142383575e-06,0.2807960510253906,0.2807960510253906,0.28042131662368774,training_mechanism_log_batch,results/star_v2_final/resume_300k/SafetyPointGoal1-v0/star_v2/starv2_core_100k_SafetyPointGoal1_v0_selected_star_v2_star_v2_s10/mechanism.csv
SafetyPointGoal1-v0,10,starv2_core_100k_SafetyPointGoal1_v0_selected_star_v2_star_v2_s10,290000,1.0,age=1-5,0.30334895849227905,0.30334895849227905,7.566995918750763e-10,0.02734375,0.048328250646591187,0.5313633680343628,2.7661490440368652,-2.8756912797689438e-06,0.30334895849227905,0.30334895849227905,0.3026483654975891,training_mechanism_log_batch,results/star_v2_final/resume_300k/SafetyPointGoal1-v0/star_v2/starv2_core_100k_SafetyPointGoal1_v0_selected_star_v2_star_v2_s10/mechanism.csv
SafetyPointGoal1-v0,10,starv2_core_100k_SafetyPointGoal1_v0_selected_star_v2_star_v2_s10,295000,1.0,age=1-5,0.3380349278450012,0.3380349278450012,4.656612873077393e-10,0.0234375,0.06678055226802826,0.5299920439720154,2.7619223594665527,-2.523302100598812e-06,0.3380349278450012,0.3380349278450012,0.3376985788345337,training_mechanism_log_batch,results/star_v2_final/resume_300k/SafetyPointGoal1-v0/star_v2/starv2_core_100k_SafetyPointGoal1_v0_selected_star_v2_star_v2_s10/mechanism.csv
SafetyPointGoal1-v0,11,starv2_core_100k_SafetyPointGoal1_v0_selected_star_v2_star_v2_s11,100000,1.0,age=1-5,0.24511125683784485,0.24511125683784485,-4.656612873077393e-10,0.015625,0.04534418135881424,0.5314822793006897,2.7678542137145996,-2.8123613446950912e-06,0.24511125683784485,0.24511125683784485,0.24498075246810913,training_mechanism_log_batch,results/star_v2_final/resume_300k/SafetyPointGoal1-v0/star_v2/starv2_core_100k_SafetyPointGoal1_v0_selected_star_v2_star_v2_s11/mechanism.csv
SafetyPointGoal1-v0,11,starv2_core_100k_SafetyPointGoal1_v0_selected_star_v2_star_v2_s11,105000,1.0,age=1-5,0.262474000453949,0.262474000453949,3.92901711165905e-10,0.02734375,0.05475885793566704,0.5310198664665222,2.7673397064208984,-2.682209014892578e-06,0.262474000453949,0.262474000453949,0.2623579204082489,training_mechanism_log_batch,results/star_v2_final/resume_300k/SafetyPointGoal1-v0/star_v2/starv2_core_100k_SafetyPointGoal1_v0_selected_star_v2_star_v2_s11/mechanism.csv
SafetyPointGoal1-v0,11,starv2_core_100k_SafetyPointGoal1_v0_selected_star_v2_star_v2_s11,110000,1.0,age=1-5,0.2898467183113098,0.2898467183113098,4.0745362639427185e-10,0.0234375,0.06272073835134506,0.5310760140419006,2.7688770294189453,-2.8776703402400017e-06,0.2898467183113098,0.2898467183113098,0.28986525535583496,training_mechanism_log_batch,results/star_v2_final/resume_300k/SafetyPointGoal1-v0/star_v2/starv2_core_100k_SafetyPointGoal1_v0_selected_star_v2_star_v2_s11/mechanism.csv
SafetyPointGoal1-v0,11,starv2_core_100k_SafetyPointGoal1_v0_selected_star_v2_star_v2_s11,115000,1.0,age=1-5,0.28562116622924805,0.28562116622924805,-1.7462298274040222e-10,0.01171875,0.05136954411864281,0.5311393737792969,2.7667670249938965,-2.6923371478915215e-06,0.28562116622924805,0.28562116622924805,0.28522393107414246,training_mechanism_log_batch,results/star_v2_final/resume_300k/SafetyPointGoal1-v0/star_v2/starv2_core_100k_SafetyPointGoal1_v0_selected_star_v2_star_v2_s11/mechanism.csv
SafetyPointGoal1-v0,11,starv2_core_100k_SafetyPointGoal1_v0_selected_star_v2_star_v2_s11,120000,1.0,age=1-5,0.26122376322746277,0.26122376322746277,-4.94765117764473e-10,0.01953125,0.04314069449901581,0.5318615436553955,2.764808177947998,-2.643209882080555e-06,0.26122376322746277,0.26122376322746277,0.26103150844573975,training_mechanism_log_batch,results/star_v2_final/resume_300k/SafetyPointGoal1-v0/star_v2/starv2_core_100k_SafetyPointGoal1_v0_selected_star_v2_star_v2_s11/mechanism.csv
SafetyPointGoal1-v0,11,starv2_core_100k_SafetyPointGoal1_v0_selected_star_v2_star_v2_s11,125000,1.0,age=1-5,0.2745252251625061,0.2745252251625061,7.566995918750763e-10,0.03515625,0.047939807176589966,0.5314215421676636,2.768122673034668,-2.47894786298275e-06,0.2745252251625061,0.2745252251625061,0.2741217017173767,training_mechanism_log_batch,results/star_v2_final/resume_300k/SafetyPointGoal1-v0/star_v2/starv2_core_100k_SafetyPointGoal1_v0_selected_star_v2_star_v2_s11/mechanism.csv
SafetyPointGoal1-v0,11,starv2_core_100k_SafetyPointGoal1_v0_selected_star_v2_star_v2_s11,130000,1.0,age=1-5,0.2958400249481201,0.2958400249481201,0.0,0.015625,0.05816198140382767,0.5304578542709351,2.766385078430176,-2.519926056265831e-06,0.2958400249481201,0.2958400249481201,0.29571354389190674,training_mechanism_log_batch,results/star_v2_final/resume_300k/SafetyPointGoal1-v0/star_v2/starv2_core_100k_SafetyPointGoal1_v0_selected_star_v2_star_v2_s11/mechanism.csv
SafetyPointGoal1-v0,11,starv2_core_100k_SafetyPointGoal1_v0_selected_star_v2_star_v2_s11,135000,1.0,age=1-5,0.273834764957428,0.273834764957428,4.94765117764473e-10,0.03515625,0.04724336415529251,0.5320463180541992,2.7683358192443848,-2.566492184996605e-06,0.273834764957428,0.273834764957428,0.27359846234321594,training_mechanism_log_batch,results/star_v2_final/resume_300k/SafetyPointGoal1-v0/star_v2/starv2_core_100k_SafetyPointGoal1_v0_selected_star_v2_star_v2_s11/mechanism.csv
SafetyPointGoal1-v0,11,starv2_core_100k_SafetyPointGoal1_v0_selected_star_v2_star_v2_s11,140000,1.0,age=1-5,0.27570801973342896,0.27570801973342896,-5.820766091346741e-11,0.0078125,0.049674976617097855,0.5318024754524231,2.7663064002990723,-2.4620676413178444e-06,0.27570801973342896,0.27570801973342896,0.2754291296005249,training_mechanism_log_batch,results/star_v2_final/resume_300k/SafetyPointGoal1-v0/star_v2/starv2_core_100k_SafetyPointGoal1_v0_selected_star_v2_star_v2_s11/mechanism.csv
SafetyPointGoal1-v0,11,starv2_core_100k_SafetyPointGoal1_v0_selected_star_v2_star_v2_s11,145000,1.0,age=1-5,0.27628442645072937,0.27628442645072937,1.2223608791828156e-09,0.0390625,0.0503864511847496,0.5315611362457275,2.7650418281555176,-2.612476237118244e-06,0.27628442645072937,0.27628442645072937,0.27583497762680054,training_mechanism_log_batch,results/star_v2_final/resume_300k/SafetyPointGoal1-v0/star_v2/starv2_core_100k_SafetyPointGoal1_v0_selected_star_v2_star_v2_s11/mechanism.csv
SafetyPointGoal1-v0,11,starv2_core_100k_SafetyPointGoal1_v0_selected_star_v2_star_v2_s11,150000,1.0,age=1-5,0.25874507427215576,0.25874507427215576,-6.693881005048752e-10,0.02734375,0.04073704034090042,0.5295075178146362,2.761699914932251,-2.5802291929721832e-06,0.25874507427215576,0.25874507427215576,0.2579295039176941,training_mechanism_log_batch,results/star_v2_final/resume_300k/SafetyPointGoal1-v0/star_v2/starv2_core_100k_SafetyPointGoal1_v0_selected_star_v2_star_v2_s11/mechanism.csv
SafetyPointGoal1-v0,11,starv2_core_100k_SafetyPointGoal1_v0_selected_star_v2_star_v2_s11,155000,1.0,age=1-5,0.28692784905433655,0.28692784905433655,7.8580342233181e-10,0.03515625,0.059625618159770966,0.530622124671936,2.7662353515625,-2.5556655600667e-06,0.28692784905433655,0.28692784905433655,0.2867089807987213,training_mechanism_log_batch,results/star_v2_final/resume_300k/SafetyPointGoal1-v0/star_v2/starv2_core_100k_SafetyPointGoal1_v0_selected_star_v2_star_v2_s11/mechanism.csv
SafetyPointGoal1-v0,11,starv2_core_100k_SafetyPointGoal1_v0_selected_star_v2_star_v2_s11,160000,1.0,age=1-5,0.2901066541671753,0.2901066541671753,5.820766091346741e-11,0.01171875,0.05497938022017479,0.5313935875892639,2.7679121494293213,-2.525048330426216e-06,0.2901066541671753,0.2901066541671753,0.29007530212402344,training_mechanism_log_batch,results/star_v2_final/resume_300k/SafetyPointGoal1-v0/star_v2/starv2_core_100k_SafetyPointGoal1_v0_selected_star_v2_star_v2_s11/mechanism.csv
SafetyPointGoal1-v0,11,starv2_core_100k_SafetyPointGoal1_v0_selected_star_v2_star_v2_s11,165000,1.0,age=1-5,0.28117042779922485,0.28117042779922485,-2.9103830456733704e-10,0.02734375,0.06177406385540962,0.5321425199508667,2.7612669467926025,-2.7065398171544075e-06,0.28117042779922485,0.28117042779922485,0.2802770733833313,training_mechanism_log_batch,results/star_v2_final/resume_300k/SafetyPointGoal1-v0/star_v2/starv2_core_100k_SafetyPointGoal1_v0_selected_star_v2_star_v2_s11/mechanism.csv
SafetyPointGoal1-v0,11,starv2_core_100k_SafetyPointGoal1_v0_selected_star_v2_star_v2_s11,170000,1.0,age=1-5,0.2501608431339264,0.2501608431339264,-3.055902197957039e-10,0.0078125,0.044033776968717575,0.5313308238983154,2.7692952156066895,-2.461019903421402e-06,0.2501608431339264,0.2501608431339264,0.2500360608100891,training_mechanism_log_batch,results/star_v2_final/resume_300k/SafetyPointGoal1-v0/star_v2/starv2_core_100k_SafetyPointGoal1_v0_selected_star_v2_star_v2_s11/mechanism.csv
SafetyPointGoal1-v0,11,starv2_core_100k_SafetyPointGoal1_v0_selected_star_v2_star_v2_s11,175000,1.0,age=1-5,0.2620231509208679,0.2620231509208679,8.731149137020111e-11,0.03515625,0.04598649963736534,0.5297756791114807,2.761638879776001,-2.5741755962371826e-06,0.2620231509208679,0.2620231509208679,0.2610964775085449,training_mechanism_log_batch,results/star_v2_final/resume_300k/SafetyPointGoal1-v0/star_v2/starv2_core_100k_SafetyPointGoal1_v0_selected_star_v2_star_v2_s11/mechanism.csv
SafetyPointGoal1-v0,11,starv2_core_100k_SafetyPointGoal1_v0_selected_star_v2_star_v2_s11,180000,1.0,age=1-5,0.2699253261089325,0.2699253261089325,-5.238689482212067e-10,0.01171875,0.04173161834478378,0.5312052965164185,2.765094518661499,-2.5847693905234337e-06,0.2699253261089325,0.2699253261089325,0.26954662799835205,training_mechanism_log_batch,results/star_v2_final/resume_300k/SafetyPointGoal1-v0/star_v2/starv2_core_100k_SafetyPointGoal1_v0_selected_star_v2_star_v2_s11/mechanism.csv
SafetyPointGoal1-v0,11,starv2_core_100k_SafetyPointGoal1_v0_selected_star_v2_star_v2_s11,185000,1.0,age=1-5,0.2631416618824005,0.2631416618824005,1.7462298274040222e-10,0.01953125,0.046027589589357376,0.5319099426269531,2.765718936920166,-2.64681875705719e-06,0.2631416618824005,0.2631416618824005,0.26293107867240906,training_mechanism_log_batch,results/star_v2_final/resume_300k/SafetyPointGoal1-v0/star_v2/starv2_core_100k_SafetyPointGoal1_v0_selected_star_v2_star_v2_s11/mechanism.csv
SafetyPointGoal1-v0,11,starv2_core_100k_SafetyPointGoal1_v0_selected_star_v2_star_v2_s11,190000,1.0,age=1-5,0.3070111870765686,0.3070111870765686,2.9103830456733704e-11,0.01953125,0.05445302277803421,0.5317724943161011,2.761971950531006,-2.4244654923677444e-06,0.3070111870765686,0.3070111870765686,0.3062323331832886,training_mechanism_log_batch,results/star_v2_final/resume_300k/SafetyPointGoal1-v0/star_v2/starv2_core_100k_SafetyPointGoal1_v0_selected_star_v2_star_v2_s11/mechanism.csv
SafetyPointGoal1-v0,11,starv2_core_100k_SafetyPointGoal1_v0_selected_star_v2_star_v2_s11,195000,1.0,age=1-5,0.3048314154148102,0.3048314154148102,6.693881005048752e-10,0.03125,0.06339025497436523,0.5307707786560059,2.7663004398345947,-2.6978086680173874e-06,0.3048314154148102,0.3048314154148102,0.3043809235095978,training_mechanism_log_batch,results/star_v2_final/resume_300k/SafetyPointGoal1-v0/star_v2/starv2_core_100k_SafetyPointGoal1_v0_selected_star_v2_star_v2_s11/mechanism.csv
SafetyPointGoal1-v0,11,starv2_core_100k_SafetyPointGoal1_v0_selected_star_v2_star_v2_s11,200000,1.0,age=1-5,0.2830709218978882,0.2830709218978882,4.656612873077393e-10,0.04296875,0.051990918815135956,0.5312597751617432,2.7684807777404785,-2.598855644464493e-06,0.2830709218978882,0.2830709218978882,0.28300046920776367,training_mechanism_log_batch,results/star_v2_final/resume_300k/SafetyPointGoal1-v0/star_v2/starv2_core_100k_SafetyPointGoal1_v0_selected_star_v2_star_v2_s11/mechanism.csv
SafetyPointGoal1-v0,11,starv2_core_100k_SafetyPointGoal1_v0_selected_star_v2_star_v2_s11,205000,1.0,age=1-5,0.2763090133666992,0.2763090133666992,0.0,0.0078125,0.04782715439796448,0.5300694108009338,2.766660213470459,-2.398737706243992e-06,0.2763090133666992,0.2763090133666992,0.2760242223739624,training_mechanism_log_batch,results/star_v2_final/resume_300k/SafetyPointGoal1-v0/star_v2/starv2_core_100k_SafetyPointGoal1_v0_selected_star_v2_star_v2_s11/mechanism.csv
SafetyPointGoal1-v0,11,starv2_core_100k_SafetyPointGoal1_v0_selected_star_v2_star_v2_s11,210000,1.0,age=1-5,0.2986656427383423,0.2986656427383423,3.2014213502407074e-10,0.0234375,0.05359986424446106,0.5312094688415527,2.765202522277832,-2.4230685085058212e-06,0.2986656427383423,0.2986656427383423,0.2983180284500122,training_mechanism_log_batch,results/star_v2_final/resume_300k/SafetyPointGoal1-v0/star_v2/starv2_core_100k_SafetyPointGoal1_v0_selected_star_v2_star_v2_s11/mechanism.csv
SafetyPointGoal1-v0,11,starv2_core_100k_SafetyPointGoal1_v0_selected_star_v2_star_v2_s11,215000,1.0,age=1-5,0.31604546308517456,0.31604546308517456,-2.9103830456733704e-10,0.015625,0.06057547777891159,0.5319373607635498,2.7683143615722656,-2.598273567855358e-06,0.31604546308517456,0.31604546308517456,0.3157010078430176,training_mechanism_log_batch,results/star_v2_final/resume_300k/SafetyPointGoal1-v0/star_v2/starv2_core_100k_SafetyPointGoal1_v0_selected_star_v2_star_v2_s11/mechanism.csv
SafetyPointGoal1-v0,11,starv2_core_100k_SafetyPointGoal1_v0_selected_star_v2_star_v2_s11,220000,1.0,age=1-5,0.32610663771629333,0.32610663771629333,-5.820766091346741e-11,0.02734375,0.06474043428897858,0.5318828821182251,2.7624573707580566,-2.439483068883419e-06,0.32610663771629333,0.32610663771629333,0.3255004286766052,training_mechanism_log_batch,results/star_v2_final/resume_300k/SafetyPointGoal1-v0/star_v2/starv2_core_100k_SafetyPointGoal1_v0_selected_star_v2_star_v2_s11/mechanism.csv
SafetyPointGoal1-v0,11,starv2_core_100k_SafetyPointGoal1_v0_selected_star_v2_star_v2_s11,225000,1.0,age=1-5,0.3248600363731384,0.3248600363731384,2.0372681319713593e-10,0.01953125,0.06411314755678177,0.5301501750946045,2.7629826068878174,-2.4725450202822685e-06,0.3248600363731384,0.3248600363731384,0.3244016766548157,training_mechanism_log_batch,results/star_v2_final/resume_300k/SafetyPointGoal1-v0/star_v2/starv2_core_100k_SafetyPointGoal1_v0_selected_star_v2_star_v2_s11/mechanism.csv
SafetyPointGoal1-v0,11,starv2_core_100k_SafetyPointGoal1_v0_selected_star_v2_star_v2_s11,230000,1.0,age=1-5,0.2866485118865967,0.2866485118865967,4.94765117764473e-10,0.015625,0.03424724563956261,0.5315200090408325,2.767406940460205,-2.4402979761362076e-06,0.2866485118865967,0.2866485118865967,0.28631895780563354,training_mechanism_log_batch,results/star_v2_final/resume_300k/SafetyPointGoal1-v0/star_v2/starv2_core_100k_SafetyPointGoal1_v0_selected_star_v2_star_v2_s11/mechanism.csv
SafetyPointGoal1-v0,11,starv2_core_100k_SafetyPointGoal1_v0_selected_star_v2_star_v2_s11,235000,1.0,age=1-5,0.27883073687553406,0.27883073687553406,3.7834979593753815e-10,0.01953125,0.0476112999022007,0.5307498574256897,2.769562244415283,-2.3514730855822563e-06,0.27883073687553406,0.27883073687553406,0.27877748012542725,training_mechanism_log_batch,results/star_v2_final/resume_300k/SafetyPointGoal1-v0/star_v2/starv2_core_100k_SafetyPointGoal1_v0_selected_star_v2_star_v2_s11/mechanism.csv
SafetyPointGoal1-v0,11,starv2_core_100k_SafetyPointGoal1_v0_selected_star_v2_star_v2_s11,240000,1.0,age=1-5,0.3223913311958313,0.3223913311958313,-2.9103830456733704e-10,0.015625,0.06596390902996063,0.5317205190658569,2.7655646800994873,-2.4328473955392838e-06,0.3223913311958313,0.3223913311958313,0.32228535413742065,training_mechanism_log_batch,results/star_v2_final/resume_300k/SafetyPointGoal1-v0/star_v2/starv2_core_100k_SafetyPointGoal1_v0_selected_star_v2_star_v2_s11/mechanism.csv
SafetyPointGoal1-v0,11,starv2_core_100k_SafetyPointGoal1_v0_selected_star_v2_star_v2_s11,245000,1.0,age=1-5,0.2843363285064697,0.2843363285064697,5.529727786779404e-10,0.03125,0.04575705528259277,0.5317432284355164,2.761200428009033,-2.5584595277905464e-06,0.2843363285064697,0.2843363285064697,0.2836763262748718,training_mechanism_log_batch,results/star_v2_final/resume_300k/SafetyPointGoal1-v0/star_v2/starv2_core_100k_SafetyPointGoal1_v0_selected_star_v2_star_v2_s11/mechanism.csv
SafetyPointGoal1-v0,11,starv2_core_100k_SafetyPointGoal1_v0_selected_star_v2_star_v2_s11,250000,1.0,age=1-5,0.30552345514297485,0.30552345514297485,5.529727786779404e-10,0.03125,0.0439629890024662,0.5315531492233276,2.765108346939087,-2.527260221540928e-06,0.30552345514297485,0.30552345514297485,0.3052004277706146,training_mechanism_log_batch,results/star_v2_final/resume_300k/SafetyPointGoal1-v0/star_v2/starv2_core_100k_SafetyPointGoal1_v0_selected_star_v2_star_v2_s11/mechanism.csv
SafetyPointGoal1-v0,11,starv2_core_100k_SafetyPointGoal1_v0_selected_star_v2_star_v2_s11,255000,1.0,age=1-5,0.29772910475730896,0.29772910475730896,4.94765117764473e-10,0.046875,0.04694407060742378,0.5311068892478943,2.7666332721710205,-2.378714270889759e-06,0.29772910475730896,0.29772910475730896,0.2972603738307953,training_mechanism_log_batch,results/star_v2_final/resume_300k/SafetyPointGoal1-v0/star_v2/starv2_core_100k_SafetyPointGoal1_v0_selected_star_v2_star_v2_s11/mechanism.csv
SafetyPointGoal1-v0,11,starv2_core_100k_SafetyPointGoal1_v0_selected_star_v2_star_v2_s11,260000,1.0,age=1-5,0.2803638279438019,0.2803638279438019,8.731149137020111e-11,0.015625,0.0436069630086422,0.5314350128173828,2.76356840133667,-2.2310996428132057e-06,0.2803638279438019,0.2803638279438019,0.27995485067367554,training_mechanism_log_batch,results/star_v2_final/resume_300k/SafetyPointGoal1-v0/star_v2/starv2_core_100k_SafetyPointGoal1_v0_selected_star_v2_star_v2_s11/mechanism.csv
SafetyPointGoal1-v0,11,starv2_core_100k_SafetyPointGoal1_v0_selected_star_v2_star_v2_s11,100000,1.0,age=1-5,0.24511125683784485,0.24511125683784485,-4.656612873077393e-10,0.015625,0.04534418135881424,0.5314822793006897,2.7678542137145996,-2.8123613446950912e-06,0.24511125683784485,0.24511125683784485,0.24498075246810913,training_mechanism_log_batch,results/star_v2_final/resume_300k/SafetyPointGoal1-v0/star_v2/starv2_core_100k_SafetyPointGoal1_v0_selected_star_v2_star_v2_s11/mechanism.csv
SafetyPointGoal1-v0,11,starv2_core_100k_SafetyPointGoal1_v0_selected_star_v2_star_v2_s11,105000,1.0,age=1-5,0.262474000453949,0.262474000453949,3.92901711165905e-10,0.02734375,0.05475885793566704,0.5310198664665222,2.7673397064208984,-2.682209014892578e-06,0.262474000453949,0.262474000453949,0.2623579204082489,training_mechanism_log_batch,results/star_v2_final/resume_300k/SafetyPointGoal1-v0/star_v2/starv2_core_100k_SafetyPointGoal1_v0_selected_star_v2_star_v2_s11/mechanism.csv
SafetyPointGoal1-v0,11,starv2_core_100k_SafetyPointGoal1_v0_selected_star_v2_star_v2_s11,110000,1.0,age=1-5,0.2898467183113098,0.2898467183113098,4.0745362639427185e-10,0.0234375,0.06272073835134506,0.5310760140419006,2.7688770294189453,-2.8776703402400017e-06,0.2898467183113098,0.2898467183113098,0.28986525535583496,training_mechanism_log_batch,results/star_v2_final/resume_300k/SafetyPointGoal1-v0/star_v2/starv2_core_100k_SafetyPointGoal1_v0_selected_star_v2_star_v2_s11/mechanism.csv
SafetyPointGoal1-v0,11,starv2_core_100k_SafetyPointGoal1_v0_selected_star_v2_star_v2_s11,115000,1.0,age=1-5,0.28562116622924805,0.28562116622924805,-1.7462298274040222e-10,0.01171875,0.05136954411864281,0.5311393737792969,2.7667670249938965,-2.6923371478915215e-06,0.28562116622924805,0.28562116622924805,0.28522393107414246,training_mechanism_log_batch,results/star_v2_final/resume_300k/SafetyPointGoal1-v0/star_v2/starv2_core_100k_SafetyPointGoal1_v0_selected_star_v2_star_v2_s11/mechanism.csv
SafetyPointGoal1-v0,11,starv2_core_100k_SafetyPointGoal1_v0_selected_star_v2_star_v2_s11,120000,1.0,age=1-5,0.26122376322746277,0.26122376322746277,-4.94765117764473e-10,0.01953125,0.04314069449901581,0.5318615436553955,2.764808177947998,-2.643209882080555e-06,0.26122376322746277,0.26122376322746277,0.26103150844573975,training_mechanism_log_batch,results/star_v2_final/resume_300k/SafetyPointGoal1-v0/star_v2/starv2_core_100k_SafetyPointGoal1_v0_selected_star_v2_star_v2_s11/mechanism.csv
SafetyPointGoal1-v0,11,starv2_core_100k_SafetyPointGoal1_v0_selected_star_v2_star_v2_s11,125000,1.0,age=1-5,0.2745252251625061,0.2745252251625061,7.566995918750763e-10,0.03515625,0.047939807176589966,0.5314215421676636,2.768122673034668,-2.47894786298275e-06,0.2745252251625061,0.2745252251625061,0.2741217017173767,training_mechanism_log_batch,results/star_v2_final/resume_300k/SafetyPointGoal1-v0/star_v2/starv2_core_100k_SafetyPointGoal1_v0_selected_star_v2_star_v2_s11/mechanism.csv
SafetyPointGoal1-v0,11,starv2_core_100k_SafetyPointGoal1_v0_selected_star_v2_star_v2_s11,130000,1.0,age=1-5,0.2958400249481201,0.2958400249481201,0.0,0.015625,0.05816198140382767,0.5304578542709351,2.766385078430176,-2.519926056265831e-06,0.2958400249481201,0.2958400249481201,0.29571354389190674,training_mechanism_log_batch,results/star_v2_final/resume_300k/SafetyPointGoal1-v0/star_v2/starv2_core_100k_SafetyPointGoal1_v0_selected_star_v2_star_v2_s11/mechanism.csv
SafetyPointGoal1-v0,11,starv2_core_100k_SafetyPointGoal1_v0_selected_star_v2_star_v2_s11,135000,1.0,age=1-5,0.273834764957428,0.273834764957428,4.94765117764473e-10,0.03515625,0.04724336415529251,0.5320463180541992,2.7683358192443848,-2.566492184996605e-06,0.273834764957428,0.273834764957428,0.27359846234321594,training_mechanism_log_batch,results/star_v2_final/resume_300k/SafetyPointGoal1-v0/star_v2/starv2_core_100k_SafetyPointGoal1_v0_selected_star_v2_star_v2_s11/mechanism.csv
SafetyPointGoal1-v0,11,starv2_core_100k_SafetyPointGoal1_v0_selected_star_v2_star_v2_s11,140000,1.0,age=1-5,0.27570801973342896,0.27570801973342896,-5.820766091346741e-11,0.0078125,0.049674976617097855,0.5318024754524231,2.7663064002990723,-2.4620676413178444e-06,0.27570801973342896,0.27570801973342896,0.2754291296005249,training_mechanism_log_batch,results/star_v2_final/resume_300k/SafetyPointGoal1-v0/star_v2/starv2_core_100k_SafetyPointGoal1_v0_selected_star_v2_star_v2_s11/mechanism.csv
SafetyPointGoal1-v0,11,starv2_core_100k_SafetyPointGoal1_v0_selected_star_v2_star_v2_s11,145000,1.0,age=1-5,0.27628442645072937,0.27628442645072937,1.2223608791828156e-09,0.0390625,0.0503864511847496,0.5315611362457275,2.7650418281555176,-2.612476237118244e-06,0.27628442645072937,0.27628442645072937,0.27583497762680054,training_mechanism_log_batch,results/star_v2_final/resume_300k/SafetyPointGoal1-v0/star_v2/starv2_core_100k_SafetyPointGoal1_v0_selected_star_v2_star_v2_s11/mechanism.csv
SafetyPointGoal1-v0,11,starv2_core_100k_SafetyPointGoal1_v0_selected_star_v2_star_v2_s11,150000,1.0,age=1-5,0.25874507427215576,0.25874507427215576,-6.693881005048752e-10,0.02734375,0.04073704034090042,0.5295075178146362,2.761699914932251,-2.5802291929721832e-06,0.25874507427215576,0.25874507427215576,0.2579295039176941,training_mechanism_log_batch,results/star_v2_final/resume_300k/SafetyPointGoal1-v0/star_v2/starv2_core_100k_SafetyPointGoal1_v0_selected_star_v2_star_v2_s11/mechanism.csv
SafetyPointGoal1-v0,11,starv2_core_100k_SafetyPointGoal1_v0_selected_star_v2_star_v2_s11,155000,1.0,age=1-5,0.28692784905433655,0.28692784905433655,7.8580342233181e-10,0.03515625,0.059625618159770966,0.530622124671936,2.7662353515625,-2.5556655600667e-06,0.28692784905433655,0.28692784905433655,0.2867089807987213,training_mechanism_log_batch,results/star_v2_final/resume_300k/SafetyPointGoal1-v0/star_v2/starv2_core_100k_SafetyPointGoal1_v0_selected_star_v2_star_v2_s11/mechanism.csv
SafetyPointGoal1-v0,11,starv2_core_100k_SafetyPointGoal1_v0_selected_star_v2_star_v2_s11,160000,1.0,age=1-5,0.2901066541671753,0.2901066541671753,5.820766091346741e-11,0.01171875,0.05497938022017479,0.5313935875892639,2.7679121494293213,-2.525048330426216e-06,0.2901066541671753,0.2901066541671753,0.29007530212402344,training_mechanism_log_batch,results/star_v2_final/resume_300k/SafetyPointGoal1-v0/star_v2/starv2_core_100k_SafetyPointGoal1_v0_selected_star_v2_star_v2_s11/mechanism.csv
SafetyPointGoal1-v0,11,starv2_core_100k_SafetyPointGoal1_v0_selected_star_v2_star_v2_s11,165000,1.0,age=1-5,0.28117042779922485,0.28117042779922485,-2.9103830456733704e-10,0.02734375,0.06177406385540962,0.5321425199508667,2.7612669467926025,-2.7065398171544075e-06,0.28117042779922485,0.28117042779922485,0.2802770733833313,training_mechanism_log_batch,results/star_v2_final/resume_300k/SafetyPointGoal1-v0/star_v2/starv2_core_100k_SafetyPointGoal1_v0_selected_star_v2_star_v2_s11/mechanism.csv
SafetyPointGoal1-v0,11,starv2_core_100k_SafetyPointGoal1_v0_selected_star_v2_star_v2_s11,170000,1.0,age=1-5,0.2501608431339264,0.2501608431339264,-3.055902197957039e-10,0.0078125,0.044033776968717575,0.5313308238983154,2.7692952156066895,-2.461019903421402e-06,0.2501608431339264,0.2501608431339264,0.2500360608100891,training_mechanism_log_batch,results/star_v2_final/resume_300k/SafetyPointGoal1-v0/star_v2/starv2_core_100k_SafetyPointGoal1_v0_selected_star_v2_star_v2_s11/mechanism.csv
SafetyPointGoal1-v0,11,starv2_core_100k_SafetyPointGoal1_v0_selected_star_v2_star_v2_s11,175000,1.0,age=1-5,0.2620231509208679,0.2620231509208679,8.731149137020111e-11,0.03515625,0.04598649963736534,0.5297756791114807,2.761638879776001,-2.5741755962371826e-06,0.2620231509208679,0.2620231509208679,0.2610964775085449,training_mechanism_log_batch,results/star_v2_final/resume_300k/SafetyPointGoal1-v0/star_v2/starv2_core_100k_SafetyPointGoal1_v0_selected_star_v2_star_v2_s11/mechanism.csv
SafetyPointGoal1-v0,11,starv2_core_100k_SafetyPointGoal1_v0_selected_star_v2_star_v2_s11,180000,1.0,age=1-5,0.2699253261089325,0.2699253261089325,-5.238689482212067e-10,0.01171875,0.04173161834478378,0.5312052965164185,2.765094518661499,-2.5847693905234337e-06,0.2699253261089325,0.2699253261089325,0.26954662799835205,training_mechanism_log_batch,results/star_v2_final/resume_300k/SafetyPointGoal1-v0/star_v2/starv2_core_100k_SafetyPointGoal1_v0_selected_star_v2_star_v2_s11/mechanism.csv
SafetyPointGoal1-v0,11,starv2_core_100k_SafetyPointGoal1_v0_selected_star_v2_star_v2_s11,185000,1.0,age=1-5,0.2631416618824005,0.2631416618824005,1.7462298274040222e-10,0.01953125,0.046027589589357376,0.5319099426269531,2.765718936920166,-2.64681875705719e-06,0.2631416618824005,0.2631416618824005,0.26293107867240906,training_mechanism_log_batch,results/star_v2_final/resume_300k/SafetyPointGoal1-v0/star_v2/starv2_core_100k_SafetyPointGoal1_v0_selected_star_v2_star_v2_s11/mechanism.csv
SafetyPointGoal1-v0,11,starv2_core_100k_SafetyPointGoal1_v0_selected_star_v2_star_v2_s11,190000,1.0,age=1-5,0.3070111870765686,0.3070111870765686,2.9103830456733704e-11,0.01953125,0.05445302277803421,0.5317724943161011,2.761971950531006,-2.4244654923677444e-06,0.3070111870765686,0.3070111870765686,0.3062323331832886,training_mechanism_log_batch,results/star_v2_final/resume_300k/SafetyPointGoal1-v0/star_v2/starv2_core_100k_SafetyPointGoal1_v0_selected_star_v2_star_v2_s11/mechanism.csv
SafetyPointGoal1-v0,11,starv2_core_100k_SafetyPointGoal1_v0_selected_star_v2_star_v2_s11,195000,1.0,age=1-5,0.3048314154148102,0.3048314154148102,6.693881005048752e-10,0.03125,0.06339025497436523,0.5307707786560059,2.7663004398345947,-2.6978086680173874e-06,0.3048314154148102,0.3048314154148102,0.3043809235095978,training_mechanism_log_batch,results/star_v2_final/resume_300k/SafetyPointGoal1-v0/star_v2/starv2_core_100k_SafetyPointGoal1_v0_selected_star_v2_star_v2_s11/mechanism.csv
SafetyPointGoal1-v0,11,starv2_core_100k_SafetyPointGoal1_v0_selected_star_v2_star_v2_s11,200000,1.0,age=1-5,0.2830709218978882,0.2830709218978882,4.656612873077393e-10,0.04296875,0.051990918815135956,0.5312597751617432,2.7684807777404785,-2.598855644464493e-06,0.2830709218978882,0.2830709218978882,0.28300046920776367,training_mechanism_log_batch,results/star_v2_final/resume_300k/SafetyPointGoal1-v0/star_v2/starv2_core_100k_SafetyPointGoal1_v0_selected_star_v2_star_v2_s11/mechanism.csv
SafetyPointGoal1-v0,11,starv2_core_100k_SafetyPointGoal1_v0_selected_star_v2_star_v2_s11,205000,1.0,age=1-5,0.2763090133666992,0.2763090133666992,0.0,0.0078125,0.04782715439796448,0.5300694108009338,2.766660213470459,-2.398737706243992e-06,0.2763090133666992,0.2763090133666992,0.2760242223739624,training_mechanism_log_batch,results/star_v2_final/resume_300k/SafetyPointGoal1-v0/star_v2/starv2_core_100k_SafetyPointGoal1_v0_selected_star_v2_star_v2_s11/mechanism.csv
SafetyPointGoal1-v0,11,starv2_core_100k_SafetyPointGoal1_v0_selected_star_v2_star_v2_s11,210000,1.0,age=1-5,0.2986656427383423,0.2986656427383423,3.2014213502407074e-10,0.0234375,0.05359986424446106,0.5312094688415527,2.765202522277832,-2.4230685085058212e-06,0.2986656427383423,0.2986656427383423,0.2983180284500122,training_mechanism_log_batch,results/star_v2_final/resume_300k/SafetyPointGoal1-v0/star_v2/starv2_core_100k_SafetyPointGoal1_v0_selected_star_v2_star_v2_s11/mechanism.csv
SafetyPointGoal1-v0,11,starv2_core_100k_SafetyPointGoal1_v0_selected_star_v2_star_v2_s11,215000,1.0,age=1-5,0.31604546308517456,0.31604546308517456,-2.9103830456733704e-10,0.015625,0.06057547777891159,0.5319373607635498,2.7683143615722656,-2.598273567855358e-06,0.31604546308517456,0.31604546308517456,0.3157010078430176,training_mechanism_log_batch,results/star_v2_final/resume_300k/SafetyPointGoal1-v0/star_v2/starv2_core_100k_SafetyPointGoal1_v0_selected_star_v2_star_v2_s11/mechanism.csv
SafetyPointGoal1-v0,11,starv2_core_100k_SafetyPointGoal1_v0_selected_star_v2_star_v2_s11,220000,1.0,age=1-5,0.32610663771629333,0.32610663771629333,-5.820766091346741e-11,0.02734375,0.06474043428897858,0.5318828821182251,2.7624573707580566,-2.439483068883419e-06,0.32610663771629333,0.32610663771629333,0.3255004286766052,training_mechanism_log_batch,results/star_v2_final/resume_300k/SafetyPointGoal1-v0/star_v2/starv2_core_100k_SafetyPointGoal1_v0_selected_star_v2_star_v2_s11/mechanism.csv
SafetyPointGoal1-v0,11,starv2_core_100k_SafetyPointGoal1_v0_selected_star_v2_star_v2_s11,225000,1.0,age=1-5,0.3248600363731384,0.3248600363731384,2.0372681319713593e-10,0.01953125,0.06411314755678177,0.5301501750946045,2.7629826068878174,-2.4725450202822685e-06,0.3248600363731384,0.3248600363731384,0.3244016766548157,training_mechanism_log_batch,results/star_v2_final/resume_300k/SafetyPointGoal1-v0/star_v2/starv2_core_100k_SafetyPointGoal1_v0_selected_star_v2_star_v2_s11/mechanism.csv
SafetyPointGoal1-v0,11,starv2_core_100k_SafetyPointGoal1_v0_selected_star_v2_star_v2_s11,230000,1.0,age=1-5,0.2866485118865967,0.2866485118865967,4.94765117764473e-10,0.015625,0.03424724563956261,0.5315200090408325,2.767406940460205,-2.4402979761362076e-06,0.2866485118865967,0.2866485118865967,0.28631895780563354,training_mechanism_log_batch,results/star_v2_final/resume_300k/SafetyPointGoal1-v0/star_v2/starv2_core_100k_SafetyPointGoal1_v0_selected_star_v2_star_v2_s11/mechanism.csv
SafetyPointGoal1-v0,11,starv2_core_100k_SafetyPointGoal1_v0_selected_star_v2_star_v2_s11,235000,1.0,age=1-5,0.27883073687553406,0.27883073687553406,3.7834979593753815e-10,0.01953125,0.0476112999022007,0.5307498574256897,2.769562244415283,-2.3514730855822563e-06,0.27883073687553406,0.27883073687553406,0.27877748012542725,training_mechanism_log_batch,results/star_v2_final/resume_300k/SafetyPointGoal1-v0/star_v2/starv2_core_100k_SafetyPointGoal1_v0_selected_star_v2_star_v2_s11/mechanism.csv
SafetyPointGoal1-v0,11,starv2_core_100k_SafetyPointGoal1_v0_selected_star_v2_star_v2_s11,240000,1.0,age=1-5,0.3223913311958313,0.3223913311958313,-2.9103830456733704e-10,0.015625,0.06596390902996063,0.5317205190658569,2.7655646800994873,-2.4328473955392838e-06,0.3223913311958313,0.3223913311958313,0.32228535413742065,training_mechanism_log_batch,results/star_v2_final/resume_300k/SafetyPointGoal1-v0/star_v2/starv2_core_100k_SafetyPointGoal1_v0_selected_star_v2_star_v2_s11/mechanism.csv
SafetyPointGoal1-v0,11,starv2_core_100k_SafetyPointGoal1_v0_selected_star_v2_star_v2_s11,245000,1.0,age=1-5,0.2843363285064697,0.2843363285064697,5.529727786779404e-10,0.03125,0.04575705528259277,0.5317432284355164,2.761200428009033,-2.5584595277905464e-06,0.2843363285064697,0.2843363285064697,0.2836763262748718,training_mechanism_log_batch,results/star_v2_final/resume_300k/SafetyPointGoal1-v0/star_v2/starv2_core_100k_SafetyPointGoal1_v0_selected_star_v2_star_v2_s11/mechanism.csv
SafetyPointGoal1-v0,11,starv2_core_100k_SafetyPointGoal1_v0_selected_star_v2_star_v2_s11,250000,1.0,age=1-5,0.30552345514297485,0.30552345514297485,5.529727786779404e-10,0.03125,0.0439629890024662,0.5315531492233276,2.765108346939087,-2.527260221540928e-06,0.30552345514297485,0.30552345514297485,0.3052004277706146,training_mechanism_log_batch,results/star_v2_final/resume_300k/SafetyPointGoal1-v0/star_v2/starv2_core_100k_SafetyPointGoal1_v0_selected_star_v2_star_v2_s11/mechanism.csv
SafetyPointGoal1-v0,11,starv2_core_100k_SafetyPointGoal1_v0_selected_star_v2_star_v2_s11,255000,1.0,age=1-5,0.29772910475730896,0.29772910475730896,4.94765117764473e-10,0.046875,0.04694407060742378,0.5311068892478943,2.7666332721710205,-2.378714270889759e-06,0.29772910475730896,0.29772910475730896,0.2972603738307953,training_mechanism_log_batch,results/star_v2_final/resume_300k/SafetyPointGoal1-v0/star_v2/starv2_core_100k_SafetyPointGoal1_v0_selected_star_v2_star_v2_s11/mechanism.csv
SafetyPointGoal1-v0,11,starv2_core_100k_SafetyPointGoal1_v0_selected_star_v2_star_v2_s11,260000,1.0,age=1-5,0.2803638279438019,0.2803638279438019,8.731149137020111e-11,0.015625,0.0436069630086422,0.5314350128173828,2.76356840133667,-2.2310996428132057e-06,0.2803638279438019,0.2803638279438019,0.27995485067367554,training_mechanism_log_batch,results/star_v2_final/resume_300k/SafetyPointGoal1-v0/star_v2/starv2_core_100k_SafetyPointGoal1_v0_selected_star_v2_star_v2_s11/mechanism.csv
SafetyPointGoal1-v0,11,starv2_core_100k_SafetyPointGoal1_v0_selected_star_v2_star_v2_s11,265000,1.0,age=1-5,0.30046790838241577,0.30046790838241577,0.0,0.015625,0.05308083817362785,0.5301526784896851,2.7660317420959473,-2.4705659598112106e-06,0.30046790838241577,0.30046790838241577,0.30012309551239014,training_mechanism_log_batch,results/star_v2_final/resume_300k/SafetyPointGoal1-v0/star_v2/starv2_core_100k_SafetyPointGoal1_v0_selected_star_v2_star_v2_s11/mechanism.csv
SafetyPointGoal1-v0,11,starv2_core_100k_SafetyPointGoal1_v0_selected_star_v2_star_v2_s11,270000,1.0,age=1-5,0.30312639474868774,0.30312639474868774,-4.0745362639427185e-10,0.01171875,0.050451114773750305,0.5317938923835754,2.7635278701782227,-2.354150637984276e-06,0.30312639474868774,0.30312639474868774,0.302276611328125,training_mechanism_log_batch,results/star_v2_final/resume_300k/SafetyPointGoal1-v0/star_v2/starv2_core_100k_SafetyPointGoal1_v0_selected_star_v2_star_v2_s11/mechanism.csv
SafetyPointGoal1-v0,11,starv2_core_100k_SafetyPointGoal1_v0_selected_star_v2_star_v2_s11,275000,1.0,age=1-5,0.2805633246898651,0.2805633246898651,6.984919309616089e-10,0.03125,0.04571043699979782,0.5320240259170532,2.7649612426757812,-2.3582251742482185e-06,0.2805633246898651,0.2805633246898651,0.2803068161010742,training_mechanism_log_batch,results/star_v2_final/resume_300k/SafetyPointGoal1-v0/star_v2/starv2_core_100k_SafetyPointGoal1_v0_selected_star_v2_star_v2_s11/mechanism.csv
SafetyPointGoal1-v0,11,starv2_core_100k_SafetyPointGoal1_v0_selected_star_v2_star_v2_s11,280000,1.0,age=1-5,0.3148205280303955,0.3148205280303955,8.440110832452774e-10,0.02734375,0.06279510259628296,0.5317693948745728,2.764683485031128,-2.295011654496193e-06,0.3148205280303955,0.3148205280303955,0.3144248127937317,training_mechanism_log_batch,results/star_v2_final/resume_300k/SafetyPointGoal1-v0/star_v2/starv2_core_100k_SafetyPointGoal1_v0_selected_star_v2_star_v2_s11/mechanism.csv
SafetyPointGoal1-v0,11,starv2_core_100k_SafetyPointGoal1_v0_selected_star_v2_star_v2_s11,285000,1.0,age=1-5,0.28530433773994446,0.28530433773994446,2.9103830456733704e-11,0.0234375,0.04510238766670227,0.5305286645889282,2.7669100761413574,-2.3730099201202393e-06,0.28530433773994446,0.28530433773994446,0.28516271710395813,training_mechanism_log_batch,results/star_v2_final/resume_300k/SafetyPointGoal1-v0/star_v2/starv2_core_100k_SafetyPointGoal1_v0_selected_star_v2_star_v2_s11/mechanism.csv
SafetyPointGoal1-v0,11,starv2_core_100k_SafetyPointGoal1_v0_selected_star_v2_star_v2_s11,290000,1.0,age=1-5,0.28876030445098877,0.28876030445098877,-2.6193447411060333e-10,0.01171875,0.044305067509412766,0.5316785573959351,2.7665743827819824,-2.5050248950719833e-06,0.28876030445098877,0.28876030445098877,0.288404643535614,training_mechanism_log_batch,results/star_v2_final/resume_300k/SafetyPointGoal1-v0/star_v2/starv2_core_100k_SafetyPointGoal1_v0_selected_star_v2_star_v2_s11/mechanism.csv
SafetyPointGoal1-v0,11,starv2_core_100k_SafetyPointGoal1_v0_selected_star_v2_star_v2_s11,295000,1.0,age=1-5,0.3113716244697571,0.3113716244697571,9.313225746154785e-10,0.02734375,0.05364130064845085,0.5313734412193298,2.7612245082855225,-2.364395186305046e-06,0.3113716244697571,0.3113716244697571,0.31076133251190186,training_mechanism_log_batch,results/star_v2_final/resume_300k/SafetyPointGoal1-v0/star_v2/starv2_core_100k_SafetyPointGoal1_v0_selected_star_v2_star_v2_s11/mechanism.csv
SafetyPointGoal1-v0,12,starv2_core_100k_SafetyPointGoal1_v0_selected_star_v2_star_v2_s12,100000,1.0,age=1-5,0.30228859186172485,0.30228859186172485,2.9103830456733704e-10,0.0234375,0.06242689862847328,0.5317604541778564,2.766145706176758,-2.700136974453926e-06,0.30228859186172485,0.30228859186172485,0.3023071885108948,training_mechanism_log_batch,results/star_v2_final/resume_300k/SafetyPointGoal1-v0/star_v2/starv2_core_100k_SafetyPointGoal1_v0_selected_star_v2_star_v2_s12/mechanism.csv
SafetyPointGoal1-v0,12,starv2_core_100k_SafetyPointGoal1_v0_selected_star_v2_star_v2_s12,105000,1.0,age=1-5,0.31054502725601196,0.31054502725601196,-1.1641532182693481e-10,0.01953125,0.06296990811824799,0.5303342938423157,2.763388156890869,-2.6009511202573776e-06,0.31054502725601196,0.31054502725601196,0.3098723888397217,training_mechanism_log_batch,results/star_v2_final/resume_300k/SafetyPointGoal1-v0/star_v2/starv2_core_100k_SafetyPointGoal1_v0_selected_star_v2_star_v2_s12/mechanism.csv
SafetyPointGoal1-v0,12,starv2_core_100k_SafetyPointGoal1_v0_selected_star_v2_star_v2_s12,110000,1.0,age=1-5,0.2950133979320526,0.2950133979320526,-3.7834979593753815e-10,0.015625,0.05951171740889549,0.5316445231437683,2.764885425567627,-2.7581118047237396e-06,0.2950133979320526,0.2950133979320526,0.2946113348007202,training_mechanism_log_batch,results/star_v2_final/resume_300k/SafetyPointGoal1-v0/star_v2/starv2_core_100k_SafetyPointGoal1_v0_selected_star_v2_star_v2_s12/mechanism.csv
SafetyPointGoal1-v0,12,starv2_core_100k_SafetyPointGoal1_v0_selected_star_v2_star_v2_s12,115000,1.0,age=1-5,0.28332000970840454,0.28332000970840454,7.275957614183426e-11,0.01171875,0.054571665823459625,0.5315498113632202,2.766787528991699,-2.6497291401028633e-06,0.28332000970840454,0.28332000970840454,0.28317561745643616,training_mechanism_log_batch,results/star_v2_final/resume_300k/SafetyPointGoal1-v0/star_v2/starv2_core_100k_SafetyPointGoal1_v0_selected_star_v2_star_v2_s12/mechanism.csv
SafetyPointGoal1-v0,12,starv2_core_100k_SafetyPointGoal1_v0_selected_star_v2_star_v2_s12,120000,1.0,age=1-5,0.262667715549469,0.262667715549469,3.4924596548080444e-10,0.03125,0.0521860346198082,0.5315080881118774,2.768287181854248,-2.584070898592472e-06,0.262667715549469,0.262667715549469,0.2624213397502899,training_mechanism_log_batch,results/star_v2_final/resume_300k/SafetyPointGoal1-v0/star_v2/starv2_core_100k_SafetyPointGoal1_v0_selected_star_v2_star_v2_s12/mechanism.csv
SafetyPointGoal1-v0,12,starv2_core_100k_SafetyPointGoal1_v0_selected_star_v2_star_v2_s12,125000,1.0,age=1-5,0.2784515619277954,0.2784515619277954,-1.4551915228366852e-10,0.01953125,0.05058618262410164,0.5315138101577759,2.7688982486724854,-2.6552006602287292e-06,0.2784515619277954,0.2784515619277954,0.27839988470077515,training_mechanism_log_batch,results/star_v2_final/resume_300k/SafetyPointGoal1-v0/star_v2/starv2_core_100k_SafetyPointGoal1_v0_selected_star_v2_star_v2_s12/mechanism.csv
SafetyPointGoal1-v0,12,starv2_core_100k_SafetyPointGoal1_v0_selected_star_v2_star_v2_s12,130000,1.0,age=1-5,0.25643104314804077,0.25643104314804077,1.7462298274040222e-10,0.015625,0.047915779054164886,0.532153844833374,2.766610622406006,-2.705957740545273e-06,0.25643104314804077,0.25643104314804077,0.2561388611793518,training_mechanism_log_batch,results/star_v2_final/resume_300k/SafetyPointGoal1-v0/star_v2/starv2_core_100k_SafetyPointGoal1_v0_selected_star_v2_star_v2_s12/mechanism.csv
SafetyPointGoal1-v0,12,starv2_core_100k_SafetyPointGoal1_v0_selected_star_v2_star_v2_s12,135000,1.0,age=1-5,0.2774447798728943,0.2774447798728943,-9.89530235528946e-10,0.0078125,0.05181021988391876,0.530792236328125,2.768280506134033,-2.569984644651413e-06,0.2774447798728943,0.2774447798728943,0.27714818716049194,training_mechanism_log_batch,results/star_v2_final/resume_300k/SafetyPointGoal1-v0/star_v2/starv2_core_100k_SafetyPointGoal1_v0_selected_star_v2_star_v2_s12/mechanism.csv
SafetyPointGoal1-v0,12,starv2_core_100k_SafetyPointGoal1_v0_selected_star_v2_star_v2_s12,140000,1.0,age=1-5,0.28902319073677063,0.28902319073677063,5.529727786779404e-10,0.0234375,0.052622050046920776,0.531194806098938,2.7663726806640625,-2.675456926226616e-06,0.28902319073677063,0.28902319073677063,0.2886277437210083,training_mechanism_log_batch,results/star_v2_final/resume_300k/SafetyPointGoal1-v0/star_v2/starv2_core_100k_SafetyPointGoal1_v0_selected_star_v2_star_v2_s12/mechanism.csv
SafetyPointGoal1-v0,12,starv2_core_100k_SafetyPointGoal1_v0_selected_star_v2_star_v2_s12,145000,1.0,age=1-5,0.2882576584815979,0.2882576584815979,-5.820766091346741e-11,0.02734375,0.047921840101480484,0.5325289368629456,2.760236978530884,-2.593034878373146e-06,0.2882576584815979,0.2882576584815979,0.2865746021270752,training_mechanism_log_batch,results/star_v2_final/resume_300k/SafetyPointGoal1-v0/star_v2/starv2_core_100k_SafetyPointGoal1_v0_selected_star_v2_star_v2_s12/mechanism.csv
SafetyPointGoal1-v0,12,starv2_core_100k_SafetyPointGoal1_v0_selected_star_v2_star_v2_s12,150000,1.0,age=1-5,0.31713247299194336,0.31713247299194336,-1.6007106751203537e-09,0.0078125,0.06159241124987602,0.5314465761184692,2.762688398361206,-2.7569476515054703e-06,0.31713247299194336,0.31713247299194336,0.3163972496986389,training_mechanism_log_batch,results/star_v2_final/resume_300k/SafetyPointGoal1-v0/star_v2/starv2_core_100k_SafetyPointGoal1_v0_selected_star_v2_star_v2_s12/mechanism.csv
SafetyPointGoal1-v0,12,starv2_core_100k_SafetyPointGoal1_v0_selected_star_v2_star_v2_s12,155000,1.0,age=1-5,0.3182380795478821,0.3182380795478821,-5.529727786779404e-10,0.01171875,0.06414171308279037,0.5317407846450806,2.7686166763305664,-2.649961970746517e-06,0.3182380795478821,0.3182380795478821,0.31807559728622437,training_mechanism_log_batch,results/star_v2_final/resume_300k/SafetyPointGoal1-v0/star_v2/starv2_core_100k_SafetyPointGoal1_v0_selected_star_v2_star_v2_s12/mechanism.csv
SafetyPointGoal1-v0,12,starv2_core_100k_SafetyPointGoal1_v0_selected_star_v2_star_v2_s12,160000,1.0,age=1-5,0.32550138235092163,0.32550138235092163,-1.1641532182693481e-10,0.0078125,0.06940600275993347,0.5309553146362305,2.7625746726989746,-2.5526387616991997e-06,0.32550138235092163,0.32550138235092163,0.3249463737010956,training_mechanism_log_batch,results/star_v2_final/resume_300k/SafetyPointGoal1-v0/star_v2/starv2_core_100k_SafetyPointGoal1_v0_selected_star_v2_star_v2_s12/mechanism.csv
SafetyPointGoal1-v0,12,starv2_core_100k_SafetyPointGoal1_v0_selected_star_v2_star_v2_s12,165000,1.0,age=1-5,0.3082752823829651,0.3082752823829651,6.693881005048752e-10,0.02734375,0.05521072447299957,0.5313609838485718,2.767050266265869,-2.6940833777189255e-06,0.3082752823829651,0.3082752823829651,0.3079320192337036,training_mechanism_log_batch,results/star_v2_final/resume_300k/SafetyPointGoal1-v0/star_v2/starv2_core_100k_SafetyPointGoal1_v0_selected_star_v2_star_v2_s12/mechanism.csv
SafetyPointGoal1-v0,12,starv2_core_100k_SafetyPointGoal1_v0_selected_star_v2_star_v2_s12,170000,1.0,age=1-5,0.28209319710731506,0.2820931673049927,-4.656612873077393e-10,0.01171875,0.04202502220869064,0.5304887294769287,2.7657861709594727,-2.5919871404767036e-06,0.28209319710731506,0.2820931673049927,0.28174495697021484,training_mechanism_log_batch,results/star_v2_final/resume_300k/SafetyPointGoal1-v0/star_v2/starv2_core_100k_SafetyPointGoal1_v0_selected_star_v2_star_v2_s12/mechanism.csv
SafetyPointGoal1-v0,12,starv2_core_100k_SafetyPointGoal1_v0_selected_star_v2_star_v2_s12,175000,1.0,age=1-5,0.2971578538417816,0.29715782403945923,0.0,0.0078125,0.05234501510858536,0.5322599411010742,2.7657241821289062,-2.49641016125679e-06,0.2971578538417816,0.29715782403945923,0.29686906933784485,training_mechanism_log_batch,results/star_v2_final/resume_300k/SafetyPointGoal1-v0/star_v2/starv2_core_100k_SafetyPointGoal1_v0_selected_star_v2_star_v2_s12/mechanism.csv
SafetyPointGoal1-v0,12,starv2_core_100k_SafetyPointGoal1_v0_selected_star_v2_star_v2_s12,180000,1.0,age=1-5,0.34076741337776184,0.34076741337776184,-3.2014213502407074e-10,0.015625,0.07973956316709518,0.531652569770813,2.7672269344329834,-2.878834493458271e-06,0.34076741337776184,0.34076741337776184,0.34043627977371216,training_mechanism_log_batch,results/star_v2_final/resume_300k/SafetyPointGoal1-v0/star_v2/starv2_core_100k_SafetyPointGoal1_v0_selected_star_v2_star_v2_s12/mechanism.csv
SafetyPointGoal1-v0,12,starv2_core_100k_SafetyPointGoal1_v0_selected_star_v2_star_v2_s12,185000,1.0,age=1-5,0.32965007424354553,0.32965007424354553,1.4842953532934189e-09,0.046875,0.06404564529657364,0.5313417911529541,2.7638187408447266,-2.5653280317783356e-06,0.32965007424354553,0.32965007424354553,0.32908153533935547,training_mechanism_log_batch,results/star_v2_final/resume_300k/SafetyPointGoal1-v0/star_v2/starv2_core_100k_SafetyPointGoal1_v0_selected_star_v2_star_v2_s12/mechanism.csv
SafetyPointGoal1-v0,12,starv2_core_100k_SafetyPointGoal1_v0_selected_star_v2_star_v2_s12,190000,1.0,age=1-5,0.34199780225753784,0.34199780225753784,1.1641532182693481e-10,0.01953125,0.0660875216126442,0.531050980091095,2.7640221118927,-2.5314511731266975e-06,0.34199780225753784,0.34199780225753784,0.34129440784454346,training_mechanism_log_batch,results/star_v2_final/resume_300k/SafetyPointGoal1-v0/star_v2/starv2_core_100k_SafetyPointGoal1_v0_selected_star_v2_star_v2_s12/mechanism.csv
SafetyPointGoal1-v0,12,starv2_core_100k_SafetyPointGoal1_v0_selected_star_v2_star_v2_s12,195000,1.0,age=1-5,0.33264726400375366,0.33264726400375366,-5.820766091346741e-11,0.01953125,0.06359260529279709,0.5315908193588257,2.7580056190490723,-2.382323145866394e-06,0.33264726400375366,0.33264726400375366,0.3316068649291992,training_mechanism_log_batch,results/star_v2_final/resume_300k/SafetyPointGoal1-v0/star_v2/starv2_core_100k_SafetyPointGoal1_v0_selected_star_v2_star_v2_s12/mechanism.csv
SafetyPointGoal1-v0,12,starv2_core_100k_SafetyPointGoal1_v0_selected_star_v2_star_v2_s12,200000,1.0,age=1-5,0.3154158890247345,0.3154158890247345,2.9103830456733704e-11,0.02734375,0.05089703947305679,0.5306879281997681,2.7609734535217285,-2.383952960371971e-06,0.3154158890247345,0.3154158890247345,0.31489241123199463,training_mechanism_log_batch,results/star_v2_final/resume_300k/SafetyPointGoal1-v0/star_v2/starv2_core_100k_SafetyPointGoal1_v0_selected_star_v2_star_v2_s12/mechanism.csv
SafetyPointGoal1-v0,12,starv2_core_100k_SafetyPointGoal1_v0_selected_star_v2_star_v2_s12,205000,1.0,age=1-5,0.32087454199790955,0.32087457180023193,1.1641532182693481e-09,0.05078125,0.06429284811019897,0.5307499170303345,2.758284568786621,-2.399901859462261e-06,0.32087454199790955,0.32087457180023193,0.3199861943721771,training_mechanism_log_batch,results/star_v2_final/resume_300k/SafetyPointGoal1-v0/star_v2/starv2_core_100k_SafetyPointGoal1_v0_selected_star_v2_star_v2_s12/mechanism.csv
SafetyPointGoal1-v0,12,starv2_core_100k_SafetyPointGoal1_v0_selected_star_v2_star_v2_s12,210000,1.0,age=1-5,0.3190562427043915,0.3190562427043915,5.820766091346741e-11,0.0390625,0.05956358090043068,0.5305367112159729,2.753922939300537,-2.398388460278511e-06,0.3190562427043915,0.3190562427043915,0.317887544631958,training_mechanism_log_batch,results/star_v2_final/resume_300k/SafetyPointGoal1-v0/star_v2/starv2_core_100k_SafetyPointGoal1_v0_selected_star_v2_star_v2_s12/mechanism.csv
SafetyPointGoal1-v0,12,starv2_core_100k_SafetyPointGoal1_v0_selected_star_v2_star_v2_s12,215000,1.0,age=1-5,0.3198659420013428,0.3198659420013428,-8.731149137020111e-11,0.01171875,0.061558689922094345,0.530224621295929,2.762988805770874,-2.3437896743416786e-06,0.3198659420013428,0.3198659420013428,0.31951668858528137,training_mechanism_log_batch,results/star_v2_final/resume_300k/SafetyPointGoal1-v0/star_v2/starv2_core_100k_SafetyPointGoal1_v0_selected_star_v2_star_v2_s12/mechanism.csv
SafetyPointGoal1-v0,12,starv2_core_100k_SafetyPointGoal1_v0_selected_star_v2_star_v2_s12,220000,1.0,age=1-5,0.3127118647098541,0.3127118647098541,-7.8580342233181e-10,0.0078125,0.057356253266334534,0.5296401977539062,2.760242223739624,-2.467771992087364e-06,0.3127118647098541,0.3127118647098541,0.31116366386413574,training_mechanism_log_batch,results/star_v2_final/resume_300k/SafetyPointGoal1-v0/star_v2/starv2_core_100k_SafetyPointGoal1_v0_selected_star_v2_star_v2_s12/mechanism.csv
SafetyPointGoal1-v0,12,starv2_core_100k_SafetyPointGoal1_v0_selected_star_v2_star_v2_s12,225000,1.0,age=1-5,0.3279879093170166,0.3279879093170166,-4.656612873077393e-10,0.015625,0.0661957859992981,0.5304009914398193,2.7656593322753906,-2.4011824280023575e-06,0.3279879093170166,0.3279879093170166,0.3275883197784424,training_mechanism_log_batch,results/star_v2_final/resume_300k/SafetyPointGoal1-v0/star_v2/starv2_core_100k_SafetyPointGoal1_v0_selected_star_v2_star_v2_s12/mechanism.csv
SafetyPointGoal1-v0,12,starv2_core_100k_SafetyPointGoal1_v0_selected_star_v2_star_v2_s12,230000,1.0,age=1-5,0.30623725056648254,0.30623725056648254,4.0745362639427185e-10,0.0234375,0.059712138026952744,0.530933678150177,2.766972303390503,-2.2617168724536896e-06,0.30623725056648254,0.30623725056648254,0.30591684579849243,training_mechanism_log_batch,results/star_v2_final/resume_300k/SafetyPointGoal1-v0/star_v2/starv2_core_100k_SafetyPointGoal1_v0_selected_star_v2_star_v2_s12/mechanism.csv
SafetyPointGoal1-v0,12,starv2_core_100k_SafetyPointGoal1_v0_selected_star_v2_star_v2_s12,235000,1.0,age=1-5,0.3036857545375824,0.3036857545375824,0.0,0.02734375,0.051367152482271194,0.5319585800170898,2.7649455070495605,-2.4085165932774544e-06,0.3036857545375824,0.3036857545375824,0.30305492877960205,training_mechanism_log_batch,results/star_v2_final/resume_300k/SafetyPointGoal1-v0/star_v2/starv2_core_100k_SafetyPointGoal1_v0_selected_star_v2_star_v2_s12/mechanism.csv
SafetyPointGoal1-v0,12,starv2_core_100k_SafetyPointGoal1_v0_selected_star_v2_star_v2_s12,240000,1.0,age=1-5,0.30809128284454346,0.30809128284454346,-2.3283064365386963e-10,0.0078125,0.05093051865696907,0.531164288520813,2.7669119834899902,-2.439715899527073e-06,0.30809128284454346,0.30809128284454346,0.3077579736709595,training_mechanism_log_batch,results/star_v2_final/resume_300k/SafetyPointGoal1-v0/star_v2/starv2_core_100k_SafetyPointGoal1_v0_selected_star_v2_star_v2_s12/mechanism.csv
SafetyPointGoal1-v0,12,starv2_core_100k_SafetyPointGoal1_v0_selected_star_v2_star_v2_s12,245000,1.0,age=1-5,0.34046998620033264,0.34046998620033264,-1.1641532182693481e-10,0.0078125,0.07811194658279419,0.5310717821121216,2.7662250995635986,-2.329004928469658e-06,0.34046998620033264,0.34046998620033264,0.340130090713501,training_mechanism_log_batch,results/star_v2_final/resume_300k/SafetyPointGoal1-v0/star_v2/starv2_core_100k_SafetyPointGoal1_v0_selected_star_v2_star_v2_s12/mechanism.csv
SafetyPointGoal1-v0,12,starv2_core_100k_SafetyPointGoal1_v0_selected_star_v2_star_v2_s12,250000,1.0,age=1-5,0.3357827663421631,0.3357827663421631,1.7462298274040222e-10,0.03125,0.06627575308084488,0.5324855446815491,2.7633821964263916,-2.2400636225938797e-06,0.3357827663421631,0.3357827663421631,0.3356097936630249,training_mechanism_log_batch,results/star_v2_final/resume_300k/SafetyPointGoal1-v0/star_v2/starv2_core_100k_SafetyPointGoal1_v0_selected_star_v2_star_v2_s12/mechanism.csv
SafetyPointGoal1-v0,12,starv2_core_100k_SafetyPointGoal1_v0_selected_star_v2_star_v2_s12,255000,1.0,age=1-5,0.3243696689605713,0.3243696689605713,-1.4551915228366852e-10,0.01953125,0.06338661909103394,0.5296176671981812,2.7618327140808105,-2.342858351767063e-06,0.3243696689605713,0.3243696689605713,0.3235762119293213,training_mechanism_log_batch,results/star_v2_final/resume_300k/SafetyPointGoal1-v0/star_v2/starv2_core_100k_SafetyPointGoal1_v0_selected_star_v2_star_v2_s12/mechanism.csv
SafetyPointGoal1-v0,12,starv2_core_100k_SafetyPointGoal1_v0_selected_star_v2_star_v2_s12,100000,1.0,age=1-5,0.30228859186172485,0.30228859186172485,2.9103830456733704e-10,0.0234375,0.06242689862847328,0.5317604541778564,2.766145706176758,-2.700136974453926e-06,0.30228859186172485,0.30228859186172485,0.3023071885108948,training_mechanism_log_batch,results/star_v2_final/resume_300k/SafetyPointGoal1-v0/star_v2/starv2_core_100k_SafetyPointGoal1_v0_selected_star_v2_star_v2_s12/mechanism.csv
SafetyPointGoal1-v0,12,starv2_core_100k_SafetyPointGoal1_v0_selected_star_v2_star_v2_s12,105000,1.0,age=1-5,0.31054502725601196,0.31054502725601196,-1.1641532182693481e-10,0.01953125,0.06296990811824799,0.5303342938423157,2.763388156890869,-2.6009511202573776e-06,0.31054502725601196,0.31054502725601196,0.3098723888397217,training_mechanism_log_batch,results/star_v2_final/resume_300k/SafetyPointGoal1-v0/star_v2/starv2_core_100k_SafetyPointGoal1_v0_selected_star_v2_star_v2_s12/mechanism.csv
SafetyPointGoal1-v0,12,starv2_core_100k_SafetyPointGoal1_v0_selected_star_v2_star_v2_s12,110000,1.0,age=1-5,0.2950133979320526,0.2950133979320526,-3.7834979593753815e-10,0.015625,0.05951171740889549,0.5316445231437683,2.764885425567627,-2.7581118047237396e-06,0.2950133979320526,0.2950133979320526,0.2946113348007202,training_mechanism_log_batch,results/star_v2_final/resume_300k/SafetyPointGoal1-v0/star_v2/starv2_core_100k_SafetyPointGoal1_v0_selected_star_v2_star_v2_s12/mechanism.csv
SafetyPointGoal1-v0,12,starv2_core_100k_SafetyPointGoal1_v0_selected_star_v2_star_v2_s12,115000,1.0,age=1-5,0.28332000970840454,0.28332000970840454,7.275957614183426e-11,0.01171875,0.054571665823459625,0.5315498113632202,2.766787528991699,-2.6497291401028633e-06,0.28332000970840454,0.28332000970840454,0.28317561745643616,training_mechanism_log_batch,results/star_v2_final/resume_300k/SafetyPointGoal1-v0/star_v2/starv2_core_100k_SafetyPointGoal1_v0_selected_star_v2_star_v2_s12/mechanism.csv
SafetyPointGoal1-v0,12,starv2_core_100k_SafetyPointGoal1_v0_selected_star_v2_star_v2_s12,120000,1.0,age=1-5,0.262667715549469,0.262667715549469,3.4924596548080444e-10,0.03125,0.0521860346198082,0.5315080881118774,2.768287181854248,-2.584070898592472e-06,0.262667715549469,0.262667715549469,0.2624213397502899,training_mechanism_log_batch,results/star_v2_final/resume_300k/SafetyPointGoal1-v0/star_v2/starv2_core_100k_SafetyPointGoal1_v0_selected_star_v2_star_v2_s12/mechanism.csv
SafetyPointGoal1-v0,12,starv2_core_100k_SafetyPointGoal1_v0_selected_star_v2_star_v2_s12,125000,1.0,age=1-5,0.2784515619277954,0.2784515619277954,-1.4551915228366852e-10,0.01953125,0.05058618262410164,0.5315138101577759,2.7688982486724854,-2.6552006602287292e-06,0.2784515619277954,0.2784515619277954,0.27839988470077515,training_mechanism_log_batch,results/star_v2_final/resume_300k/SafetyPointGoal1-v0/star_v2/starv2_core_100k_SafetyPointGoal1_v0_selected_star_v2_star_v2_s12/mechanism.csv
SafetyPointGoal1-v0,12,starv2_core_100k_SafetyPointGoal1_v0_selected_star_v2_star_v2_s12,130000,1.0,age=1-5,0.25643104314804077,0.25643104314804077,1.7462298274040222e-10,0.015625,0.047915779054164886,0.532153844833374,2.766610622406006,-2.705957740545273e-06,0.25643104314804077,0.25643104314804077,0.2561388611793518,training_mechanism_log_batch,results/star_v2_final/resume_300k/SafetyPointGoal1-v0/star_v2/starv2_core_100k_SafetyPointGoal1_v0_selected_star_v2_star_v2_s12/mechanism.csv
SafetyPointGoal1-v0,12,starv2_core_100k_SafetyPointGoal1_v0_selected_star_v2_star_v2_s12,135000,1.0,age=1-5,0.2774447798728943,0.2774447798728943,-9.89530235528946e-10,0.0078125,0.05181021988391876,0.530792236328125,2.768280506134033,-2.569984644651413e-06,0.2774447798728943,0.2774447798728943,0.27714818716049194,training_mechanism_log_batch,results/star_v2_final/resume_300k/SafetyPointGoal1-v0/star_v2/starv2_core_100k_SafetyPointGoal1_v0_selected_star_v2_star_v2_s12/mechanism.csv
SafetyPointGoal1-v0,12,starv2_core_100k_SafetyPointGoal1_v0_selected_star_v2_star_v2_s12,140000,1.0,age=1-5,0.28902319073677063,0.28902319073677063,5.529727786779404e-10,0.0234375,0.052622050046920776,0.531194806098938,2.7663726806640625,-2.675456926226616e-06,0.28902319073677063,0.28902319073677063,0.2886277437210083,training_mechanism_log_batch,results/star_v2_final/resume_300k/SafetyPointGoal1-v0/star_v2/starv2_core_100k_SafetyPointGoal1_v0_selected_star_v2_star_v2_s12/mechanism.csv
SafetyPointGoal1-v0,12,starv2_core_100k_SafetyPointGoal1_v0_selected_star_v2_star_v2_s12,145000,1.0,age=1-5,0.2882576584815979,0.2882576584815979,-5.820766091346741e-11,0.02734375,0.047921840101480484,0.5325289368629456,2.760236978530884,-2.593034878373146e-06,0.2882576584815979,0.2882576584815979,0.2865746021270752,training_mechanism_log_batch,results/star_v2_final/resume_300k/SafetyPointGoal1-v0/star_v2/starv2_core_100k_SafetyPointGoal1_v0_selected_star_v2_star_v2_s12/mechanism.csv
SafetyPointGoal1-v0,12,starv2_core_100k_SafetyPointGoal1_v0_selected_star_v2_star_v2_s12,150000,1.0,age=1-5,0.31713247299194336,0.31713247299194336,-1.6007106751203537e-09,0.0078125,0.06159241124987602,0.5314465761184692,2.762688398361206,-2.7569476515054703e-06,0.31713247299194336,0.31713247299194336,0.3163972496986389,training_mechanism_log_batch,results/star_v2_final/resume_300k/SafetyPointGoal1-v0/star_v2/starv2_core_100k_SafetyPointGoal1_v0_selected_star_v2_star_v2_s12/mechanism.csv
SafetyPointGoal1-v0,12,starv2_core_100k_SafetyPointGoal1_v0_selected_star_v2_star_v2_s12,155000,1.0,age=1-5,0.3182380795478821,0.3182380795478821,-5.529727786779404e-10,0.01171875,0.06414171308279037,0.5317407846450806,2.7686166763305664,-2.649961970746517e-06,0.3182380795478821,0.3182380795478821,0.31807559728622437,training_mechanism_log_batch,results/star_v2_final/resume_300k/SafetyPointGoal1-v0/star_v2/starv2_core_100k_SafetyPointGoal1_v0_selected_star_v2_star_v2_s12/mechanism.csv
SafetyPointGoal1-v0,12,starv2_core_100k_SafetyPointGoal1_v0_selected_star_v2_star_v2_s12,160000,1.0,age=1-5,0.32550138235092163,0.32550138235092163,-1.1641532182693481e-10,0.0078125,0.06940600275993347,0.5309553146362305,2.7625746726989746,-2.5526387616991997e-06,0.32550138235092163,0.32550138235092163,0.3249463737010956,training_mechanism_log_batch,results/star_v2_final/resume_300k/SafetyPointGoal1-v0/star_v2/starv2_core_100k_SafetyPointGoal1_v0_selected_star_v2_star_v2_s12/mechanism.csv
SafetyPointGoal1-v0,12,starv2_core_100k_SafetyPointGoal1_v0_selected_star_v2_star_v2_s12,165000,1.0,age=1-5,0.3082752823829651,0.3082752823829651,6.693881005048752e-10,0.02734375,0.05521072447299957,0.5313609838485718,2.767050266265869,-2.6940833777189255e-06,0.3082752823829651,0.3082752823829651,0.3079320192337036,training_mechanism_log_batch,results/star_v2_final/resume_300k/SafetyPointGoal1-v0/star_v2/starv2_core_100k_SafetyPointGoal1_v0_selected_star_v2_star_v2_s12/mechanism.csv
SafetyPointGoal1-v0,12,starv2_core_100k_SafetyPointGoal1_v0_selected_star_v2_star_v2_s12,170000,1.0,age=1-5,0.28209319710731506,0.2820931673049927,-4.656612873077393e-10,0.01171875,0.04202502220869064,0.5304887294769287,2.7657861709594727,-2.5919871404767036e-06,0.28209319710731506,0.2820931673049927,0.28174495697021484,training_mechanism_log_batch,results/star_v2_final/resume_300k/SafetyPointGoal1-v0/star_v2/starv2_core_100k_SafetyPointGoal1_v0_selected_star_v2_star_v2_s12/mechanism.csv
SafetyPointGoal1-v0,12,starv2_core_100k_SafetyPointGoal1_v0_selected_star_v2_star_v2_s12,175000,1.0,age=1-5,0.2971578538417816,0.29715782403945923,0.0,0.0078125,0.05234501510858536,0.5322599411010742,2.7657241821289062,-2.49641016125679e-06,0.2971578538417816,0.29715782403945923,0.29686906933784485,training_mechanism_log_batch,results/star_v2_final/resume_300k/SafetyPointGoal1-v0/star_v2/starv2_core_100k_SafetyPointGoal1_v0_selected_star_v2_star_v2_s12/mechanism.csv
SafetyPointGoal1-v0,12,starv2_core_100k_SafetyPointGoal1_v0_selected_star_v2_star_v2_s12,180000,1.0,age=1-5,0.34076741337776184,0.34076741337776184,-3.2014213502407074e-10,0.015625,0.07973956316709518,0.531652569770813,2.7672269344329834,-2.878834493458271e-06,0.34076741337776184,0.34076741337776184,0.34043627977371216,training_mechanism_log_batch,results/star_v2_final/resume_300k/SafetyPointGoal1-v0/star_v2/starv2_core_100k_SafetyPointGoal1_v0_selected_star_v2_star_v2_s12/mechanism.csv
SafetyPointGoal1-v0,12,starv2_core_100k_SafetyPointGoal1_v0_selected_star_v2_star_v2_s12,185000,1.0,age=1-5,0.32965007424354553,0.32965007424354553,1.4842953532934189e-09,0.046875,0.06404564529657364,0.5313417911529541,2.7638187408447266,-2.5653280317783356e-06,0.32965007424354553,0.32965007424354553,0.32908153533935547,training_mechanism_log_batch,results/star_v2_final/resume_300k/SafetyPointGoal1-v0/star_v2/starv2_core_100k_SafetyPointGoal1_v0_selected_star_v2_star_v2_s12/mechanism.csv
SafetyPointGoal1-v0,12,starv2_core_100k_SafetyPointGoal1_v0_selected_star_v2_star_v2_s12,190000,1.0,age=1-5,0.34199780225753784,0.34199780225753784,1.1641532182693481e-10,0.01953125,0.0660875216126442,0.531050980091095,2.7640221118927,-2.5314511731266975e-06,0.34199780225753784,0.34199780225753784,0.34129440784454346,training_mechanism_log_batch,results/star_v2_final/resume_300k/SafetyPointGoal1-v0/star_v2/starv2_core_100k_SafetyPointGoal1_v0_selected_star_v2_star_v2_s12/mechanism.csv
SafetyPointGoal1-v0,12,starv2_core_100k_SafetyPointGoal1_v0_selected_star_v2_star_v2_s12,195000,1.0,age=1-5,0.33264726400375366,0.33264726400375366,-5.820766091346741e-11,0.01953125,0.06359260529279709,0.5315908193588257,2.7580056190490723,-2.382323145866394e-06,0.33264726400375366,0.33264726400375366,0.3316068649291992,training_mechanism_log_batch,results/star_v2_final/resume_300k/SafetyPointGoal1-v0/star_v2/starv2_core_100k_SafetyPointGoal1_v0_selected_star_v2_star_v2_s12/mechanism.csv
SafetyPointGoal1-v0,12,starv2_core_100k_SafetyPointGoal1_v0_selected_star_v2_star_v2_s12,200000,1.0,age=1-5,0.3154158890247345,0.3154158890247345,2.9103830456733704e-11,0.02734375,0.05089703947305679,0.5306879281997681,2.7609734535217285,-2.383952960371971e-06,0.3154158890247345,0.3154158890247345,0.31489241123199463,training_mechanism_log_batch,results/star_v2_final/resume_300k/SafetyPointGoal1-v0/star_v2/starv2_core_100k_SafetyPointGoal1_v0_selected_star_v2_star_v2_s12/mechanism.csv
SafetyPointGoal1-v0,12,starv2_core_100k_SafetyPointGoal1_v0_selected_star_v2_star_v2_s12,205000,1.0,age=1-5,0.32087454199790955,0.32087457180023193,1.1641532182693481e-09,0.05078125,0.06429284811019897,0.5307499170303345,2.758284568786621,-2.399901859462261e-06,0.32087454199790955,0.32087457180023193,0.3199861943721771,training_mechanism_log_batch,results/star_v2_final/resume_300k/SafetyPointGoal1-v0/star_v2/starv2_core_100k_SafetyPointGoal1_v0_selected_star_v2_star_v2_s12/mechanism.csv
SafetyPointGoal1-v0,12,starv2_core_100k_SafetyPointGoal1_v0_selected_star_v2_star_v2_s12,210000,1.0,age=1-5,0.3190562427043915,0.3190562427043915,5.820766091346741e-11,0.0390625,0.05956358090043068,0.5305367112159729,2.753922939300537,-2.398388460278511e-06,0.3190562427043915,0.3190562427043915,0.317887544631958,training_mechanism_log_batch,results/star_v2_final/resume_300k/SafetyPointGoal1-v0/star_v2/starv2_core_100k_SafetyPointGoal1_v0_selected_star_v2_star_v2_s12/mechanism.csv
SafetyPointGoal1-v0,12,starv2_core_100k_SafetyPointGoal1_v0_selected_star_v2_star_v2_s12,215000,1.0,age=1-5,0.3198659420013428,0.3198659420013428,-8.731149137020111e-11,0.01171875,0.061558689922094345,0.530224621295929,2.762988805770874,-2.3437896743416786e-06,0.3198659420013428,0.3198659420013428,0.31951668858528137,training_mechanism_log_batch,results/star_v2_final/resume_300k/SafetyPointGoal1-v0/star_v2/starv2_core_100k_SafetyPointGoal1_v0_selected_star_v2_star_v2_s12/mechanism.csv
SafetyPointGoal1-v0,12,starv2_core_100k_SafetyPointGoal1_v0_selected_star_v2_star_v2_s12,220000,1.0,age=1-5,0.3127118647098541,0.3127118647098541,-7.8580342233181e-10,0.0078125,0.057356253266334534,0.5296401977539062,2.760242223739624,-2.467771992087364e-06,0.3127118647098541,0.3127118647098541,0.31116366386413574,training_mechanism_log_batch,results/star_v2_final/resume_300k/SafetyPointGoal1-v0/star_v2/starv2_core_100k_SafetyPointGoal1_v0_selected_star_v2_star_v2_s12/mechanism.csv
SafetyPointGoal1-v0,12,starv2_core_100k_SafetyPointGoal1_v0_selected_star_v2_star_v2_s12,225000,1.0,age=1-5,0.3279879093170166,0.3279879093170166,-4.656612873077393e-10,0.015625,0.0661957859992981,0.5304009914398193,2.7656593322753906,-2.4011824280023575e-06,0.3279879093170166,0.3279879093170166,0.3275883197784424,training_mechanism_log_batch,results/star_v2_final/resume_300k/SafetyPointGoal1-v0/star_v2/starv2_core_100k_SafetyPointGoal1_v0_selected_star_v2_star_v2_s12/mechanism.csv
SafetyPointGoal1-v0,12,starv2_core_100k_SafetyPointGoal1_v0_selected_star_v2_star_v2_s12,230000,1.0,age=1-5,0.30623725056648254,0.30623725056648254,4.0745362639427185e-10,0.0234375,0.059712138026952744,0.530933678150177,2.766972303390503,-2.2617168724536896e-06,0.30623725056648254,0.30623725056648254,0.30591684579849243,training_mechanism_log_batch,results/star_v2_final/resume_300k/SafetyPointGoal1-v0/star_v2/starv2_core_100k_SafetyPointGoal1_v0_selected_star_v2_star_v2_s12/mechanism.csv
SafetyPointGoal1-v0,12,starv2_core_100k_SafetyPointGoal1_v0_selected_star_v2_star_v2_s12,235000,1.0,age=1-5,0.3036857545375824,0.3036857545375824,0.0,0.02734375,0.051367152482271194,0.5319585800170898,2.7649455070495605,-2.4085165932774544e-06,0.3036857545375824,0.3036857545375824,0.30305492877960205,training_mechanism_log_batch,results/star_v2_final/resume_300k/SafetyPointGoal1-v0/star_v2/starv2_core_100k_SafetyPointGoal1_v0_selected_star_v2_star_v2_s12/mechanism.csv
SafetyPointGoal1-v0,12,starv2_core_100k_SafetyPointGoal1_v0_selected_star_v2_star_v2_s12,240000,1.0,age=1-5,0.30809128284454346,0.30809128284454346,-2.3283064365386963e-10,0.0078125,0.05093051865696907,0.531164288520813,2.7669119834899902,-2.439715899527073e-06,0.30809128284454346,0.30809128284454346,0.3077579736709595,training_mechanism_log_batch,results/star_v2_final/resume_300k/SafetyPointGoal1-v0/star_v2/starv2_core_100k_SafetyPointGoal1_v0_selected_star_v2_star_v2_s12/mechanism.csv
SafetyPointGoal1-v0,12,starv2_core_100k_SafetyPointGoal1_v0_selected_star_v2_star_v2_s12,245000,1.0,age=1-5,0.34046998620033264,0.34046998620033264,-1.1641532182693481e-10,0.0078125,0.07811194658279419,0.5310717821121216,2.7662250995635986,-2.329004928469658e-06,0.34046998620033264,0.34046998620033264,0.340130090713501,training_mechanism_log_batch,results/star_v2_final/resume_300k/SafetyPointGoal1-v0/star_v2/starv2_core_100k_SafetyPointGoal1_v0_selected_star_v2_star_v2_s12/mechanism.csv
SafetyPointGoal1-v0,12,starv2_core_100k_SafetyPointGoal1_v0_selected_star_v2_star_v2_s12,250000,1.0,age=1-5,0.3357827663421631,0.3357827663421631,1.7462298274040222e-10,0.03125,0.06627575308084488,0.5324855446815491,2.7633821964263916,-2.2400636225938797e-06,0.3357827663421631,0.3357827663421631,0.3356097936630249,training_mechanism_log_batch,results/star_v2_final/resume_300k/SafetyPointGoal1-v0/star_v2/starv2_core_100k_SafetyPointGoal1_v0_selected_star_v2_star_v2_s12/mechanism.csv
SafetyPointGoal1-v0,12,starv2_core_100k_SafetyPointGoal1_v0_selected_star_v2_star_v2_s12,255000,1.0,age=1-5,0.3243696689605713,0.3243696689605713,-1.4551915228366852e-10,0.01953125,0.06338661909103394,0.5296176671981812,2.7618327140808105,-2.342858351767063e-06,0.3243696689605713,0.3243696689605713,0.3235762119293213,training_mechanism_log_batch,results/star_v2_final/resume_300k/SafetyPointGoal1-v0/star_v2/starv2_core_100k_SafetyPointGoal1_v0_selected_star_v2_star_v2_s12/mechanism.csv
SafetyPointGoal1-v0,12,starv2_core_100k_SafetyPointGoal1_v0_selected_star_v2_star_v2_s12,260000,1.0,age=1-5,0.3010161519050598,0.3010161519050598,-5.238689482212067e-10,0.0234375,0.04880936071276665,0.5311141014099121,2.757657527923584,-2.2032763808965683e-06,0.3010161519050598,0.3010161519050598,0.30039864778518677,training_mechanism_log_batch,results/star_v2_final/resume_300k/SafetyPointGoal1-v0/star_v2/starv2_core_100k_SafetyPointGoal1_v0_selected_star_v2_star_v2_s12/mechanism.csv
SafetyPointGoal1-v0,12,starv2_core_100k_SafetyPointGoal1_v0_selected_star_v2_star_v2_s12,265000,1.0,age=1-5,0.3176112174987793,0.3176112174987793,-5.820766091346741e-11,0.0078125,0.06233282759785652,0.5319808125495911,2.7655019760131836,-2.3068860173225403e-06,0.3176112174987793,0.3176112174987793,0.3169606924057007,training_mechanism_log_batch,results/star_v2_final/resume_300k/SafetyPointGoal1-v0/star_v2/starv2_core_100k_SafetyPointGoal1_v0_selected_star_v2_star_v2_s12/mechanism.csv
SafetyPointGoal1-v0,12,starv2_core_100k_SafetyPointGoal1_v0_selected_star_v2_star_v2_s12,270000,1.0,age=1-5,0.3119000792503357,0.3119000792503357,-3.4924596548080444e-10,0.01953125,0.05257634073495865,0.5305007100105286,2.759434700012207,-2.3477477952837944e-06,0.3119000792503357,0.3119000792503357,0.3114486336708069,training_mechanism_log_batch,results/star_v2_final/resume_300k/SafetyPointGoal1-v0/star_v2/starv2_core_100k_SafetyPointGoal1_v0_selected_star_v2_star_v2_s12/mechanism.csv
SafetyPointGoal1-v0,12,starv2_core_100k_SafetyPointGoal1_v0_selected_star_v2_star_v2_s12,275000,1.0,age=1-5,0.32983800768852234,0.32983800768852234,-5.820766091346741e-11,0.03515625,0.05461633950471878,0.5320589542388916,2.7613627910614014,-2.394546754658222e-06,0.32983800768852234,0.32983800768852234,0.32881781458854675,training_mechanism_log_batch,results/star_v2_final/resume_300k/SafetyPointGoal1-v0/star_v2/starv2_core_100k_SafetyPointGoal1_v0_selected_star_v2_star_v2_s12/mechanism.csv
SafetyPointGoal1-v0,12,starv2_core_100k_SafetyPointGoal1_v0_selected_star_v2_star_v2_s12,280000,1.0,age=1-5,0.29498353600502014,0.29498353600502014,6.402842700481415e-10,0.0234375,0.04571946710348129,0.5313386917114258,2.7636871337890625,-2.3030443117022514e-06,0.29498353600502014,0.29498353600502014,0.29469141364097595,training_mechanism_log_batch,results/star_v2_final/resume_300k/SafetyPointGoal1-v0/star_v2/starv2_core_100k_SafetyPointGoal1_v0_selected_star_v2_star_v2_s12/mechanism.csv
SafetyPointGoal1-v0,12,starv2_core_100k_SafetyPointGoal1_v0_selected_star_v2_star_v2_s12,285000,1.0,age=1-5,0.3400612473487854,0.340061217546463,-3.4924596548080444e-10,0.015625,0.0682065561413765,0.5308363437652588,2.7589797973632812,-2.3865140974521637e-06,0.3400612473487854,0.340061217546463,0.33867543935775757,training_mechanism_log_batch,results/star_v2_final/resume_300k/SafetyPointGoal1-v0/star_v2/starv2_core_100k_SafetyPointGoal1_v0_selected_star_v2_star_v2_s12/mechanism.csv
SafetyPointGoal1-v0,12,starv2_core_100k_SafetyPointGoal1_v0_selected_star_v2_star_v2_s12,290000,1.0,age=1-5,0.32584255933761597,0.32584255933761597,2.9103830456733704e-10,0.03515625,0.060560889542102814,0.5333381295204163,2.759434938430786,-2.3515895009040833e-06,0.32584255933761597,0.32584255933761597,0.3254914879798889,training_mechanism_log_batch,results/star_v2_final/resume_300k/SafetyPointGoal1-v0/star_v2/starv2_core_100k_SafetyPointGoal1_v0_selected_star_v2_star_v2_s12/mechanism.csv
SafetyPointGoal1-v0,12,starv2_core_100k_SafetyPointGoal1_v0_selected_star_v2_star_v2_s12,295000,1.0,age=1-5,0.3102160096168518,0.3102160096168518,2.9103830456733704e-11,0.015625,0.0522322952747345,0.5309377908706665,2.763031244277954,-2.3444881662726402e-06,0.3102160096168518,0.3102160096168518,0.30960047245025635,training_mechanism_log_batch,results/star_v2_final/resume_300k/SafetyPointGoal1-v0/star_v2/starv2_core_100k_SafetyPointGoal1_v0_selected_star_v2_star_v2_s12/mechanism.csv
SafetyPointGoal1-v0,13,starv2_resume_300k_SafetyPointGoal1_v0_selected_star_v2_star_v2_s13,5000,1.0,age=1-5,5.977066993713379,5.977066993713379,5.587935447692871e-09,0.01171875,5.482818603515625,0.5396101474761963,1.5686055421829224,-3.802124410867691e-07,5.977066993713379,5.977066993713379,5.832297325134277,training_mechanism_log_batch,results/star_v2_final/resume_300k/SafetyPointGoal1-v0/star_v2/starv2_resume_300k_SafetyPointGoal1_v0_selected_star_v2_star_v2_s13/mechanism.csv
SafetyPointGoal1-v0,13,starv2_resume_300k_SafetyPointGoal1_v0_selected_star_v2_star_v2_s13,10000,1.0,age=1-5,0.3769463896751404,0.3769463896751404,4.3655745685100555e-10,0.0390625,0.04406942427158356,0.5331096053123474,2.739935874938965,-6.483169272542e-07,0.3769463896751404,0.3769463896751404,0.3748723566532135,training_mechanism_log_batch,results/star_v2_final/resume_300k/SafetyPointGoal1-v0/star_v2/starv2_resume_300k_SafetyPointGoal1_v0_selected_star_v2_star_v2_s13/mechanism.csv
SafetyPointGoal1-v0,13,starv2_resume_300k_SafetyPointGoal1_v0_selected_star_v2_star_v2_s13,15000,1.0,age=1-5,0.20472925901412964,0.20472925901412964,5.093170329928398e-10,0.0234375,0.03452296182513237,0.5315619111061096,2.759377956390381,-6.566988304257393e-07,0.20472925901412964,0.20472925901412964,0.20415782928466797,training_mechanism_log_batch,results/star_v2_final/resume_300k/SafetyPointGoal1-v0/star_v2/starv2_resume_300k_SafetyPointGoal1_v0_selected_star_v2_star_v2_s13/mechanism.csv
SafetyPointGoal1-v0,13,starv2_resume_300k_SafetyPointGoal1_v0_selected_star_v2_star_v2_s13,20000,1.0,age=1-5,0.15478813648223877,0.15478813648223877,3.637978807091713e-10,0.0390625,0.02953137829899788,0.5317286849021912,2.758298873901367,-7.638009265065193e-07,0.15478813648223877,0.15478813648223877,0.15433204174041748,training_mechanism_log_batch,results/star_v2_final/resume_300k/SafetyPointGoal1-v0/star_v2/starv2_resume_300k_SafetyPointGoal1_v0_selected_star_v2_star_v2_s13/mechanism.csv
SafetyPointGoal1-v0,13,starv2_resume_300k_SafetyPointGoal1_v0_selected_star_v2_star_v2_s13,25000,1.0,age=1-5,0.15962035953998566,0.15962035953998566,2.1827872842550278e-10,0.03515625,0.04400039464235306,0.5321614742279053,2.7654218673706055,-1.0149087756872177e-06,0.15962035953998566,0.15962035953998566,0.15932482481002808,training_mechanism_log_batch,results/star_v2_final/resume_300k/SafetyPointGoal1-v0/star_v2/starv2_resume_300k_SafetyPointGoal1_v0_selected_star_v2_star_v2_s13/mechanism.csv
SafetyPointGoal1-v0,13,starv2_resume_300k_SafetyPointGoal1_v0_selected_star_v2_star_v2_s13,30000,1.0,age=1-5,0.1879187971353531,0.1879187971353531,3.92901711165905e-10,0.02734375,0.04102107882499695,0.5309492349624634,2.766510486602783,-1.8214341253042221e-06,0.1879187971353531,0.1879187971353531,0.18792054057121277,training_mechanism_log_batch,results/star_v2_final/resume_300k/SafetyPointGoal1-v0/star_v2/starv2_resume_300k_SafetyPointGoal1_v0_selected_star_v2_star_v2_s13/mechanism.csv
SafetyPointGoal1-v0,13,starv2_resume_300k_SafetyPointGoal1_v0_selected_star_v2_star_v2_s13,35000,1.0,age=1-5,0.22659265995025635,0.22659265995025635,2.1827872842550278e-10,0.01171875,0.04747693985700607,0.5307695865631104,2.765657901763916,-2.168351784348488e-06,0.22659265995025635,0.22659265995025635,0.22647301852703094,training_mechanism_log_batch,results/star_v2_final/resume_300k/SafetyPointGoal1-v0/star_v2/starv2_resume_300k_SafetyPointGoal1_v0_selected_star_v2_star_v2_s13/mechanism.csv
SafetyPointGoal1-v0,13,starv2_resume_300k_SafetyPointGoal1_v0_selected_star_v2_star_v2_s13,40000,1.0,age=1-5,0.22018979489803314,0.22018979489803314,3.4924596548080444e-10,0.0234375,0.04052884131669998,0.531521201133728,2.766951560974121,-2.4476321414113045e-06,0.22018979489803314,0.22018979489803314,0.21977564692497253,training_mechanism_log_batch,results/star_v2_final/resume_300k/SafetyPointGoal1-v0/star_v2/starv2_resume_300k_SafetyPointGoal1_v0_selected_star_v2_star_v2_s13/mechanism.csv
SafetyPointGoal1-v0,13,starv2_resume_300k_SafetyPointGoal1_v0_selected_star_v2_star_v2_s13,45000,1.0,age=1-5,0.18809092044830322,0.18809092044830322,-2.473825588822365e-10,0.0078125,0.0200619176030159,0.5309953093528748,2.7695934772491455,-2.2440217435359955e-06,0.18809092044830322,0.18809092044830322,0.18804804980754852,training_mechanism_log_batch,results/star_v2_final/resume_300k/SafetyPointGoal1-v0/star_v2/starv2_resume_300k_SafetyPointGoal1_v0_selected_star_v2_star_v2_s13/mechanism.csv
SafetyPointGoal1-v0,13,starv2_resume_300k_SafetyPointGoal1_v0_selected_star_v2_star_v2_s13,50000,1.0,age=1-5,0.21706871688365936,0.21706871688365936,-1.1641532182693481e-10,0.00390625,0.03567716106772423,0.5311270356178284,2.7651565074920654,-2.154032699763775e-06,0.21706871688365936,0.21706871688365936,0.21684308350086212,training_mechanism_log_batch,results/star_v2_final/resume_300k/SafetyPointGoal1-v0/star_v2/starv2_resume_300k_SafetyPointGoal1_v0_selected_star_v2_star_v2_s13/mechanism.csv
SafetyPointGoal1-v0,13,starv2_resume_300k_SafetyPointGoal1_v0_selected_star_v2_star_v2_s13,55000,1.0,age=1-5,0.23886078596115112,0.23886078596115112,3.4924596548080444e-10,0.01953125,0.03999387472867966,0.5309854745864868,2.765646457672119,-2.2440217435359955e-06,0.23886078596115112,0.23886078596115112,0.23830346763134003,training_mechanism_log_batch,results/star_v2_final/resume_300k/SafetyPointGoal1-v0/star_v2/starv2_resume_300k_SafetyPointGoal1_v0_selected_star_v2_star_v2_s13/mechanism.csv
SafetyPointGoal1-v0,13,starv2_resume_300k_SafetyPointGoal1_v0_selected_star_v2_star_v2_s13,60000,1.0,age=1-5,0.2548871636390686,0.2548871338367462,4.656612873077393e-10,0.0234375,0.04053018242120743,0.5311828851699829,2.769432783126831,-2.389890141785145e-06,0.2548871636390686,0.2548871338367462,0.25465157628059387,training_mechanism_log_batch,results/star_v2_final/resume_300k/SafetyPointGoal1-v0/star_v2/starv2_resume_300k_SafetyPointGoal1_v0_selected_star_v2_star_v2_s13/mechanism.csv
SafetyPointGoal1-v0,13,starv2_resume_300k_SafetyPointGoal1_v0_selected_star_v2_star_v2_s13,65000,1.0,age=1-5,0.2595844268798828,0.2595844268798828,4.0745362639427185e-10,0.01171875,0.0334618017077446,0.5324153900146484,2.7656803131103516,-2.6550842449069023e-06,0.2595844268798828,0.2595844268798828,0.25906816124916077,training_mechanism_log_batch,results/star_v2_final/resume_300k/SafetyPointGoal1-v0/star_v2/starv2_resume_300k_SafetyPointGoal1_v0_selected_star_v2_star_v2_s13/mechanism.csv
SafetyPointGoal1-v0,13,starv2_resume_300k_SafetyPointGoal1_v0_selected_star_v2_star_v2_s13,70000,1.0,age=1-5,0.2455727756023407,0.2455727756023407,-2.9103830456733704e-11,0.015625,0.0352318175137043,0.5316389799118042,2.766169548034668,-2.7116620913147926e-06,0.2455727756023407,0.2455727756023407,0.24524928629398346,training_mechanism_log_batch,results/star_v2_final/resume_300k/SafetyPointGoal1-v0/star_v2/starv2_resume_300k_SafetyPointGoal1_v0_selected_star_v2_star_v2_s13/mechanism.csv
SafetyPointGoal1-v0,13,starv2_resume_300k_SafetyPointGoal1_v0_selected_star_v2_star_v2_s13,75000,1.0,age=1-5,0.2612743377685547,0.2612743377685547,-3.2014213502407074e-10,0.0078125,0.03907035291194916,0.530542254447937,2.7592852115631104,-2.6065390557050705e-06,0.2612743377685547,0.2612743377685547,0.2607691287994385,training_mechanism_log_batch,results/star_v2_final/resume_300k/SafetyPointGoal1-v0/star_v2/starv2_resume_300k_SafetyPointGoal1_v0_selected_star_v2_star_v2_s13/mechanism.csv
SafetyPointGoal1-v0,13,starv2_resume_300k_SafetyPointGoal1_v0_selected_star_v2_star_v2_s13,80000,1.0,age=1-5,0.27118074893951416,0.27118074893951416,5.820766091346741e-10,0.01171875,0.0364825502038002,0.5316805839538574,2.7642176151275635,-3.0315713956952095e-06,0.27118074893951416,0.27118074893951416,0.2706761360168457,training_mechanism_log_batch,results/star_v2_final/resume_300k/SafetyPointGoal1-v0/star_v2/starv2_resume_300k_SafetyPointGoal1_v0_selected_star_v2_star_v2_s13/mechanism.csv
SafetyPointGoal1-v0,13,starv2_resume_300k_SafetyPointGoal1_v0_selected_star_v2_star_v2_s13,85000,1.0,age=1-5,0.23965778946876526,0.23965778946876526,-2.0372681319713593e-10,0.00390625,0.02510533481836319,0.5311906337738037,2.767597198486328,-3.157183527946472e-06,0.23965778946876526,0.23965778946876526,0.23922725021839142,training_mechanism_log_batch,results/star_v2_final/resume_300k/SafetyPointGoal1-v0/star_v2/starv2_resume_300k_SafetyPointGoal1_v0_selected_star_v2_star_v2_s13/mechanism.csv
SafetyPointGoal1-v0,13,starv2_resume_300k_SafetyPointGoal1_v0_selected_star_v2_star_v2_s13,90000,1.0,age=1-5,0.26596158742904663,0.26596158742904663,-7.8580342233181e-10,0.00390625,0.03768720477819443,0.5281405448913574,2.7556307315826416,-2.7489149942994118e-06,0.26596158742904663,0.26596158742904663,0.2654649615287781,training_mechanism_log_batch,results/star_v2_final/resume_300k/SafetyPointGoal1-v0/star_v2/starv2_resume_300k_SafetyPointGoal1_v0_selected_star_v2_star_v2_s13/mechanism.csv
SafetyPointGoal1-v0,13,starv2_resume_300k_SafetyPointGoal1_v0_selected_star_v2_star_v2_s13,95000,1.0,age=1-5,0.26435163617134094,0.26435163617134094,0.0,0.015625,0.03707218915224075,0.531490683555603,2.767972946166992,-2.951826900243759e-06,0.26435163617134094,0.26435163617134094,0.2639824151992798,training_mechanism_log_batch,results/star_v2_final/resume_300k/SafetyPointGoal1-v0/star_v2/starv2_resume_300k_SafetyPointGoal1_v0_selected_star_v2_star_v2_s13/mechanism.csv
SafetyPointGoal1-v0,13,starv2_resume_300k_SafetyPointGoal1_v0_selected_star_v2_star_v2_s13,100000,1.0,age=1-5,0.26406705379486084,0.26406705379486084,4.94765117764473e-10,0.01953125,0.04152023047208786,0.5317137837409973,2.766892910003662,-3.105727955698967e-06,0.26406705379486084,0.26406705379486084,0.26365408301353455,training_mechanism_log_batch,results/star_v2_final/resume_300k/SafetyPointGoal1-v0/star_v2/starv2_resume_300k_SafetyPointGoal1_v0_selected_star_v2_star_v2_s13/mechanism.csv
SafetyPointGoal1-v0,13,starv2_resume_300k_SafetyPointGoal1_v0_selected_star_v2_star_v2_s13,105000,1.0,age=1-5,0.23508669435977936,0.23508669435977936,3.4924596548080444e-10,0.0234375,0.034384578466415405,0.5317783355712891,2.7690846920013428,-3.2347161322832108e-06,0.23508669435977936,0.23508669435977936,0.23463553190231323,training_mechanism_log_batch,results/star_v2_final/resume_300k/SafetyPointGoal1-v0/star_v2/starv2_resume_300k_SafetyPointGoal1_v0_selected_star_v2_star_v2_s13/mechanism.csv
SafetyPointGoal1-v0,13,starv2_resume_300k_SafetyPointGoal1_v0_selected_star_v2_star_v2_s13,110000,1.0,age=1-5,0.2465287148952484,0.2465287148952484,4.656612873077393e-10,0.015625,0.03721349686384201,0.5321337580680847,2.7648470401763916,-2.825283445417881e-06,0.2465287148952484,0.2465287148952484,0.24626806378364563,training_mechanism_log_batch,results/star_v2_final/resume_300k/SafetyPointGoal1-v0/star_v2/starv2_resume_300k_SafetyPointGoal1_v0_selected_star_v2_star_v2_s13/mechanism.csv
SafetyPointGoal1-v0,13,starv2_resume_300k_SafetyPointGoal1_v0_selected_star_v2_star_v2_s13,115000,1.0,age=1-5,0.24913795292377472,0.24913795292377472,-5.820766091346741e-11,0.01171875,0.03199055790901184,0.5306351184844971,2.7642154693603516,-2.959161065518856e-06,0.24913795292377472,0.24913795292377472,0.2489657998085022,training_mechanism_log_batch,results/star_v2_final/resume_300k/SafetyPointGoal1-v0/star_v2/starv2_resume_300k_SafetyPointGoal1_v0_selected_star_v2_star_v2_s13/mechanism.csv
SafetyPointGoal1-v0,13,starv2_resume_300k_SafetyPointGoal1_v0_selected_star_v2_star_v2_s13,120000,1.0,age=1-5,0.265203595161438,0.265203595161438,4.3655745685100555e-10,0.015625,0.045820966362953186,0.531040370464325,2.7632949352264404,-3.32703348249197e-06,0.265203595161438,0.265203595161438,0.2649485468864441,training_mechanism_log_batch,results/star_v2_final/resume_300k/SafetyPointGoal1-v0/star_v2/starv2_resume_300k_SafetyPointGoal1_v0_selected_star_v2_star_v2_s13/mechanism.csv
SafetyPointGoal1-v0,13,starv2_resume_300k_SafetyPointGoal1_v0_selected_star_v2_star_v2_s13,125000,1.0,age=1-5,0.2685866951942444,0.2685866951942444,2.0372681319713593e-10,0.015625,0.047633469104766846,0.5312380194664001,2.7673747539520264,-3.0141090974211693e-06,0.2685866951942444,0.2685866951942444,0.2680628299713135,training_mechanism_log_batch,results/star_v2_final/resume_300k/SafetyPointGoal1-v0/star_v2/starv2_resume_300k_SafetyPointGoal1_v0_selected_star_v2_star_v2_s13/mechanism.csv
SafetyPointGoal1-v0,13,starv2_resume_300k_SafetyPointGoal1_v0_selected_star_v2_star_v2_s13,130000,1.0,age=1-5,0.2674574851989746,0.2674574851989746,-8.731149137020111e-11,0.01953125,0.04035128653049469,0.5313464999198914,2.767277956008911,-2.923770807683468e-06,0.2674574851989746,0.2674574851989746,0.26743555068969727,training_mechanism_log_batch,results/star_v2_final/resume_300k/SafetyPointGoal1-v0/star_v2/starv2_resume_300k_SafetyPointGoal1_v0_selected_star_v2_star_v2_s13/mechanism.csv
SafetyPointGoal1-v0,13,starv2_resume_300k_SafetyPointGoal1_v0_selected_star_v2_star_v2_s13,135000,1.0,age=1-5,0.25298914313316345,0.25298914313316345,8.731149137020111e-11,0.01171875,0.03574052453041077,0.5316277742385864,2.7691454887390137,-2.882559783756733e-06,0.25298914313316345,0.25298914313316345,0.25296857953071594,training_mechanism_log_batch,results/star_v2_final/resume_300k/SafetyPointGoal1-v0/star_v2/starv2_resume_300k_SafetyPointGoal1_v0_selected_star_v2_star_v2_s13/mechanism.csv
SafetyPointGoal1-v0,13,starv2_resume_300k_SafetyPointGoal1_v0_selected_star_v2_star_v2_s13,140000,1.0,age=1-5,0.324338436126709,0.32433846592903137,4.656612873077393e-10,0.01953125,0.06414809823036194,0.5308893918991089,2.760284185409546,-2.7960631996393204e-06,0.324338436126709,0.32433846592903137,0.32323595881462097,training_mechanism_log_batch,results/star_v2_final/resume_300k/SafetyPointGoal1-v0/star_v2/starv2_resume_300k_SafetyPointGoal1_v0_selected_star_v2_star_v2_s13/mechanism.csv
SafetyPointGoal1-v0,13,starv2_resume_300k_SafetyPointGoal1_v0_selected_star_v2_star_v2_s13,145000,1.0,age=1-5,0.28506532311439514,0.28506532311439514,2.9103830456733704e-10,0.02734375,0.04936869442462921,0.531989574432373,2.7616467475891113,-2.668006345629692e-06,0.28506532311439514,0.28506532311439514,0.2844372093677521,training_mechanism_log_batch,results/star_v2_final/resume_300k/SafetyPointGoal1-v0/star_v2/starv2_resume_300k_SafetyPointGoal1_v0_selected_star_v2_star_v2_s13/mechanism.csv
SafetyPointGoal1-v0,13,starv2_resume_300k_SafetyPointGoal1_v0_selected_star_v2_star_v2_s13,150000,1.0,age=1-5,0.30385640263557434,0.30385640263557434,-3.4924596548080444e-10,0.00390625,0.05606183782219887,0.5310903787612915,2.765439510345459,-2.520275302231312e-06,0.30385640263557434,0.30385640263557434,0.3033349812030792,training_mechanism_log_batch,results/star_v2_final/resume_300k/SafetyPointGoal1-v0/star_v2/starv2_resume_300k_SafetyPointGoal1_v0_selected_star_v2_star_v2_s13/mechanism.csv
SafetyPointGoal1-v0,13,starv2_resume_300k_SafetyPointGoal1_v0_selected_star_v2_star_v2_s13,155000,1.0,age=1-5,0.258502721786499,0.258502721786499,2.0372681319713593e-10,0.015625,0.035119980573654175,0.5311694145202637,2.768937110900879,-2.9313378036022186e-06,0.258502721786499,0.258502721786499,0.25837406516075134,training_mechanism_log_batch,results/star_v2_final/resume_300k/SafetyPointGoal1-v0/star_v2/starv2_resume_300k_SafetyPointGoal1_v0_selected_star_v2_star_v2_s13/mechanism.csv
SafetyPointGoal1-v0,13,starv2_resume_300k_SafetyPointGoal1_v0_selected_star_v2_star_v2_s13,160000,1.0,age=1-5,0.27170512080192566,0.27170512080192566,3.7834979593753815e-10,0.015625,0.04133646562695503,0.5319058895111084,2.764836311340332,-2.7329660952091217e-06,0.27170512080192566,0.27170512080192566,0.2710479497909546,training_mechanism_log_batch,results/star_v2_final/resume_300k/SafetyPointGoal1-v0/star_v2/starv2_resume_300k_SafetyPointGoal1_v0_selected_star_v2_star_v2_s13/mechanism.csv
SafetyPointGoal1-v0,13,starv2_resume_300k_SafetyPointGoal1_v0_selected_star_v2_star_v2_s13,165000,1.0,age=1-5,0.30274322628974915,0.30274322628974915,-7.275957614183426e-10,0.015625,0.056257978081703186,0.5315631628036499,2.763345241546631,-2.75392085313797e-06,0.30274322628974915,0.30274322628974915,0.30202656984329224,training_mechanism_log_batch,results/star_v2_final/resume_300k/SafetyPointGoal1-v0/star_v2/starv2_resume_300k_SafetyPointGoal1_v0_selected_star_v2_star_v2_s13/mechanism.csv
SafetyPointGoal1-v0,13,starv2_resume_300k_SafetyPointGoal1_v0_selected_star_v2_star_v2_s13,170000,1.0,age=1-5,0.2973778545856476,0.2973778545856476,6.111804395914078e-10,0.01953125,0.047999024391174316,0.5308228731155396,2.768507719039917,-2.7032801881432533e-06,0.2973778545856476,0.2973778545856476,0.2970903217792511,training_mechanism_log_batch,results/star_v2_final/resume_300k/SafetyPointGoal1-v0/star_v2/starv2_resume_300k_SafetyPointGoal1_v0_selected_star_v2_star_v2_s13/mechanism.csv
SafetyPointGoal1-v0,13,starv2_resume_300k_SafetyPointGoal1_v0_selected_star_v2_star_v2_s13,175000,1.0,age=1-5,0.2816956639289856,0.2816956639289856,7.275957614183426e-10,0.03515625,0.045120663940906525,0.5313825607299805,2.7660534381866455,-2.8564827516674995e-06,0.2816956639289856,0.2816956639289856,0.28141459822654724,training_mechanism_log_batch,results/star_v2_final/resume_300k/SafetyPointGoal1-v0/star_v2/starv2_resume_300k_SafetyPointGoal1_v0_selected_star_v2_star_v2_s13/mechanism.csv
SafetyPointGoal1-v0,13,starv2_resume_300k_SafetyPointGoal1_v0_selected_star_v2_star_v2_s13,180000,1.0,age=1-5,0.27669835090637207,0.27669835090637207,7.275957614183426e-10,0.0234375,0.042466066777706146,0.5310261845588684,2.767404556274414,-2.646702341735363e-06,0.27669835090637207,0.27669835090637207,0.2765171527862549,training_mechanism_log_batch,results/star_v2_final/resume_300k/SafetyPointGoal1-v0/star_v2/starv2_resume_300k_SafetyPointGoal1_v0_selected_star_v2_star_v2_s13/mechanism.csv
SafetyPointGoal1-v0,13,starv2_resume_300k_SafetyPointGoal1_v0_selected_star_v2_star_v2_s13,185000,1.0,age=1-5,0.29342401027679443,0.29342401027679443,-3.7834979593753815e-10,0.01171875,0.05001850426197052,0.5302029848098755,2.7579867839813232,-2.4205073714256287e-06,0.29342401027679443,0.29342401027679443,0.2923760712146759,training_mechanism_log_batch,results/star_v2_final/resume_300k/SafetyPointGoal1-v0/star_v2/starv2_resume_300k_SafetyPointGoal1_v0_selected_star_v2_star_v2_s13/mechanism.csv
SafetyPointGoal1-v0,13,starv2_resume_300k_SafetyPointGoal1_v0_selected_star_v2_star_v2_s13,190000,1.0,age=1-5,0.29605305194854736,0.29605305194854736,-6.984919309616089e-10,0.00390625,0.05767469480633736,0.5314438939094543,2.7688522338867188,-2.7277274057269096e-06,0.29605305194854736,0.29605305194854736,0.2957409620285034,training_mechanism_log_batch,results/star_v2_final/resume_300k/SafetyPointGoal1-v0/star_v2/starv2_resume_300k_SafetyPointGoal1_v0_selected_star_v2_star_v2_s13/mechanism.csv
SafetyPointGoal1-v0,13,starv2_resume_300k_SafetyPointGoal1_v0_selected_star_v2_star_v2_s13,195000,1.0,age=1-5,0.2948048710823059,0.2948048710823059,7.566995918750763e-10,0.0234375,0.04639141261577606,0.5313904285430908,2.7665300369262695,-2.634013071656227e-06,0.2948048710823059,0.2948048710823059,0.2948010563850403,training_mechanism_log_batch,results/star_v2_final/resume_300k/SafetyPointGoal1-v0/star_v2/starv2_resume_300k_SafetyPointGoal1_v0_selected_star_v2_star_v2_s13/mechanism.csv
SafetyPointGoal1-v0,13,starv2_resume_300k_SafetyPointGoal1_v0_selected_star_v2_star_v2_s13,200000,1.0,age=1-5,0.31238192319869995,0.31238192319869995,1.1641532182693481e-10,0.01171875,0.05721614509820938,0.5309239029884338,2.7641868591308594,-2.543325535953045e-06,0.31238192319869995,0.31238192319869995,0.3118199110031128,training_mechanism_log_batch,results/star_v2_final/resume_300k/SafetyPointGoal1-v0/star_v2/starv2_resume_300k_SafetyPointGoal1_v0_selected_star_v2_star_v2_s13/mechanism.csv
SafetyPointGoal1-v0,13,starv2_resume_300k_SafetyPointGoal1_v0_selected_star_v2_star_v2_s13,205000,1.0,age=1-5,0.30394408106803894,0.30394408106803894,7.566995918750763e-10,0.0234375,0.04535422846674919,0.5295819044113159,2.7591357231140137,-2.6569468900561333e-06,0.30394408106803894,0.30394408106803894,0.30317091941833496,training_mechanism_log_batch,results/star_v2_final/resume_300k/SafetyPointGoal1-v0/star_v2/starv2_resume_300k_SafetyPointGoal1_v0_selected_star_v2_star_v2_s13/mechanism.csv
SafetyPointGoal1-v0,13,starv2_resume_300k_SafetyPointGoal1_v0_selected_star_v2_star_v2_s13,210000,1.0,age=1-5,0.2948073446750641,0.2948073446750641,6.984919309616089e-10,0.015625,0.04539978504180908,0.5308938026428223,2.7649753093719482,-2.6508932933211327e-06,0.2948073446750641,0.2948073446750641,0.2942902147769928,training_mechanism_log_batch,results/star_v2_final/resume_300k/SafetyPointGoal1-v0/star_v2/starv2_resume_300k_SafetyPointGoal1_v0_selected_star_v2_star_v2_s13/mechanism.csv
SafetyPointGoal1-v0,13,starv2_resume_300k_SafetyPointGoal1_v0_selected_star_v2_star_v2_s13,215000,1.0,age=1-5,0.28344443440437317,0.28344443440437317,-2.3283064365386963e-10,0.01171875,0.042837876826524734,0.5309840440750122,2.76615571975708,-2.6301713660359383e-06,0.28344443440437317,0.28344443440437317,0.28309670090675354,training_mechanism_log_batch,results/star_v2_final/resume_300k/SafetyPointGoal1-v0/star_v2/starv2_resume_300k_SafetyPointGoal1_v0_selected_star_v2_star_v2_s13/mechanism.csv
SafetyPointGoal1-v0,13,starv2_resume_300k_SafetyPointGoal1_v0_selected_star_v2_star_v2_s13,220000,1.0,age=1-5,0.3081652522087097,0.3081652522087097,-1.1641532182693481e-10,0.015625,0.05715668946504593,0.5313127040863037,2.7692556381225586,-2.580811269581318e-06,0.3081652522087097,0.3081652522087097,0.30799388885498047,training_mechanism_log_batch,results/star_v2_final/resume_300k/SafetyPointGoal1-v0/star_v2/starv2_resume_300k_SafetyPointGoal1_v0_selected_star_v2_star_v2_s13/mechanism.csv
SafetyPointGoal1-v0,13,starv2_resume_300k_SafetyPointGoal1_v0_selected_star_v2_star_v2_s13,225000,1.0,age=1-5,0.2934917211532593,0.2934917211532593,4.656612873077393e-10,0.03125,0.0466529056429863,0.5316730737686157,2.750990390777588,-2.621440216898918e-06,0.2934917211532593,0.2934917211532593,0.29242631793022156,training_mechanism_log_batch,results/star_v2_final/resume_300k/SafetyPointGoal1-v0/star_v2/starv2_resume_300k_SafetyPointGoal1_v0_selected_star_v2_star_v2_s13/mechanism.csv
SafetyPointGoal1-v0,13,starv2_resume_300k_SafetyPointGoal1_v0_selected_star_v2_star_v2_s13,230000,1.0,age=1-5,0.2916393280029297,0.2916393280029297,5.820766091346741e-11,0.01953125,0.04641420394182205,0.5315961241722107,2.7661995887756348,-2.7152709662914276e-06,0.2916393280029297,0.2916393280029297,0.29082411527633667,training_mechanism_log_batch,results/star_v2_final/resume_300k/SafetyPointGoal1-v0/star_v2/starv2_resume_300k_SafetyPointGoal1_v0_selected_star_v2_star_v2_s13/mechanism.csv
SafetyPointGoal1-v0,13,starv2_resume_300k_SafetyPointGoal1_v0_selected_star_v2_star_v2_s13,235000,1.0,age=1-5,0.2762629985809326,0.2762629985809326,2.9103830456733704e-10,0.01953125,0.03845227509737015,0.5315114259719849,2.768523931503296,-2.514338120818138e-06,0.2762629985809326,0.2762629985809326,0.2760705053806305,training_mechanism_log_batch,results/star_v2_final/resume_300k/SafetyPointGoal1-v0/star_v2/starv2_resume_300k_SafetyPointGoal1_v0_selected_star_v2_star_v2_s13/mechanism.csv
SafetyPointGoal1-v0,13,starv2_resume_300k_SafetyPointGoal1_v0_selected_star_v2_star_v2_s13,240000,1.0,age=1-5,0.30415916442871094,0.30415916442871094,-1.7462298274040222e-10,0.015625,0.0475681871175766,0.5312587022781372,2.7651195526123047,-2.652406692504883e-06,0.30415916442871094,0.30415916442871094,0.30363279581069946,training_mechanism_log_batch,results/star_v2_final/resume_300k/SafetyPointGoal1-v0/star_v2/starv2_resume_300k_SafetyPointGoal1_v0_selected_star_v2_star_v2_s13/mechanism.csv
SafetyPointGoal1-v0,13,starv2_resume_300k_SafetyPointGoal1_v0_selected_star_v2_star_v2_s13,245000,1.0,age=1-5,0.28727734088897705,0.28727734088897705,-1.1641532182693481e-10,0.0078125,0.04651658236980438,0.531268835067749,2.7676563262939453,-2.519809640944004e-06,0.28727734088897705,0.28727734088897705,0.2870199382305145,training_mechanism_log_batch,results/star_v2_final/resume_300k/SafetyPointGoal1-v0/star_v2/starv2_resume_300k_SafetyPointGoal1_v0_selected_star_v2_star_v2_s13/mechanism.csv
SafetyPointGoal1-v0,13,starv2_resume_300k_SafetyPointGoal1_v0_selected_star_v2_star_v2_s13,250000,1.0,age=1-5,0.2799292802810669,0.2799292802810669,-2.0372681319713593e-10,0.015625,0.0393526591360569,0.5310159921646118,2.7674076557159424,-2.576736733317375e-06,0.2799292802810669,0.2799292802810669,0.2794875204563141,training_mechanism_log_batch,results/star_v2_final/resume_300k/SafetyPointGoal1-v0/star_v2/starv2_resume_300k_SafetyPointGoal1_v0_selected_star_v2_star_v2_s13/mechanism.csv
SafetyPointGoal1-v0,13,starv2_resume_300k_SafetyPointGoal1_v0_selected_star_v2_star_v2_s13,255000,1.0,age=1-5,0.28955525159835815,0.28955525159835815,-1.1641532182693481e-10,0.0078125,0.04222928732633591,0.5317275524139404,2.763455867767334,-2.557644620537758e-06,0.28955525159835815,0.28955525159835815,0.28913092613220215,training_mechanism_log_batch,results/star_v2_final/resume_300k/SafetyPointGoal1-v0/star_v2/starv2_resume_300k_SafetyPointGoal1_v0_selected_star_v2_star_v2_s13/mechanism.csv
SafetyPointGoal1-v0,13,starv2_resume_300k_SafetyPointGoal1_v0_selected_star_v2_star_v2_s13,260000,1.0,age=1-5,0.2862274646759033,0.2862274646759033,4.0745362639427185e-10,0.0234375,0.04192409664392471,0.5313732624053955,2.768095016479492,-2.555898390710354e-06,0.2862274646759033,0.2862274646759033,0.2859450578689575,training_mechanism_log_batch,results/star_v2_final/resume_300k/SafetyPointGoal1-v0/star_v2/starv2_resume_300k_SafetyPointGoal1_v0_selected_star_v2_star_v2_s13/mechanism.csv
SafetyPointGoal1-v0,13,starv2_resume_300k_SafetyPointGoal1_v0_selected_star_v2_star_v2_s13,265000,1.0,age=1-5,0.3036413788795471,0.3036413788795471,0.0,0.0078125,0.04128147289156914,0.5303202271461487,2.765000820159912,-2.530752681195736e-06,0.3036413788795471,0.3036413788795471,0.3028022050857544,training_mechanism_log_batch,results/star_v2_final/resume_300k/SafetyPointGoal1-v0/star_v2/starv2_resume_300k_SafetyPointGoal1_v0_selected_star_v2_star_v2_s13/mechanism.csv
SafetyPointGoal1-v0,13,starv2_resume_300k_SafetyPointGoal1_v0_selected_star_v2_star_v2_s13,270000,1.0,age=1-5,0.3269515931606293,0.3269515931606293,-2.3283064365386963e-10,0.015625,0.055002473294734955,0.5300186276435852,2.7654974460601807,-2.498156391084194e-06,0.3269515931606293,0.3269515931606293,0.32620739936828613,training_mechanism_log_batch,results/star_v2_final/resume_300k/SafetyPointGoal1-v0/star_v2/starv2_resume_300k_SafetyPointGoal1_v0_selected_star_v2_star_v2_s13/mechanism.csv
SafetyPointGoal1-v0,13,starv2_resume_300k_SafetyPointGoal1_v0_selected_star_v2_star_v2_s13,275000,1.0,age=1-5,0.33282679319381714,0.33282679319381714,-3.7834979593753815e-10,0.015625,0.06031223386526108,0.5305477976799011,2.766263246536255,-2.564629539847374e-06,0.33282679319381714,0.33282679319381714,0.3323076367378235,training_mechanism_log_batch,results/star_v2_final/resume_300k/SafetyPointGoal1-v0/star_v2/starv2_resume_300k_SafetyPointGoal1_v0_selected_star_v2_star_v2_s13/mechanism.csv
SafetyPointGoal1-v0,13,starv2_resume_300k_SafetyPointGoal1_v0_selected_star_v2_star_v2_s13,280000,1.0,age=1-5,0.3400299847126007,0.3400299847126007,-4.656612873077393e-10,0.0078125,0.0638386458158493,0.5313843488693237,2.7672994136810303,-2.473127096891403e-06,0.3400299847126007,0.3400299847126007,0.3396637439727783,training_mechanism_log_batch,results/star_v2_final/resume_300k/SafetyPointGoal1-v0/star_v2/starv2_resume_300k_SafetyPointGoal1_v0_selected_star_v2_star_v2_s13/mechanism.csv
SafetyPointGoal1-v0,13,starv2_resume_300k_SafetyPointGoal1_v0_selected_star_v2_star_v2_s13,285000,1.0,age=1-5,0.3302139639854431,0.3302139639854431,-5.820766091346741e-11,0.03125,0.05707891285419464,0.5304986834526062,2.7529022693634033,-2.646469511091709e-06,0.3302139639854431,0.3302139639854431,0.32896798849105835,training_mechanism_log_batch,results/star_v2_final/resume_300k/SafetyPointGoal1-v0/star_v2/starv2_resume_300k_SafetyPointGoal1_v0_selected_star_v2_star_v2_s13/mechanism.csv
SafetyPointGoal1-v0,13,starv2_resume_300k_SafetyPointGoal1_v0_selected_star_v2_star_v2_s13,290000,1.0,age=1-5,0.3486919403076172,0.3486919403076172,2.9103830456733704e-10,0.015625,0.06700900197029114,0.5308810472488403,2.7662134170532227,-2.4744076654314995e-06,0.3486919403076172,0.3486919403076172,0.34825602173805237,training_mechanism_log_batch,results/star_v2_final/resume_300k/SafetyPointGoal1-v0/star_v2/starv2_resume_300k_SafetyPointGoal1_v0_selected_star_v2_star_v2_s13/mechanism.csv
SafetyPointGoal1-v0,13,starv2_resume_300k_SafetyPointGoal1_v0_selected_star_v2_star_v2_s13,295000,1.0,age=1-5,0.3320654034614563,0.3320654332637787,0.0,0.015625,0.05529302731156349,0.5324342250823975,2.7635018825531006,-2.576853148639202e-06,0.3320654034614563,0.3320654332637787,0.3316609263420105,training_mechanism_log_batch,results/star_v2_final/resume_300k/SafetyPointGoal1-v0/star_v2/starv2_resume_300k_SafetyPointGoal1_v0_selected_star_v2_star_v2_s13/mechanism.csv
SafetyPointGoal1-v0,14,starv2_resume_300k_SafetyPointGoal1_v0_selected_star_v2_star_v2_s14,5000,1.0,age=1-5,6.2682013511657715,6.2682013511657715,-1.862645149230957e-09,0.01171875,5.771333694458008,0.5285232067108154,1.5318398475646973,-5.08967787027359e-07,6.2682013511657715,6.2682013511657715,6.12182092666626,training_mechanism_log_batch,results/star_v2_final/resume_300k/SafetyPointGoal1-v0/star_v2/starv2_resume_300k_SafetyPointGoal1_v0_selected_star_v2_star_v2_s14/mechanism.csv
SafetyPointGoal1-v0,14,starv2_resume_300k_SafetyPointGoal1_v0_selected_star_v2_star_v2_s14,10000,1.0,age=1-5,0.3850324749946594,0.3850324749946594,-5.820766091346741e-10,0.03125,0.04843522980809212,0.5337363481521606,2.7435717582702637,-6.317859515547752e-07,0.3850324749946594,0.3850324749946594,0.38343244791030884,training_mechanism_log_batch,results/star_v2_final/resume_300k/SafetyPointGoal1-v0/star_v2/starv2_resume_300k_SafetyPointGoal1_v0_selected_star_v2_star_v2_s14/mechanism.csv
SafetyPointGoal1-v0,14,starv2_resume_300k_SafetyPointGoal1_v0_selected_star_v2_star_v2_s14,15000,1.0,age=1-5,0.17510640621185303,0.17510640621185303,-4.0745362639427185e-10,0.03125,0.011453114449977875,0.5294607877731323,2.7558062076568604,-6.682239472866058e-07,0.17510640621185303,0.17510640621185303,0.17376309633255005,training_mechanism_log_batch,results/star_v2_final/resume_300k/SafetyPointGoal1-v0/star_v2/starv2_resume_300k_SafetyPointGoal1_v0_selected_star_v2_star_v2_s14/mechanism.csv
SafetyPointGoal1-v0,14,starv2_resume_300k_SafetyPointGoal1_v0_selected_star_v2_star_v2_s14,20000,1.0,age=1-5,0.12620027363300323,0.12620027363300323,7.275957614183426e-12,0.03125,0.02707771398127079,0.5311309695243835,2.762808322906494,-7.449416443705559e-07,0.12620027363300323,0.12620027363300323,0.1256708800792694,training_mechanism_log_batch,results/star_v2_final/resume_300k/SafetyPointGoal1-v0/star_v2/starv2_resume_300k_SafetyPointGoal1_v0_selected_star_v2_star_v2_s14/mechanism.csv
SafetyPointGoal1-v0,14,starv2_resume_300k_SafetyPointGoal1_v0_selected_star_v2_star_v2_s14,25000,1.0,age=1-5,0.11066509038209915,0.11066509038209915,-1.7917045624926686e-10,0.02734375,0.024842170998454094,0.5323876142501831,2.7628629207611084,-1.0418007150292397e-06,0.11066509038209915,0.11066509038209915,0.11037533730268478,training_mechanism_log_batch,results/star_v2_final/resume_300k/SafetyPointGoal1-v0/star_v2/starv2_resume_300k_SafetyPointGoal1_v0_selected_star_v2_star_v2_s14/mechanism.csv
SafetyPointGoal1-v0,14,starv2_resume_300k_SafetyPointGoal1_v0_selected_star_v2_star_v2_s14,30000,1.0,age=1-5,0.1584322452545166,0.1584322452545166,1.964508555829525e-10,0.01953125,0.030470486730337143,0.5320415496826172,2.767976760864258,-1.7606653273105621e-06,0.1584322452545166,0.1584322452545166,0.15837638080120087,training_mechanism_log_batch,results/star_v2_final/resume_300k/SafetyPointGoal1-v0/star_v2/starv2_resume_300k_SafetyPointGoal1_v0_selected_star_v2_star_v2_s14/mechanism.csv
SafetyPointGoal1-v0,14,starv2_resume_300k_SafetyPointGoal1_v0_selected_star_v2_star_v2_s14,35000,1.0,age=1-5,0.1466856300830841,0.1466856300830841,1.3278622645884752e-10,0.015625,0.025810260325670242,0.5315303802490234,2.769036293029785,-2.4294713512063026e-06,0.1466856300830841,0.1466856300830841,0.146583691239357,training_mechanism_log_batch,results/star_v2_final/resume_300k/SafetyPointGoal1-v0/star_v2/starv2_resume_300k_SafetyPointGoal1_v0_selected_star_v2_star_v2_s14/mechanism.csv
SafetyPointGoal1-v0,14,starv2_resume_300k_SafetyPointGoal1_v0_selected_star_v2_star_v2_s14,40000,1.0,age=1-5,0.1687421202659607,0.1687421202659607,-1.4551915228366852e-10,0.015625,0.03035636991262436,0.5317308902740479,2.7622227668762207,-2.8050271794199944e-06,0.1687421202659607,0.1687421202659607,0.1677011251449585,training_mechanism_log_batch,results/star_v2_final/resume_300k/SafetyPointGoal1-v0/star_v2/starv2_resume_300k_SafetyPointGoal1_v0_selected_star_v2_star_v2_s14/mechanism.csv
SafetyPointGoal1-v0,14,starv2_resume_300k_SafetyPointGoal1_v0_selected_star_v2_star_v2_s14,45000,1.0,age=1-5,0.21698608994483948,0.21698608994483948,-3.7834979593753815e-10,0.00390625,0.03554099053144455,0.5313707590103149,2.7676353454589844,-3.514811396598816e-06,0.21698608994483948,0.21698608994483948,0.2168203741312027,training_mechanism_log_batch,results/star_v2_final/resume_300k/SafetyPointGoal1-v0/star_v2/starv2_resume_300k_SafetyPointGoal1_v0_selected_star_v2_star_v2_s14/mechanism.csv
SafetyPointGoal1-v0,14,starv2_resume_300k_SafetyPointGoal1_v0_selected_star_v2_star_v2_s14,50000,1.0,age=1-5,0.22566713392734528,0.22566713392734528,7.275957614183426e-11,0.015625,0.04283210635185242,0.5314024090766907,2.769735097885132,-4.247529432177544e-06,0.22566713392734528,0.22566713392734528,0.22560113668441772,training_mechanism_log_batch,results/star_v2_final/resume_300k/SafetyPointGoal1-v0/star_v2/starv2_resume_300k_SafetyPointGoal1_v0_selected_star_v2_star_v2_s14/mechanism.csv
SafetyPointGoal1-v0,14,starv2_resume_300k_SafetyPointGoal1_v0_selected_star_v2_star_v2_s14,55000,1.0,age=1-5,0.19747203588485718,0.19747203588485718,2.3283064365386963e-10,0.01171875,0.02850416488945484,0.5319238901138306,2.7685108184814453,-3.7333229556679726e-06,0.19747203588485718,0.19747203588485718,0.1971333622932434,training_mechanism_log_batch,results/star_v2_final/resume_300k/SafetyPointGoal1-v0/star_v2/starv2_resume_300k_SafetyPointGoal1_v0_selected_star_v2_star_v2_s14/mechanism.csv
SafetyPointGoal1-v0,14,starv2_resume_300k_SafetyPointGoal1_v0_selected_star_v2_star_v2_s14,60000,1.0,age=1-5,0.20953479409217834,0.20953479409217834,1.1641532182693481e-10,0.015625,0.03140600398182869,0.5321755409240723,2.767751693725586,-3.3723190426826477e-06,0.20953479409217834,0.20953479409217834,0.20929840207099915,training_mechanism_log_batch,results/star_v2_final/resume_300k/SafetyPointGoal1-v0/star_v2/starv2_resume_300k_SafetyPointGoal1_v0_selected_star_v2_star_v2_s14/mechanism.csv
SafetyPointGoal1-v0,14,starv2_resume_300k_SafetyPointGoal1_v0_selected_star_v2_star_v2_s14,65000,1.0,age=1-5,0.23945097625255585,0.23945099115371704,-2.6193447411060333e-10,0.015625,0.03900744393467903,0.5320315361022949,2.7615463733673096,-3.6512501537799835e-06,0.23945097625255585,0.23945099115371704,0.2392246425151825,training_mechanism_log_batch,results/star_v2_final/resume_300k/SafetyPointGoal1-v0/star_v2/starv2_resume_300k_SafetyPointGoal1_v0_selected_star_v2_star_v2_s14/mechanism.csv
SafetyPointGoal1-v0,14,starv2_resume_300k_SafetyPointGoal1_v0_selected_star_v2_star_v2_s14,70000,1.0,age=1-5,0.2409062683582306,0.2409062683582306,-3.4924596548080444e-10,0.01171875,0.031122326850891113,0.5315030217170715,2.76808500289917,-3.827502951025963e-06,0.2409062683582306,0.2409062683582306,0.24076412618160248,training_mechanism_log_batch,results/star_v2_final/resume_300k/SafetyPointGoal1-v0/star_v2/starv2_resume_300k_SafetyPointGoal1_v0_selected_star_v2_star_v2_s14/mechanism.csv
SafetyPointGoal1-v0,14,starv2_resume_300k_SafetyPointGoal1_v0_selected_star_v2_star_v2_s14,75000,1.0,age=1-5,0.2377936840057373,0.2377936840057373,-4.220055416226387e-10,0.01953125,0.032812219113111496,0.5315000414848328,2.767578601837158,-3.2046809792518616e-06,0.2377936840057373,0.2377936840057373,0.23754769563674927,training_mechanism_log_batch,results/star_v2_final/resume_300k/SafetyPointGoal1-v0/star_v2/starv2_resume_300k_SafetyPointGoal1_v0_selected_star_v2_star_v2_s14/mechanism.csv
SafetyPointGoal1-v0,14,starv2_resume_300k_SafetyPointGoal1_v0_selected_star_v2_star_v2_s14,80000,1.0,age=1-5,0.2301810085773468,0.2301810085773468,4.656612873077393e-10,0.02734375,0.025729559361934662,0.5305734872817993,2.769061803817749,-3.5730190575122833e-06,0.2301810085773468,0.2301810085773468,0.22993072867393494,training_mechanism_log_batch,results/star_v2_final/resume_300k/SafetyPointGoal1-v0/star_v2/starv2_resume_300k_SafetyPointGoal1_v0_selected_star_v2_star_v2_s14/mechanism.csv
SafetyPointGoal1-v0,14,starv2_resume_300k_SafetyPointGoal1_v0_selected_star_v2_star_v2_s14,85000,1.0,age=1-5,0.2418326437473297,0.2418326437473297,4.3655745685100555e-11,0.0234375,0.03828015550971031,0.5330196619033813,2.7613744735717773,-3.0276132747530937e-06,0.2418326437473297,0.2418326437473297,0.24090531468391418,training_mechanism_log_batch,results/star_v2_final/resume_300k/SafetyPointGoal1-v0/star_v2/starv2_resume_300k_SafetyPointGoal1_v0_selected_star_v2_star_v2_s14/mechanism.csv
SafetyPointGoal1-v0,14,starv2_resume_300k_SafetyPointGoal1_v0_selected_star_v2_star_v2_s14,90000,1.0,age=1-5,0.2609221935272217,0.2609221935272217,-1.4551915228366852e-10,0.01171875,0.04621323198080063,0.5322252511978149,2.768645763397217,-2.905493602156639e-06,0.2609221935272217,0.2609221935272217,0.2608166038990021,training_mechanism_log_batch,results/star_v2_final/resume_300k/SafetyPointGoal1-v0/star_v2/starv2_resume_300k_SafetyPointGoal1_v0_selected_star_v2_star_v2_s14/mechanism.csv
SafetyPointGoal1-v0,14,starv2_resume_300k_SafetyPointGoal1_v0_selected_star_v2_star_v2_s14,95000,1.0,age=1-5,0.26732349395751953,0.26732349395751953,-9.313225746154785e-10,0.00390625,0.04353264719247818,0.5308219194412231,2.754578113555908,-2.7492642402648926e-06,0.26732349395751953,0.26732349395751953,0.26665812730789185,training_mechanism_log_batch,results/star_v2_final/resume_300k/SafetyPointGoal1-v0/star_v2/starv2_resume_300k_SafetyPointGoal1_v0_selected_star_v2_star_v2_s14/mechanism.csv
SafetyPointGoal1-v0,14,starv2_resume_300k_SafetyPointGoal1_v0_selected_star_v2_star_v2_s14,100000,1.0,age=1-5,0.25019317865371704,0.25019317865371704,-8.440110832452774e-10,0.01171875,0.031120872125029564,0.5302085876464844,2.7642030715942383,-3.2265670597553253e-06,0.25019317865371704,0.25019317865371704,0.2499120980501175,training_mechanism_log_batch,results/star_v2_final/resume_300k/SafetyPointGoal1-v0/star_v2/starv2_resume_300k_SafetyPointGoal1_v0_selected_star_v2_star_v2_s14/mechanism.csv
SafetyPointGoal1-v0,14,starv2_resume_300k_SafetyPointGoal1_v0_selected_star_v2_star_v2_s14,105000,1.0,age=1-5,0.2820352613925934,0.2820352613925934,-6.984919309616089e-10,0.015625,0.04737987369298935,0.5326477289199829,2.766679286956787,-3.3549731597304344e-06,0.2820352613925934,0.2820352613925934,0.2817949056625366,training_mechanism_log_batch,results/star_v2_final/resume_300k/SafetyPointGoal1-v0/star_v2/starv2_resume_300k_SafetyPointGoal1_v0_selected_star_v2_star_v2_s14/mechanism.csv
SafetyPointGoal1-v0,14,starv2_resume_300k_SafetyPointGoal1_v0_selected_star_v2_star_v2_s14,110000,1.0,age=1-5,0.2516261041164398,0.2516261041164398,-1.1641532182693481e-10,0.03515625,0.04139665514230728,0.5306761264801025,2.7684223651885986,-3.0049122869968414e-06,0.2516261041164398,0.2516261041164398,0.2513268291950226,training_mechanism_log_batch,results/star_v2_final/resume_300k/SafetyPointGoal1-v0/star_v2/starv2_resume_300k_SafetyPointGoal1_v0_selected_star_v2_star_v2_s14/mechanism.csv
SafetyPointGoal1-v0,14,starv2_resume_300k_SafetyPointGoal1_v0_selected_star_v2_star_v2_s14,115000,1.0,age=1-5,0.2774467468261719,0.2774467468261719,-2.0372681319713593e-10,0.01171875,0.04947423189878464,0.5306100249290466,2.7661023139953613,-3.237510100007057e-06,0.2774467468261719,0.2774467468261719,0.27716243267059326,training_mechanism_log_batch,results/star_v2_final/resume_300k/SafetyPointGoal1-v0/star_v2/starv2_resume_300k_SafetyPointGoal1_v0_selected_star_v2_star_v2_s14/mechanism.csv
SafetyPointGoal1-v0,14,starv2_resume_300k_SafetyPointGoal1_v0_selected_star_v2_star_v2_s14,120000,1.0,age=1-5,0.2375403344631195,0.2375403344631195,-2.0372681319713593e-10,0.01171875,0.027869591489434242,0.5312938690185547,2.7666492462158203,-3.0783703550696373e-06,0.2375403344631195,0.2375403344631195,0.23720785975456238,training_mechanism_log_batch,results/star_v2_final/resume_300k/SafetyPointGoal1-v0/star_v2/starv2_resume_300k_SafetyPointGoal1_v0_selected_star_v2_star_v2_s14/mechanism.csv
SafetyPointGoal1-v0,14,starv2_resume_300k_SafetyPointGoal1_v0_selected_star_v2_star_v2_s14,125000,1.0,age=1-5,0.24300086498260498,0.24300086498260498,2.0372681319713593e-10,0.015625,0.034846097230911255,0.5325097441673279,2.763988494873047,-2.8474023565649986e-06,0.24300086498260498,0.24300086498260498,0.24259138107299805,training_mechanism_log_batch,results/star_v2_final/resume_300k/SafetyPointGoal1-v0/star_v2/starv2_resume_300k_SafetyPointGoal1_v0_selected_star_v2_star_v2_s14/mechanism.csv
SafetyPointGoal1-v0,14,starv2_resume_300k_SafetyPointGoal1_v0_selected_star_v2_star_v2_s14,130000,1.0,age=1-5,0.29329073429107666,0.29329073429107666,-6.984919309616089e-10,0.02734375,0.056021496653556824,0.530933141708374,2.7678658962249756,-2.671382389962673e-06,0.29329073429107666,0.29329073429107666,0.2933539152145386,training_mechanism_log_batch,results/star_v2_final/resume_300k/SafetyPointGoal1-v0/star_v2/starv2_resume_300k_SafetyPointGoal1_v0_selected_star_v2_star_v2_s14/mechanism.csv
SafetyPointGoal1-v0,14,starv2_resume_300k_SafetyPointGoal1_v0_selected_star_v2_star_v2_s14,135000,1.0,age=1-5,0.2776944041252136,0.2776944041252136,4.656612873077393e-10,0.03125,0.045866914093494415,0.5310386419296265,2.7657885551452637,-2.8958311304450035e-06,0.2776944041252136,0.2776944041252136,0.277554452419281,training_mechanism_log_batch,results/star_v2_final/resume_300k/SafetyPointGoal1-v0/star_v2/starv2_resume_300k_SafetyPointGoal1_v0_selected_star_v2_star_v2_s14/mechanism.csv
SafetyPointGoal1-v0,14,starv2_resume_300k_SafetyPointGoal1_v0_selected_star_v2_star_v2_s14,140000,1.0,age=1-5,0.2812954783439636,0.2812954783439636,2.6193447411060333e-10,0.0234375,0.04749616980552673,0.53010094165802,2.764798641204834,-2.7297064661979675e-06,0.2812954783439636,0.2812954783439636,0.2809329628944397,training_mechanism_log_batch,results/star_v2_final/resume_300k/SafetyPointGoal1-v0/star_v2/starv2_resume_300k_SafetyPointGoal1_v0_selected_star_v2_star_v2_s14/mechanism.csv
SafetyPointGoal1-v0,14,starv2_resume_300k_SafetyPointGoal1_v0_selected_star_v2_star_v2_s14,145000,1.0,age=1-5,0.2741813361644745,0.2741813361644745,7.275957614183426e-10,0.03515625,0.043357186019420624,0.5307838916778564,2.767045259475708,-2.6371562853455544e-06,0.2741813361644745,0.2741813361644745,0.2742346525192261,training_mechanism_log_batch,results/star_v2_final/resume_300k/SafetyPointGoal1-v0/star_v2/starv2_resume_300k_SafetyPointGoal1_v0_selected_star_v2_star_v2_s14/mechanism.csv
SafetyPointGoal1-v0,14,starv2_resume_300k_SafetyPointGoal1_v0_selected_star_v2_star_v2_s14,150000,1.0,age=1-5,0.2897900938987732,0.2897900938987732,2.9103830456733704e-11,0.01953125,0.05496455356478691,0.5310626029968262,2.7666640281677246,-2.5723129510879517e-06,0.2897900938987732,0.2897900938987732,0.2895786166191101,training_mechanism_log_batch,results/star_v2_final/resume_300k/SafetyPointGoal1-v0/star_v2/starv2_resume_300k_SafetyPointGoal1_v0_selected_star_v2_star_v2_s14/mechanism.csv
SafetyPointGoal1-v0,14,starv2_resume_300k_SafetyPointGoal1_v0_selected_star_v2_star_v2_s14,155000,1.0,age=1-5,0.2550579607486725,0.2550579607486725,6.111804395914078e-10,0.03125,0.03847130388021469,0.5309369564056396,2.7667958736419678,-2.6152702048420906e-06,0.2550579607486725,0.2550579607486725,0.2547951638698578,training_mechanism_log_batch,results/star_v2_final/resume_300k/SafetyPointGoal1-v0/star_v2/starv2_resume_300k_SafetyPointGoal1_v0_selected_star_v2_star_v2_s14/mechanism.csv
SafetyPointGoal1-v0,14,starv2_resume_300k_SafetyPointGoal1_v0_selected_star_v2_star_v2_s14,160000,1.0,age=1-5,0.2945350408554077,0.2945350408554077,1.1641532182693481e-10,0.015625,0.05342729017138481,0.5305033922195435,2.7622456550598145,-2.753688022494316e-06,0.2945350408554077,0.2945350408554077,0.29420626163482666,training_mechanism_log_batch,results/star_v2_final/resume_300k/SafetyPointGoal1-v0/star_v2/starv2_resume_300k_SafetyPointGoal1_v0_selected_star_v2_star_v2_s14/mechanism.csv
SafetyPointGoal1-v0,14,starv2_resume_300k_SafetyPointGoal1_v0_selected_star_v2_star_v2_s14,165000,1.0,age=1-5,0.2760980725288391,0.2760980725288391,-8.731149137020111e-11,0.01171875,0.05125733092427254,0.5315576195716858,2.7605738639831543,-2.54996120929718e-06,0.2760980725288391,0.2760980725288391,0.2737719416618347,training_mechanism_log_batch,results/star_v2_final/resume_300k/SafetyPointGoal1-v0/star_v2/starv2_resume_300k_SafetyPointGoal1_v0_selected_star_v2_star_v2_s14/mechanism.csv
SafetyPointGoal1-v0,14,starv2_resume_300k_SafetyPointGoal1_v0_selected_star_v2_star_v2_s14,170000,1.0,age=1-5,0.27325019240379333,0.27325019240379333,1.1641532182693481e-10,0.0234375,0.04120925813913345,0.5314065217971802,2.7678894996643066,-2.5978079065680504e-06,0.27325019240379333,0.27325019240379333,0.2729794979095459,training_mechanism_log_batch,results/star_v2_final/resume_300k/SafetyPointGoal1-v0/star_v2/starv2_resume_300k_SafetyPointGoal1_v0_selected_star_v2_star_v2_s14/mechanism.csv
SafetyPointGoal1-v0,14,starv2_resume_300k_SafetyPointGoal1_v0_selected_star_v2_star_v2_s14,175000,1.0,age=1-5,0.3267081379890442,0.3267081379890442,5.820766091346741e-11,0.01953125,0.07013261318206787,0.5317034721374512,2.7609972953796387,-2.6496127247810364e-06,0.3267081379890442,0.3267081379890442,0.3263114094734192,training_mechanism_log_batch,results/star_v2_final/resume_300k/SafetyPointGoal1-v0/star_v2/starv2_resume_300k_SafetyPointGoal1_v0_selected_star_v2_star_v2_s14/mechanism.csv
SafetyPointGoal1-v0,14,starv2_resume_300k_SafetyPointGoal1_v0_selected_star_v2_star_v2_s14,180000,1.0,age=1-5,0.2854337692260742,0.2854337692260742,-9.89530235528946e-10,0.0078125,0.049725331366062164,0.5315455198287964,2.7676355838775635,-2.514221705496311e-06,0.2854337692260742,0.2854337692260742,0.2852431535720825,training_mechanism_log_batch,results/star_v2_final/resume_300k/SafetyPointGoal1-v0/star_v2/starv2_resume_300k_SafetyPointGoal1_v0_selected_star_v2_star_v2_s14/mechanism.csv
SafetyPointGoal1-v0,14,starv2_resume_300k_SafetyPointGoal1_v0_selected_star_v2_star_v2_s14,185000,1.0,age=1-5,0.24998681247234344,0.24998681247234344,2.6193447411060333e-10,0.0234375,0.03484601527452469,0.5314139723777771,2.7666709423065186,-2.4689361453056335e-06,0.24998681247234344,0.24998681247234344,0.24999946355819702,training_mechanism_log_batch,results/star_v2_final/resume_300k/SafetyPointGoal1-v0/star_v2/starv2_resume_300k_SafetyPointGoal1_v0_selected_star_v2_star_v2_s14/mechanism.csv
SafetyPointGoal1-v0,14,starv2_resume_300k_SafetyPointGoal1_v0_selected_star_v2_star_v2_s14,190000,1.0,age=1-5,0.27012157440185547,0.27012157440185547,4.3655745685100555e-10,0.015625,0.03682653605937958,0.5318208932876587,2.766146183013916,-2.566608600318432e-06,0.27012157440185547,0.27012157440185547,0.269867479801178,training_mechanism_log_batch,results/star_v2_final/resume_300k/SafetyPointGoal1-v0/star_v2/starv2_resume_300k_SafetyPointGoal1_v0_selected_star_v2_star_v2_s14/mechanism.csv
SafetyPointGoal1-v0,14,starv2_resume_300k_SafetyPointGoal1_v0_selected_star_v2_star_v2_s14,195000,1.0,age=1-5,0.2766469419002533,0.2766469419002533,-7.8580342233181e-10,0.015625,0.03439859300851822,0.5318323373794556,2.761914014816284,-2.2420426830649376e-06,0.2766469419002533,0.2766469419002533,0.2762540876865387,training_mechanism_log_batch,results/star_v2_final/resume_300k/SafetyPointGoal1-v0/star_v2/starv2_resume_300k_SafetyPointGoal1_v0_selected_star_v2_star_v2_s14/mechanism.csv
SafetyPointGoal1-v0,14,starv2_resume_300k_SafetyPointGoal1_v0_selected_star_v2_star_v2_s14,200000,1.0,age=1-5,0.31540048122406006,0.31540048122406006,3.7834979593753815e-10,0.01953125,0.05679183825850487,0.5316454172134399,2.763441562652588,-2.499902620911598e-06,0.31540048122406006,0.31540048122406006,0.3148003816604614,training_mechanism_log_batch,results/star_v2_final/resume_300k/SafetyPointGoal1-v0/star_v2/starv2_resume_300k_SafetyPointGoal1_v0_selected_star_v2_star_v2_s14/mechanism.csv
SafetyPointGoal1-v0,14,starv2_resume_300k_SafetyPointGoal1_v0_selected_star_v2_star_v2_s14,205000,1.0,age=1-5,0.2746242880821228,0.2746242880821228,-4.656612873077393e-10,0.0234375,0.04209993779659271,0.5306202173233032,2.7657201290130615,-2.5818590074777603e-06,0.2746242880821228,0.2746242880821228,0.27440014481544495,training_mechanism_log_batch,results/star_v2_final/resume_300k/SafetyPointGoal1-v0/star_v2/starv2_resume_300k_SafetyPointGoal1_v0_selected_star_v2_star_v2_s14/mechanism.csv
SafetyPointGoal1-v0,14,starv2_resume_300k_SafetyPointGoal1_v0_selected_star_v2_star_v2_s14,210000,1.0,age=1-5,0.31347960233688354,0.31347960233688354,-1.7462298274040222e-10,0.01953125,0.0518953874707222,0.5309511423110962,2.766249179840088,-2.471962943673134e-06,0.31347960233688354,0.31347960233688354,0.31348031759262085,training_mechanism_log_batch,results/star_v2_final/resume_300k/SafetyPointGoal1-v0/star_v2/starv2_resume_300k_SafetyPointGoal1_v0_selected_star_v2_star_v2_s14/mechanism.csv
SafetyPointGoal1-v0,14,starv2_resume_300k_SafetyPointGoal1_v0_selected_star_v2_star_v2_s14,215000,1.0,age=1-5,0.3170020282268524,0.3170020282268524,2.9103830456733704e-10,0.02734375,0.04978015646338463,0.5323318839073181,2.76420521736145,-2.4025794118642807e-06,0.3170020282268524,0.3170020282268524,0.31668758392333984,training_mechanism_log_batch,results/star_v2_final/resume_300k/SafetyPointGoal1-v0/star_v2/starv2_resume_300k_SafetyPointGoal1_v0_selected_star_v2_star_v2_s14/mechanism.csv
SafetyPointGoal1-v0,14,starv2_resume_300k_SafetyPointGoal1_v0_selected_star_v2_star_v2_s14,220000,1.0,age=1-5,0.3143552541732788,0.3143552541732788,2.9103830456733704e-10,0.0234375,0.05133696272969246,0.5303603410720825,2.760610342025757,-2.488028258085251e-06,0.3143552541732788,0.3143552541732788,0.3127138614654541,training_mechanism_log_batch,results/star_v2_final/resume_300k/SafetyPointGoal1-v0/star_v2/starv2_resume_300k_SafetyPointGoal1_v0_selected_star_v2_star_v2_s14/mechanism.csv
SafetyPointGoal1-v0,14,starv2_resume_300k_SafetyPointGoal1_v0_selected_star_v2_star_v2_s14,225000,1.0,age=1-5,0.3001440167427063,0.3001440167427063,3.7834979593753815e-10,0.01953125,0.04241115599870682,0.5308517217636108,2.764725685119629,-2.336106263101101e-06,0.3001440167427063,0.3001440167427063,0.29973265528678894,training_mechanism_log_batch,results/star_v2_final/resume_300k/SafetyPointGoal1-v0/star_v2/starv2_resume_300k_SafetyPointGoal1_v0_selected_star_v2_star_v2_s14/mechanism.csv
SafetyPointGoal1-v0,14,starv2_resume_300k_SafetyPointGoal1_v0_selected_star_v2_star_v2_s14,230000,1.0,age=1-5,0.3208003342151642,0.3208003342151642,2.9103830456733704e-11,0.0234375,0.05034293606877327,0.5299763679504395,2.7628865242004395,-2.4836044758558273e-06,0.3208003342151642,0.3208003342151642,0.3203439712524414,training_mechanism_log_batch,results/star_v2_final/resume_300k/SafetyPointGoal1-v0/star_v2/starv2_resume_300k_SafetyPointGoal1_v0_selected_star_v2_star_v2_s14/mechanism.csv
SafetyPointGoal1-v0,14,starv2_resume_300k_SafetyPointGoal1_v0_selected_star_v2_star_v2_s14,235000,1.0,age=1-5,0.31901639699935913,0.31901639699935913,-4.656612873077393e-10,0.0234375,0.05294916778802872,0.5304847359657288,2.7569756507873535,-2.3529864847660065e-06,0.31901639699935913,0.31901639699935913,0.3179513216018677,training_mechanism_log_batch,results/star_v2_final/resume_300k/SafetyPointGoal1-v0/star_v2/starv2_resume_300k_SafetyPointGoal1_v0_selected_star_v2_star_v2_s14/mechanism.csv
SafetyPointGoal1-v0,14,starv2_resume_300k_SafetyPointGoal1_v0_selected_star_v2_star_v2_s14,240000,1.0,age=1-5,0.3075559139251709,0.3075559139251709,-4.3655745685100555e-10,0.015625,0.053864818066358566,0.5314951539039612,2.7669286727905273,-2.314336597919464e-06,0.3075559139251709,0.3075559139251709,0.30710357427597046,training_mechanism_log_batch,results/star_v2_final/resume_300k/SafetyPointGoal1-v0/star_v2/starv2_resume_300k_SafetyPointGoal1_v0_selected_star_v2_star_v2_s14/mechanism.csv
SafetyPointGoal1-v0,14,starv2_resume_300k_SafetyPointGoal1_v0_selected_star_v2_star_v2_s14,245000,1.0,age=1-5,0.30693089962005615,0.30693089962005615,-1.7462298274040222e-10,0.01171875,0.04969162493944168,0.530684232711792,2.7657668590545654,-2.4386681616306305e-06,0.30693089962005615,0.30693089962005615,0.3066538870334625,training_mechanism_log_batch,results/star_v2_final/resume_300k/SafetyPointGoal1-v0/star_v2/starv2_resume_300k_SafetyPointGoal1_v0_selected_star_v2_star_v2_s14/mechanism.csv
SafetyPointGoal1-v0,14,starv2_resume_300k_SafetyPointGoal1_v0_selected_star_v2_star_v2_s14,250000,1.0,age=1-5,0.3123827874660492,0.3123827874660492,6.402842700481415e-10,0.01953125,0.04798270761966705,0.5306240916252136,2.7647509574890137,-2.4405308067798615e-06,0.3123827874660492,0.3123827874660492,0.3122168779373169,training_mechanism_log_batch,results/star_v2_final/resume_300k/SafetyPointGoal1-v0/star_v2/starv2_resume_300k_SafetyPointGoal1_v0_selected_star_v2_star_v2_s14/mechanism.csv
SafetyPointGoal1-v0,14,starv2_resume_300k_SafetyPointGoal1_v0_selected_star_v2_star_v2_s14,255000,1.0,age=1-5,0.2869879901409149,0.2869879901409149,-2.3283064365386963e-10,0.01171875,0.04378291964530945,0.5308220386505127,2.76798415184021,-2.3526372388005257e-06,0.2869879901409149,0.2869879901409149,0.2865239679813385,training_mechanism_log_batch,results/star_v2_final/resume_300k/SafetyPointGoal1-v0/star_v2/starv2_resume_300k_SafetyPointGoal1_v0_selected_star_v2_star_v2_s14/mechanism.csv
SafetyPointGoal1-v0,14,starv2_resume_300k_SafetyPointGoal1_v0_selected_star_v2_star_v2_s14,260000,1.0,age=1-5,0.30992865562438965,0.30992865562438965,7.566995918750763e-10,0.0234375,0.055625252425670624,0.5302199721336365,2.761390447616577,-2.2882595658302307e-06,0.30992865562438965,0.30992865562438965,0.3083915114402771,training_mechanism_log_batch,results/star_v2_final/resume_300k/SafetyPointGoal1-v0/star_v2/starv2_resume_300k_SafetyPointGoal1_v0_selected_star_v2_star_v2_s14/mechanism.csv
SafetyPointGoal1-v0,14,starv2_resume_300k_SafetyPointGoal1_v0_selected_star_v2_star_v2_s14,265000,1.0,age=1-5,0.328948974609375,0.328948974609375,2.3283064365386963e-10,0.015625,0.058139413595199585,0.5323771238327026,2.7629966735839844,-2.3781321942806244e-06,0.328948974609375,0.328948974609375,0.32864245772361755,training_mechanism_log_batch,results/star_v2_final/resume_300k/SafetyPointGoal1-v0/star_v2/starv2_resume_300k_SafetyPointGoal1_v0_selected_star_v2_star_v2_s14/mechanism.csv
SafetyPointGoal1-v0,14,starv2_resume_300k_SafetyPointGoal1_v0_selected_star_v2_star_v2_s14,270000,1.0,age=1-5,0.32346805930137634,0.32346805930137634,-1.1641532182693481e-10,0.015625,0.05088572949171066,0.5306378602981567,2.765251636505127,-2.391403540968895e-06,0.32346805930137634,0.32346805930137634,0.3234252631664276,training_mechanism_log_batch,results/star_v2_final/resume_300k/SafetyPointGoal1-v0/star_v2/starv2_resume_300k_SafetyPointGoal1_v0_selected_star_v2_star_v2_s14/mechanism.csv
SafetyPointGoal1-v0,14,starv2_resume_300k_SafetyPointGoal1_v0_selected_star_v2_star_v2_s14,275000,1.0,age=1-5,0.3317425847053528,0.3317425847053528,-2.3283064365386963e-10,0.0234375,0.05644989758729935,0.5310748219490051,2.7654287815093994,-2.2525200620293617e-06,0.3317425847053528,0.3317425847053528,0.3315119743347168,training_mechanism_log_batch,results/star_v2_final/resume_300k/SafetyPointGoal1-v0/star_v2/starv2_resume_300k_SafetyPointGoal1_v0_selected_star_v2_star_v2_s14/mechanism.csv
SafetyPointGoal1-v0,14,starv2_resume_300k_SafetyPointGoal1_v0_selected_star_v2_star_v2_s14,280000,1.0,age=1-5,0.32810622453689575,0.32810622453689575,-8.731149137020111e-11,0.0078125,0.04866664111614227,0.5317081212997437,2.756776809692383,-2.31259036809206e-06,0.32810622453689575,0.32810622453689575,0.3275092840194702,training_mechanism_log_batch,results/star_v2_final/resume_300k/SafetyPointGoal1-v0/star_v2/starv2_resume_300k_SafetyPointGoal1_v0_selected_star_v2_star_v2_s14/mechanism.csv
SafetyPointGoal1-v0,14,starv2_resume_300k_SafetyPointGoal1_v0_selected_star_v2_star_v2_s14,285000,1.0,age=1-5,0.3360479176044464,0.3360479176044464,5.820766091346741e-10,0.0234375,0.0560210719704628,0.5327352285385132,2.764840602874756,-2.2548483684659004e-06,0.3360479176044464,0.3360479176044464,0.33588337898254395,training_mechanism_log_batch,results/star_v2_final/resume_300k/SafetyPointGoal1-v0/star_v2/starv2_resume_300k_SafetyPointGoal1_v0_selected_star_v2_star_v2_s14/mechanism.csv
SafetyPointGoal1-v0,14,starv2_resume_300k_SafetyPointGoal1_v0_selected_star_v2_star_v2_s14,290000,1.0,age=1-5,0.3316937983036041,0.3316937983036041,2.9103830456733704e-11,0.015625,0.06087213009595871,0.5315243005752563,2.7647705078125,-2.2496096789836884e-06,0.3316937983036041,0.3316937983036041,0.33113574981689453,training_mechanism_log_batch,results/star_v2_final/resume_300k/SafetyPointGoal1-v0/star_v2/starv2_resume_300k_SafetyPointGoal1_v0_selected_star_v2_star_v2_s14/mechanism.csv
SafetyPointGoal1-v0,14,starv2_resume_300k_SafetyPointGoal1_v0_selected_star_v2_star_v2_s14,295000,1.0,age=1-5,0.3056836724281311,0.3056836724281311,2.9103830456733704e-10,0.01953125,0.046300146728754044,0.531162679195404,2.766862630844116,-2.3565953597426414e-06,0.3056836724281311,0.3056836724281311,0.30526480078697205,training_mechanism_log_batch,results/star_v2_final/resume_300k/SafetyPointGoal1-v0/star_v2/starv2_resume_300k_SafetyPointGoal1_v0_selected_star_v2_star_v2_s14/mechanism.csv
